;M73 P0 R76
;M73 Q0 S78
;M201 X1000 Y1000 Z200 E5000 ; sets maximum accelerations, mm/sec^2
;M203 X200 Y200 Z12 E120 ; sets maximum feedrates, mm / sec
;M204 S1250 T1250 ; sets acceleration (S) and retract acceleration (R), mm/sec^2
;M205 X8.00 Y8.00 Z0.40 E4.50 ; sets the jerk limits, mm/sec
;M205 S0 T0 ; sets the minimum extruding and travel feed rate, mm/sec

;start

M862.3 P "MK3S" ; printer model check
M862.1 P0.4 ; nozzle diameter check
;M115 U3.14.1 ; tell printer latest fw version
G90 ; use absolute coordinates
;M83 ; extruder relative mode
M104 S215 ; set extruder temp
M140 S60 ; set bed temp
M190 S60 ; wait for bed temp
M109 S215 ; wait for extruder temp
G28 W ; home all without mesh bed level
G80 X125 Y105 W180 H180 ; mesh bed levelling
G1 Z0.2 F720
G1 Y-3 F1000 ; go outside print area
G92 E0
G1 X60 E9 F1000 ; intro line
G1 X100 E12.5 F1000 ; intro line

G92 E0
;M221 S95 ;reduz o fluxo de extrusao pra 95%

; Don't change E values below. Excessive value can damage the printer.

M907 E538 ; set extruder motor current
G21 ; set units to millimeters
G90 ; use absolute coordinates
;M83 ; use relative distances for extrusion

;M900 K0.05 ; Filament gcode LA 1.5
;M900 K30 ; Filament gcode LA 1.0
M900 K0 


; jumping
G92 E0.0000
G1 E-0.500 F2400
G1 X124.100 Y19.100 F12000.000
G1 E0 F2400
G92 E0.0000
; segment
G92 E0.0000
G1 F2400.000
G1 Z0.200
G1 X124.100 Y19.100
G1 X124.100 Y40.900 E0.9032 
G1 X175.900 Y40.900 E3.0493 
G1 X175.900 Y19.100 E3.9526 
G1 X124.100 Y19.100 E6.0987 
G92 E0.0000
; segment
G92 E0.0000
G1 F2400.000
G1 Z0.200
G1 X124.700 Y19.700
G1 X124.700 Y40.300 E0.8535 
G1 X175.300 Y40.300 E2.9499 
G1 X175.300 Y19.700 E3.8034 
G1 X124.700 Y19.700 E5.8998 
G92 E0.0000
; segment
G92 E0.0000
G1 F2400.000
G1 Z0.200
G1 X125.300 Y20.300
G1 X125.300 Y39.700 E0.8038 
G1 X174.700 Y39.700 E2.8505 
G1 X174.700 Y20.300 E3.6542 
G1 X125.300 Y20.300 E5.7010 
G92 E0.0000
; jumping
G92 E0.0000
G1 E-0.500 F2400
G1 X130.250 Y25.250 F12000.000
G1 E0 F2400
G92 E0.0000
; segment
G92 E0.0000
G1 F2400.000
G1 Z0.200
G1 X130.250 Y25.250
G1 X130.250 Y34.750 E0.3936 
G1 X145.000 Y34.750 E1.0047 
G92 E0.0000
; segment
G92 E0.0000
G1 F3300.000
G1 Z0.200
G1 X145.000 Y34.750
G1 X154.000 Y34.750 E0.2237 
G92 E0.0000
; segment
G92 E0.0000
G1 F3300.000
G1 Z0.200
G1 X154.000 Y34.750
G1 X155.000 Y34.750 E0.0249 
G92 E0.0000
; segment
G92 E0.0000
G1 F2400.000
G1 Z0.200
G1 X155.000 Y34.750
G1 X169.750 Y34.750 E0.6111 
G1 X169.750 Y25.250 E1.0047 
G1 X155.000 Y25.250 E1.6158 
G92 E0.0000
; segment
G92 E0.0000
G1 F3300.000
G1 Z0.200
G1 X155.000 Y25.250
G1 X146.000 Y25.250 E0.2237 
G92 E0.0000
; segment
G92 E0.0000
G1 F3300.000
G1 Z0.200
G1 X146.000 Y25.250
G1 X145.000 Y25.250 E0.0249 
G92 E0.0000
; segment
G92 E0.0000
G1 F2400.000
G1 Z0.200
G1 X145.000 Y25.250
G1 X130.250 Y25.250 E0.6111 
G92 E0.0000
; segment
G92 E0.0000
G1 F2400.000
G1 Z0.200
G1 X130.750 Y25.750
G1 X130.750 Y34.250 E0.3522 
G1 X145.000 Y34.250 E0.9426 
G92 E0.0000
; segment
G92 E0.0000
G1 F3300.000
G1 Z0.200
G1 X145.000 Y34.250
G1 X154.000 Y34.250 E0.2237 
G92 E0.0000
; segment
G92 E0.0000
G1 F3300.000
G1 Z0.200
G1 X154.000 Y34.250
G1 X155.000 Y34.250 E0.0249 
G92 E0.0000
; segment
G92 E0.0000
G1 F2400.000
G1 Z0.200
G1 X155.000 Y34.250
G1 X169.250 Y34.250 E0.5904 
G1 X169.250 Y25.750 E0.9426 
G1 X155.000 Y25.750 E1.5330 
G92 E0.0000
; segment
G92 E0.0000
G1 F3300.000
G1 Z0.200
G1 X155.000 Y25.750
G1 X146.000 Y25.750 E0.2237 
G92 E0.0000
; segment
G92 E0.0000
G1 F3300.000
G1 Z0.200
G1 X146.000 Y25.750
G1 X145.000 Y25.750 E0.0249 
G92 E0.0000
; segment
G92 E0.0000
G1 F2400.000
G1 Z0.200
G1 X145.000 Y25.750
G1 X130.750 Y25.750 E0.5904 
G92 E0.0000
; jumping
G92 E0.0000
G1 E-0.500 F2400
G1 X124.100 Y44.100 F12000.000
G1 E0 F2400
G92 E0.0000
; segment
G92 E0.0000
G1 F2400.000
G1 Z0.200
G1 X124.100 Y44.100
G1 X124.100 Y65.900 E0.9032 
G1 X175.900 Y65.900 E3.0493 
G1 X175.900 Y44.100 E3.9526 
G1 X124.100 Y44.100 E6.0987 
G92 E0.0000
; segment
G92 E0.0000
G1 F2400.000
G1 Z0.200
G1 X124.700 Y44.700
G1 X124.700 Y65.300 E0.8535 
G1 X175.300 Y65.300 E2.9499 
G1 X175.300 Y44.700 E3.8034 
G1 X124.700 Y44.700 E5.8998 
G92 E0.0000
; segment
G92 E0.0000
G1 F2400.000
G1 Z0.200
G1 X125.300 Y45.300
G1 X125.300 Y64.700 E0.8038 
G1 X174.700 Y64.700 E2.8505 
G1 X174.700 Y45.300 E3.6542 
G1 X125.300 Y45.300 E5.7010 
G92 E0.0000
; jumping
G92 E0.0000
G1 E-0.500 F2400
G1 X130.250 Y50.250 F12000.000
G1 E0 F2400
G92 E0.0000
; segment
G92 E0.0000
G1 F2400.000
G1 Z0.200
G1 X130.250 Y50.250
G1 X130.250 Y59.750 E0.3936 
G1 X145.000 Y59.750 E1.0047 
G92 E0.0000
; segment
G92 E0.0000
G1 F3300.000
G1 Z0.200
G1 X145.000 Y59.750
G1 X154.000 Y59.750 E0.2237 
G92 E0.0000
; segment
G92 E0.0000
G1 F3300.000
G1 Z0.200
G1 X154.000 Y59.750
G1 X155.000 Y59.750 E0.0249 
G92 E0.0000
; segment
G92 E0.0000
G1 F2400.000
G1 Z0.200
G1 X155.000 Y59.750
G1 X169.750 Y59.750 E0.6111 
G1 X169.750 Y50.250 E1.0047 
G1 X155.000 Y50.250 E1.6158 
G92 E0.0000
; segment
G92 E0.0000
G1 F3300.000
G1 Z0.200
G1 X155.000 Y50.250
G1 X146.000 Y50.250 E0.2237 
G92 E0.0000
; segment
G92 E0.0000
G1 F3300.000
G1 Z0.200
G1 X146.000 Y50.250
G1 X145.000 Y50.250 E0.0249 
G92 E0.0000
; segment
G92 E0.0000
G1 F2400.000
G1 Z0.200
G1 X145.000 Y50.250
G1 X130.250 Y50.250 E0.6111 
G92 E0.0000
; segment
G92 E0.0000
G1 F2400.000
G1 Z0.200
G1 X130.750 Y50.750
G1 X130.750 Y59.250 E0.3522 
G1 X145.000 Y59.250 E0.9426 
G92 E0.0000
; segment
G92 E0.0000
G1 F3300.000
G1 Z0.200
G1 X145.000 Y59.250
G1 X154.000 Y59.250 E0.2237 
G92 E0.0000
; segment
G92 E0.0000
G1 F3300.000
G1 Z0.200
G1 X154.000 Y59.250
G1 X155.000 Y59.250 E0.0249 
G92 E0.0000
; segment
G92 E0.0000
G1 F2400.000
G1 Z0.200
G1 X155.000 Y59.250
G1 X169.250 Y59.250 E0.5904 
G1 X169.250 Y50.750 E0.9426 
G1 X155.000 Y50.750 E1.5330 
G92 E0.0000
; segment
G92 E0.0000
G1 F3300.000
G1 Z0.200
G1 X155.000 Y50.750
G1 X146.000 Y50.750 E0.2237 
G92 E0.0000
; segment
G92 E0.0000
G1 F3300.000
G1 Z0.200
G1 X146.000 Y50.750
G1 X145.000 Y50.750 E0.0249 
G92 E0.0000
; segment
G92 E0.0000
G1 F2400.000
G1 Z0.200
G1 X145.000 Y50.750
G1 X130.750 Y50.750 E0.5904 
G92 E0.0000
; jumping
G92 E0.0000
G1 E-0.500 F2400
G1 X124.100 Y69.100 F12000.000
G1 E0 F2400
G92 E0.0000
; segment
G92 E0.0000
G1 F2400.000
G1 Z0.200
G1 X124.100 Y69.100
G1 X124.100 Y90.900 E0.9032 
G1 X175.900 Y90.900 E3.0493 
G1 X175.900 Y69.100 E3.9526 
G1 X124.100 Y69.100 E6.0987 
G92 E0.0000
; segment
G92 E0.0000
G1 F2400.000
G1 Z0.200
G1 X124.700 Y69.700
G1 X124.700 Y90.300 E0.8535 
G1 X175.300 Y90.300 E2.9499 
G1 X175.300 Y69.700 E3.8034 
G1 X124.700 Y69.700 E5.8998 
G92 E0.0000
; segment
G92 E0.0000
G1 F2400.000
G1 Z0.200
G1 X125.300 Y70.300
G1 X125.300 Y89.700 E0.8038 
G1 X174.700 Y89.700 E2.8505 
G1 X174.700 Y70.300 E3.6542 
G1 X125.300 Y70.300 E5.7010 
G92 E0.0000
; jumping
G92 E0.0000
G1 E-0.500 F2400
G1 X130.250 Y75.250 F12000.000
G1 E0 F2400
G92 E0.0000
; segment
G92 E0.0000
G1 F2400.000
G1 Z0.200
G1 X130.250 Y75.250
G1 X130.250 Y84.750 E0.3936 
G1 X145.000 Y84.750 E1.0047 
G92 E0.0000
; segment
G92 E0.0000
G1 F3300.000
G1 Z0.200
G1 X145.000 Y84.750
G1 X154.000 Y84.750 E0.2237 
G92 E0.0000
; segment
G92 E0.0000
G1 F3300.000
G1 Z0.200
G1 X154.000 Y84.750
G1 X155.000 Y84.750 E0.0249 
G92 E0.0000
; segment
G92 E0.0000
G1 F2400.000
G1 Z0.200
G1 X155.000 Y84.750
G1 X169.750 Y84.750 E0.6111 
G1 X169.750 Y75.250 E1.0047 
G1 X155.000 Y75.250 E1.6158 
G92 E0.0000
; segment
G92 E0.0000
G1 F3300.000
G1 Z0.200
G1 X155.000 Y75.250
G1 X146.000 Y75.250 E0.2237 
G92 E0.0000
; segment
G92 E0.0000
G1 F3300.000
G1 Z0.200
G1 X146.000 Y75.250
G1 X145.000 Y75.250 E0.0249 
G92 E0.0000
; segment
G92 E0.0000
G1 F2400.000
G1 Z0.200
G1 X145.000 Y75.250
G1 X130.250 Y75.250 E0.6111 
G92 E0.0000
; segment
G92 E0.0000
G1 F2400.000
G1 Z0.200
G1 X130.750 Y75.750
G1 X130.750 Y84.250 E0.3522 
G1 X145.000 Y84.250 E0.9426 
G92 E0.0000
; segment
G92 E0.0000
G1 F3300.000
G1 Z0.200
G1 X145.000 Y84.250
G1 X154.000 Y84.250 E0.2237 
G92 E0.0000
; segment
G92 E0.0000
G1 F3300.000
G1 Z0.200
G1 X154.000 Y84.250
G1 X155.000 Y84.250 E0.0249 
G92 E0.0000
; segment
G92 E0.0000
G1 F2400.000
G1 Z0.200
G1 X155.000 Y84.250
G1 X169.250 Y84.250 E0.5904 
G1 X169.250 Y75.750 E0.9426 
G1 X155.000 Y75.750 E1.5330 
G92 E0.0000
; segment
G92 E0.0000
G1 F3300.000
G1 Z0.200
G1 X155.000 Y75.750
G1 X146.000 Y75.750 E0.2237 
G92 E0.0000
; segment
G92 E0.0000
G1 F3300.000
G1 Z0.200
G1 X146.000 Y75.750
G1 X145.000 Y75.750 E0.0249 
G92 E0.0000
; segment
G92 E0.0000
G1 F2400.000
G1 Z0.200
G1 X145.000 Y75.750
G1 X130.750 Y75.750 E0.5904 
G92 E0.0000
; jumping
G92 E0.0000
G1 E-0.500 F2400
G1 X168.750 Y26.250 F12000.000
G1 E0 F2400
G92 E0.0000
; segment
G92 E0.0000
G1 F2400.000
G1 Z0.200
G1 X168.750 Y26.250
G1 X155.000 Y26.250 E0.5697 
G92 E0.0000
; segment
G92 E0.0000
G1 F3300.000
G1 Z0.200
G1 X155.000 Y26.250
G1 X146.000 Y26.250 E0.2237 
G92 E0.0000
; segment
G92 E0.0000
G1 F3300.000
G1 Z0.200
G1 X146.000 Y26.250
G1 X145.000 Y26.250 E0.0249 
G92 E0.0000
; segment
G92 E0.0000
G1 F2400.000
G1 Z0.200
G1 X145.000 Y26.250
G1 X131.250 Y26.250 E0.5697 
G1 X131.250 Y26.750 E0.5904 
G1 X145.000 Y26.750 E1.1601 
G92 E0.0000
; segment
G92 E0.0000
G1 F3300.000
G1 Z0.200
G1 X145.000 Y26.750
G1 X154.000 Y26.750 E0.2237 
G92 E0.0000
; segment
G92 E0.0000
G1 F3300.000
G1 Z0.200
G1 X154.000 Y26.750
G1 X155.000 Y26.750 E0.0249 
G92 E0.0000
; segment
G92 E0.0000
G1 F2400.000
G1 Z0.200
G1 X155.000 Y26.750
G1 X168.750 Y26.750 E0.5697 
G1 X168.750 Y27.250 E0.5904 
G1 X155.000 Y27.250 E1.1601 
G92 E0.0000
; segment
G92 E0.0000
G1 F3300.000
G1 Z0.200
G1 X155.000 Y27.250
G1 X146.000 Y27.250 E0.2237 
G92 E0.0000
; segment
G92 E0.0000
G1 F3300.000
G1 Z0.200
G1 X146.000 Y27.250
G1 X145.000 Y27.250 E0.0249 
G92 E0.0000
; segment
G92 E0.0000
G1 F2400.000
G1 Z0.200
G1 X145.000 Y27.250
G1 X131.250 Y27.250 E0.5697 
G1 X131.250 Y27.750 E0.5904 
G1 X145.000 Y27.750 E1.1601 
G92 E0.0000
; segment
G92 E0.0000
G1 F3300.000
G1 Z0.200
G1 X145.000 Y27.750
G1 X154.000 Y27.750 E0.2237 
G92 E0.0000
; segment
G92 E0.0000
G1 F3300.000
G1 Z0.200
G1 X154.000 Y27.750
G1 X155.000 Y27.750 E0.0249 
G92 E0.0000
; segment
G92 E0.0000
G1 F2400.000
G1 Z0.200
G1 X155.000 Y27.750
G1 X168.750 Y27.750 E0.5697 
G1 X168.750 Y28.250 E0.5904 
G1 X155.000 Y28.250 E1.1601 
G92 E0.0000
; segment
G92 E0.0000
G1 F3300.000
G1 Z0.200
G1 X155.000 Y28.250
G1 X146.000 Y28.250 E0.2237 
G92 E0.0000
; segment
G92 E0.0000
G1 F3300.000
G1 Z0.200
G1 X146.000 Y28.250
G1 X145.000 Y28.250 E0.0249 
G92 E0.0000
; segment
G92 E0.0000
G1 F2400.000
G1 Z0.200
G1 X145.000 Y28.250
G1 X131.250 Y28.250 E0.5697 
G1 X131.250 Y28.750 E0.5904 
G1 X145.000 Y28.750 E1.1601 
G92 E0.0000
; segment
G92 E0.0000
G1 F3300.000
G1 Z0.200
G1 X145.000 Y28.750
G1 X154.000 Y28.750 E0.2237 
G92 E0.0000
; segment
G92 E0.0000
G1 F3300.000
G1 Z0.200
G1 X154.000 Y28.750
G1 X155.000 Y28.750 E0.0249 
G92 E0.0000
; segment
G92 E0.0000
G1 F2400.000
G1 Z0.200
G1 X155.000 Y28.750
G1 X168.750 Y28.750 E0.5697 
G1 X168.750 Y29.250 E0.5904 
G1 X155.000 Y29.250 E1.1601 
G92 E0.0000
; segment
G92 E0.0000
G1 F3300.000
G1 Z0.200
G1 X155.000 Y29.250
G1 X146.000 Y29.250 E0.2237 
G92 E0.0000
; segment
G92 E0.0000
G1 F3300.000
G1 Z0.200
G1 X146.000 Y29.250
G1 X145.000 Y29.250 E0.0249 
G92 E0.0000
; segment
G92 E0.0000
G1 F2400.000
G1 Z0.200
G1 X145.000 Y29.250
G1 X131.250 Y29.250 E0.5697 
G1 X131.250 Y29.750 E0.5904 
G1 X145.000 Y29.750 E1.1601 
G92 E0.0000
; segment
G92 E0.0000
G1 F3300.000
G1 Z0.200
G1 X145.000 Y29.750
G1 X154.000 Y29.750 E0.2237 
G92 E0.0000
; segment
G92 E0.0000
G1 F3300.000
G1 Z0.200
G1 X154.000 Y29.750
G1 X155.000 Y29.750 E0.0249 
G92 E0.0000
; segment
G92 E0.0000
G1 F2400.000
G1 Z0.200
G1 X155.000 Y29.750
G1 X168.750 Y29.750 E0.5697 
G1 X168.750 Y30.250 E0.5904 
G1 X155.000 Y30.250 E1.1601 
G92 E0.0000
; segment
G92 E0.0000
G1 F3300.000
G1 Z0.200
G1 X155.000 Y30.250
G1 X146.000 Y30.250 E0.2237 
G92 E0.0000
; segment
G92 E0.0000
G1 F3300.000
G1 Z0.200
G1 X146.000 Y30.250
G1 X145.000 Y30.250 E0.0249 
G92 E0.0000
; segment
G92 E0.0000
G1 F2400.000
G1 Z0.200
G1 X145.000 Y30.250
G1 X131.250 Y30.250 E0.5697 
G1 X131.250 Y30.750 E0.5904 
G1 X145.000 Y30.750 E1.1601 
G92 E0.0000
; segment
G92 E0.0000
G1 F3300.000
G1 Z0.200
G1 X145.000 Y30.750
G1 X154.000 Y30.750 E0.2237 
G92 E0.0000
; segment
G92 E0.0000
G1 F3300.000
G1 Z0.200
G1 X154.000 Y30.750
G1 X155.000 Y30.750 E0.0249 
G92 E0.0000
; segment
G92 E0.0000
G1 F2400.000
G1 Z0.200
G1 X155.000 Y30.750
G1 X168.750 Y30.750 E0.5697 
G1 X168.750 Y31.250 E0.5904 
G1 X155.000 Y31.250 E1.1601 
G92 E0.0000
; segment
G92 E0.0000
G1 F3300.000
G1 Z0.200
G1 X155.000 Y31.250
G1 X146.000 Y31.250 E0.2237 
G92 E0.0000
; segment
G92 E0.0000
G1 F3300.000
G1 Z0.200
G1 X146.000 Y31.250
G1 X145.000 Y31.250 E0.0249 
G92 E0.0000
; segment
G92 E0.0000
G1 F2400.000
G1 Z0.200
G1 X145.000 Y31.250
G1 X131.250 Y31.250 E0.5697 
G1 X131.250 Y31.750 E0.5904 
G1 X145.000 Y31.750 E1.1601 
G92 E0.0000
; segment
G92 E0.0000
G1 F3300.000
G1 Z0.200
G1 X145.000 Y31.750
G1 X154.000 Y31.750 E0.2237 
G92 E0.0000
; segment
G92 E0.0000
G1 F3300.000
G1 Z0.200
G1 X154.000 Y31.750
G1 X155.000 Y31.750 E0.0249 
G92 E0.0000
; segment
G92 E0.0000
G1 F2400.000
G1 Z0.200
G1 X155.000 Y31.750
G1 X168.750 Y31.750 E0.5697 
G1 X168.750 Y32.250 E0.5904 
G1 X155.000 Y32.250 E1.1601 
G92 E0.0000
; segment
G92 E0.0000
G1 F3300.000
G1 Z0.200
G1 X155.000 Y32.250
G1 X146.000 Y32.250 E0.2237 
G92 E0.0000
; segment
G92 E0.0000
G1 F3300.000
G1 Z0.200
G1 X146.000 Y32.250
G1 X145.000 Y32.250 E0.0249 
G92 E0.0000
; segment
G92 E0.0000
G1 F2400.000
G1 Z0.200
G1 X145.000 Y32.250
G1 X131.250 Y32.250 E0.5697 
G1 X131.250 Y32.750 E0.5904 
G1 X145.000 Y32.750 E1.1601 
G92 E0.0000
; segment
G92 E0.0000
G1 F3300.000
G1 Z0.200
G1 X145.000 Y32.750
G1 X154.000 Y32.750 E0.2237 
G92 E0.0000
; segment
G92 E0.0000
G1 F3300.000
G1 Z0.200
G1 X154.000 Y32.750
G1 X155.000 Y32.750 E0.0249 
G92 E0.0000
; segment
G92 E0.0000
G1 F2400.000
G1 Z0.200
G1 X155.000 Y32.750
G1 X168.750 Y32.750 E0.5697 
G1 X168.750 Y33.250 E0.5904 
G1 X155.000 Y33.250 E1.1601 
G92 E0.0000
; segment
G92 E0.0000
G1 F3300.000
G1 Z0.200
G1 X155.000 Y33.250
G1 X146.000 Y33.250 E0.2237 
G92 E0.0000
; segment
G92 E0.0000
G1 F3300.000
G1 Z0.200
G1 X146.000 Y33.250
G1 X145.000 Y33.250 E0.0249 
G92 E0.0000
; segment
G92 E0.0000
G1 F2400.000
G1 Z0.200
G1 X145.000 Y33.250
G1 X131.250 Y33.250 E0.5697 
G1 X131.250 Y33.750 E0.5904 
G1 X145.000 Y33.750 E1.1601 
G92 E0.0000
; segment
G92 E0.0000
G1 F3300.000
G1 Z0.200
G1 X145.000 Y33.750
G1 X154.000 Y33.750 E0.2237 
G92 E0.0000
; segment
G92 E0.0000
G1 F3300.000
G1 Z0.200
G1 X154.000 Y33.750
G1 X155.000 Y33.750 E0.0249 
G92 E0.0000
; segment
G92 E0.0000
G1 F2400.000
G1 Z0.200
G1 X155.000 Y33.750
G1 X168.750 Y33.750 E0.5697 
G92 E0.0000
; jumping
G92 E0.0000
G1 E-0.500 F2400
G1 X168.750 Y51.250 F12000.000
G1 E0 F2400
G92 E0.0000
; segment
G92 E0.0000
G1 F2400.000
G1 Z0.200
G1 X168.750 Y51.250
G1 X155.000 Y51.250 E0.5697 
G92 E0.0000
; segment
G92 E0.0000
G1 F3300.000
G1 Z0.200
G1 X155.000 Y51.250
G1 X146.000 Y51.250 E0.2237 
G92 E0.0000
; segment
G92 E0.0000
G1 F3300.000
G1 Z0.200
G1 X146.000 Y51.250
G1 X145.000 Y51.250 E0.0249 
G92 E0.0000
; segment
G92 E0.0000
G1 F2400.000
G1 Z0.200
G1 X145.000 Y51.250
G1 X131.250 Y51.250 E0.5697 
G1 X131.250 Y51.750 E0.5904 
G1 X145.000 Y51.750 E1.1601 
G92 E0.0000
; segment
G92 E0.0000
G1 F3300.000
G1 Z0.200
G1 X145.000 Y51.750
G1 X154.000 Y51.750 E0.2237 
G92 E0.0000
; segment
G92 E0.0000
G1 F3300.000
G1 Z0.200
G1 X154.000 Y51.750
G1 X155.000 Y51.750 E0.0249 
G92 E0.0000
; segment
G92 E0.0000
G1 F2400.000
G1 Z0.200
G1 X155.000 Y51.750
G1 X168.750 Y51.750 E0.5697 
G1 X168.750 Y52.250 E0.5904 
G1 X155.000 Y52.250 E1.1601 
G92 E0.0000
; segment
G92 E0.0000
G1 F3300.000
G1 Z0.200
G1 X155.000 Y52.250
G1 X146.000 Y52.250 E0.2237 
G92 E0.0000
; segment
G92 E0.0000
G1 F3300.000
G1 Z0.200
G1 X146.000 Y52.250
G1 X145.000 Y52.250 E0.0249 
G92 E0.0000
; segment
G92 E0.0000
G1 F2400.000
G1 Z0.200
G1 X145.000 Y52.250
G1 X131.250 Y52.250 E0.5697 
G1 X131.250 Y52.750 E0.5904 
G1 X145.000 Y52.750 E1.1601 
G92 E0.0000
; segment
G92 E0.0000
G1 F3300.000
G1 Z0.200
G1 X145.000 Y52.750
G1 X154.000 Y52.750 E0.2237 
G92 E0.0000
; segment
G92 E0.0000
G1 F3300.000
G1 Z0.200
G1 X154.000 Y52.750
G1 X155.000 Y52.750 E0.0249 
G92 E0.0000
; segment
G92 E0.0000
G1 F2400.000
G1 Z0.200
G1 X155.000 Y52.750
G1 X168.750 Y52.750 E0.5697 
G1 X168.750 Y53.250 E0.5904 
G1 X155.000 Y53.250 E1.1601 
G92 E0.0000
; segment
G92 E0.0000
G1 F3300.000
G1 Z0.200
G1 X155.000 Y53.250
G1 X146.000 Y53.250 E0.2237 
G92 E0.0000
; segment
G92 E0.0000
G1 F3300.000
G1 Z0.200
G1 X146.000 Y53.250
G1 X145.000 Y53.250 E0.0249 
G92 E0.0000
; segment
G92 E0.0000
G1 F2400.000
G1 Z0.200
G1 X145.000 Y53.250
G1 X131.250 Y53.250 E0.5697 
G1 X131.250 Y53.750 E0.5904 
G1 X145.000 Y53.750 E1.1601 
G92 E0.0000
; segment
G92 E0.0000
G1 F3300.000
G1 Z0.200
G1 X145.000 Y53.750
G1 X154.000 Y53.750 E0.2237 
G92 E0.0000
; segment
G92 E0.0000
G1 F3300.000
G1 Z0.200
G1 X154.000 Y53.750
G1 X155.000 Y53.750 E0.0249 
G92 E0.0000
; segment
G92 E0.0000
G1 F2400.000
G1 Z0.200
G1 X155.000 Y53.750
G1 X168.750 Y53.750 E0.5697 
G1 X168.750 Y54.250 E0.5904 
G1 X155.000 Y54.250 E1.1601 
G92 E0.0000
; segment
G92 E0.0000
G1 F3300.000
G1 Z0.200
G1 X155.000 Y54.250
G1 X146.000 Y54.250 E0.2237 
G92 E0.0000
; segment
G92 E0.0000
G1 F3300.000
G1 Z0.200
G1 X146.000 Y54.250
G1 X145.000 Y54.250 E0.0249 
G92 E0.0000
; segment
G92 E0.0000
G1 F2400.000
G1 Z0.200
G1 X145.000 Y54.250
G1 X131.250 Y54.250 E0.5697 
G1 X131.250 Y54.750 E0.5904 
G1 X145.000 Y54.750 E1.1601 
G92 E0.0000
; segment
G92 E0.0000
G1 F3300.000
G1 Z0.200
G1 X145.000 Y54.750
G1 X154.000 Y54.750 E0.2237 
G92 E0.0000
; segment
G92 E0.0000
G1 F3300.000
G1 Z0.200
G1 X154.000 Y54.750
G1 X155.000 Y54.750 E0.0249 
G92 E0.0000
; segment
G92 E0.0000
G1 F2400.000
G1 Z0.200
G1 X155.000 Y54.750
G1 X168.750 Y54.750 E0.5697 
G1 X168.750 Y55.250 E0.5904 
G1 X155.000 Y55.250 E1.1601 
G92 E0.0000
; segment
G92 E0.0000
G1 F3300.000
G1 Z0.200
G1 X155.000 Y55.250
G1 X146.000 Y55.250 E0.2237 
G92 E0.0000
; segment
G92 E0.0000
G1 F3300.000
G1 Z0.200
G1 X146.000 Y55.250
G1 X145.000 Y55.250 E0.0249 
G92 E0.0000
; segment
G92 E0.0000
G1 F2400.000
G1 Z0.200
G1 X145.000 Y55.250
G1 X131.250 Y55.250 E0.5697 
G1 X131.250 Y55.750 E0.5904 
G1 X145.000 Y55.750 E1.1601 
G92 E0.0000
; segment
G92 E0.0000
G1 F3300.000
G1 Z0.200
G1 X145.000 Y55.750
G1 X154.000 Y55.750 E0.2237 
G92 E0.0000
; segment
G92 E0.0000
G1 F3300.000
G1 Z0.200
G1 X154.000 Y55.750
G1 X155.000 Y55.750 E0.0249 
G92 E0.0000
; segment
G92 E0.0000
G1 F2400.000
G1 Z0.200
G1 X155.000 Y55.750
G1 X168.750 Y55.750 E0.5697 
G1 X168.750 Y56.250 E0.5904 
G1 X155.000 Y56.250 E1.1601 
G92 E0.0000
; segment
G92 E0.0000
G1 F3300.000
G1 Z0.200
G1 X155.000 Y56.250
G1 X146.000 Y56.250 E0.2237 
G92 E0.0000
; segment
G92 E0.0000
G1 F3300.000
G1 Z0.200
G1 X146.000 Y56.250
G1 X145.000 Y56.250 E0.0249 
G92 E0.0000
; segment
G92 E0.0000
G1 F2400.000
G1 Z0.200
G1 X145.000 Y56.250
G1 X131.250 Y56.250 E0.5697 
G1 X131.250 Y56.750 E0.5904 
G1 X145.000 Y56.750 E1.1601 
G92 E0.0000
; segment
G92 E0.0000
G1 F3300.000
G1 Z0.200
G1 X145.000 Y56.750
G1 X154.000 Y56.750 E0.2237 
G92 E0.0000
; segment
G92 E0.0000
G1 F3300.000
G1 Z0.200
G1 X154.000 Y56.750
G1 X155.000 Y56.750 E0.0249 
G92 E0.0000
; segment
G92 E0.0000
G1 F2400.000
G1 Z0.200
G1 X155.000 Y56.750
G1 X168.750 Y56.750 E0.5697 
G1 X168.750 Y57.250 E0.5904 
G1 X155.000 Y57.250 E1.1601 
G92 E0.0000
; segment
G92 E0.0000
G1 F3300.000
G1 Z0.200
G1 X155.000 Y57.250
G1 X146.000 Y57.250 E0.2237 
G92 E0.0000
; segment
G92 E0.0000
G1 F3300.000
G1 Z0.200
G1 X146.000 Y57.250
G1 X145.000 Y57.250 E0.0249 
G92 E0.0000
; segment
G92 E0.0000
G1 F2400.000
G1 Z0.200
G1 X145.000 Y57.250
G1 X131.250 Y57.250 E0.5697 
G1 X131.250 Y57.750 E0.5904 
G1 X145.000 Y57.750 E1.1601 
G92 E0.0000
; segment
G92 E0.0000
G1 F3300.000
G1 Z0.200
G1 X145.000 Y57.750
G1 X154.000 Y57.750 E0.2237 
G92 E0.0000
; segment
G92 E0.0000
G1 F3300.000
G1 Z0.200
G1 X154.000 Y57.750
G1 X155.000 Y57.750 E0.0249 
G92 E0.0000
; segment
G92 E0.0000
G1 F2400.000
G1 Z0.200
G1 X155.000 Y57.750
G1 X168.750 Y57.750 E0.5697 
G1 X168.750 Y58.250 E0.5904 
G1 X155.000 Y58.250 E1.1601 
G92 E0.0000
; segment
G92 E0.0000
G1 F3300.000
G1 Z0.200
G1 X155.000 Y58.250
G1 X146.000 Y58.250 E0.2237 
G92 E0.0000
; segment
G92 E0.0000
G1 F3300.000
G1 Z0.200
G1 X146.000 Y58.250
G1 X145.000 Y58.250 E0.0249 
G92 E0.0000
; segment
G92 E0.0000
G1 F2400.000
G1 Z0.200
G1 X145.000 Y58.250
G1 X131.250 Y58.250 E0.5697 
G1 X131.250 Y58.750 E0.5904 
G1 X145.000 Y58.750 E1.1601 
G92 E0.0000
; segment
G92 E0.0000
G1 F3300.000
G1 Z0.200
G1 X145.000 Y58.750
G1 X154.000 Y58.750 E0.2237 
G92 E0.0000
; segment
G92 E0.0000
G1 F3300.000
G1 Z0.200
G1 X154.000 Y58.750
G1 X155.000 Y58.750 E0.0249 
G92 E0.0000
; segment
G92 E0.0000
G1 F2400.000
G1 Z0.200
G1 X155.000 Y58.750
G1 X168.750 Y58.750 E0.5697 
G92 E0.0000
; jumping
G92 E0.0000
G1 E-0.500 F2400
G1 X168.750 Y76.250 F12000.000
G1 E0 F2400
G92 E0.0000
; segment
G92 E0.0000
G1 F2400.000
G1 Z0.200
G1 X168.750 Y76.250
G1 X155.000 Y76.250 E0.5697 
G92 E0.0000
; segment
G92 E0.0000
G1 F3300.000
G1 Z0.200
G1 X155.000 Y76.250
G1 X146.000 Y76.250 E0.2237 
G92 E0.0000
; segment
G92 E0.0000
G1 F3300.000
G1 Z0.200
G1 X146.000 Y76.250
G1 X145.000 Y76.250 E0.0249 
G92 E0.0000
; segment
G92 E0.0000
G1 F2400.000
G1 Z0.200
G1 X145.000 Y76.250
G1 X131.250 Y76.250 E0.5697 
G1 X131.250 Y76.750 E0.5904 
G1 X145.000 Y76.750 E1.1601 
G92 E0.0000
; segment
G92 E0.0000
G1 F3300.000
G1 Z0.200
G1 X145.000 Y76.750
G1 X154.000 Y76.750 E0.2237 
G92 E0.0000
; segment
G92 E0.0000
G1 F3300.000
G1 Z0.200
G1 X154.000 Y76.750
G1 X155.000 Y76.750 E0.0249 
G92 E0.0000
; segment
G92 E0.0000
G1 F2400.000
G1 Z0.200
G1 X155.000 Y76.750
G1 X168.750 Y76.750 E0.5697 
G1 X168.750 Y77.250 E0.5904 
G1 X155.000 Y77.250 E1.1601 
G92 E0.0000
; segment
G92 E0.0000
G1 F3300.000
G1 Z0.200
G1 X155.000 Y77.250
G1 X146.000 Y77.250 E0.2237 
G92 E0.0000
; segment
G92 E0.0000
G1 F3300.000
G1 Z0.200
G1 X146.000 Y77.250
G1 X145.000 Y77.250 E0.0249 
G92 E0.0000
; segment
G92 E0.0000
G1 F2400.000
G1 Z0.200
G1 X145.000 Y77.250
G1 X131.250 Y77.250 E0.5697 
G1 X131.250 Y77.750 E0.5904 
G1 X145.000 Y77.750 E1.1601 
G92 E0.0000
; segment
G92 E0.0000
G1 F3300.000
G1 Z0.200
G1 X145.000 Y77.750
G1 X154.000 Y77.750 E0.2237 
G92 E0.0000
; segment
G92 E0.0000
G1 F3300.000
G1 Z0.200
G1 X154.000 Y77.750
G1 X155.000 Y77.750 E0.0249 
G92 E0.0000
; segment
G92 E0.0000
G1 F2400.000
G1 Z0.200
G1 X155.000 Y77.750
G1 X168.750 Y77.750 E0.5697 
G1 X168.750 Y78.250 E0.5904 
G1 X155.000 Y78.250 E1.1601 
G92 E0.0000
; segment
G92 E0.0000
G1 F3300.000
G1 Z0.200
G1 X155.000 Y78.250
G1 X146.000 Y78.250 E0.2237 
G92 E0.0000
; segment
G92 E0.0000
G1 F3300.000
G1 Z0.200
G1 X146.000 Y78.250
G1 X145.000 Y78.250 E0.0249 
G92 E0.0000
; segment
G92 E0.0000
G1 F2400.000
G1 Z0.200
G1 X145.000 Y78.250
G1 X131.250 Y78.250 E0.5697 
G1 X131.250 Y78.750 E0.5904 
G1 X145.000 Y78.750 E1.1601 
G92 E0.0000
; segment
G92 E0.0000
G1 F3300.000
G1 Z0.200
G1 X145.000 Y78.750
G1 X154.000 Y78.750 E0.2237 
G92 E0.0000
; segment
G92 E0.0000
G1 F3300.000
G1 Z0.200
G1 X154.000 Y78.750
G1 X155.000 Y78.750 E0.0249 
G92 E0.0000
; segment
G92 E0.0000
G1 F2400.000
G1 Z0.200
G1 X155.000 Y78.750
G1 X168.750 Y78.750 E0.5697 
G1 X168.750 Y79.250 E0.5904 
G1 X155.000 Y79.250 E1.1601 
G92 E0.0000
; segment
G92 E0.0000
G1 F3300.000
G1 Z0.200
G1 X155.000 Y79.250
G1 X146.000 Y79.250 E0.2237 
G92 E0.0000
; segment
G92 E0.0000
G1 F3300.000
G1 Z0.200
G1 X146.000 Y79.250
G1 X145.000 Y79.250 E0.0249 
G92 E0.0000
; segment
G92 E0.0000
G1 F2400.000
G1 Z0.200
G1 X145.000 Y79.250
G1 X131.250 Y79.250 E0.5697 
G1 X131.250 Y79.750 E0.5904 
G1 X145.000 Y79.750 E1.1601 
G92 E0.0000
; segment
G92 E0.0000
G1 F3300.000
G1 Z0.200
G1 X145.000 Y79.750
G1 X154.000 Y79.750 E0.2237 
G92 E0.0000
; segment
G92 E0.0000
G1 F3300.000
G1 Z0.200
G1 X154.000 Y79.750
G1 X155.000 Y79.750 E0.0249 
G92 E0.0000
; segment
G92 E0.0000
G1 F2400.000
G1 Z0.200
G1 X155.000 Y79.750
G1 X168.750 Y79.750 E0.5697 
G1 X168.750 Y80.250 E0.5904 
G1 X155.000 Y80.250 E1.1601 
G92 E0.0000
; segment
G92 E0.0000
G1 F3300.000
G1 Z0.200
G1 X155.000 Y80.250
G1 X146.000 Y80.250 E0.2237 
G92 E0.0000
; segment
G92 E0.0000
G1 F3300.000
G1 Z0.200
G1 X146.000 Y80.250
G1 X145.000 Y80.250 E0.0249 
G92 E0.0000
; segment
G92 E0.0000
G1 F2400.000
G1 Z0.200
G1 X145.000 Y80.250
G1 X131.250 Y80.250 E0.5697 
G1 X131.250 Y80.750 E0.5904 
G1 X145.000 Y80.750 E1.1601 
G92 E0.0000
; segment
G92 E0.0000
G1 F3300.000
G1 Z0.200
G1 X145.000 Y80.750
G1 X154.000 Y80.750 E0.2237 
G92 E0.0000
; segment
G92 E0.0000
G1 F3300.000
G1 Z0.200
G1 X154.000 Y80.750
G1 X155.000 Y80.750 E0.0249 
G92 E0.0000
; segment
G92 E0.0000
G1 F2400.000
G1 Z0.200
G1 X155.000 Y80.750
G1 X168.750 Y80.750 E0.5697 
G1 X168.750 Y81.250 E0.5904 
G1 X155.000 Y81.250 E1.1601 
G92 E0.0000
; segment
G92 E0.0000
G1 F3300.000
G1 Z0.200
G1 X155.000 Y81.250
G1 X146.000 Y81.250 E0.2237 
G92 E0.0000
; segment
G92 E0.0000
G1 F3300.000
G1 Z0.200
G1 X146.000 Y81.250
G1 X145.000 Y81.250 E0.0249 
G92 E0.0000
; segment
G92 E0.0000
G1 F2400.000
G1 Z0.200
G1 X145.000 Y81.250
G1 X131.250 Y81.250 E0.5697 
G1 X131.250 Y81.750 E0.5904 
G1 X145.000 Y81.750 E1.1601 
G92 E0.0000
; segment
G92 E0.0000
G1 F3300.000
G1 Z0.200
G1 X145.000 Y81.750
G1 X154.000 Y81.750 E0.2237 
G92 E0.0000
; segment
G92 E0.0000
G1 F3300.000
G1 Z0.200
G1 X154.000 Y81.750
G1 X155.000 Y81.750 E0.0249 
G92 E0.0000
; segment
G92 E0.0000
G1 F2400.000
G1 Z0.200
G1 X155.000 Y81.750
G1 X168.750 Y81.750 E0.5697 
G1 X168.750 Y82.250 E0.5904 
G1 X155.000 Y82.250 E1.1601 
G92 E0.0000
; segment
G92 E0.0000
G1 F3300.000
G1 Z0.200
G1 X155.000 Y82.250
G1 X146.000 Y82.250 E0.2237 
G92 E0.0000
; segment
G92 E0.0000
G1 F3300.000
G1 Z0.200
G1 X146.000 Y82.250
G1 X145.000 Y82.250 E0.0249 
G92 E0.0000
; segment
G92 E0.0000
G1 F2400.000
G1 Z0.200
G1 X145.000 Y82.250
G1 X131.250 Y82.250 E0.5697 
G1 X131.250 Y82.750 E0.5904 
G1 X145.000 Y82.750 E1.1601 
G92 E0.0000
; segment
G92 E0.0000
G1 F3300.000
G1 Z0.200
G1 X145.000 Y82.750
G1 X154.000 Y82.750 E0.2237 
G92 E0.0000
; segment
G92 E0.0000
G1 F3300.000
G1 Z0.200
G1 X154.000 Y82.750
G1 X155.000 Y82.750 E0.0249 
G92 E0.0000
; segment
G92 E0.0000
G1 F2400.000
G1 Z0.200
G1 X155.000 Y82.750
G1 X168.750 Y82.750 E0.5697 
G1 X168.750 Y83.250 E0.5904 
G1 X155.000 Y83.250 E1.1601 
G92 E0.0000
; segment
G92 E0.0000
G1 F3300.000
G1 Z0.200
G1 X155.000 Y83.250
G1 X146.000 Y83.250 E0.2237 
G92 E0.0000
; segment
G92 E0.0000
G1 F3300.000
G1 Z0.200
G1 X146.000 Y83.250
G1 X145.000 Y83.250 E0.0249 
G92 E0.0000
; segment
G92 E0.0000
G1 F2400.000
G1 Z0.200
G1 X145.000 Y83.250
G1 X131.250 Y83.250 E0.5697 
G1 X131.250 Y83.750 E0.5904 
G1 X145.000 Y83.750 E1.1601 
G92 E0.0000
; segment
G92 E0.0000
G1 F3300.000
G1 Z0.200
G1 X145.000 Y83.750
G1 X154.000 Y83.750 E0.2237 
G92 E0.0000
; segment
G92 E0.0000
G1 F3300.000
G1 Z0.200
G1 X154.000 Y83.750
G1 X155.000 Y83.750 E0.0249 
G92 E0.0000
; segment
G92 E0.0000
G1 F2400.000
G1 Z0.200
G1 X155.000 Y83.750
G1 X168.750 Y83.750 E0.5697 
G92 E0.0000
; jumping
G92 E0.0000
G1 E-0.500 F2400
G1 X169.750 Y34.750 F12000.000
G1 E0 F2400
G92 E0.0000
; segment
G92 E0.0000
G1 F2400.000
G1 Z0.400
G1 X169.750 Y34.750
G1 X169.750 Y25.250 E0.3936 
G1 X155.000 Y25.250 E1.0047 
G92 E0.0000
; segment
G92 E0.0000
G1 F3300.000
G1 Z0.400
G1 X155.000 Y25.250
G1 X146.000 Y25.250 E0.2237 
G92 E0.0000
; segment
G92 E0.0000
G1 F3300.000
G1 Z0.400
G1 X146.000 Y25.250
G1 X145.000 Y25.250 E0.0249 
G92 E0.0000
; segment
G92 E0.0000
G1 F2400.000
G1 Z0.400
G1 X145.000 Y25.250
G1 X130.250 Y25.250 E0.6111 
G1 X130.250 Y34.750 E1.0047 
G1 X145.000 Y34.750 E1.6158 
G92 E0.0000
; segment
G92 E0.0000
G1 F3300.000
G1 Z0.400
G1 X145.000 Y34.750
G1 X154.000 Y34.750 E0.2237 
G92 E0.0000
; segment
G92 E0.0000
G1 F3300.000
G1 Z0.400
G1 X154.000 Y34.750
G1 X155.000 Y34.750 E0.0249 
G92 E0.0000
; segment
G92 E0.0000
G1 F2400.000
G1 Z0.400
G1 X155.000 Y34.750
G1 X169.750 Y34.750 E0.6111 
G92 E0.0000
; segment
G92 E0.0000
G1 F2400.000
G1 Z0.400
G1 X169.250 Y34.250
G1 X169.250 Y25.750 E0.3522 
G1 X155.000 Y25.750 E0.9426 
G92 E0.0000
; segment
G92 E0.0000
G1 F3300.000
G1 Z0.400
G1 X155.000 Y25.750
G1 X146.000 Y25.750 E0.2237 
G92 E0.0000
; segment
G92 E0.0000
G1 F3300.000
G1 Z0.400
G1 X146.000 Y25.750
G1 X145.000 Y25.750 E0.0249 
G92 E0.0000
; segment
G92 E0.0000
G1 F2400.000
G1 Z0.400
G1 X145.000 Y25.750
G1 X130.750 Y25.750 E0.5904 
G1 X130.750 Y34.250 E0.9426 
G1 X145.000 Y34.250 E1.5330 
G92 E0.0000
; segment
G92 E0.0000
G1 F3300.000
G1 Z0.400
G1 X145.000 Y34.250
G1 X154.000 Y34.250 E0.2237 
G92 E0.0000
; segment
G92 E0.0000
G1 F3300.000
G1 Z0.400
G1 X154.000 Y34.250
G1 X155.000 Y34.250 E0.0249 
G92 E0.0000
; segment
G92 E0.0000
G1 F2400.000
G1 Z0.400
G1 X155.000 Y34.250
G1 X169.250 Y34.250 E0.5904 
G92 E0.0000
; jumping
G92 E0.0000
G1 E-0.500 F2400
G1 X169.750 Y59.750 F12000.000
G1 E0 F2400
G92 E0.0000
; segment
G92 E0.0000
G1 F2400.000
G1 Z0.400
G1 X169.750 Y59.750
G1 X169.750 Y50.250 E0.3936 
G1 X155.000 Y50.250 E1.0047 
G92 E0.0000
; segment
G92 E0.0000
G1 F3300.000
G1 Z0.400
G1 X155.000 Y50.250
G1 X146.000 Y50.250 E0.2237 
G92 E0.0000
; segment
G92 E0.0000
G1 F3300.000
G1 Z0.400
G1 X146.000 Y50.250
G1 X145.000 Y50.250 E0.0249 
G92 E0.0000
; segment
G92 E0.0000
G1 F2400.000
G1 Z0.400
G1 X145.000 Y50.250
G1 X130.250 Y50.250 E0.6111 
G1 X130.250 Y59.750 E1.0047 
G1 X145.000 Y59.750 E1.6158 
G92 E0.0000
; segment
G92 E0.0000
G1 F3300.000
G1 Z0.400
G1 X145.000 Y59.750
G1 X154.000 Y59.750 E0.2237 
G92 E0.0000
; segment
G92 E0.0000
G1 F3300.000
G1 Z0.400
G1 X154.000 Y59.750
G1 X155.000 Y59.750 E0.0249 
G92 E0.0000
; segment
G92 E0.0000
G1 F2400.000
G1 Z0.400
G1 X155.000 Y59.750
G1 X169.750 Y59.750 E0.6111 
G92 E0.0000
; segment
G92 E0.0000
G1 F2400.000
G1 Z0.400
G1 X169.250 Y59.250
G1 X169.250 Y50.750 E0.3522 
G1 X155.000 Y50.750 E0.9426 
G92 E0.0000
; segment
G92 E0.0000
G1 F3300.000
G1 Z0.400
G1 X155.000 Y50.750
G1 X146.000 Y50.750 E0.2237 
G92 E0.0000
; segment
G92 E0.0000
G1 F3300.000
G1 Z0.400
G1 X146.000 Y50.750
G1 X145.000 Y50.750 E0.0249 
G92 E0.0000
; segment
G92 E0.0000
G1 F2400.000
G1 Z0.400
G1 X145.000 Y50.750
G1 X130.750 Y50.750 E0.5904 
G1 X130.750 Y59.250 E0.9426 
G1 X145.000 Y59.250 E1.5330 
G92 E0.0000
; segment
G92 E0.0000
G1 F3300.000
G1 Z0.400
G1 X145.000 Y59.250
G1 X154.000 Y59.250 E0.2237 
G92 E0.0000
; segment
G92 E0.0000
G1 F3300.000
G1 Z0.400
G1 X154.000 Y59.250
G1 X155.000 Y59.250 E0.0249 
G92 E0.0000
; segment
G92 E0.0000
G1 F2400.000
G1 Z0.400
G1 X155.000 Y59.250
G1 X169.250 Y59.250 E0.5904 
G92 E0.0000
; jumping
G92 E0.0000
G1 E-0.500 F2400
G1 X169.750 Y84.750 F12000.000
G1 E0 F2400
G92 E0.0000
; segment
G92 E0.0000
G1 F2400.000
G1 Z0.400
G1 X169.750 Y84.750
G1 X169.750 Y75.250 E0.3936 
G1 X155.000 Y75.250 E1.0047 
G92 E0.0000
; segment
G92 E0.0000
G1 F3300.000
G1 Z0.400
G1 X155.000 Y75.250
G1 X146.000 Y75.250 E0.2237 
G92 E0.0000
; segment
G92 E0.0000
G1 F3300.000
G1 Z0.400
G1 X146.000 Y75.250
G1 X145.000 Y75.250 E0.0249 
G92 E0.0000
; segment
G92 E0.0000
G1 F2400.000
G1 Z0.400
G1 X145.000 Y75.250
G1 X130.250 Y75.250 E0.6111 
G1 X130.250 Y84.750 E1.0047 
G1 X145.000 Y84.750 E1.6158 
G92 E0.0000
; segment
G92 E0.0000
G1 F3300.000
G1 Z0.400
G1 X145.000 Y84.750
G1 X154.000 Y84.750 E0.2237 
G92 E0.0000
; segment
G92 E0.0000
G1 F3300.000
G1 Z0.400
G1 X154.000 Y84.750
G1 X155.000 Y84.750 E0.0249 
G92 E0.0000
; segment
G92 E0.0000
G1 F2400.000
G1 Z0.400
G1 X155.000 Y84.750
G1 X169.750 Y84.750 E0.6111 
G92 E0.0000
; segment
G92 E0.0000
G1 F2400.000
G1 Z0.400
G1 X169.250 Y84.250
G1 X169.250 Y75.750 E0.3522 
G1 X155.000 Y75.750 E0.9426 
G92 E0.0000
; segment
G92 E0.0000
G1 F3300.000
G1 Z0.400
G1 X155.000 Y75.750
G1 X146.000 Y75.750 E0.2237 
G92 E0.0000
; segment
G92 E0.0000
G1 F3300.000
G1 Z0.400
G1 X146.000 Y75.750
G1 X145.000 Y75.750 E0.0249 
G92 E0.0000
; segment
G92 E0.0000
G1 F2400.000
G1 Z0.400
G1 X145.000 Y75.750
G1 X130.750 Y75.750 E0.5904 
G1 X130.750 Y84.250 E0.9426 
G1 X145.000 Y84.250 E1.5330 
G92 E0.0000
; segment
G92 E0.0000
G1 F3300.000
G1 Z0.400
G1 X145.000 Y84.250
G1 X154.000 Y84.250 E0.2237 
G92 E0.0000
; segment
G92 E0.0000
G1 F3300.000
G1 Z0.400
G1 X154.000 Y84.250
G1 X155.000 Y84.250 E0.0249 
G92 E0.0000
; segment
G92 E0.0000
G1 F2400.000
G1 Z0.400
G1 X155.000 Y84.250
G1 X169.250 Y84.250 E0.5904 
G92 E0.0000
; jumping
G92 E0.0000
G1 E-0.500 F2400
G1 X168.750 Y33.750 F12000.000
G1 E0 F2400
G92 E0.0000
; segment
G92 E0.0000
G1 F2400.000
G1 Z0.400
G1 X168.750 Y33.750
G1 X155.000 Y33.750 E0.5697 
G92 E0.0000
; segment
G92 E0.0000
G1 F3300.000
G1 Z0.400
G1 X155.000 Y33.750
G1 X146.000 Y33.750 E0.2237 
G92 E0.0000
; segment
G92 E0.0000
G1 F3300.000
G1 Z0.400
G1 X146.000 Y33.750
G1 X145.000 Y33.750 E0.0249 
G92 E0.0000
; segment
G92 E0.0000
G1 F2400.000
G1 Z0.400
G1 X145.000 Y33.750
G1 X131.250 Y33.750 E0.5697 
G1 X131.250 Y33.250 E0.5904 
G1 X145.000 Y33.250 E1.1601 
G92 E0.0000
; segment
G92 E0.0000
G1 F3300.000
G1 Z0.400
G1 X145.000 Y33.250
G1 X154.000 Y33.250 E0.2237 
G92 E0.0000
; segment
G92 E0.0000
G1 F3300.000
G1 Z0.400
G1 X154.000 Y33.250
G1 X155.000 Y33.250 E0.0249 
G92 E0.0000
; segment
G92 E0.0000
G1 F2400.000
G1 Z0.400
G1 X155.000 Y33.250
G1 X168.750 Y33.250 E0.5697 
G1 X168.750 Y32.750 E0.5904 
G1 X155.000 Y32.750 E1.1601 
G92 E0.0000
; segment
G92 E0.0000
G1 F3300.000
G1 Z0.400
G1 X155.000 Y32.750
G1 X146.000 Y32.750 E0.2237 
G92 E0.0000
; segment
G92 E0.0000
G1 F3300.000
G1 Z0.400
G1 X146.000 Y32.750
G1 X145.000 Y32.750 E0.0249 
G92 E0.0000
; segment
G92 E0.0000
G1 F2400.000
G1 Z0.400
G1 X145.000 Y32.750
G1 X131.250 Y32.750 E0.5697 
G1 X131.250 Y32.250 E0.5904 
G1 X145.000 Y32.250 E1.1601 
G92 E0.0000
; segment
G92 E0.0000
G1 F3300.000
G1 Z0.400
G1 X145.000 Y32.250
G1 X154.000 Y32.250 E0.2237 
G92 E0.0000
; segment
G92 E0.0000
G1 F3300.000
G1 Z0.400
G1 X154.000 Y32.250
G1 X155.000 Y32.250 E0.0249 
G92 E0.0000
; segment
G92 E0.0000
G1 F2400.000
G1 Z0.400
G1 X155.000 Y32.250
G1 X168.750 Y32.250 E0.5697 
G1 X168.750 Y31.750 E0.5904 
G1 X155.000 Y31.750 E1.1601 
G92 E0.0000
; segment
G92 E0.0000
G1 F3300.000
G1 Z0.400
G1 X155.000 Y31.750
G1 X146.000 Y31.750 E0.2237 
G92 E0.0000
; segment
G92 E0.0000
G1 F3300.000
G1 Z0.400
G1 X146.000 Y31.750
G1 X145.000 Y31.750 E0.0249 
G92 E0.0000
; segment
G92 E0.0000
G1 F2400.000
G1 Z0.400
G1 X145.000 Y31.750
G1 X131.250 Y31.750 E0.5697 
G1 X131.250 Y31.250 E0.5904 
G1 X145.000 Y31.250 E1.1601 
G92 E0.0000
; segment
G92 E0.0000
G1 F3300.000
G1 Z0.400
G1 X145.000 Y31.250
G1 X154.000 Y31.250 E0.2237 
G92 E0.0000
; segment
G92 E0.0000
G1 F3300.000
G1 Z0.400
G1 X154.000 Y31.250
G1 X155.000 Y31.250 E0.0249 
G92 E0.0000
; segment
G92 E0.0000
G1 F2400.000
G1 Z0.400
G1 X155.000 Y31.250
G1 X168.750 Y31.250 E0.5697 
G1 X168.750 Y30.750 E0.5904 
G1 X155.000 Y30.750 E1.1601 
G92 E0.0000
; segment
G92 E0.0000
G1 F3300.000
G1 Z0.400
G1 X155.000 Y30.750
G1 X146.000 Y30.750 E0.2237 
G92 E0.0000
; segment
G92 E0.0000
G1 F3300.000
G1 Z0.400
G1 X146.000 Y30.750
G1 X145.000 Y30.750 E0.0249 
G92 E0.0000
; segment
G92 E0.0000
G1 F2400.000
G1 Z0.400
G1 X145.000 Y30.750
G1 X131.250 Y30.750 E0.5697 
G1 X131.250 Y30.250 E0.5904 
G1 X145.000 Y30.250 E1.1601 
G92 E0.0000
; segment
G92 E0.0000
G1 F3300.000
G1 Z0.400
G1 X145.000 Y30.250
G1 X154.000 Y30.250 E0.2237 
G92 E0.0000
; segment
G92 E0.0000
G1 F3300.000
G1 Z0.400
G1 X154.000 Y30.250
G1 X155.000 Y30.250 E0.0249 
G92 E0.0000
; segment
G92 E0.0000
G1 F2400.000
G1 Z0.400
G1 X155.000 Y30.250
G1 X168.750 Y30.250 E0.5697 
G1 X168.750 Y29.750 E0.5904 
G1 X155.000 Y29.750 E1.1601 
G92 E0.0000
; segment
G92 E0.0000
G1 F3300.000
G1 Z0.400
G1 X155.000 Y29.750
G1 X146.000 Y29.750 E0.2237 
G92 E0.0000
; segment
G92 E0.0000
G1 F3300.000
G1 Z0.400
G1 X146.000 Y29.750
G1 X145.000 Y29.750 E0.0249 
G92 E0.0000
; segment
G92 E0.0000
G1 F2400.000
G1 Z0.400
G1 X145.000 Y29.750
G1 X131.250 Y29.750 E0.5697 
G1 X131.250 Y29.250 E0.5904 
G1 X145.000 Y29.250 E1.1601 
G92 E0.0000
; segment
G92 E0.0000
G1 F3300.000
G1 Z0.400
G1 X145.000 Y29.250
G1 X154.000 Y29.250 E0.2237 
G92 E0.0000
; segment
G92 E0.0000
G1 F3300.000
G1 Z0.400
G1 X154.000 Y29.250
G1 X155.000 Y29.250 E0.0249 
G92 E0.0000
; segment
G92 E0.0000
G1 F2400.000
G1 Z0.400
G1 X155.000 Y29.250
G1 X168.750 Y29.250 E0.5697 
G1 X168.750 Y28.750 E0.5904 
G1 X155.000 Y28.750 E1.1601 
G92 E0.0000
; segment
G92 E0.0000
G1 F3300.000
G1 Z0.400
G1 X155.000 Y28.750
G1 X146.000 Y28.750 E0.2237 
G92 E0.0000
; segment
G92 E0.0000
G1 F3300.000
G1 Z0.400
G1 X146.000 Y28.750
G1 X145.000 Y28.750 E0.0249 
G92 E0.0000
; segment
G92 E0.0000
G1 F2400.000
G1 Z0.400
G1 X145.000 Y28.750
G1 X131.250 Y28.750 E0.5697 
G1 X131.250 Y28.250 E0.5904 
G1 X145.000 Y28.250 E1.1601 
G92 E0.0000
; segment
G92 E0.0000
G1 F3300.000
G1 Z0.400
G1 X145.000 Y28.250
G1 X154.000 Y28.250 E0.2237 
G92 E0.0000
; segment
G92 E0.0000
G1 F3300.000
G1 Z0.400
G1 X154.000 Y28.250
G1 X155.000 Y28.250 E0.0249 
G92 E0.0000
; segment
G92 E0.0000
G1 F2400.000
G1 Z0.400
G1 X155.000 Y28.250
G1 X168.750 Y28.250 E0.5697 
G1 X168.750 Y27.750 E0.5904 
G1 X155.000 Y27.750 E1.1601 
G92 E0.0000
; segment
G92 E0.0000
G1 F3300.000
G1 Z0.400
G1 X155.000 Y27.750
G1 X146.000 Y27.750 E0.2237 
G92 E0.0000
; segment
G92 E0.0000
G1 F3300.000
G1 Z0.400
G1 X146.000 Y27.750
G1 X145.000 Y27.750 E0.0249 
G92 E0.0000
; segment
G92 E0.0000
G1 F2400.000
G1 Z0.400
G1 X145.000 Y27.750
G1 X131.250 Y27.750 E0.5697 
G1 X131.250 Y27.250 E0.5904 
G1 X145.000 Y27.250 E1.1601 
G92 E0.0000
; segment
G92 E0.0000
G1 F3300.000
G1 Z0.400
G1 X145.000 Y27.250
G1 X154.000 Y27.250 E0.2237 
G92 E0.0000
; segment
G92 E0.0000
G1 F3300.000
G1 Z0.400
G1 X154.000 Y27.250
G1 X155.000 Y27.250 E0.0249 
G92 E0.0000
; segment
G92 E0.0000
G1 F2400.000
G1 Z0.400
G1 X155.000 Y27.250
G1 X168.750 Y27.250 E0.5697 
G1 X168.750 Y26.750 E0.5904 
G1 X155.000 Y26.750 E1.1601 
G92 E0.0000
; segment
G92 E0.0000
G1 F3300.000
G1 Z0.400
G1 X155.000 Y26.750
G1 X146.000 Y26.750 E0.2237 
G92 E0.0000
; segment
G92 E0.0000
G1 F3300.000
G1 Z0.400
G1 X146.000 Y26.750
G1 X145.000 Y26.750 E0.0249 
G92 E0.0000
; segment
G92 E0.0000
G1 F2400.000
G1 Z0.400
G1 X145.000 Y26.750
G1 X131.250 Y26.750 E0.5697 
G1 X131.250 Y26.250 E0.5904 
G1 X145.000 Y26.250 E1.1601 
G92 E0.0000
; segment
G92 E0.0000
G1 F3300.000
G1 Z0.400
G1 X145.000 Y26.250
G1 X154.000 Y26.250 E0.2237 
G92 E0.0000
; segment
G92 E0.0000
G1 F3300.000
G1 Z0.400
G1 X154.000 Y26.250
G1 X155.000 Y26.250 E0.0249 
G92 E0.0000
; segment
G92 E0.0000
G1 F2400.000
G1 Z0.400
G1 X155.000 Y26.250
G1 X168.750 Y26.250 E0.5697 
G92 E0.0000
; jumping
G92 E0.0000
G1 E-0.500 F2400
G1 X168.750 Y58.750 F12000.000
G1 E0 F2400
G92 E0.0000
; segment
G92 E0.0000
G1 F2400.000
G1 Z0.400
G1 X168.750 Y58.750
G1 X155.000 Y58.750 E0.5697 
G92 E0.0000
; segment
G92 E0.0000
G1 F3300.000
G1 Z0.400
G1 X155.000 Y58.750
G1 X146.000 Y58.750 E0.2237 
G92 E0.0000
; segment
G92 E0.0000
G1 F3300.000
G1 Z0.400
G1 X146.000 Y58.750
G1 X145.000 Y58.750 E0.0249 
G92 E0.0000
; segment
G92 E0.0000
G1 F2400.000
G1 Z0.400
G1 X145.000 Y58.750
G1 X131.250 Y58.750 E0.5697 
G1 X131.250 Y58.250 E0.5904 
G1 X145.000 Y58.250 E1.1601 
G92 E0.0000
; segment
G92 E0.0000
G1 F3300.000
G1 Z0.400
G1 X145.000 Y58.250
G1 X154.000 Y58.250 E0.2237 
G92 E0.0000
; segment
G92 E0.0000
G1 F3300.000
G1 Z0.400
G1 X154.000 Y58.250
G1 X155.000 Y58.250 E0.0249 
G92 E0.0000
; segment
G92 E0.0000
G1 F2400.000
G1 Z0.400
G1 X155.000 Y58.250
G1 X168.750 Y58.250 E0.5697 
G1 X168.750 Y57.750 E0.5904 
G1 X155.000 Y57.750 E1.1601 
G92 E0.0000
; segment
G92 E0.0000
G1 F3300.000
G1 Z0.400
G1 X155.000 Y57.750
G1 X146.000 Y57.750 E0.2237 
G92 E0.0000
; segment
G92 E0.0000
G1 F3300.000
G1 Z0.400
G1 X146.000 Y57.750
G1 X145.000 Y57.750 E0.0249 
G92 E0.0000
; segment
G92 E0.0000
G1 F2400.000
G1 Z0.400
G1 X145.000 Y57.750
G1 X131.250 Y57.750 E0.5697 
G1 X131.250 Y57.250 E0.5904 
G1 X145.000 Y57.250 E1.1601 
G92 E0.0000
; segment
G92 E0.0000
G1 F3300.000
G1 Z0.400
G1 X145.000 Y57.250
G1 X154.000 Y57.250 E0.2237 
G92 E0.0000
; segment
G92 E0.0000
G1 F3300.000
G1 Z0.400
G1 X154.000 Y57.250
G1 X155.000 Y57.250 E0.0249 
G92 E0.0000
; segment
G92 E0.0000
G1 F2400.000
G1 Z0.400
G1 X155.000 Y57.250
G1 X168.750 Y57.250 E0.5697 
G1 X168.750 Y56.750 E0.5904 
G1 X155.000 Y56.750 E1.1601 
G92 E0.0000
; segment
G92 E0.0000
G1 F3300.000
G1 Z0.400
G1 X155.000 Y56.750
G1 X146.000 Y56.750 E0.2237 
G92 E0.0000
; segment
G92 E0.0000
G1 F3300.000
G1 Z0.400
G1 X146.000 Y56.750
G1 X145.000 Y56.750 E0.0249 
G92 E0.0000
; segment
G92 E0.0000
G1 F2400.000
G1 Z0.400
G1 X145.000 Y56.750
G1 X131.250 Y56.750 E0.5697 
G1 X131.250 Y56.250 E0.5904 
G1 X145.000 Y56.250 E1.1601 
G92 E0.0000
; segment
G92 E0.0000
G1 F3300.000
G1 Z0.400
G1 X145.000 Y56.250
G1 X154.000 Y56.250 E0.2237 
G92 E0.0000
; segment
G92 E0.0000
G1 F3300.000
G1 Z0.400
G1 X154.000 Y56.250
G1 X155.000 Y56.250 E0.0249 
G92 E0.0000
; segment
G92 E0.0000
G1 F2400.000
G1 Z0.400
G1 X155.000 Y56.250
G1 X168.750 Y56.250 E0.5697 
G1 X168.750 Y55.750 E0.5904 
G1 X155.000 Y55.750 E1.1601 
G92 E0.0000
; segment
G92 E0.0000
G1 F3300.000
G1 Z0.400
G1 X155.000 Y55.750
G1 X146.000 Y55.750 E0.2237 
G92 E0.0000
; segment
G92 E0.0000
G1 F3300.000
G1 Z0.400
G1 X146.000 Y55.750
G1 X145.000 Y55.750 E0.0249 
G92 E0.0000
; segment
G92 E0.0000
G1 F2400.000
G1 Z0.400
G1 X145.000 Y55.750
G1 X131.250 Y55.750 E0.5697 
G1 X131.250 Y55.250 E0.5904 
G1 X145.000 Y55.250 E1.1601 
G92 E0.0000
; segment
G92 E0.0000
G1 F3300.000
G1 Z0.400
G1 X145.000 Y55.250
G1 X154.000 Y55.250 E0.2237 
G92 E0.0000
; segment
G92 E0.0000
G1 F3300.000
G1 Z0.400
G1 X154.000 Y55.250
G1 X155.000 Y55.250 E0.0249 
G92 E0.0000
; segment
G92 E0.0000
G1 F2400.000
G1 Z0.400
G1 X155.000 Y55.250
G1 X168.750 Y55.250 E0.5697 
G1 X168.750 Y54.750 E0.5904 
G1 X155.000 Y54.750 E1.1601 
G92 E0.0000
; segment
G92 E0.0000
G1 F3300.000
G1 Z0.400
G1 X155.000 Y54.750
G1 X146.000 Y54.750 E0.2237 
G92 E0.0000
; segment
G92 E0.0000
G1 F3300.000
G1 Z0.400
G1 X146.000 Y54.750
G1 X145.000 Y54.750 E0.0249 
G92 E0.0000
; segment
G92 E0.0000
G1 F2400.000
G1 Z0.400
G1 X145.000 Y54.750
G1 X131.250 Y54.750 E0.5697 
G1 X131.250 Y54.250 E0.5904 
G1 X145.000 Y54.250 E1.1601 
G92 E0.0000
; segment
G92 E0.0000
G1 F3300.000
G1 Z0.400
G1 X145.000 Y54.250
G1 X154.000 Y54.250 E0.2237 
G92 E0.0000
; segment
G92 E0.0000
G1 F3300.000
G1 Z0.400
G1 X154.000 Y54.250
G1 X155.000 Y54.250 E0.0249 
G92 E0.0000
; segment
G92 E0.0000
G1 F2400.000
G1 Z0.400
G1 X155.000 Y54.250
G1 X168.750 Y54.250 E0.5697 
G1 X168.750 Y53.750 E0.5904 
G1 X155.000 Y53.750 E1.1601 
G92 E0.0000
; segment
G92 E0.0000
G1 F3300.000
G1 Z0.400
G1 X155.000 Y53.750
G1 X146.000 Y53.750 E0.2237 
G92 E0.0000
; segment
G92 E0.0000
G1 F3300.000
G1 Z0.400
G1 X146.000 Y53.750
G1 X145.000 Y53.750 E0.0249 
G92 E0.0000
; segment
G92 E0.0000
G1 F2400.000
G1 Z0.400
G1 X145.000 Y53.750
G1 X131.250 Y53.750 E0.5697 
G1 X131.250 Y53.250 E0.5904 
G1 X145.000 Y53.250 E1.1601 
G92 E0.0000
; segment
G92 E0.0000
G1 F3300.000
G1 Z0.400
G1 X145.000 Y53.250
G1 X154.000 Y53.250 E0.2237 
G92 E0.0000
; segment
G92 E0.0000
G1 F3300.000
G1 Z0.400
G1 X154.000 Y53.250
G1 X155.000 Y53.250 E0.0249 
G92 E0.0000
; segment
G92 E0.0000
G1 F2400.000
G1 Z0.400
G1 X155.000 Y53.250
G1 X168.750 Y53.250 E0.5697 
G1 X168.750 Y52.750 E0.5904 
G1 X155.000 Y52.750 E1.1601 
G92 E0.0000
; segment
G92 E0.0000
G1 F3300.000
G1 Z0.400
G1 X155.000 Y52.750
G1 X146.000 Y52.750 E0.2237 
G92 E0.0000
; segment
G92 E0.0000
G1 F3300.000
G1 Z0.400
G1 X146.000 Y52.750
G1 X145.000 Y52.750 E0.0249 
G92 E0.0000
; segment
G92 E0.0000
G1 F2400.000
G1 Z0.400
G1 X145.000 Y52.750
G1 X131.250 Y52.750 E0.5697 
G1 X131.250 Y52.250 E0.5904 
G1 X145.000 Y52.250 E1.1601 
G92 E0.0000
; segment
G92 E0.0000
G1 F3300.000
G1 Z0.400
G1 X145.000 Y52.250
G1 X154.000 Y52.250 E0.2237 
G92 E0.0000
; segment
G92 E0.0000
G1 F3300.000
G1 Z0.400
G1 X154.000 Y52.250
G1 X155.000 Y52.250 E0.0249 
G92 E0.0000
; segment
G92 E0.0000
G1 F2400.000
G1 Z0.400
G1 X155.000 Y52.250
G1 X168.750 Y52.250 E0.5697 
G1 X168.750 Y51.750 E0.5904 
G1 X155.000 Y51.750 E1.1601 
G92 E0.0000
; segment
G92 E0.0000
G1 F3300.000
G1 Z0.400
G1 X155.000 Y51.750
G1 X146.000 Y51.750 E0.2237 
G92 E0.0000
; segment
G92 E0.0000
G1 F3300.000
G1 Z0.400
G1 X146.000 Y51.750
G1 X145.000 Y51.750 E0.0249 
G92 E0.0000
; segment
G92 E0.0000
G1 F2400.000
G1 Z0.400
G1 X145.000 Y51.750
G1 X131.250 Y51.750 E0.5697 
G1 X131.250 Y51.250 E0.5904 
G1 X145.000 Y51.250 E1.1601 
G92 E0.0000
; segment
G92 E0.0000
G1 F3300.000
G1 Z0.400
G1 X145.000 Y51.250
G1 X154.000 Y51.250 E0.2237 
G92 E0.0000
; segment
G92 E0.0000
G1 F3300.000
G1 Z0.400
G1 X154.000 Y51.250
G1 X155.000 Y51.250 E0.0249 
G92 E0.0000
; segment
G92 E0.0000
G1 F2400.000
G1 Z0.400
G1 X155.000 Y51.250
G1 X168.750 Y51.250 E0.5697 
G92 E0.0000
; jumping
G92 E0.0000
G1 E-0.500 F2400
G1 X168.750 Y83.750 F12000.000
G1 E0 F2400
G92 E0.0000
; segment
G92 E0.0000
G1 F2400.000
G1 Z0.400
G1 X168.750 Y83.750
G1 X155.000 Y83.750 E0.5697 
G92 E0.0000
; segment
G92 E0.0000
G1 F3300.000
G1 Z0.400
G1 X155.000 Y83.750
G1 X146.000 Y83.750 E0.2237 
G92 E0.0000
; segment
G92 E0.0000
G1 F3300.000
G1 Z0.400
G1 X146.000 Y83.750
G1 X145.000 Y83.750 E0.0249 
G92 E0.0000
; segment
G92 E0.0000
G1 F2400.000
G1 Z0.400
G1 X145.000 Y83.750
G1 X131.250 Y83.750 E0.5697 
G1 X131.250 Y83.250 E0.5904 
G1 X145.000 Y83.250 E1.1601 
G92 E0.0000
; segment
G92 E0.0000
G1 F3300.000
G1 Z0.400
G1 X145.000 Y83.250
G1 X154.000 Y83.250 E0.2237 
G92 E0.0000
; segment
G92 E0.0000
G1 F3300.000
G1 Z0.400
G1 X154.000 Y83.250
G1 X155.000 Y83.250 E0.0249 
G92 E0.0000
; segment
G92 E0.0000
G1 F2400.000
G1 Z0.400
G1 X155.000 Y83.250
G1 X168.750 Y83.250 E0.5697 
G1 X168.750 Y82.750 E0.5904 
G1 X155.000 Y82.750 E1.1601 
G92 E0.0000
; segment
G92 E0.0000
G1 F3300.000
G1 Z0.400
G1 X155.000 Y82.750
G1 X146.000 Y82.750 E0.2237 
G92 E0.0000
; segment
G92 E0.0000
G1 F3300.000
G1 Z0.400
G1 X146.000 Y82.750
G1 X145.000 Y82.750 E0.0249 
G92 E0.0000
; segment
G92 E0.0000
G1 F2400.000
G1 Z0.400
G1 X145.000 Y82.750
G1 X131.250 Y82.750 E0.5697 
G1 X131.250 Y82.250 E0.5904 
G1 X145.000 Y82.250 E1.1601 
G92 E0.0000
; segment
G92 E0.0000
G1 F3300.000
G1 Z0.400
G1 X145.000 Y82.250
G1 X154.000 Y82.250 E0.2237 
G92 E0.0000
; segment
G92 E0.0000
G1 F3300.000
G1 Z0.400
G1 X154.000 Y82.250
G1 X155.000 Y82.250 E0.0249 
G92 E0.0000
; segment
G92 E0.0000
G1 F2400.000
G1 Z0.400
G1 X155.000 Y82.250
G1 X168.750 Y82.250 E0.5697 
G1 X168.750 Y81.750 E0.5904 
G1 X155.000 Y81.750 E1.1601 
G92 E0.0000
; segment
G92 E0.0000
G1 F3300.000
G1 Z0.400
G1 X155.000 Y81.750
G1 X146.000 Y81.750 E0.2237 
G92 E0.0000
; segment
G92 E0.0000
G1 F3300.000
G1 Z0.400
G1 X146.000 Y81.750
G1 X145.000 Y81.750 E0.0249 
G92 E0.0000
; segment
G92 E0.0000
G1 F2400.000
G1 Z0.400
G1 X145.000 Y81.750
G1 X131.250 Y81.750 E0.5697 
G1 X131.250 Y81.250 E0.5904 
G1 X145.000 Y81.250 E1.1601 
G92 E0.0000
; segment
G92 E0.0000
G1 F3300.000
G1 Z0.400
G1 X145.000 Y81.250
G1 X154.000 Y81.250 E0.2237 
G92 E0.0000
; segment
G92 E0.0000
G1 F3300.000
G1 Z0.400
G1 X154.000 Y81.250
G1 X155.000 Y81.250 E0.0249 
G92 E0.0000
; segment
G92 E0.0000
G1 F2400.000
G1 Z0.400
G1 X155.000 Y81.250
G1 X168.750 Y81.250 E0.5697 
G1 X168.750 Y80.750 E0.5904 
G1 X155.000 Y80.750 E1.1601 
G92 E0.0000
; segment
G92 E0.0000
G1 F3300.000
G1 Z0.400
G1 X155.000 Y80.750
G1 X146.000 Y80.750 E0.2237 
G92 E0.0000
; segment
G92 E0.0000
G1 F3300.000
G1 Z0.400
G1 X146.000 Y80.750
G1 X145.000 Y80.750 E0.0249 
G92 E0.0000
; segment
G92 E0.0000
G1 F2400.000
G1 Z0.400
G1 X145.000 Y80.750
G1 X131.250 Y80.750 E0.5697 
G1 X131.250 Y80.250 E0.5904 
G1 X145.000 Y80.250 E1.1601 
G92 E0.0000
; segment
G92 E0.0000
G1 F3300.000
G1 Z0.400
G1 X145.000 Y80.250
G1 X154.000 Y80.250 E0.2237 
G92 E0.0000
; segment
G92 E0.0000
G1 F3300.000
G1 Z0.400
G1 X154.000 Y80.250
G1 X155.000 Y80.250 E0.0249 
G92 E0.0000
; segment
G92 E0.0000
G1 F2400.000
G1 Z0.400
G1 X155.000 Y80.250
G1 X168.750 Y80.250 E0.5697 
G1 X168.750 Y79.750 E0.5904 
G1 X155.000 Y79.750 E1.1601 
G92 E0.0000
; segment
G92 E0.0000
G1 F3300.000
G1 Z0.400
G1 X155.000 Y79.750
G1 X146.000 Y79.750 E0.2237 
G92 E0.0000
; segment
G92 E0.0000
G1 F3300.000
G1 Z0.400
G1 X146.000 Y79.750
G1 X145.000 Y79.750 E0.0249 
G92 E0.0000
; segment
G92 E0.0000
G1 F2400.000
G1 Z0.400
G1 X145.000 Y79.750
G1 X131.250 Y79.750 E0.5697 
G1 X131.250 Y79.250 E0.5904 
G1 X145.000 Y79.250 E1.1601 
G92 E0.0000
; segment
G92 E0.0000
G1 F3300.000
G1 Z0.400
G1 X145.000 Y79.250
G1 X154.000 Y79.250 E0.2237 
G92 E0.0000
; segment
G92 E0.0000
G1 F3300.000
G1 Z0.400
G1 X154.000 Y79.250
G1 X155.000 Y79.250 E0.0249 
G92 E0.0000
; segment
G92 E0.0000
G1 F2400.000
G1 Z0.400
G1 X155.000 Y79.250
G1 X168.750 Y79.250 E0.5697 
G1 X168.750 Y78.750 E0.5904 
G1 X155.000 Y78.750 E1.1601 
G92 E0.0000
; segment
G92 E0.0000
G1 F3300.000
G1 Z0.400
G1 X155.000 Y78.750
G1 X146.000 Y78.750 E0.2237 
G92 E0.0000
; segment
G92 E0.0000
G1 F3300.000
G1 Z0.400
G1 X146.000 Y78.750
G1 X145.000 Y78.750 E0.0249 
G92 E0.0000
; segment
G92 E0.0000
G1 F2400.000
G1 Z0.400
G1 X145.000 Y78.750
G1 X131.250 Y78.750 E0.5697 
G1 X131.250 Y78.250 E0.5904 
G1 X145.000 Y78.250 E1.1601 
G92 E0.0000
; segment
G92 E0.0000
G1 F3300.000
G1 Z0.400
G1 X145.000 Y78.250
G1 X154.000 Y78.250 E0.2237 
G92 E0.0000
; segment
G92 E0.0000
G1 F3300.000
G1 Z0.400
G1 X154.000 Y78.250
G1 X155.000 Y78.250 E0.0249 
G92 E0.0000
; segment
G92 E0.0000
G1 F2400.000
G1 Z0.400
G1 X155.000 Y78.250
G1 X168.750 Y78.250 E0.5697 
G1 X168.750 Y77.750 E0.5904 
G1 X155.000 Y77.750 E1.1601 
G92 E0.0000
; segment
G92 E0.0000
G1 F3300.000
G1 Z0.400
G1 X155.000 Y77.750
G1 X146.000 Y77.750 E0.2237 
G92 E0.0000
; segment
G92 E0.0000
G1 F3300.000
G1 Z0.400
G1 X146.000 Y77.750
G1 X145.000 Y77.750 E0.0249 
G92 E0.0000
; segment
G92 E0.0000
G1 F2400.000
G1 Z0.400
G1 X145.000 Y77.750
G1 X131.250 Y77.750 E0.5697 
G1 X131.250 Y77.250 E0.5904 
G1 X145.000 Y77.250 E1.1601 
G92 E0.0000
; segment
G92 E0.0000
G1 F3300.000
G1 Z0.400
G1 X145.000 Y77.250
G1 X154.000 Y77.250 E0.2237 
G92 E0.0000
; segment
G92 E0.0000
G1 F3300.000
G1 Z0.400
G1 X154.000 Y77.250
G1 X155.000 Y77.250 E0.0249 
G92 E0.0000
; segment
G92 E0.0000
G1 F2400.000
G1 Z0.400
G1 X155.000 Y77.250
G1 X168.750 Y77.250 E0.5697 
G1 X168.750 Y76.750 E0.5904 
G1 X155.000 Y76.750 E1.1601 
G92 E0.0000
; segment
G92 E0.0000
G1 F3300.000
G1 Z0.400
G1 X155.000 Y76.750
G1 X146.000 Y76.750 E0.2237 
G92 E0.0000
; segment
G92 E0.0000
G1 F3300.000
G1 Z0.400
G1 X146.000 Y76.750
G1 X145.000 Y76.750 E0.0249 
G92 E0.0000
; segment
G92 E0.0000
G1 F2400.000
G1 Z0.400
G1 X145.000 Y76.750
G1 X131.250 Y76.750 E0.5697 
G1 X131.250 Y76.250 E0.5904 
G1 X145.000 Y76.250 E1.1601 
G92 E0.0000
; segment
G92 E0.0000
G1 F3300.000
G1 Z0.400
G1 X145.000 Y76.250
G1 X154.000 Y76.250 E0.2237 
G92 E0.0000
; segment
G92 E0.0000
G1 F3300.000
G1 Z0.400
G1 X154.000 Y76.250
G1 X155.000 Y76.250 E0.0249 
G92 E0.0000
; segment
G92 E0.0000
G1 F2400.000
G1 Z0.400
G1 X155.000 Y76.250
G1 X168.750 Y76.250 E0.5697 
G92 E0.0000
; jumping
G92 E0.0000
G1 E-0.500 F2400
G1 X169.750 Y25.250 F12000.000
G1 E0 F2400
G92 E0.0000
; segment
G92 E0.0000
G1 F2400.000
G1 Z0.600
G1 X169.750 Y25.250
G1 X155.000 Y25.250 E0.6111 
G92 E0.0000
; segment
G92 E0.0000
G1 F3300.000
G1 Z0.600
G1 X155.000 Y25.250
G1 X146.000 Y25.250 E0.2237 
G92 E0.0000
; segment
G92 E0.0000
G1 F3300.000
G1 Z0.600
G1 X146.000 Y25.250
G1 X145.000 Y25.250 E0.0249 
G92 E0.0000
; segment
G92 E0.0000
G1 F2400.000
G1 Z0.600
G1 X145.000 Y25.250
G1 X130.250 Y25.250 E0.6111 
G1 X130.250 Y34.750 E1.0047 
G1 X145.000 Y34.750 E1.6158 
G92 E0.0000
; segment
G92 E0.0000
G1 F3300.000
G1 Z0.600
G1 X145.000 Y34.750
G1 X154.000 Y34.750 E0.2237 
G92 E0.0000
; segment
G92 E0.0000
G1 F3300.000
G1 Z0.600
G1 X154.000 Y34.750
G1 X155.000 Y34.750 E0.0249 
G92 E0.0000
; segment
G92 E0.0000
G1 F2400.000
G1 Z0.600
G1 X155.000 Y34.750
G1 X169.750 Y34.750 E0.6111 
G1 X169.750 Y25.250 E1.0047 
G92 E0.0000
; segment
G92 E0.0000
G1 F2400.000
G1 Z0.600
G1 X169.250 Y25.750
G1 X155.000 Y25.750 E0.5904 
G92 E0.0000
; segment
G92 E0.0000
G1 F3300.000
G1 Z0.600
G1 X155.000 Y25.750
G1 X146.000 Y25.750 E0.2237 
G92 E0.0000
; segment
G92 E0.0000
G1 F3300.000
G1 Z0.600
G1 X146.000 Y25.750
G1 X145.000 Y25.750 E0.0249 
G92 E0.0000
; segment
G92 E0.0000
G1 F2400.000
G1 Z0.600
G1 X145.000 Y25.750
G1 X130.750 Y25.750 E0.5904 
G1 X130.750 Y34.250 E0.9426 
G1 X145.000 Y34.250 E1.5330 
G92 E0.0000
; segment
G92 E0.0000
G1 F3300.000
G1 Z0.600
G1 X145.000 Y34.250
G1 X154.000 Y34.250 E0.2237 
G92 E0.0000
; segment
G92 E0.0000
G1 F3300.000
G1 Z0.600
G1 X154.000 Y34.250
G1 X155.000 Y34.250 E0.0249 
G92 E0.0000
; segment
G92 E0.0000
G1 F2400.000
G1 Z0.600
G1 X155.000 Y34.250
G1 X169.250 Y34.250 E0.5904 
G1 X169.250 Y25.750 E0.9426 
G92 E0.0000
; jumping
G92 E0.0000
G1 E-0.500 F2400
G1 X169.750 Y50.250 F12000.000
G1 E0 F2400
G92 E0.0000
; segment
G92 E0.0000
G1 F2400.000
G1 Z0.600
G1 X169.750 Y50.250
G1 X155.000 Y50.250 E0.6111 
G92 E0.0000
; segment
G92 E0.0000
G1 F3300.000
G1 Z0.600
G1 X155.000 Y50.250
G1 X146.000 Y50.250 E0.2237 
G92 E0.0000
; segment
G92 E0.0000
G1 F3300.000
G1 Z0.600
G1 X146.000 Y50.250
G1 X145.000 Y50.250 E0.0249 
G92 E0.0000
; segment
G92 E0.0000
G1 F2400.000
G1 Z0.600
G1 X145.000 Y50.250
G1 X130.250 Y50.250 E0.6111 
G1 X130.250 Y59.750 E1.0047 
G1 X145.000 Y59.750 E1.6158 
G92 E0.0000
; segment
G92 E0.0000
G1 F3300.000
G1 Z0.600
G1 X145.000 Y59.750
G1 X154.000 Y59.750 E0.2237 
G92 E0.0000
; segment
G92 E0.0000
G1 F3300.000
G1 Z0.600
G1 X154.000 Y59.750
G1 X155.000 Y59.750 E0.0249 
G92 E0.0000
; segment
G92 E0.0000
G1 F2400.000
G1 Z0.600
G1 X155.000 Y59.750
G1 X169.750 Y59.750 E0.6111 
G1 X169.750 Y50.250 E1.0047 
G92 E0.0000
; segment
G92 E0.0000
G1 F2400.000
G1 Z0.600
G1 X169.250 Y50.750
G1 X155.000 Y50.750 E0.5904 
G92 E0.0000
; segment
G92 E0.0000
G1 F3300.000
G1 Z0.600
G1 X155.000 Y50.750
G1 X146.000 Y50.750 E0.2237 
G92 E0.0000
; segment
G92 E0.0000
G1 F3300.000
G1 Z0.600
G1 X146.000 Y50.750
G1 X145.000 Y50.750 E0.0249 
G92 E0.0000
; segment
G92 E0.0000
G1 F2400.000
G1 Z0.600
G1 X145.000 Y50.750
G1 X130.750 Y50.750 E0.5904 
G1 X130.750 Y59.250 E0.9426 
G1 X145.000 Y59.250 E1.5330 
G92 E0.0000
; segment
G92 E0.0000
G1 F3300.000
G1 Z0.600
G1 X145.000 Y59.250
G1 X154.000 Y59.250 E0.2237 
G92 E0.0000
; segment
G92 E0.0000
G1 F3300.000
G1 Z0.600
G1 X154.000 Y59.250
G1 X155.000 Y59.250 E0.0249 
G92 E0.0000
; segment
G92 E0.0000
G1 F2400.000
G1 Z0.600
G1 X155.000 Y59.250
G1 X169.250 Y59.250 E0.5904 
G1 X169.250 Y50.750 E0.9426 
G92 E0.0000
; jumping
G92 E0.0000
G1 E-0.500 F2400
G1 X169.750 Y75.250 F12000.000
G1 E0 F2400
G92 E0.0000
; segment
G92 E0.0000
G1 F2400.000
G1 Z0.600
G1 X169.750 Y75.250
G1 X155.000 Y75.250 E0.6111 
G92 E0.0000
; segment
G92 E0.0000
G1 F3300.000
G1 Z0.600
G1 X155.000 Y75.250
G1 X146.000 Y75.250 E0.2237 
G92 E0.0000
; segment
G92 E0.0000
G1 F3300.000
G1 Z0.600
G1 X146.000 Y75.250
G1 X145.000 Y75.250 E0.0249 
G92 E0.0000
; segment
G92 E0.0000
G1 F2400.000
G1 Z0.600
G1 X145.000 Y75.250
G1 X130.250 Y75.250 E0.6111 
G1 X130.250 Y84.750 E1.0047 
G1 X145.000 Y84.750 E1.6158 
G92 E0.0000
; segment
G92 E0.0000
G1 F3300.000
G1 Z0.600
G1 X145.000 Y84.750
G1 X154.000 Y84.750 E0.2237 
G92 E0.0000
; segment
G92 E0.0000
G1 F3300.000
G1 Z0.600
G1 X154.000 Y84.750
G1 X155.000 Y84.750 E0.0249 
G92 E0.0000
; segment
G92 E0.0000
G1 F2400.000
G1 Z0.600
G1 X155.000 Y84.750
G1 X169.750 Y84.750 E0.6111 
G1 X169.750 Y75.250 E1.0047 
G92 E0.0000
; segment
G92 E0.0000
G1 F2400.000
G1 Z0.600
G1 X169.250 Y75.750
G1 X155.000 Y75.750 E0.5904 
G92 E0.0000
; segment
G92 E0.0000
G1 F3300.000
G1 Z0.600
G1 X155.000 Y75.750
G1 X146.000 Y75.750 E0.2237 
G92 E0.0000
; segment
G92 E0.0000
G1 F3300.000
G1 Z0.600
G1 X146.000 Y75.750
G1 X145.000 Y75.750 E0.0249 
G92 E0.0000
; segment
G92 E0.0000
G1 F2400.000
G1 Z0.600
G1 X145.000 Y75.750
G1 X130.750 Y75.750 E0.5904 
G1 X130.750 Y84.250 E0.9426 
G1 X145.000 Y84.250 E1.5330 
G92 E0.0000
; segment
G92 E0.0000
G1 F3300.000
G1 Z0.600
G1 X145.000 Y84.250
G1 X154.000 Y84.250 E0.2237 
G92 E0.0000
; segment
G92 E0.0000
G1 F3300.000
G1 Z0.600
G1 X154.000 Y84.250
G1 X155.000 Y84.250 E0.0249 
G92 E0.0000
; segment
G92 E0.0000
G1 F2400.000
G1 Z0.600
G1 X155.000 Y84.250
G1 X169.250 Y84.250 E0.5904 
G1 X169.250 Y75.750 E0.9426 
G92 E0.0000
; jumping
G92 E0.0000
G1 E-0.500 F2400
G1 X168.750 Y26.250 F12000.000
G1 E0 F2400
G92 E0.0000
; segment
G92 E0.0000
G1 F2400.000
G1 Z0.600
G1 X168.750 Y26.250
G1 X155.000 Y26.250 E0.5697 
G92 E0.0000
; segment
G92 E0.0000
G1 F3300.000
G1 Z0.600
G1 X155.000 Y26.250
G1 X146.000 Y26.250 E0.2237 
G92 E0.0000
; segment
G92 E0.0000
G1 F3300.000
G1 Z0.600
G1 X146.000 Y26.250
G1 X145.000 Y26.250 E0.0249 
G92 E0.0000
; segment
G92 E0.0000
G1 F2400.000
G1 Z0.600
G1 X145.000 Y26.250
G1 X131.250 Y26.250 E0.5697 
G1 X131.250 Y26.750 E0.5904 
G1 X145.000 Y26.750 E1.1601 
G92 E0.0000
; segment
G92 E0.0000
G1 F3300.000
G1 Z0.600
G1 X145.000 Y26.750
G1 X154.000 Y26.750 E0.2237 
G92 E0.0000
; segment
G92 E0.0000
G1 F3300.000
G1 Z0.600
G1 X154.000 Y26.750
G1 X155.000 Y26.750 E0.0249 
G92 E0.0000
; segment
G92 E0.0000
G1 F2400.000
G1 Z0.600
G1 X155.000 Y26.750
G1 X168.750 Y26.750 E0.5697 
G1 X168.750 Y27.250 E0.5904 
G1 X155.000 Y27.250 E1.1601 
G92 E0.0000
; segment
G92 E0.0000
G1 F3300.000
G1 Z0.600
G1 X155.000 Y27.250
G1 X146.000 Y27.250 E0.2237 
G92 E0.0000
; segment
G92 E0.0000
G1 F3300.000
G1 Z0.600
G1 X146.000 Y27.250
G1 X145.000 Y27.250 E0.0249 
G92 E0.0000
; segment
G92 E0.0000
G1 F2400.000
G1 Z0.600
G1 X145.000 Y27.250
G1 X131.250 Y27.250 E0.5697 
G1 X131.250 Y27.750 E0.5904 
G1 X145.000 Y27.750 E1.1601 
G92 E0.0000
; segment
G92 E0.0000
G1 F3300.000
G1 Z0.600
G1 X145.000 Y27.750
G1 X154.000 Y27.750 E0.2237 
G92 E0.0000
; segment
G92 E0.0000
G1 F3300.000
G1 Z0.600
G1 X154.000 Y27.750
G1 X155.000 Y27.750 E0.0249 
G92 E0.0000
; segment
G92 E0.0000
G1 F2400.000
G1 Z0.600
G1 X155.000 Y27.750
G1 X168.750 Y27.750 E0.5697 
G1 X168.750 Y28.250 E0.5904 
G1 X155.000 Y28.250 E1.1601 
G92 E0.0000
; segment
G92 E0.0000
G1 F3300.000
G1 Z0.600
G1 X155.000 Y28.250
G1 X146.000 Y28.250 E0.2237 
G92 E0.0000
; segment
G92 E0.0000
G1 F3300.000
G1 Z0.600
G1 X146.000 Y28.250
G1 X145.000 Y28.250 E0.0249 
G92 E0.0000
; segment
G92 E0.0000
G1 F2400.000
G1 Z0.600
G1 X145.000 Y28.250
G1 X131.250 Y28.250 E0.5697 
G1 X131.250 Y28.750 E0.5904 
G1 X145.000 Y28.750 E1.1601 
G92 E0.0000
; segment
G92 E0.0000
G1 F3300.000
G1 Z0.600
G1 X145.000 Y28.750
G1 X154.000 Y28.750 E0.2237 
G92 E0.0000
; segment
G92 E0.0000
G1 F3300.000
G1 Z0.600
G1 X154.000 Y28.750
G1 X155.000 Y28.750 E0.0249 
G92 E0.0000
; segment
G92 E0.0000
G1 F2400.000
G1 Z0.600
G1 X155.000 Y28.750
G1 X168.750 Y28.750 E0.5697 
G1 X168.750 Y29.250 E0.5904 
G1 X155.000 Y29.250 E1.1601 
G92 E0.0000
; segment
G92 E0.0000
G1 F3300.000
G1 Z0.600
G1 X155.000 Y29.250
G1 X146.000 Y29.250 E0.2237 
G92 E0.0000
; segment
G92 E0.0000
G1 F3300.000
G1 Z0.600
G1 X146.000 Y29.250
G1 X145.000 Y29.250 E0.0249 
G92 E0.0000
; segment
G92 E0.0000
G1 F2400.000
G1 Z0.600
G1 X145.000 Y29.250
G1 X131.250 Y29.250 E0.5697 
G1 X131.250 Y29.750 E0.5904 
G1 X145.000 Y29.750 E1.1601 
G92 E0.0000
; segment
G92 E0.0000
G1 F3300.000
G1 Z0.600
G1 X145.000 Y29.750
G1 X154.000 Y29.750 E0.2237 
G92 E0.0000
; segment
G92 E0.0000
G1 F3300.000
G1 Z0.600
G1 X154.000 Y29.750
G1 X155.000 Y29.750 E0.0249 
G92 E0.0000
; segment
G92 E0.0000
G1 F2400.000
G1 Z0.600
G1 X155.000 Y29.750
G1 X168.750 Y29.750 E0.5697 
G1 X168.750 Y30.250 E0.5904 
G1 X155.000 Y30.250 E1.1601 
G92 E0.0000
; segment
G92 E0.0000
G1 F3300.000
G1 Z0.600
G1 X155.000 Y30.250
G1 X146.000 Y30.250 E0.2237 
G92 E0.0000
; segment
G92 E0.0000
G1 F3300.000
G1 Z0.600
G1 X146.000 Y30.250
G1 X145.000 Y30.250 E0.0249 
G92 E0.0000
; segment
G92 E0.0000
G1 F2400.000
G1 Z0.600
G1 X145.000 Y30.250
G1 X131.250 Y30.250 E0.5697 
G1 X131.250 Y30.750 E0.5904 
G1 X145.000 Y30.750 E1.1601 
G92 E0.0000
; segment
G92 E0.0000
G1 F3300.000
G1 Z0.600
G1 X145.000 Y30.750
G1 X154.000 Y30.750 E0.2237 
G92 E0.0000
; segment
G92 E0.0000
G1 F3300.000
G1 Z0.600
G1 X154.000 Y30.750
G1 X155.000 Y30.750 E0.0249 
G92 E0.0000
; segment
G92 E0.0000
G1 F2400.000
G1 Z0.600
G1 X155.000 Y30.750
G1 X168.750 Y30.750 E0.5697 
G1 X168.750 Y31.250 E0.5904 
G1 X155.000 Y31.250 E1.1601 
G92 E0.0000
; segment
G92 E0.0000
G1 F3300.000
G1 Z0.600
G1 X155.000 Y31.250
G1 X146.000 Y31.250 E0.2237 
G92 E0.0000
; segment
G92 E0.0000
G1 F3300.000
G1 Z0.600
G1 X146.000 Y31.250
G1 X145.000 Y31.250 E0.0249 
G92 E0.0000
; segment
G92 E0.0000
G1 F2400.000
G1 Z0.600
G1 X145.000 Y31.250
G1 X131.250 Y31.250 E0.5697 
G1 X131.250 Y31.750 E0.5904 
G1 X145.000 Y31.750 E1.1601 
G92 E0.0000
; segment
G92 E0.0000
G1 F3300.000
G1 Z0.600
G1 X145.000 Y31.750
G1 X154.000 Y31.750 E0.2237 
G92 E0.0000
; segment
G92 E0.0000
G1 F3300.000
G1 Z0.600
G1 X154.000 Y31.750
G1 X155.000 Y31.750 E0.0249 
G92 E0.0000
; segment
G92 E0.0000
G1 F2400.000
G1 Z0.600
G1 X155.000 Y31.750
G1 X168.750 Y31.750 E0.5697 
G1 X168.750 Y32.250 E0.5904 
G1 X155.000 Y32.250 E1.1601 
G92 E0.0000
; segment
G92 E0.0000
G1 F3300.000
G1 Z0.600
G1 X155.000 Y32.250
G1 X146.000 Y32.250 E0.2237 
G92 E0.0000
; segment
G92 E0.0000
G1 F3300.000
G1 Z0.600
G1 X146.000 Y32.250
G1 X145.000 Y32.250 E0.0249 
G92 E0.0000
; segment
G92 E0.0000
G1 F2400.000
G1 Z0.600
G1 X145.000 Y32.250
G1 X131.250 Y32.250 E0.5697 
G1 X131.250 Y32.750 E0.5904 
G1 X145.000 Y32.750 E1.1601 
G92 E0.0000
; segment
G92 E0.0000
G1 F3300.000
G1 Z0.600
G1 X145.000 Y32.750
G1 X154.000 Y32.750 E0.2237 
G92 E0.0000
; segment
G92 E0.0000
G1 F3300.000
G1 Z0.600
G1 X154.000 Y32.750
G1 X155.000 Y32.750 E0.0249 
G92 E0.0000
; segment
G92 E0.0000
G1 F2400.000
G1 Z0.600
G1 X155.000 Y32.750
G1 X168.750 Y32.750 E0.5697 
G1 X168.750 Y33.250 E0.5904 
G1 X155.000 Y33.250 E1.1601 
G92 E0.0000
; segment
G92 E0.0000
G1 F3300.000
G1 Z0.600
G1 X155.000 Y33.250
G1 X146.000 Y33.250 E0.2237 
G92 E0.0000
; segment
G92 E0.0000
G1 F3300.000
G1 Z0.600
G1 X146.000 Y33.250
G1 X145.000 Y33.250 E0.0249 
G92 E0.0000
; segment
G92 E0.0000
G1 F2400.000
G1 Z0.600
G1 X145.000 Y33.250
G1 X131.250 Y33.250 E0.5697 
G1 X131.250 Y33.750 E0.5904 
G1 X145.000 Y33.750 E1.1601 
G92 E0.0000
; segment
G92 E0.0000
G1 F3300.000
G1 Z0.600
G1 X145.000 Y33.750
G1 X154.000 Y33.750 E0.2237 
G92 E0.0000
; segment
G92 E0.0000
G1 F3300.000
G1 Z0.600
G1 X154.000 Y33.750
G1 X155.000 Y33.750 E0.0249 
G92 E0.0000
; segment
G92 E0.0000
G1 F2400.000
G1 Z0.600
G1 X155.000 Y33.750
G1 X168.750 Y33.750 E0.5697 
G92 E0.0000
; jumping
G92 E0.0000
G1 E-0.500 F2400
G1 X168.750 Y51.250 F12000.000
G1 E0 F2400
G92 E0.0000
; segment
G92 E0.0000
G1 F2400.000
G1 Z0.600
G1 X168.750 Y51.250
G1 X155.000 Y51.250 E0.5697 
G92 E0.0000
; segment
G92 E0.0000
G1 F3300.000
G1 Z0.600
G1 X155.000 Y51.250
G1 X146.000 Y51.250 E0.2237 
G92 E0.0000
; segment
G92 E0.0000
G1 F3300.000
G1 Z0.600
G1 X146.000 Y51.250
G1 X145.000 Y51.250 E0.0249 
G92 E0.0000
; segment
G92 E0.0000
G1 F2400.000
G1 Z0.600
G1 X145.000 Y51.250
G1 X131.250 Y51.250 E0.5697 
G1 X131.250 Y51.750 E0.5904 
G1 X145.000 Y51.750 E1.1601 
G92 E0.0000
; segment
G92 E0.0000
G1 F3300.000
G1 Z0.600
G1 X145.000 Y51.750
G1 X154.000 Y51.750 E0.2237 
G92 E0.0000
; segment
G92 E0.0000
G1 F3300.000
G1 Z0.600
G1 X154.000 Y51.750
G1 X155.000 Y51.750 E0.0249 
G92 E0.0000
; segment
G92 E0.0000
G1 F2400.000
G1 Z0.600
G1 X155.000 Y51.750
G1 X168.750 Y51.750 E0.5697 
G1 X168.750 Y52.250 E0.5904 
G1 X155.000 Y52.250 E1.1601 
G92 E0.0000
; segment
G92 E0.0000
G1 F3300.000
G1 Z0.600
G1 X155.000 Y52.250
G1 X146.000 Y52.250 E0.2237 
G92 E0.0000
; segment
G92 E0.0000
G1 F3300.000
G1 Z0.600
G1 X146.000 Y52.250
G1 X145.000 Y52.250 E0.0249 
G92 E0.0000
; segment
G92 E0.0000
G1 F2400.000
G1 Z0.600
G1 X145.000 Y52.250
G1 X131.250 Y52.250 E0.5697 
G1 X131.250 Y52.750 E0.5904 
G1 X145.000 Y52.750 E1.1601 
G92 E0.0000
; segment
G92 E0.0000
G1 F3300.000
G1 Z0.600
G1 X145.000 Y52.750
G1 X154.000 Y52.750 E0.2237 
G92 E0.0000
; segment
G92 E0.0000
G1 F3300.000
G1 Z0.600
G1 X154.000 Y52.750
G1 X155.000 Y52.750 E0.0249 
G92 E0.0000
; segment
G92 E0.0000
G1 F2400.000
G1 Z0.600
G1 X155.000 Y52.750
G1 X168.750 Y52.750 E0.5697 
G1 X168.750 Y53.250 E0.5904 
G1 X155.000 Y53.250 E1.1601 
G92 E0.0000
; segment
G92 E0.0000
G1 F3300.000
G1 Z0.600
G1 X155.000 Y53.250
G1 X146.000 Y53.250 E0.2237 
G92 E0.0000
; segment
G92 E0.0000
G1 F3300.000
G1 Z0.600
G1 X146.000 Y53.250
G1 X145.000 Y53.250 E0.0249 
G92 E0.0000
; segment
G92 E0.0000
G1 F2400.000
G1 Z0.600
G1 X145.000 Y53.250
G1 X131.250 Y53.250 E0.5697 
G1 X131.250 Y53.750 E0.5904 
G1 X145.000 Y53.750 E1.1601 
G92 E0.0000
; segment
G92 E0.0000
G1 F3300.000
G1 Z0.600
G1 X145.000 Y53.750
G1 X154.000 Y53.750 E0.2237 
G92 E0.0000
; segment
G92 E0.0000
G1 F3300.000
G1 Z0.600
G1 X154.000 Y53.750
G1 X155.000 Y53.750 E0.0249 
G92 E0.0000
; segment
G92 E0.0000
G1 F2400.000
G1 Z0.600
G1 X155.000 Y53.750
G1 X168.750 Y53.750 E0.5697 
G1 X168.750 Y54.250 E0.5904 
G1 X155.000 Y54.250 E1.1601 
G92 E0.0000
; segment
G92 E0.0000
G1 F3300.000
G1 Z0.600
G1 X155.000 Y54.250
G1 X146.000 Y54.250 E0.2237 
G92 E0.0000
; segment
G92 E0.0000
G1 F3300.000
G1 Z0.600
G1 X146.000 Y54.250
G1 X145.000 Y54.250 E0.0249 
G92 E0.0000
; segment
G92 E0.0000
G1 F2400.000
G1 Z0.600
G1 X145.000 Y54.250
G1 X131.250 Y54.250 E0.5697 
G1 X131.250 Y54.750 E0.5904 
G1 X145.000 Y54.750 E1.1601 
G92 E0.0000
; segment
G92 E0.0000
G1 F3300.000
G1 Z0.600
G1 X145.000 Y54.750
G1 X154.000 Y54.750 E0.2237 
G92 E0.0000
; segment
G92 E0.0000
G1 F3300.000
G1 Z0.600
G1 X154.000 Y54.750
G1 X155.000 Y54.750 E0.0249 
G92 E0.0000
; segment
G92 E0.0000
G1 F2400.000
G1 Z0.600
G1 X155.000 Y54.750
G1 X168.750 Y54.750 E0.5697 
G1 X168.750 Y55.250 E0.5904 
G1 X155.000 Y55.250 E1.1601 
G92 E0.0000
; segment
G92 E0.0000
G1 F3300.000
G1 Z0.600
G1 X155.000 Y55.250
G1 X146.000 Y55.250 E0.2237 
G92 E0.0000
; segment
G92 E0.0000
G1 F3300.000
G1 Z0.600
G1 X146.000 Y55.250
G1 X145.000 Y55.250 E0.0249 
G92 E0.0000
; segment
G92 E0.0000
G1 F2400.000
G1 Z0.600
G1 X145.000 Y55.250
G1 X131.250 Y55.250 E0.5697 
G1 X131.250 Y55.750 E0.5904 
G1 X145.000 Y55.750 E1.1601 
G92 E0.0000
; segment
G92 E0.0000
G1 F3300.000
G1 Z0.600
G1 X145.000 Y55.750
G1 X154.000 Y55.750 E0.2237 
G92 E0.0000
; segment
G92 E0.0000
G1 F3300.000
G1 Z0.600
G1 X154.000 Y55.750
G1 X155.000 Y55.750 E0.0249 
G92 E0.0000
; segment
G92 E0.0000
G1 F2400.000
G1 Z0.600
G1 X155.000 Y55.750
G1 X168.750 Y55.750 E0.5697 
G1 X168.750 Y56.250 E0.5904 
G1 X155.000 Y56.250 E1.1601 
G92 E0.0000
; segment
G92 E0.0000
G1 F3300.000
G1 Z0.600
G1 X155.000 Y56.250
G1 X146.000 Y56.250 E0.2237 
G92 E0.0000
; segment
G92 E0.0000
G1 F3300.000
G1 Z0.600
G1 X146.000 Y56.250
G1 X145.000 Y56.250 E0.0249 
G92 E0.0000
; segment
G92 E0.0000
G1 F2400.000
G1 Z0.600
G1 X145.000 Y56.250
G1 X131.250 Y56.250 E0.5697 
G1 X131.250 Y56.750 E0.5904 
G1 X145.000 Y56.750 E1.1601 
G92 E0.0000
; segment
G92 E0.0000
G1 F3300.000
G1 Z0.600
G1 X145.000 Y56.750
G1 X154.000 Y56.750 E0.2237 
G92 E0.0000
; segment
G92 E0.0000
G1 F3300.000
G1 Z0.600
G1 X154.000 Y56.750
G1 X155.000 Y56.750 E0.0249 
G92 E0.0000
; segment
G92 E0.0000
G1 F2400.000
G1 Z0.600
G1 X155.000 Y56.750
G1 X168.750 Y56.750 E0.5697 
G1 X168.750 Y57.250 E0.5904 
G1 X155.000 Y57.250 E1.1601 
G92 E0.0000
; segment
G92 E0.0000
G1 F3300.000
G1 Z0.600
G1 X155.000 Y57.250
G1 X146.000 Y57.250 E0.2237 
G92 E0.0000
; segment
G92 E0.0000
G1 F3300.000
G1 Z0.600
G1 X146.000 Y57.250
G1 X145.000 Y57.250 E0.0249 
G92 E0.0000
; segment
G92 E0.0000
G1 F2400.000
G1 Z0.600
G1 X145.000 Y57.250
G1 X131.250 Y57.250 E0.5697 
G1 X131.250 Y57.750 E0.5904 
G1 X145.000 Y57.750 E1.1601 
G92 E0.0000
; segment
G92 E0.0000
G1 F3300.000
G1 Z0.600
G1 X145.000 Y57.750
G1 X154.000 Y57.750 E0.2237 
G92 E0.0000
; segment
G92 E0.0000
G1 F3300.000
G1 Z0.600
G1 X154.000 Y57.750
G1 X155.000 Y57.750 E0.0249 
G92 E0.0000
; segment
G92 E0.0000
G1 F2400.000
G1 Z0.600
G1 X155.000 Y57.750
G1 X168.750 Y57.750 E0.5697 
G1 X168.750 Y58.250 E0.5904 
G1 X155.000 Y58.250 E1.1601 
G92 E0.0000
; segment
G92 E0.0000
G1 F3300.000
G1 Z0.600
G1 X155.000 Y58.250
G1 X146.000 Y58.250 E0.2237 
G92 E0.0000
; segment
G92 E0.0000
G1 F3300.000
G1 Z0.600
G1 X146.000 Y58.250
G1 X145.000 Y58.250 E0.0249 
G92 E0.0000
; segment
G92 E0.0000
G1 F2400.000
G1 Z0.600
G1 X145.000 Y58.250
G1 X131.250 Y58.250 E0.5697 
G1 X131.250 Y58.750 E0.5904 
G1 X145.000 Y58.750 E1.1601 
G92 E0.0000
; segment
G92 E0.0000
G1 F3300.000
G1 Z0.600
G1 X145.000 Y58.750
G1 X154.000 Y58.750 E0.2237 
G92 E0.0000
; segment
G92 E0.0000
G1 F3300.000
G1 Z0.600
G1 X154.000 Y58.750
G1 X155.000 Y58.750 E0.0249 
G92 E0.0000
; segment
G92 E0.0000
G1 F2400.000
G1 Z0.600
G1 X155.000 Y58.750
G1 X168.750 Y58.750 E0.5697 
G92 E0.0000
; jumping
G92 E0.0000
G1 E-0.500 F2400
G1 X168.750 Y76.250 F12000.000
G1 E0 F2400
G92 E0.0000
; segment
G92 E0.0000
G1 F2400.000
G1 Z0.600
G1 X168.750 Y76.250
G1 X155.000 Y76.250 E0.5697 
G92 E0.0000
; segment
G92 E0.0000
G1 F3300.000
G1 Z0.600
G1 X155.000 Y76.250
G1 X146.000 Y76.250 E0.2237 
G92 E0.0000
; segment
G92 E0.0000
G1 F3300.000
G1 Z0.600
G1 X146.000 Y76.250
G1 X145.000 Y76.250 E0.0249 
G92 E0.0000
; segment
G92 E0.0000
G1 F2400.000
G1 Z0.600
G1 X145.000 Y76.250
G1 X131.250 Y76.250 E0.5697 
G1 X131.250 Y76.750 E0.5904 
G1 X145.000 Y76.750 E1.1601 
G92 E0.0000
; segment
G92 E0.0000
G1 F3300.000
G1 Z0.600
G1 X145.000 Y76.750
G1 X154.000 Y76.750 E0.2237 
G92 E0.0000
; segment
G92 E0.0000
G1 F3300.000
G1 Z0.600
G1 X154.000 Y76.750
G1 X155.000 Y76.750 E0.0249 
G92 E0.0000
; segment
G92 E0.0000
G1 F2400.000
G1 Z0.600
G1 X155.000 Y76.750
G1 X168.750 Y76.750 E0.5697 
G1 X168.750 Y77.250 E0.5904 
G1 X155.000 Y77.250 E1.1601 
G92 E0.0000
; segment
G92 E0.0000
G1 F3300.000
G1 Z0.600
G1 X155.000 Y77.250
G1 X146.000 Y77.250 E0.2237 
G92 E0.0000
; segment
G92 E0.0000
G1 F3300.000
G1 Z0.600
G1 X146.000 Y77.250
G1 X145.000 Y77.250 E0.0249 
G92 E0.0000
; segment
G92 E0.0000
G1 F2400.000
G1 Z0.600
G1 X145.000 Y77.250
G1 X131.250 Y77.250 E0.5697 
G1 X131.250 Y77.750 E0.5904 
G1 X145.000 Y77.750 E1.1601 
G92 E0.0000
; segment
G92 E0.0000
G1 F3300.000
G1 Z0.600
G1 X145.000 Y77.750
G1 X154.000 Y77.750 E0.2237 
G92 E0.0000
; segment
G92 E0.0000
G1 F3300.000
G1 Z0.600
G1 X154.000 Y77.750
G1 X155.000 Y77.750 E0.0249 
G92 E0.0000
; segment
G92 E0.0000
G1 F2400.000
G1 Z0.600
G1 X155.000 Y77.750
G1 X168.750 Y77.750 E0.5697 
G1 X168.750 Y78.250 E0.5904 
G1 X155.000 Y78.250 E1.1601 
G92 E0.0000
; segment
G92 E0.0000
G1 F3300.000
G1 Z0.600
G1 X155.000 Y78.250
G1 X146.000 Y78.250 E0.2237 
G92 E0.0000
; segment
G92 E0.0000
G1 F3300.000
G1 Z0.600
G1 X146.000 Y78.250
G1 X145.000 Y78.250 E0.0249 
G92 E0.0000
; segment
G92 E0.0000
G1 F2400.000
G1 Z0.600
G1 X145.000 Y78.250
G1 X131.250 Y78.250 E0.5697 
G1 X131.250 Y78.750 E0.5904 
G1 X145.000 Y78.750 E1.1601 
G92 E0.0000
; segment
G92 E0.0000
G1 F3300.000
G1 Z0.600
G1 X145.000 Y78.750
G1 X154.000 Y78.750 E0.2237 
G92 E0.0000
; segment
G92 E0.0000
G1 F3300.000
G1 Z0.600
G1 X154.000 Y78.750
G1 X155.000 Y78.750 E0.0249 
G92 E0.0000
; segment
G92 E0.0000
G1 F2400.000
G1 Z0.600
G1 X155.000 Y78.750
G1 X168.750 Y78.750 E0.5697 
G1 X168.750 Y79.250 E0.5904 
G1 X155.000 Y79.250 E1.1601 
G92 E0.0000
; segment
G92 E0.0000
G1 F3300.000
G1 Z0.600
G1 X155.000 Y79.250
G1 X146.000 Y79.250 E0.2237 
G92 E0.0000
; segment
G92 E0.0000
G1 F3300.000
G1 Z0.600
G1 X146.000 Y79.250
G1 X145.000 Y79.250 E0.0249 
G92 E0.0000
; segment
G92 E0.0000
G1 F2400.000
G1 Z0.600
G1 X145.000 Y79.250
G1 X131.250 Y79.250 E0.5697 
G1 X131.250 Y79.750 E0.5904 
G1 X145.000 Y79.750 E1.1601 
G92 E0.0000
; segment
G92 E0.0000
G1 F3300.000
G1 Z0.600
G1 X145.000 Y79.750
G1 X154.000 Y79.750 E0.2237 
G92 E0.0000
; segment
G92 E0.0000
G1 F3300.000
G1 Z0.600
G1 X154.000 Y79.750
G1 X155.000 Y79.750 E0.0249 
G92 E0.0000
; segment
G92 E0.0000
G1 F2400.000
G1 Z0.600
G1 X155.000 Y79.750
G1 X168.750 Y79.750 E0.5697 
G1 X168.750 Y80.250 E0.5904 
G1 X155.000 Y80.250 E1.1601 
G92 E0.0000
; segment
G92 E0.0000
G1 F3300.000
G1 Z0.600
G1 X155.000 Y80.250
G1 X146.000 Y80.250 E0.2237 
G92 E0.0000
; segment
G92 E0.0000
G1 F3300.000
G1 Z0.600
G1 X146.000 Y80.250
G1 X145.000 Y80.250 E0.0249 
G92 E0.0000
; segment
G92 E0.0000
G1 F2400.000
G1 Z0.600
G1 X145.000 Y80.250
G1 X131.250 Y80.250 E0.5697 
G1 X131.250 Y80.750 E0.5904 
G1 X145.000 Y80.750 E1.1601 
G92 E0.0000
; segment
G92 E0.0000
G1 F3300.000
G1 Z0.600
G1 X145.000 Y80.750
G1 X154.000 Y80.750 E0.2237 
G92 E0.0000
; segment
G92 E0.0000
G1 F3300.000
G1 Z0.600
G1 X154.000 Y80.750
G1 X155.000 Y80.750 E0.0249 
G92 E0.0000
; segment
G92 E0.0000
G1 F2400.000
G1 Z0.600
G1 X155.000 Y80.750
G1 X168.750 Y80.750 E0.5697 
G1 X168.750 Y81.250 E0.5904 
G1 X155.000 Y81.250 E1.1601 
G92 E0.0000
; segment
G92 E0.0000
G1 F3300.000
G1 Z0.600
G1 X155.000 Y81.250
G1 X146.000 Y81.250 E0.2237 
G92 E0.0000
; segment
G92 E0.0000
G1 F3300.000
G1 Z0.600
G1 X146.000 Y81.250
G1 X145.000 Y81.250 E0.0249 
G92 E0.0000
; segment
G92 E0.0000
G1 F2400.000
G1 Z0.600
G1 X145.000 Y81.250
G1 X131.250 Y81.250 E0.5697 
G1 X131.250 Y81.750 E0.5904 
G1 X145.000 Y81.750 E1.1601 
G92 E0.0000
; segment
G92 E0.0000
G1 F3300.000
G1 Z0.600
G1 X145.000 Y81.750
G1 X154.000 Y81.750 E0.2237 
G92 E0.0000
; segment
G92 E0.0000
G1 F3300.000
G1 Z0.600
G1 X154.000 Y81.750
G1 X155.000 Y81.750 E0.0249 
G92 E0.0000
; segment
G92 E0.0000
G1 F2400.000
G1 Z0.600
G1 X155.000 Y81.750
G1 X168.750 Y81.750 E0.5697 
G1 X168.750 Y82.250 E0.5904 
G1 X155.000 Y82.250 E1.1601 
G92 E0.0000
; segment
G92 E0.0000
G1 F3300.000
G1 Z0.600
G1 X155.000 Y82.250
G1 X146.000 Y82.250 E0.2237 
G92 E0.0000
; segment
G92 E0.0000
G1 F3300.000
G1 Z0.600
G1 X146.000 Y82.250
G1 X145.000 Y82.250 E0.0249 
G92 E0.0000
; segment
G92 E0.0000
G1 F2400.000
G1 Z0.600
G1 X145.000 Y82.250
G1 X131.250 Y82.250 E0.5697 
G1 X131.250 Y82.750 E0.5904 
G1 X145.000 Y82.750 E1.1601 
G92 E0.0000
; segment
G92 E0.0000
G1 F3300.000
G1 Z0.600
G1 X145.000 Y82.750
G1 X154.000 Y82.750 E0.2237 
G92 E0.0000
; segment
G92 E0.0000
G1 F3300.000
G1 Z0.600
G1 X154.000 Y82.750
G1 X155.000 Y82.750 E0.0249 
G92 E0.0000
; segment
G92 E0.0000
G1 F2400.000
G1 Z0.600
G1 X155.000 Y82.750
G1 X168.750 Y82.750 E0.5697 
G1 X168.750 Y83.250 E0.5904 
G1 X155.000 Y83.250 E1.1601 
G92 E0.0000
; segment
G92 E0.0000
G1 F3300.000
G1 Z0.600
G1 X155.000 Y83.250
G1 X146.000 Y83.250 E0.2237 
G92 E0.0000
; segment
G92 E0.0000
G1 F3300.000
G1 Z0.600
G1 X146.000 Y83.250
G1 X145.000 Y83.250 E0.0249 
G92 E0.0000
; segment
G92 E0.0000
G1 F2400.000
G1 Z0.600
G1 X145.000 Y83.250
G1 X131.250 Y83.250 E0.5697 
G1 X131.250 Y83.750 E0.5904 
G1 X145.000 Y83.750 E1.1601 
G92 E0.0000
; segment
G92 E0.0000
G1 F3300.000
G1 Z0.600
G1 X145.000 Y83.750
G1 X154.000 Y83.750 E0.2237 
G92 E0.0000
; segment
G92 E0.0000
G1 F3300.000
G1 Z0.600
G1 X154.000 Y83.750
G1 X155.000 Y83.750 E0.0249 
G92 E0.0000
; segment
G92 E0.0000
G1 F2400.000
G1 Z0.600
G1 X155.000 Y83.750
G1 X168.750 Y83.750 E0.5697 
G92 E0.0000
; jumping
G92 E0.0000
G1 E-0.500 F2400
G1 X169.750 Y34.750 F12000.000
G1 E0 F2400
G92 E0.0000
; segment
G92 E0.0000
G1 F2400.000
G1 Z0.800
G1 X169.750 Y34.750
G1 X169.750 Y25.250 E0.3936 
G1 X155.000 Y25.250 E1.0047 
G92 E0.0000
; segment
G92 E0.0000
G1 F3300.000
G1 Z0.800
G1 X155.000 Y25.250
G1 X146.000 Y25.250 E0.2237 
G92 E0.0000
; segment
G92 E0.0000
G1 F3300.000
G1 Z0.800
G1 X146.000 Y25.250
G1 X145.000 Y25.250 E0.0249 
G92 E0.0000
; segment
G92 E0.0000
G1 F2400.000
G1 Z0.800
G1 X145.000 Y25.250
G1 X130.250 Y25.250 E0.6111 
G1 X130.250 Y34.750 E1.0047 
G1 X145.000 Y34.750 E1.6158 
G92 E0.0000
; segment
G92 E0.0000
G1 F3300.000
G1 Z0.800
G1 X145.000 Y34.750
G1 X154.000 Y34.750 E0.2237 
G92 E0.0000
; segment
G92 E0.0000
G1 F3300.000
G1 Z0.800
G1 X154.000 Y34.750
G1 X155.000 Y34.750 E0.0249 
G92 E0.0000
; segment
G92 E0.0000
G1 F2400.000
G1 Z0.800
G1 X155.000 Y34.750
G1 X169.750 Y34.750 E0.6111 
G92 E0.0000
; segment
G92 E0.0000
G1 F2400.000
G1 Z0.800
G1 X169.250 Y34.250
G1 X169.250 Y25.750 E0.3522 
G1 X155.000 Y25.750 E0.9426 
G92 E0.0000
; segment
G92 E0.0000
G1 F3300.000
G1 Z0.800
G1 X155.000 Y25.750
G1 X146.000 Y25.750 E0.2237 
G92 E0.0000
; segment
G92 E0.0000
G1 F3300.000
G1 Z0.800
G1 X146.000 Y25.750
G1 X145.000 Y25.750 E0.0249 
G92 E0.0000
; segment
G92 E0.0000
G1 F2400.000
G1 Z0.800
G1 X145.000 Y25.750
G1 X130.750 Y25.750 E0.5904 
G1 X130.750 Y34.250 E0.9426 
G1 X145.000 Y34.250 E1.5330 
G92 E0.0000
; segment
G92 E0.0000
G1 F3300.000
G1 Z0.800
G1 X145.000 Y34.250
G1 X154.000 Y34.250 E0.2237 
G92 E0.0000
; segment
G92 E0.0000
G1 F3300.000
G1 Z0.800
G1 X154.000 Y34.250
G1 X155.000 Y34.250 E0.0249 
G92 E0.0000
; segment
G92 E0.0000
G1 F2400.000
G1 Z0.800
G1 X155.000 Y34.250
G1 X169.250 Y34.250 E0.5904 
G92 E0.0000
; jumping
G92 E0.0000
G1 E-0.500 F2400
G1 X169.750 Y59.750 F12000.000
G1 E0 F2400
G92 E0.0000
; segment
G92 E0.0000
G1 F2400.000
G1 Z0.800
G1 X169.750 Y59.750
G1 X169.750 Y50.250 E0.3936 
G1 X155.000 Y50.250 E1.0047 
G92 E0.0000
; segment
G92 E0.0000
G1 F3300.000
G1 Z0.800
G1 X155.000 Y50.250
G1 X146.000 Y50.250 E0.2237 
G92 E0.0000
; segment
G92 E0.0000
G1 F3300.000
G1 Z0.800
G1 X146.000 Y50.250
G1 X145.000 Y50.250 E0.0249 
G92 E0.0000
; segment
G92 E0.0000
G1 F2400.000
G1 Z0.800
G1 X145.000 Y50.250
G1 X130.250 Y50.250 E0.6111 
G1 X130.250 Y59.750 E1.0047 
G1 X145.000 Y59.750 E1.6158 
G92 E0.0000
; segment
G92 E0.0000
G1 F3300.000
G1 Z0.800
G1 X145.000 Y59.750
G1 X154.000 Y59.750 E0.2237 
G92 E0.0000
; segment
G92 E0.0000
G1 F3300.000
G1 Z0.800
G1 X154.000 Y59.750
G1 X155.000 Y59.750 E0.0249 
G92 E0.0000
; segment
G92 E0.0000
G1 F2400.000
G1 Z0.800
G1 X155.000 Y59.750
G1 X169.750 Y59.750 E0.6111 
G92 E0.0000
; segment
G92 E0.0000
G1 F2400.000
G1 Z0.800
G1 X169.250 Y59.250
G1 X169.250 Y50.750 E0.3522 
G1 X155.000 Y50.750 E0.9426 
G92 E0.0000
; segment
G92 E0.0000
G1 F3300.000
G1 Z0.800
G1 X155.000 Y50.750
G1 X146.000 Y50.750 E0.2237 
G92 E0.0000
; segment
G92 E0.0000
G1 F3300.000
G1 Z0.800
G1 X146.000 Y50.750
G1 X145.000 Y50.750 E0.0249 
G92 E0.0000
; segment
G92 E0.0000
G1 F2400.000
G1 Z0.800
G1 X145.000 Y50.750
G1 X130.750 Y50.750 E0.5904 
G1 X130.750 Y59.250 E0.9426 
G1 X145.000 Y59.250 E1.5330 
G92 E0.0000
; segment
G92 E0.0000
G1 F3300.000
G1 Z0.800
G1 X145.000 Y59.250
G1 X154.000 Y59.250 E0.2237 
G92 E0.0000
; segment
G92 E0.0000
G1 F3300.000
G1 Z0.800
G1 X154.000 Y59.250
G1 X155.000 Y59.250 E0.0249 
G92 E0.0000
; segment
G92 E0.0000
G1 F2400.000
G1 Z0.800
G1 X155.000 Y59.250
G1 X169.250 Y59.250 E0.5904 
G92 E0.0000
; jumping
G92 E0.0000
G1 E-0.500 F2400
G1 X169.750 Y84.750 F12000.000
G1 E0 F2400
G92 E0.0000
; segment
G92 E0.0000
G1 F2400.000
G1 Z0.800
G1 X169.750 Y84.750
G1 X169.750 Y75.250 E0.3936 
G1 X155.000 Y75.250 E1.0047 
G92 E0.0000
; segment
G92 E0.0000
G1 F3300.000
G1 Z0.800
G1 X155.000 Y75.250
G1 X146.000 Y75.250 E0.2237 
G92 E0.0000
; segment
G92 E0.0000
G1 F3300.000
G1 Z0.800
G1 X146.000 Y75.250
G1 X145.000 Y75.250 E0.0249 
G92 E0.0000
; segment
G92 E0.0000
G1 F2400.000
G1 Z0.800
G1 X145.000 Y75.250
G1 X130.250 Y75.250 E0.6111 
G1 X130.250 Y84.750 E1.0047 
G1 X145.000 Y84.750 E1.6158 
G92 E0.0000
; segment
G92 E0.0000
G1 F3300.000
G1 Z0.800
G1 X145.000 Y84.750
G1 X154.000 Y84.750 E0.2237 
G92 E0.0000
; segment
G92 E0.0000
G1 F3300.000
G1 Z0.800
G1 X154.000 Y84.750
G1 X155.000 Y84.750 E0.0249 
G92 E0.0000
; segment
G92 E0.0000
G1 F2400.000
G1 Z0.800
G1 X155.000 Y84.750
G1 X169.750 Y84.750 E0.6111 
G92 E0.0000
; segment
G92 E0.0000
G1 F2400.000
G1 Z0.800
G1 X169.250 Y84.250
G1 X169.250 Y75.750 E0.3522 
G1 X155.000 Y75.750 E0.9426 
G92 E0.0000
; segment
G92 E0.0000
G1 F3300.000
G1 Z0.800
G1 X155.000 Y75.750
G1 X146.000 Y75.750 E0.2237 
G92 E0.0000
; segment
G92 E0.0000
G1 F3300.000
G1 Z0.800
G1 X146.000 Y75.750
G1 X145.000 Y75.750 E0.0249 
G92 E0.0000
; segment
G92 E0.0000
G1 F2400.000
G1 Z0.800
G1 X145.000 Y75.750
G1 X130.750 Y75.750 E0.5904 
G1 X130.750 Y84.250 E0.9426 
G1 X145.000 Y84.250 E1.5330 
G92 E0.0000
; segment
G92 E0.0000
G1 F3300.000
G1 Z0.800
G1 X145.000 Y84.250
G1 X154.000 Y84.250 E0.2237 
G92 E0.0000
; segment
G92 E0.0000
G1 F3300.000
G1 Z0.800
G1 X154.000 Y84.250
G1 X155.000 Y84.250 E0.0249 
G92 E0.0000
; segment
G92 E0.0000
G1 F2400.000
G1 Z0.800
G1 X155.000 Y84.250
G1 X169.250 Y84.250 E0.5904 
G92 E0.0000
; jumping
G92 E0.0000
G1 E-0.500 F2400
G1 X168.750 Y33.750 F12000.000
G1 E0 F2400
G92 E0.0000
; segment
G92 E0.0000
G1 F2400.000
G1 Z0.800
G1 X168.750 Y33.750
G1 X155.000 Y33.750 E0.5697 
G92 E0.0000
; segment
G92 E0.0000
G1 F3300.000
G1 Z0.800
G1 X155.000 Y33.750
G1 X146.000 Y33.750 E0.2237 
G92 E0.0000
; segment
G92 E0.0000
G1 F3300.000
G1 Z0.800
G1 X146.000 Y33.750
G1 X145.000 Y33.750 E0.0249 
G92 E0.0000
; segment
G92 E0.0000
G1 F2400.000
G1 Z0.800
G1 X145.000 Y33.750
G1 X131.250 Y33.750 E0.5697 
G1 X131.250 Y33.250 E0.5904 
G1 X145.000 Y33.250 E1.1601 
G92 E0.0000
; segment
G92 E0.0000
G1 F3300.000
G1 Z0.800
G1 X145.000 Y33.250
G1 X154.000 Y33.250 E0.2237 
G92 E0.0000
; segment
G92 E0.0000
G1 F3300.000
G1 Z0.800
G1 X154.000 Y33.250
G1 X155.000 Y33.250 E0.0249 
G92 E0.0000
; segment
G92 E0.0000
G1 F2400.000
G1 Z0.800
G1 X155.000 Y33.250
G1 X168.750 Y33.250 E0.5697 
G1 X168.750 Y32.750 E0.5904 
G1 X155.000 Y32.750 E1.1601 
G92 E0.0000
; segment
G92 E0.0000
G1 F3300.000
G1 Z0.800
G1 X155.000 Y32.750
G1 X146.000 Y32.750 E0.2237 
G92 E0.0000
; segment
G92 E0.0000
G1 F3300.000
G1 Z0.800
G1 X146.000 Y32.750
G1 X145.000 Y32.750 E0.0249 
G92 E0.0000
; segment
G92 E0.0000
G1 F2400.000
G1 Z0.800
G1 X145.000 Y32.750
G1 X131.250 Y32.750 E0.5697 
G1 X131.250 Y32.250 E0.5904 
G1 X145.000 Y32.250 E1.1601 
G92 E0.0000
; segment
G92 E0.0000
G1 F3300.000
G1 Z0.800
G1 X145.000 Y32.250
G1 X154.000 Y32.250 E0.2237 
G92 E0.0000
; segment
G92 E0.0000
G1 F3300.000
G1 Z0.800
G1 X154.000 Y32.250
G1 X155.000 Y32.250 E0.0249 
G92 E0.0000
; segment
G92 E0.0000
G1 F2400.000
G1 Z0.800
G1 X155.000 Y32.250
G1 X168.750 Y32.250 E0.5697 
G1 X168.750 Y31.750 E0.5904 
G1 X155.000 Y31.750 E1.1601 
G92 E0.0000
; segment
G92 E0.0000
G1 F3300.000
G1 Z0.800
G1 X155.000 Y31.750
G1 X146.000 Y31.750 E0.2237 
G92 E0.0000
; segment
G92 E0.0000
G1 F3300.000
G1 Z0.800
G1 X146.000 Y31.750
G1 X145.000 Y31.750 E0.0249 
G92 E0.0000
; segment
G92 E0.0000
G1 F2400.000
G1 Z0.800
G1 X145.000 Y31.750
G1 X131.250 Y31.750 E0.5697 
G1 X131.250 Y31.250 E0.5904 
G1 X145.000 Y31.250 E1.1601 
G92 E0.0000
; segment
G92 E0.0000
G1 F3300.000
G1 Z0.800
G1 X145.000 Y31.250
G1 X154.000 Y31.250 E0.2237 
G92 E0.0000
; segment
G92 E0.0000
G1 F3300.000
G1 Z0.800
G1 X154.000 Y31.250
G1 X155.000 Y31.250 E0.0249 
G92 E0.0000
; segment
G92 E0.0000
G1 F2400.000
G1 Z0.800
G1 X155.000 Y31.250
G1 X168.750 Y31.250 E0.5697 
G1 X168.750 Y30.750 E0.5904 
G1 X155.000 Y30.750 E1.1601 
G92 E0.0000
; segment
G92 E0.0000
G1 F3300.000
G1 Z0.800
G1 X155.000 Y30.750
G1 X146.000 Y30.750 E0.2237 
G92 E0.0000
; segment
G92 E0.0000
G1 F3300.000
G1 Z0.800
G1 X146.000 Y30.750
G1 X145.000 Y30.750 E0.0249 
G92 E0.0000
; segment
G92 E0.0000
G1 F2400.000
G1 Z0.800
G1 X145.000 Y30.750
G1 X131.250 Y30.750 E0.5697 
G1 X131.250 Y30.250 E0.5904 
G1 X145.000 Y30.250 E1.1601 
G92 E0.0000
; segment
G92 E0.0000
G1 F3300.000
G1 Z0.800
G1 X145.000 Y30.250
G1 X154.000 Y30.250 E0.2237 
G92 E0.0000
; segment
G92 E0.0000
G1 F3300.000
G1 Z0.800
G1 X154.000 Y30.250
G1 X155.000 Y30.250 E0.0249 
G92 E0.0000
; segment
G92 E0.0000
G1 F2400.000
G1 Z0.800
G1 X155.000 Y30.250
G1 X168.750 Y30.250 E0.5697 
G1 X168.750 Y29.750 E0.5904 
G1 X155.000 Y29.750 E1.1601 
G92 E0.0000
; segment
G92 E0.0000
G1 F3300.000
G1 Z0.800
G1 X155.000 Y29.750
G1 X146.000 Y29.750 E0.2237 
G92 E0.0000
; segment
G92 E0.0000
G1 F3300.000
G1 Z0.800
G1 X146.000 Y29.750
G1 X145.000 Y29.750 E0.0249 
G92 E0.0000
; segment
G92 E0.0000
G1 F2400.000
G1 Z0.800
G1 X145.000 Y29.750
G1 X131.250 Y29.750 E0.5697 
G1 X131.250 Y29.250 E0.5904 
G1 X145.000 Y29.250 E1.1601 
G92 E0.0000
; segment
G92 E0.0000
G1 F3300.000
G1 Z0.800
G1 X145.000 Y29.250
G1 X154.000 Y29.250 E0.2237 
G92 E0.0000
; segment
G92 E0.0000
G1 F3300.000
G1 Z0.800
G1 X154.000 Y29.250
G1 X155.000 Y29.250 E0.0249 
G92 E0.0000
; segment
G92 E0.0000
G1 F2400.000
G1 Z0.800
G1 X155.000 Y29.250
G1 X168.750 Y29.250 E0.5697 
G1 X168.750 Y28.750 E0.5904 
G1 X155.000 Y28.750 E1.1601 
G92 E0.0000
; segment
G92 E0.0000
G1 F3300.000
G1 Z0.800
G1 X155.000 Y28.750
G1 X146.000 Y28.750 E0.2237 
G92 E0.0000
; segment
G92 E0.0000
G1 F3300.000
G1 Z0.800
G1 X146.000 Y28.750
G1 X145.000 Y28.750 E0.0249 
G92 E0.0000
; segment
G92 E0.0000
G1 F2400.000
G1 Z0.800
G1 X145.000 Y28.750
G1 X131.250 Y28.750 E0.5697 
G1 X131.250 Y28.250 E0.5904 
G1 X145.000 Y28.250 E1.1601 
G92 E0.0000
; segment
G92 E0.0000
G1 F3300.000
G1 Z0.800
G1 X145.000 Y28.250
G1 X154.000 Y28.250 E0.2237 
G92 E0.0000
; segment
G92 E0.0000
G1 F3300.000
G1 Z0.800
G1 X154.000 Y28.250
G1 X155.000 Y28.250 E0.0249 
G92 E0.0000
; segment
G92 E0.0000
G1 F2400.000
G1 Z0.800
G1 X155.000 Y28.250
G1 X168.750 Y28.250 E0.5697 
G1 X168.750 Y27.750 E0.5904 
G1 X155.000 Y27.750 E1.1601 
G92 E0.0000
; segment
G92 E0.0000
G1 F3300.000
G1 Z0.800
G1 X155.000 Y27.750
G1 X146.000 Y27.750 E0.2237 
G92 E0.0000
; segment
G92 E0.0000
G1 F3300.000
G1 Z0.800
G1 X146.000 Y27.750
G1 X145.000 Y27.750 E0.0249 
G92 E0.0000
; segment
G92 E0.0000
G1 F2400.000
G1 Z0.800
G1 X145.000 Y27.750
G1 X131.250 Y27.750 E0.5697 
G1 X131.250 Y27.250 E0.5904 
G1 X145.000 Y27.250 E1.1601 
G92 E0.0000
; segment
G92 E0.0000
G1 F3300.000
G1 Z0.800
G1 X145.000 Y27.250
G1 X154.000 Y27.250 E0.2237 
G92 E0.0000
; segment
G92 E0.0000
G1 F3300.000
G1 Z0.800
G1 X154.000 Y27.250
G1 X155.000 Y27.250 E0.0249 
G92 E0.0000
; segment
G92 E0.0000
G1 F2400.000
G1 Z0.800
G1 X155.000 Y27.250
G1 X168.750 Y27.250 E0.5697 
G1 X168.750 Y26.750 E0.5904 
G1 X155.000 Y26.750 E1.1601 
G92 E0.0000
; segment
G92 E0.0000
G1 F3300.000
G1 Z0.800
G1 X155.000 Y26.750
G1 X146.000 Y26.750 E0.2237 
G92 E0.0000
; segment
G92 E0.0000
G1 F3300.000
G1 Z0.800
G1 X146.000 Y26.750
G1 X145.000 Y26.750 E0.0249 
G92 E0.0000
; segment
G92 E0.0000
G1 F2400.000
G1 Z0.800
G1 X145.000 Y26.750
G1 X131.250 Y26.750 E0.5697 
G1 X131.250 Y26.250 E0.5904 
G1 X145.000 Y26.250 E1.1601 
G92 E0.0000
; segment
G92 E0.0000
G1 F3300.000
G1 Z0.800
G1 X145.000 Y26.250
G1 X154.000 Y26.250 E0.2237 
G92 E0.0000
; segment
G92 E0.0000
G1 F3300.000
G1 Z0.800
G1 X154.000 Y26.250
G1 X155.000 Y26.250 E0.0249 
G92 E0.0000
; segment
G92 E0.0000
G1 F2400.000
G1 Z0.800
G1 X155.000 Y26.250
G1 X168.750 Y26.250 E0.5697 
G92 E0.0000
; jumping
G92 E0.0000
G1 E-0.500 F2400
G1 X168.750 Y58.750 F12000.000
G1 E0 F2400
G92 E0.0000
; segment
G92 E0.0000
G1 F2400.000
G1 Z0.800
G1 X168.750 Y58.750
G1 X155.000 Y58.750 E0.5697 
G92 E0.0000
; segment
G92 E0.0000
G1 F3300.000
G1 Z0.800
G1 X155.000 Y58.750
G1 X146.000 Y58.750 E0.2237 
G92 E0.0000
; segment
G92 E0.0000
G1 F3300.000
G1 Z0.800
G1 X146.000 Y58.750
G1 X145.000 Y58.750 E0.0249 
G92 E0.0000
; segment
G92 E0.0000
G1 F2400.000
G1 Z0.800
G1 X145.000 Y58.750
G1 X131.250 Y58.750 E0.5697 
G1 X131.250 Y58.250 E0.5904 
G1 X145.000 Y58.250 E1.1601 
G92 E0.0000
; segment
G92 E0.0000
G1 F3300.000
G1 Z0.800
G1 X145.000 Y58.250
G1 X154.000 Y58.250 E0.2237 
G92 E0.0000
; segment
G92 E0.0000
G1 F3300.000
G1 Z0.800
G1 X154.000 Y58.250
G1 X155.000 Y58.250 E0.0249 
G92 E0.0000
; segment
G92 E0.0000
G1 F2400.000
G1 Z0.800
G1 X155.000 Y58.250
G1 X168.750 Y58.250 E0.5697 
G1 X168.750 Y57.750 E0.5904 
G1 X155.000 Y57.750 E1.1601 
G92 E0.0000
; segment
G92 E0.0000
G1 F3300.000
G1 Z0.800
G1 X155.000 Y57.750
G1 X146.000 Y57.750 E0.2237 
G92 E0.0000
; segment
G92 E0.0000
G1 F3300.000
G1 Z0.800
G1 X146.000 Y57.750
G1 X145.000 Y57.750 E0.0249 
G92 E0.0000
; segment
G92 E0.0000
G1 F2400.000
G1 Z0.800
G1 X145.000 Y57.750
G1 X131.250 Y57.750 E0.5697 
G1 X131.250 Y57.250 E0.5904 
G1 X145.000 Y57.250 E1.1601 
G92 E0.0000
; segment
G92 E0.0000
G1 F3300.000
G1 Z0.800
G1 X145.000 Y57.250
G1 X154.000 Y57.250 E0.2237 
G92 E0.0000
; segment
G92 E0.0000
G1 F3300.000
G1 Z0.800
G1 X154.000 Y57.250
G1 X155.000 Y57.250 E0.0249 
G92 E0.0000
; segment
G92 E0.0000
G1 F2400.000
G1 Z0.800
G1 X155.000 Y57.250
G1 X168.750 Y57.250 E0.5697 
G1 X168.750 Y56.750 E0.5904 
G1 X155.000 Y56.750 E1.1601 
G92 E0.0000
; segment
G92 E0.0000
G1 F3300.000
G1 Z0.800
G1 X155.000 Y56.750
G1 X146.000 Y56.750 E0.2237 
G92 E0.0000
; segment
G92 E0.0000
G1 F3300.000
G1 Z0.800
G1 X146.000 Y56.750
G1 X145.000 Y56.750 E0.0249 
G92 E0.0000
; segment
G92 E0.0000
G1 F2400.000
G1 Z0.800
G1 X145.000 Y56.750
G1 X131.250 Y56.750 E0.5697 
G1 X131.250 Y56.250 E0.5904 
G1 X145.000 Y56.250 E1.1601 
G92 E0.0000
; segment
G92 E0.0000
G1 F3300.000
G1 Z0.800
G1 X145.000 Y56.250
G1 X154.000 Y56.250 E0.2237 
G92 E0.0000
; segment
G92 E0.0000
G1 F3300.000
G1 Z0.800
G1 X154.000 Y56.250
G1 X155.000 Y56.250 E0.0249 
G92 E0.0000
; segment
G92 E0.0000
G1 F2400.000
G1 Z0.800
G1 X155.000 Y56.250
G1 X168.750 Y56.250 E0.5697 
G1 X168.750 Y55.750 E0.5904 
G1 X155.000 Y55.750 E1.1601 
G92 E0.0000
; segment
G92 E0.0000
G1 F3300.000
G1 Z0.800
G1 X155.000 Y55.750
G1 X146.000 Y55.750 E0.2237 
G92 E0.0000
; segment
G92 E0.0000
G1 F3300.000
G1 Z0.800
G1 X146.000 Y55.750
G1 X145.000 Y55.750 E0.0249 
G92 E0.0000
; segment
G92 E0.0000
G1 F2400.000
G1 Z0.800
G1 X145.000 Y55.750
G1 X131.250 Y55.750 E0.5697 
G1 X131.250 Y55.250 E0.5904 
G1 X145.000 Y55.250 E1.1601 
G92 E0.0000
; segment
G92 E0.0000
G1 F3300.000
G1 Z0.800
G1 X145.000 Y55.250
G1 X154.000 Y55.250 E0.2237 
G92 E0.0000
; segment
G92 E0.0000
G1 F3300.000
G1 Z0.800
G1 X154.000 Y55.250
G1 X155.000 Y55.250 E0.0249 
G92 E0.0000
; segment
G92 E0.0000
G1 F2400.000
G1 Z0.800
G1 X155.000 Y55.250
G1 X168.750 Y55.250 E0.5697 
G1 X168.750 Y54.750 E0.5904 
G1 X155.000 Y54.750 E1.1601 
G92 E0.0000
; segment
G92 E0.0000
G1 F3300.000
G1 Z0.800
G1 X155.000 Y54.750
G1 X146.000 Y54.750 E0.2237 
G92 E0.0000
; segment
G92 E0.0000
G1 F3300.000
G1 Z0.800
G1 X146.000 Y54.750
G1 X145.000 Y54.750 E0.0249 
G92 E0.0000
; segment
G92 E0.0000
G1 F2400.000
G1 Z0.800
G1 X145.000 Y54.750
G1 X131.250 Y54.750 E0.5697 
G1 X131.250 Y54.250 E0.5904 
G1 X145.000 Y54.250 E1.1601 
G92 E0.0000
; segment
G92 E0.0000
G1 F3300.000
G1 Z0.800
G1 X145.000 Y54.250
G1 X154.000 Y54.250 E0.2237 
G92 E0.0000
; segment
G92 E0.0000
G1 F3300.000
G1 Z0.800
G1 X154.000 Y54.250
G1 X155.000 Y54.250 E0.0249 
G92 E0.0000
; segment
G92 E0.0000
G1 F2400.000
G1 Z0.800
G1 X155.000 Y54.250
G1 X168.750 Y54.250 E0.5697 
G1 X168.750 Y53.750 E0.5904 
G1 X155.000 Y53.750 E1.1601 
G92 E0.0000
; segment
G92 E0.0000
G1 F3300.000
G1 Z0.800
G1 X155.000 Y53.750
G1 X146.000 Y53.750 E0.2237 
G92 E0.0000
; segment
G92 E0.0000
G1 F3300.000
G1 Z0.800
G1 X146.000 Y53.750
G1 X145.000 Y53.750 E0.0249 
G92 E0.0000
; segment
G92 E0.0000
G1 F2400.000
G1 Z0.800
G1 X145.000 Y53.750
G1 X131.250 Y53.750 E0.5697 
G1 X131.250 Y53.250 E0.5904 
G1 X145.000 Y53.250 E1.1601 
G92 E0.0000
; segment
G92 E0.0000
G1 F3300.000
G1 Z0.800
G1 X145.000 Y53.250
G1 X154.000 Y53.250 E0.2237 
G92 E0.0000
; segment
G92 E0.0000
G1 F3300.000
G1 Z0.800
G1 X154.000 Y53.250
G1 X155.000 Y53.250 E0.0249 
G92 E0.0000
; segment
G92 E0.0000
G1 F2400.000
G1 Z0.800
G1 X155.000 Y53.250
G1 X168.750 Y53.250 E0.5697 
G1 X168.750 Y52.750 E0.5904 
G1 X155.000 Y52.750 E1.1601 
G92 E0.0000
; segment
G92 E0.0000
G1 F3300.000
G1 Z0.800
G1 X155.000 Y52.750
G1 X146.000 Y52.750 E0.2237 
G92 E0.0000
; segment
G92 E0.0000
G1 F3300.000
G1 Z0.800
G1 X146.000 Y52.750
G1 X145.000 Y52.750 E0.0249 
G92 E0.0000
; segment
G92 E0.0000
G1 F2400.000
G1 Z0.800
G1 X145.000 Y52.750
G1 X131.250 Y52.750 E0.5697 
G1 X131.250 Y52.250 E0.5904 
G1 X145.000 Y52.250 E1.1601 
G92 E0.0000
; segment
G92 E0.0000
G1 F3300.000
G1 Z0.800
G1 X145.000 Y52.250
G1 X154.000 Y52.250 E0.2237 
G92 E0.0000
; segment
G92 E0.0000
G1 F3300.000
G1 Z0.800
G1 X154.000 Y52.250
G1 X155.000 Y52.250 E0.0249 
G92 E0.0000
; segment
G92 E0.0000
G1 F2400.000
G1 Z0.800
G1 X155.000 Y52.250
G1 X168.750 Y52.250 E0.5697 
G1 X168.750 Y51.750 E0.5904 
G1 X155.000 Y51.750 E1.1601 
G92 E0.0000
; segment
G92 E0.0000
G1 F3300.000
G1 Z0.800
G1 X155.000 Y51.750
G1 X146.000 Y51.750 E0.2237 
G92 E0.0000
; segment
G92 E0.0000
G1 F3300.000
G1 Z0.800
G1 X146.000 Y51.750
G1 X145.000 Y51.750 E0.0249 
G92 E0.0000
; segment
G92 E0.0000
G1 F2400.000
G1 Z0.800
G1 X145.000 Y51.750
G1 X131.250 Y51.750 E0.5697 
G1 X131.250 Y51.250 E0.5904 
G1 X145.000 Y51.250 E1.1601 
G92 E0.0000
; segment
G92 E0.0000
G1 F3300.000
G1 Z0.800
G1 X145.000 Y51.250
G1 X154.000 Y51.250 E0.2237 
G92 E0.0000
; segment
G92 E0.0000
G1 F3300.000
G1 Z0.800
G1 X154.000 Y51.250
G1 X155.000 Y51.250 E0.0249 
G92 E0.0000
; segment
G92 E0.0000
G1 F2400.000
G1 Z0.800
G1 X155.000 Y51.250
G1 X168.750 Y51.250 E0.5697 
G92 E0.0000
; jumping
G92 E0.0000
G1 E-0.500 F2400
G1 X168.750 Y83.750 F12000.000
G1 E0 F2400
G92 E0.0000
; segment
G92 E0.0000
G1 F2400.000
G1 Z0.800
G1 X168.750 Y83.750
G1 X155.000 Y83.750 E0.5697 
G92 E0.0000
; segment
G92 E0.0000
G1 F3300.000
G1 Z0.800
G1 X155.000 Y83.750
G1 X146.000 Y83.750 E0.2237 
G92 E0.0000
; segment
G92 E0.0000
G1 F3300.000
G1 Z0.800
G1 X146.000 Y83.750
G1 X145.000 Y83.750 E0.0249 
G92 E0.0000
; segment
G92 E0.0000
G1 F2400.000
G1 Z0.800
G1 X145.000 Y83.750
G1 X131.250 Y83.750 E0.5697 
G1 X131.250 Y83.250 E0.5904 
G1 X145.000 Y83.250 E1.1601 
G92 E0.0000
; segment
G92 E0.0000
G1 F3300.000
G1 Z0.800
G1 X145.000 Y83.250
G1 X154.000 Y83.250 E0.2237 
G92 E0.0000
; segment
G92 E0.0000
G1 F3300.000
G1 Z0.800
G1 X154.000 Y83.250
G1 X155.000 Y83.250 E0.0249 
G92 E0.0000
; segment
G92 E0.0000
G1 F2400.000
G1 Z0.800
G1 X155.000 Y83.250
G1 X168.750 Y83.250 E0.5697 
G1 X168.750 Y82.750 E0.5904 
G1 X155.000 Y82.750 E1.1601 
G92 E0.0000
; segment
G92 E0.0000
G1 F3300.000
G1 Z0.800
G1 X155.000 Y82.750
G1 X146.000 Y82.750 E0.2237 
G92 E0.0000
; segment
G92 E0.0000
G1 F3300.000
G1 Z0.800
G1 X146.000 Y82.750
G1 X145.000 Y82.750 E0.0249 
G92 E0.0000
; segment
G92 E0.0000
G1 F2400.000
G1 Z0.800
G1 X145.000 Y82.750
G1 X131.250 Y82.750 E0.5697 
G1 X131.250 Y82.250 E0.5904 
G1 X145.000 Y82.250 E1.1601 
G92 E0.0000
; segment
G92 E0.0000
G1 F3300.000
G1 Z0.800
G1 X145.000 Y82.250
G1 X154.000 Y82.250 E0.2237 
G92 E0.0000
; segment
G92 E0.0000
G1 F3300.000
G1 Z0.800
G1 X154.000 Y82.250
G1 X155.000 Y82.250 E0.0249 
G92 E0.0000
; segment
G92 E0.0000
G1 F2400.000
G1 Z0.800
G1 X155.000 Y82.250
G1 X168.750 Y82.250 E0.5697 
G1 X168.750 Y81.750 E0.5904 
G1 X155.000 Y81.750 E1.1601 
G92 E0.0000
; segment
G92 E0.0000
G1 F3300.000
G1 Z0.800
G1 X155.000 Y81.750
G1 X146.000 Y81.750 E0.2237 
G92 E0.0000
; segment
G92 E0.0000
G1 F3300.000
G1 Z0.800
G1 X146.000 Y81.750
G1 X145.000 Y81.750 E0.0249 
G92 E0.0000
; segment
G92 E0.0000
G1 F2400.000
G1 Z0.800
G1 X145.000 Y81.750
G1 X131.250 Y81.750 E0.5697 
G1 X131.250 Y81.250 E0.5904 
G1 X145.000 Y81.250 E1.1601 
G92 E0.0000
; segment
G92 E0.0000
G1 F3300.000
G1 Z0.800
G1 X145.000 Y81.250
G1 X154.000 Y81.250 E0.2237 
G92 E0.0000
; segment
G92 E0.0000
G1 F3300.000
G1 Z0.800
G1 X154.000 Y81.250
G1 X155.000 Y81.250 E0.0249 
G92 E0.0000
; segment
G92 E0.0000
G1 F2400.000
G1 Z0.800
G1 X155.000 Y81.250
G1 X168.750 Y81.250 E0.5697 
G1 X168.750 Y80.750 E0.5904 
G1 X155.000 Y80.750 E1.1601 
G92 E0.0000
; segment
G92 E0.0000
G1 F3300.000
G1 Z0.800
G1 X155.000 Y80.750
G1 X146.000 Y80.750 E0.2237 
G92 E0.0000
; segment
G92 E0.0000
G1 F3300.000
G1 Z0.800
G1 X146.000 Y80.750
G1 X145.000 Y80.750 E0.0249 
G92 E0.0000
; segment
G92 E0.0000
G1 F2400.000
G1 Z0.800
G1 X145.000 Y80.750
G1 X131.250 Y80.750 E0.5697 
G1 X131.250 Y80.250 E0.5904 
G1 X145.000 Y80.250 E1.1601 
G92 E0.0000
; segment
G92 E0.0000
G1 F3300.000
G1 Z0.800
G1 X145.000 Y80.250
G1 X154.000 Y80.250 E0.2237 
G92 E0.0000
; segment
G92 E0.0000
G1 F3300.000
G1 Z0.800
G1 X154.000 Y80.250
G1 X155.000 Y80.250 E0.0249 
G92 E0.0000
; segment
G92 E0.0000
G1 F2400.000
G1 Z0.800
G1 X155.000 Y80.250
G1 X168.750 Y80.250 E0.5697 
G1 X168.750 Y79.750 E0.5904 
G1 X155.000 Y79.750 E1.1601 
G92 E0.0000
; segment
G92 E0.0000
G1 F3300.000
G1 Z0.800
G1 X155.000 Y79.750
G1 X146.000 Y79.750 E0.2237 
G92 E0.0000
; segment
G92 E0.0000
G1 F3300.000
G1 Z0.800
G1 X146.000 Y79.750
G1 X145.000 Y79.750 E0.0249 
G92 E0.0000
; segment
G92 E0.0000
G1 F2400.000
G1 Z0.800
G1 X145.000 Y79.750
G1 X131.250 Y79.750 E0.5697 
G1 X131.250 Y79.250 E0.5904 
G1 X145.000 Y79.250 E1.1601 
G92 E0.0000
; segment
G92 E0.0000
G1 F3300.000
G1 Z0.800
G1 X145.000 Y79.250
G1 X154.000 Y79.250 E0.2237 
G92 E0.0000
; segment
G92 E0.0000
G1 F3300.000
G1 Z0.800
G1 X154.000 Y79.250
G1 X155.000 Y79.250 E0.0249 
G92 E0.0000
; segment
G92 E0.0000
G1 F2400.000
G1 Z0.800
G1 X155.000 Y79.250
G1 X168.750 Y79.250 E0.5697 
G1 X168.750 Y78.750 E0.5904 
G1 X155.000 Y78.750 E1.1601 
G92 E0.0000
; segment
G92 E0.0000
G1 F3300.000
G1 Z0.800
G1 X155.000 Y78.750
G1 X146.000 Y78.750 E0.2237 
G92 E0.0000
; segment
G92 E0.0000
G1 F3300.000
G1 Z0.800
G1 X146.000 Y78.750
G1 X145.000 Y78.750 E0.0249 
G92 E0.0000
; segment
G92 E0.0000
G1 F2400.000
G1 Z0.800
G1 X145.000 Y78.750
G1 X131.250 Y78.750 E0.5697 
G1 X131.250 Y78.250 E0.5904 
G1 X145.000 Y78.250 E1.1601 
G92 E0.0000
; segment
G92 E0.0000
G1 F3300.000
G1 Z0.800
G1 X145.000 Y78.250
G1 X154.000 Y78.250 E0.2237 
G92 E0.0000
; segment
G92 E0.0000
G1 F3300.000
G1 Z0.800
G1 X154.000 Y78.250
G1 X155.000 Y78.250 E0.0249 
G92 E0.0000
; segment
G92 E0.0000
G1 F2400.000
G1 Z0.800
G1 X155.000 Y78.250
G1 X168.750 Y78.250 E0.5697 
G1 X168.750 Y77.750 E0.5904 
G1 X155.000 Y77.750 E1.1601 
G92 E0.0000
; segment
G92 E0.0000
G1 F3300.000
G1 Z0.800
G1 X155.000 Y77.750
G1 X146.000 Y77.750 E0.2237 
G92 E0.0000
; segment
G92 E0.0000
G1 F3300.000
G1 Z0.800
G1 X146.000 Y77.750
G1 X145.000 Y77.750 E0.0249 
G92 E0.0000
; segment
G92 E0.0000
G1 F2400.000
G1 Z0.800
G1 X145.000 Y77.750
G1 X131.250 Y77.750 E0.5697 
G1 X131.250 Y77.250 E0.5904 
G1 X145.000 Y77.250 E1.1601 
G92 E0.0000
; segment
G92 E0.0000
G1 F3300.000
G1 Z0.800
G1 X145.000 Y77.250
G1 X154.000 Y77.250 E0.2237 
G92 E0.0000
; segment
G92 E0.0000
G1 F3300.000
G1 Z0.800
G1 X154.000 Y77.250
G1 X155.000 Y77.250 E0.0249 
G92 E0.0000
; segment
G92 E0.0000
G1 F2400.000
G1 Z0.800
G1 X155.000 Y77.250
G1 X168.750 Y77.250 E0.5697 
G1 X168.750 Y76.750 E0.5904 
G1 X155.000 Y76.750 E1.1601 
G92 E0.0000
; segment
G92 E0.0000
G1 F3300.000
G1 Z0.800
G1 X155.000 Y76.750
G1 X146.000 Y76.750 E0.2237 
G92 E0.0000
; segment
G92 E0.0000
G1 F3300.000
G1 Z0.800
G1 X146.000 Y76.750
G1 X145.000 Y76.750 E0.0249 
G92 E0.0000
; segment
G92 E0.0000
G1 F2400.000
G1 Z0.800
G1 X145.000 Y76.750
G1 X131.250 Y76.750 E0.5697 
G1 X131.250 Y76.250 E0.5904 
G1 X145.000 Y76.250 E1.1601 
G92 E0.0000
; segment
G92 E0.0000
G1 F3300.000
G1 Z0.800
G1 X145.000 Y76.250
G1 X154.000 Y76.250 E0.2237 
G92 E0.0000
; segment
G92 E0.0000
G1 F3300.000
G1 Z0.800
G1 X154.000 Y76.250
G1 X155.000 Y76.250 E0.0249 
G92 E0.0000
; segment
G92 E0.0000
G1 F2400.000
G1 Z0.800
G1 X155.000 Y76.250
G1 X168.750 Y76.250 E0.5697 
G92 E0.0000
; jumping
G92 E0.0000
G1 E-0.500 F2400
G1 X169.750 Y25.250 F12000.000
G1 E0 F2400
G92 E0.0000
; segment
G92 E0.0000
G1 F2400.000
G1 Z1.000
G1 X169.750 Y25.250
G1 X155.000 Y25.250 E0.6111 
G92 E0.0000
; segment
G92 E0.0000
G1 F3300.000
G1 Z1.000
G1 X155.000 Y25.250
G1 X146.000 Y25.250 E0.2237 
G92 E0.0000
; segment
G92 E0.0000
G1 F3300.000
G1 Z1.000
G1 X146.000 Y25.250
G1 X145.000 Y25.250 E0.0249 
G92 E0.0000
; segment
G92 E0.0000
G1 F2400.000
G1 Z1.000
G1 X145.000 Y25.250
G1 X130.250 Y25.250 E0.6111 
G1 X130.250 Y34.750 E1.0047 
G1 X145.000 Y34.750 E1.6158 
G92 E0.0000
; segment
G92 E0.0000
G1 F3300.000
G1 Z1.000
G1 X145.000 Y34.750
G1 X154.000 Y34.750 E0.2237 
G92 E0.0000
; segment
G92 E0.0000
G1 F3300.000
G1 Z1.000
G1 X154.000 Y34.750
G1 X155.000 Y34.750 E0.0249 
G92 E0.0000
; segment
G92 E0.0000
G1 F2400.000
G1 Z1.000
G1 X155.000 Y34.750
G1 X169.750 Y34.750 E0.6111 
G1 X169.750 Y25.250 E1.0047 
G92 E0.0000
; segment
G92 E0.0000
G1 F2400.000
G1 Z1.000
G1 X169.250 Y25.750
G1 X155.000 Y25.750 E0.5904 
G92 E0.0000
; segment
G92 E0.0000
G1 F3300.000
G1 Z1.000
G1 X155.000 Y25.750
G1 X146.000 Y25.750 E0.2237 
G92 E0.0000
; segment
G92 E0.0000
G1 F3300.000
G1 Z1.000
G1 X146.000 Y25.750
G1 X145.000 Y25.750 E0.0249 
G92 E0.0000
; segment
G92 E0.0000
G1 F2400.000
G1 Z1.000
G1 X145.000 Y25.750
G1 X130.750 Y25.750 E0.5904 
G1 X130.750 Y34.250 E0.9426 
G1 X145.000 Y34.250 E1.5330 
G92 E0.0000
; segment
G92 E0.0000
G1 F3300.000
G1 Z1.000
G1 X145.000 Y34.250
G1 X154.000 Y34.250 E0.2237 
G92 E0.0000
; segment
G92 E0.0000
G1 F3300.000
G1 Z1.000
G1 X154.000 Y34.250
G1 X155.000 Y34.250 E0.0249 
G92 E0.0000
; segment
G92 E0.0000
G1 F2400.000
G1 Z1.000
G1 X155.000 Y34.250
G1 X169.250 Y34.250 E0.5904 
G1 X169.250 Y25.750 E0.9426 
G92 E0.0000
; jumping
G92 E0.0000
G1 E-0.500 F2400
G1 X169.750 Y50.250 F12000.000
G1 E0 F2400
G92 E0.0000
; segment
G92 E0.0000
G1 F2400.000
G1 Z1.000
G1 X169.750 Y50.250
G1 X155.000 Y50.250 E0.6111 
G92 E0.0000
; segment
G92 E0.0000
G1 F3300.000
G1 Z1.000
G1 X155.000 Y50.250
G1 X146.000 Y50.250 E0.2237 
G92 E0.0000
; segment
G92 E0.0000
G1 F3300.000
G1 Z1.000
G1 X146.000 Y50.250
G1 X145.000 Y50.250 E0.0249 
G92 E0.0000
; segment
G92 E0.0000
G1 F2400.000
G1 Z1.000
G1 X145.000 Y50.250
G1 X130.250 Y50.250 E0.6111 
G1 X130.250 Y59.750 E1.0047 
G1 X145.000 Y59.750 E1.6158 
G92 E0.0000
; segment
G92 E0.0000
G1 F3300.000
G1 Z1.000
G1 X145.000 Y59.750
G1 X154.000 Y59.750 E0.2237 
G92 E0.0000
; segment
G92 E0.0000
G1 F3300.000
G1 Z1.000
G1 X154.000 Y59.750
G1 X155.000 Y59.750 E0.0249 
G92 E0.0000
; segment
G92 E0.0000
G1 F2400.000
G1 Z1.000
G1 X155.000 Y59.750
G1 X169.750 Y59.750 E0.6111 
G1 X169.750 Y50.250 E1.0047 
G92 E0.0000
; segment
G92 E0.0000
G1 F2400.000
G1 Z1.000
G1 X169.250 Y50.750
G1 X155.000 Y50.750 E0.5904 
G92 E0.0000
; segment
G92 E0.0000
G1 F3300.000
G1 Z1.000
G1 X155.000 Y50.750
G1 X146.000 Y50.750 E0.2237 
G92 E0.0000
; segment
G92 E0.0000
G1 F3300.000
G1 Z1.000
G1 X146.000 Y50.750
G1 X145.000 Y50.750 E0.0249 
G92 E0.0000
; segment
G92 E0.0000
G1 F2400.000
G1 Z1.000
G1 X145.000 Y50.750
G1 X130.750 Y50.750 E0.5904 
G1 X130.750 Y59.250 E0.9426 
G1 X145.000 Y59.250 E1.5330 
G92 E0.0000
; segment
G92 E0.0000
G1 F3300.000
G1 Z1.000
G1 X145.000 Y59.250
G1 X154.000 Y59.250 E0.2237 
G92 E0.0000
; segment
G92 E0.0000
G1 F3300.000
G1 Z1.000
G1 X154.000 Y59.250
G1 X155.000 Y59.250 E0.0249 
G92 E0.0000
; segment
G92 E0.0000
G1 F2400.000
G1 Z1.000
G1 X155.000 Y59.250
G1 X169.250 Y59.250 E0.5904 
G1 X169.250 Y50.750 E0.9426 
G92 E0.0000
; jumping
G92 E0.0000
G1 E-0.500 F2400
G1 X169.750 Y75.250 F12000.000
G1 E0 F2400
G92 E0.0000
; segment
G92 E0.0000
G1 F2400.000
G1 Z1.000
G1 X169.750 Y75.250
G1 X155.000 Y75.250 E0.6111 
G92 E0.0000
; segment
G92 E0.0000
G1 F3300.000
G1 Z1.000
G1 X155.000 Y75.250
G1 X146.000 Y75.250 E0.2237 
G92 E0.0000
; segment
G92 E0.0000
G1 F3300.000
G1 Z1.000
G1 X146.000 Y75.250
G1 X145.000 Y75.250 E0.0249 
G92 E0.0000
; segment
G92 E0.0000
G1 F2400.000
G1 Z1.000
G1 X145.000 Y75.250
G1 X130.250 Y75.250 E0.6111 
G1 X130.250 Y84.750 E1.0047 
G1 X145.000 Y84.750 E1.6158 
G92 E0.0000
; segment
G92 E0.0000
G1 F3300.000
G1 Z1.000
G1 X145.000 Y84.750
G1 X154.000 Y84.750 E0.2237 
G92 E0.0000
; segment
G92 E0.0000
G1 F3300.000
G1 Z1.000
G1 X154.000 Y84.750
G1 X155.000 Y84.750 E0.0249 
G92 E0.0000
; segment
G92 E0.0000
G1 F2400.000
G1 Z1.000
G1 X155.000 Y84.750
G1 X169.750 Y84.750 E0.6111 
G1 X169.750 Y75.250 E1.0047 
G92 E0.0000
; segment
G92 E0.0000
G1 F2400.000
G1 Z1.000
G1 X169.250 Y75.750
G1 X155.000 Y75.750 E0.5904 
G92 E0.0000
; segment
G92 E0.0000
G1 F3300.000
G1 Z1.000
G1 X155.000 Y75.750
G1 X146.000 Y75.750 E0.2237 
G92 E0.0000
; segment
G92 E0.0000
G1 F3300.000
G1 Z1.000
G1 X146.000 Y75.750
G1 X145.000 Y75.750 E0.0249 
G92 E0.0000
; segment
G92 E0.0000
G1 F2400.000
G1 Z1.000
G1 X145.000 Y75.750
G1 X130.750 Y75.750 E0.5904 
G1 X130.750 Y84.250 E0.9426 
G1 X145.000 Y84.250 E1.5330 
G92 E0.0000
; segment
G92 E0.0000
G1 F3300.000
G1 Z1.000
G1 X145.000 Y84.250
G1 X154.000 Y84.250 E0.2237 
G92 E0.0000
; segment
G92 E0.0000
G1 F3300.000
G1 Z1.000
G1 X154.000 Y84.250
G1 X155.000 Y84.250 E0.0249 
G92 E0.0000
; segment
G92 E0.0000
G1 F2400.000
G1 Z1.000
G1 X155.000 Y84.250
G1 X169.250 Y84.250 E0.5904 
G1 X169.250 Y75.750 E0.9426 
G92 E0.0000
; jumping
G92 E0.0000
G1 E-0.500 F2400
G1 X168.750 Y26.250 F12000.000
G1 E0 F2400
G92 E0.0000
; segment
G92 E0.0000
G1 F2400.000
G1 Z1.000
G1 X168.750 Y26.250
G1 X155.000 Y26.250 E0.5697 
G92 E0.0000
; segment
G92 E0.0000
G1 F3300.000
G1 Z1.000
G1 X155.000 Y26.250
G1 X146.000 Y26.250 E0.2237 
G92 E0.0000
; segment
G92 E0.0000
G1 F3300.000
G1 Z1.000
G1 X146.000 Y26.250
G1 X145.000 Y26.250 E0.0249 
G92 E0.0000
; segment
G92 E0.0000
G1 F2400.000
G1 Z1.000
G1 X145.000 Y26.250
G1 X131.250 Y26.250 E0.5697 
G1 X131.250 Y26.750 E0.5904 
G1 X145.000 Y26.750 E1.1601 
G92 E0.0000
; segment
G92 E0.0000
G1 F3300.000
G1 Z1.000
G1 X145.000 Y26.750
G1 X154.000 Y26.750 E0.2237 
G92 E0.0000
; segment
G92 E0.0000
G1 F3300.000
G1 Z1.000
G1 X154.000 Y26.750
G1 X155.000 Y26.750 E0.0249 
G92 E0.0000
; segment
G92 E0.0000
G1 F2400.000
G1 Z1.000
G1 X155.000 Y26.750
G1 X168.750 Y26.750 E0.5697 
G1 X168.750 Y27.250 E0.5904 
G1 X155.000 Y27.250 E1.1601 
G92 E0.0000
; segment
G92 E0.0000
G1 F3300.000
G1 Z1.000
G1 X155.000 Y27.250
G1 X146.000 Y27.250 E0.2237 
G92 E0.0000
; segment
G92 E0.0000
G1 F3300.000
G1 Z1.000
G1 X146.000 Y27.250
G1 X145.000 Y27.250 E0.0249 
G92 E0.0000
; segment
G92 E0.0000
G1 F2400.000
G1 Z1.000
G1 X145.000 Y27.250
G1 X131.250 Y27.250 E0.5697 
G1 X131.250 Y27.750 E0.5904 
G1 X145.000 Y27.750 E1.1601 
G92 E0.0000
; segment
G92 E0.0000
G1 F3300.000
G1 Z1.000
G1 X145.000 Y27.750
G1 X154.000 Y27.750 E0.2237 
G92 E0.0000
; segment
G92 E0.0000
G1 F3300.000
G1 Z1.000
G1 X154.000 Y27.750
G1 X155.000 Y27.750 E0.0249 
G92 E0.0000
; segment
G92 E0.0000
G1 F2400.000
G1 Z1.000
G1 X155.000 Y27.750
G1 X168.750 Y27.750 E0.5697 
G1 X168.750 Y28.250 E0.5904 
G1 X155.000 Y28.250 E1.1601 
G92 E0.0000
; segment
G92 E0.0000
G1 F3300.000
G1 Z1.000
G1 X155.000 Y28.250
G1 X146.000 Y28.250 E0.2237 
G92 E0.0000
; segment
G92 E0.0000
G1 F3300.000
G1 Z1.000
G1 X146.000 Y28.250
G1 X145.000 Y28.250 E0.0249 
G92 E0.0000
; segment
G92 E0.0000
G1 F2400.000
G1 Z1.000
G1 X145.000 Y28.250
G1 X131.250 Y28.250 E0.5697 
G1 X131.250 Y28.750 E0.5904 
G1 X145.000 Y28.750 E1.1601 
G92 E0.0000
; segment
G92 E0.0000
G1 F3300.000
G1 Z1.000
G1 X145.000 Y28.750
G1 X154.000 Y28.750 E0.2237 
G92 E0.0000
; segment
G92 E0.0000
G1 F3300.000
G1 Z1.000
G1 X154.000 Y28.750
G1 X155.000 Y28.750 E0.0249 
G92 E0.0000
; segment
G92 E0.0000
G1 F2400.000
G1 Z1.000
G1 X155.000 Y28.750
G1 X168.750 Y28.750 E0.5697 
G1 X168.750 Y29.250 E0.5904 
G1 X155.000 Y29.250 E1.1601 
G92 E0.0000
; segment
G92 E0.0000
G1 F3300.000
G1 Z1.000
G1 X155.000 Y29.250
G1 X146.000 Y29.250 E0.2237 
G92 E0.0000
; segment
G92 E0.0000
G1 F3300.000
G1 Z1.000
G1 X146.000 Y29.250
G1 X145.000 Y29.250 E0.0249 
G92 E0.0000
; segment
G92 E0.0000
G1 F2400.000
G1 Z1.000
G1 X145.000 Y29.250
G1 X131.250 Y29.250 E0.5697 
G1 X131.250 Y29.750 E0.5904 
G1 X145.000 Y29.750 E1.1601 
G92 E0.0000
; segment
G92 E0.0000
G1 F3300.000
G1 Z1.000
G1 X145.000 Y29.750
G1 X154.000 Y29.750 E0.2237 
G92 E0.0000
; segment
G92 E0.0000
G1 F3300.000
G1 Z1.000
G1 X154.000 Y29.750
G1 X155.000 Y29.750 E0.0249 
G92 E0.0000
; segment
G92 E0.0000
G1 F2400.000
G1 Z1.000
G1 X155.000 Y29.750
G1 X168.750 Y29.750 E0.5697 
G1 X168.750 Y30.250 E0.5904 
G1 X155.000 Y30.250 E1.1601 
G92 E0.0000
; segment
G92 E0.0000
G1 F3300.000
G1 Z1.000
G1 X155.000 Y30.250
G1 X146.000 Y30.250 E0.2237 
G92 E0.0000
; segment
G92 E0.0000
G1 F3300.000
G1 Z1.000
G1 X146.000 Y30.250
G1 X145.000 Y30.250 E0.0249 
G92 E0.0000
; segment
G92 E0.0000
G1 F2400.000
G1 Z1.000
G1 X145.000 Y30.250
G1 X131.250 Y30.250 E0.5697 
G1 X131.250 Y30.750 E0.5904 
G1 X145.000 Y30.750 E1.1601 
G92 E0.0000
; segment
G92 E0.0000
G1 F3300.000
G1 Z1.000
G1 X145.000 Y30.750
G1 X154.000 Y30.750 E0.2237 
G92 E0.0000
; segment
G92 E0.0000
G1 F3300.000
G1 Z1.000
G1 X154.000 Y30.750
G1 X155.000 Y30.750 E0.0249 
G92 E0.0000
; segment
G92 E0.0000
G1 F2400.000
G1 Z1.000
G1 X155.000 Y30.750
G1 X168.750 Y30.750 E0.5697 
G1 X168.750 Y31.250 E0.5904 
G1 X155.000 Y31.250 E1.1601 
G92 E0.0000
; segment
G92 E0.0000
G1 F3300.000
G1 Z1.000
G1 X155.000 Y31.250
G1 X146.000 Y31.250 E0.2237 
G92 E0.0000
; segment
G92 E0.0000
G1 F3300.000
G1 Z1.000
G1 X146.000 Y31.250
G1 X145.000 Y31.250 E0.0249 
G92 E0.0000
; segment
G92 E0.0000
G1 F2400.000
G1 Z1.000
G1 X145.000 Y31.250
G1 X131.250 Y31.250 E0.5697 
G1 X131.250 Y31.750 E0.5904 
G1 X145.000 Y31.750 E1.1601 
G92 E0.0000
; segment
G92 E0.0000
G1 F3300.000
G1 Z1.000
G1 X145.000 Y31.750
G1 X154.000 Y31.750 E0.2237 
G92 E0.0000
; segment
G92 E0.0000
G1 F3300.000
G1 Z1.000
G1 X154.000 Y31.750
G1 X155.000 Y31.750 E0.0249 
G92 E0.0000
; segment
G92 E0.0000
G1 F2400.000
G1 Z1.000
G1 X155.000 Y31.750
G1 X168.750 Y31.750 E0.5697 
G1 X168.750 Y32.250 E0.5904 
G1 X155.000 Y32.250 E1.1601 
G92 E0.0000
; segment
G92 E0.0000
G1 F3300.000
G1 Z1.000
G1 X155.000 Y32.250
G1 X146.000 Y32.250 E0.2237 
G92 E0.0000
; segment
G92 E0.0000
G1 F3300.000
G1 Z1.000
G1 X146.000 Y32.250
G1 X145.000 Y32.250 E0.0249 
G92 E0.0000
; segment
G92 E0.0000
G1 F2400.000
G1 Z1.000
G1 X145.000 Y32.250
G1 X131.250 Y32.250 E0.5697 
G1 X131.250 Y32.750 E0.5904 
G1 X145.000 Y32.750 E1.1601 
G92 E0.0000
; segment
G92 E0.0000
G1 F3300.000
G1 Z1.000
G1 X145.000 Y32.750
G1 X154.000 Y32.750 E0.2237 
G92 E0.0000
; segment
G92 E0.0000
G1 F3300.000
G1 Z1.000
G1 X154.000 Y32.750
G1 X155.000 Y32.750 E0.0249 
G92 E0.0000
; segment
G92 E0.0000
G1 F2400.000
G1 Z1.000
G1 X155.000 Y32.750
G1 X168.750 Y32.750 E0.5697 
G1 X168.750 Y33.250 E0.5904 
G1 X155.000 Y33.250 E1.1601 
G92 E0.0000
; segment
G92 E0.0000
G1 F3300.000
G1 Z1.000
G1 X155.000 Y33.250
G1 X146.000 Y33.250 E0.2237 
G92 E0.0000
; segment
G92 E0.0000
G1 F3300.000
G1 Z1.000
G1 X146.000 Y33.250
G1 X145.000 Y33.250 E0.0249 
G92 E0.0000
; segment
G92 E0.0000
G1 F2400.000
G1 Z1.000
G1 X145.000 Y33.250
G1 X131.250 Y33.250 E0.5697 
G1 X131.250 Y33.750 E0.5904 
G1 X145.000 Y33.750 E1.1601 
G92 E0.0000
; segment
G92 E0.0000
G1 F3300.000
G1 Z1.000
G1 X145.000 Y33.750
G1 X154.000 Y33.750 E0.2237 
G92 E0.0000
; segment
G92 E0.0000
G1 F3300.000
G1 Z1.000
G1 X154.000 Y33.750
G1 X155.000 Y33.750 E0.0249 
G92 E0.0000
; segment
G92 E0.0000
G1 F2400.000
G1 Z1.000
G1 X155.000 Y33.750
G1 X168.750 Y33.750 E0.5697 
G92 E0.0000
; jumping
G92 E0.0000
G1 E-0.500 F2400
G1 X168.750 Y51.250 F12000.000
G1 E0 F2400
G92 E0.0000
; segment
G92 E0.0000
G1 F2400.000
G1 Z1.000
G1 X168.750 Y51.250
G1 X155.000 Y51.250 E0.5697 
G92 E0.0000
; segment
G92 E0.0000
G1 F3300.000
G1 Z1.000
G1 X155.000 Y51.250
G1 X146.000 Y51.250 E0.2237 
G92 E0.0000
; segment
G92 E0.0000
G1 F3300.000
G1 Z1.000
G1 X146.000 Y51.250
G1 X145.000 Y51.250 E0.0249 
G92 E0.0000
; segment
G92 E0.0000
G1 F2400.000
G1 Z1.000
G1 X145.000 Y51.250
G1 X131.250 Y51.250 E0.5697 
G1 X131.250 Y51.750 E0.5904 
G1 X145.000 Y51.750 E1.1601 
G92 E0.0000
; segment
G92 E0.0000
G1 F3300.000
G1 Z1.000
G1 X145.000 Y51.750
G1 X154.000 Y51.750 E0.2237 
G92 E0.0000
; segment
G92 E0.0000
G1 F3300.000
G1 Z1.000
G1 X154.000 Y51.750
G1 X155.000 Y51.750 E0.0249 
G92 E0.0000
; segment
G92 E0.0000
G1 F2400.000
G1 Z1.000
G1 X155.000 Y51.750
G1 X168.750 Y51.750 E0.5697 
G1 X168.750 Y52.250 E0.5904 
G1 X155.000 Y52.250 E1.1601 
G92 E0.0000
; segment
G92 E0.0000
G1 F3300.000
G1 Z1.000
G1 X155.000 Y52.250
G1 X146.000 Y52.250 E0.2237 
G92 E0.0000
; segment
G92 E0.0000
G1 F3300.000
G1 Z1.000
G1 X146.000 Y52.250
G1 X145.000 Y52.250 E0.0249 
G92 E0.0000
; segment
G92 E0.0000
G1 F2400.000
G1 Z1.000
G1 X145.000 Y52.250
G1 X131.250 Y52.250 E0.5697 
G1 X131.250 Y52.750 E0.5904 
G1 X145.000 Y52.750 E1.1601 
G92 E0.0000
; segment
G92 E0.0000
G1 F3300.000
G1 Z1.000
G1 X145.000 Y52.750
G1 X154.000 Y52.750 E0.2237 
G92 E0.0000
; segment
G92 E0.0000
G1 F3300.000
G1 Z1.000
G1 X154.000 Y52.750
G1 X155.000 Y52.750 E0.0249 
G92 E0.0000
; segment
G92 E0.0000
G1 F2400.000
G1 Z1.000
G1 X155.000 Y52.750
G1 X168.750 Y52.750 E0.5697 
G1 X168.750 Y53.250 E0.5904 
G1 X155.000 Y53.250 E1.1601 
G92 E0.0000
; segment
G92 E0.0000
G1 F3300.000
G1 Z1.000
G1 X155.000 Y53.250
G1 X146.000 Y53.250 E0.2237 
G92 E0.0000
; segment
G92 E0.0000
G1 F3300.000
G1 Z1.000
G1 X146.000 Y53.250
G1 X145.000 Y53.250 E0.0249 
G92 E0.0000
; segment
G92 E0.0000
G1 F2400.000
G1 Z1.000
G1 X145.000 Y53.250
G1 X131.250 Y53.250 E0.5697 
G1 X131.250 Y53.750 E0.5904 
G1 X145.000 Y53.750 E1.1601 
G92 E0.0000
; segment
G92 E0.0000
G1 F3300.000
G1 Z1.000
G1 X145.000 Y53.750
G1 X154.000 Y53.750 E0.2237 
G92 E0.0000
; segment
G92 E0.0000
G1 F3300.000
G1 Z1.000
G1 X154.000 Y53.750
G1 X155.000 Y53.750 E0.0249 
G92 E0.0000
; segment
G92 E0.0000
G1 F2400.000
G1 Z1.000
G1 X155.000 Y53.750
G1 X168.750 Y53.750 E0.5697 
G1 X168.750 Y54.250 E0.5904 
G1 X155.000 Y54.250 E1.1601 
G92 E0.0000
; segment
G92 E0.0000
G1 F3300.000
G1 Z1.000
G1 X155.000 Y54.250
G1 X146.000 Y54.250 E0.2237 
G92 E0.0000
; segment
G92 E0.0000
G1 F3300.000
G1 Z1.000
G1 X146.000 Y54.250
G1 X145.000 Y54.250 E0.0249 
G92 E0.0000
; segment
G92 E0.0000
G1 F2400.000
G1 Z1.000
G1 X145.000 Y54.250
G1 X131.250 Y54.250 E0.5697 
G1 X131.250 Y54.750 E0.5904 
G1 X145.000 Y54.750 E1.1601 
G92 E0.0000
; segment
G92 E0.0000
G1 F3300.000
G1 Z1.000
G1 X145.000 Y54.750
G1 X154.000 Y54.750 E0.2237 
G92 E0.0000
; segment
G92 E0.0000
G1 F3300.000
G1 Z1.000
G1 X154.000 Y54.750
G1 X155.000 Y54.750 E0.0249 
G92 E0.0000
; segment
G92 E0.0000
G1 F2400.000
G1 Z1.000
G1 X155.000 Y54.750
G1 X168.750 Y54.750 E0.5697 
G1 X168.750 Y55.250 E0.5904 
G1 X155.000 Y55.250 E1.1601 
G92 E0.0000
; segment
G92 E0.0000
G1 F3300.000
G1 Z1.000
G1 X155.000 Y55.250
G1 X146.000 Y55.250 E0.2237 
G92 E0.0000
; segment
G92 E0.0000
G1 F3300.000
G1 Z1.000
G1 X146.000 Y55.250
G1 X145.000 Y55.250 E0.0249 
G92 E0.0000
; segment
G92 E0.0000
G1 F2400.000
G1 Z1.000
G1 X145.000 Y55.250
G1 X131.250 Y55.250 E0.5697 
G1 X131.250 Y55.750 E0.5904 
G1 X145.000 Y55.750 E1.1601 
G92 E0.0000
; segment
G92 E0.0000
G1 F3300.000
G1 Z1.000
G1 X145.000 Y55.750
G1 X154.000 Y55.750 E0.2237 
G92 E0.0000
; segment
G92 E0.0000
G1 F3300.000
G1 Z1.000
G1 X154.000 Y55.750
G1 X155.000 Y55.750 E0.0249 
G92 E0.0000
; segment
G92 E0.0000
G1 F2400.000
G1 Z1.000
G1 X155.000 Y55.750
G1 X168.750 Y55.750 E0.5697 
G1 X168.750 Y56.250 E0.5904 
G1 X155.000 Y56.250 E1.1601 
G92 E0.0000
; segment
G92 E0.0000
G1 F3300.000
G1 Z1.000
G1 X155.000 Y56.250
G1 X146.000 Y56.250 E0.2237 
G92 E0.0000
; segment
G92 E0.0000
G1 F3300.000
G1 Z1.000
G1 X146.000 Y56.250
G1 X145.000 Y56.250 E0.0249 
G92 E0.0000
; segment
G92 E0.0000
G1 F2400.000
G1 Z1.000
G1 X145.000 Y56.250
G1 X131.250 Y56.250 E0.5697 
G1 X131.250 Y56.750 E0.5904 
G1 X145.000 Y56.750 E1.1601 
G92 E0.0000
; segment
G92 E0.0000
G1 F3300.000
G1 Z1.000
G1 X145.000 Y56.750
G1 X154.000 Y56.750 E0.2237 
G92 E0.0000
; segment
G92 E0.0000
G1 F3300.000
G1 Z1.000
G1 X154.000 Y56.750
G1 X155.000 Y56.750 E0.0249 
G92 E0.0000
; segment
G92 E0.0000
G1 F2400.000
G1 Z1.000
G1 X155.000 Y56.750
G1 X168.750 Y56.750 E0.5697 
G1 X168.750 Y57.250 E0.5904 
G1 X155.000 Y57.250 E1.1601 
G92 E0.0000
; segment
G92 E0.0000
G1 F3300.000
G1 Z1.000
G1 X155.000 Y57.250
G1 X146.000 Y57.250 E0.2237 
G92 E0.0000
; segment
G92 E0.0000
G1 F3300.000
G1 Z1.000
G1 X146.000 Y57.250
G1 X145.000 Y57.250 E0.0249 
G92 E0.0000
; segment
G92 E0.0000
G1 F2400.000
G1 Z1.000
G1 X145.000 Y57.250
G1 X131.250 Y57.250 E0.5697 
G1 X131.250 Y57.750 E0.5904 
G1 X145.000 Y57.750 E1.1601 
G92 E0.0000
; segment
G92 E0.0000
G1 F3300.000
G1 Z1.000
G1 X145.000 Y57.750
G1 X154.000 Y57.750 E0.2237 
G92 E0.0000
; segment
G92 E0.0000
G1 F3300.000
G1 Z1.000
G1 X154.000 Y57.750
G1 X155.000 Y57.750 E0.0249 
G92 E0.0000
; segment
G92 E0.0000
G1 F2400.000
G1 Z1.000
G1 X155.000 Y57.750
G1 X168.750 Y57.750 E0.5697 
G1 X168.750 Y58.250 E0.5904 
G1 X155.000 Y58.250 E1.1601 
G92 E0.0000
; segment
G92 E0.0000
G1 F3300.000
G1 Z1.000
G1 X155.000 Y58.250
G1 X146.000 Y58.250 E0.2237 
G92 E0.0000
; segment
G92 E0.0000
G1 F3300.000
G1 Z1.000
G1 X146.000 Y58.250
G1 X145.000 Y58.250 E0.0249 
G92 E0.0000
; segment
G92 E0.0000
G1 F2400.000
G1 Z1.000
G1 X145.000 Y58.250
G1 X131.250 Y58.250 E0.5697 
G1 X131.250 Y58.750 E0.5904 
G1 X145.000 Y58.750 E1.1601 
G92 E0.0000
; segment
G92 E0.0000
G1 F3300.000
G1 Z1.000
G1 X145.000 Y58.750
G1 X154.000 Y58.750 E0.2237 
G92 E0.0000
; segment
G92 E0.0000
G1 F3300.000
G1 Z1.000
G1 X154.000 Y58.750
G1 X155.000 Y58.750 E0.0249 
G92 E0.0000
; segment
G92 E0.0000
G1 F2400.000
G1 Z1.000
G1 X155.000 Y58.750
G1 X168.750 Y58.750 E0.5697 
G92 E0.0000
; jumping
G92 E0.0000
G1 E-0.500 F2400
G1 X168.750 Y76.250 F12000.000
G1 E0 F2400
G92 E0.0000
; segment
G92 E0.0000
G1 F2400.000
G1 Z1.000
G1 X168.750 Y76.250
G1 X155.000 Y76.250 E0.5697 
G92 E0.0000
; segment
G92 E0.0000
G1 F3300.000
G1 Z1.000
G1 X155.000 Y76.250
G1 X146.000 Y76.250 E0.2237 
G92 E0.0000
; segment
G92 E0.0000
G1 F3300.000
G1 Z1.000
G1 X146.000 Y76.250
G1 X145.000 Y76.250 E0.0249 
G92 E0.0000
; segment
G92 E0.0000
G1 F2400.000
G1 Z1.000
G1 X145.000 Y76.250
G1 X131.250 Y76.250 E0.5697 
G1 X131.250 Y76.750 E0.5904 
G1 X145.000 Y76.750 E1.1601 
G92 E0.0000
; segment
G92 E0.0000
G1 F3300.000
G1 Z1.000
G1 X145.000 Y76.750
G1 X154.000 Y76.750 E0.2237 
G92 E0.0000
; segment
G92 E0.0000
G1 F3300.000
G1 Z1.000
G1 X154.000 Y76.750
G1 X155.000 Y76.750 E0.0249 
G92 E0.0000
; segment
G92 E0.0000
G1 F2400.000
G1 Z1.000
G1 X155.000 Y76.750
G1 X168.750 Y76.750 E0.5697 
G1 X168.750 Y77.250 E0.5904 
G1 X155.000 Y77.250 E1.1601 
G92 E0.0000
; segment
G92 E0.0000
G1 F3300.000
G1 Z1.000
G1 X155.000 Y77.250
G1 X146.000 Y77.250 E0.2237 
G92 E0.0000
; segment
G92 E0.0000
G1 F3300.000
G1 Z1.000
G1 X146.000 Y77.250
G1 X145.000 Y77.250 E0.0249 
G92 E0.0000
; segment
G92 E0.0000
G1 F2400.000
G1 Z1.000
G1 X145.000 Y77.250
G1 X131.250 Y77.250 E0.5697 
G1 X131.250 Y77.750 E0.5904 
G1 X145.000 Y77.750 E1.1601 
G92 E0.0000
; segment
G92 E0.0000
G1 F3300.000
G1 Z1.000
G1 X145.000 Y77.750
G1 X154.000 Y77.750 E0.2237 
G92 E0.0000
; segment
G92 E0.0000
G1 F3300.000
G1 Z1.000
G1 X154.000 Y77.750
G1 X155.000 Y77.750 E0.0249 
G92 E0.0000
; segment
G92 E0.0000
G1 F2400.000
G1 Z1.000
G1 X155.000 Y77.750
G1 X168.750 Y77.750 E0.5697 
G1 X168.750 Y78.250 E0.5904 
G1 X155.000 Y78.250 E1.1601 
G92 E0.0000
; segment
G92 E0.0000
G1 F3300.000
G1 Z1.000
G1 X155.000 Y78.250
G1 X146.000 Y78.250 E0.2237 
G92 E0.0000
; segment
G92 E0.0000
G1 F3300.000
G1 Z1.000
G1 X146.000 Y78.250
G1 X145.000 Y78.250 E0.0249 
G92 E0.0000
; segment
G92 E0.0000
G1 F2400.000
G1 Z1.000
G1 X145.000 Y78.250
G1 X131.250 Y78.250 E0.5697 
G1 X131.250 Y78.750 E0.5904 
G1 X145.000 Y78.750 E1.1601 
G92 E0.0000
; segment
G92 E0.0000
G1 F3300.000
G1 Z1.000
G1 X145.000 Y78.750
G1 X154.000 Y78.750 E0.2237 
G92 E0.0000
; segment
G92 E0.0000
G1 F3300.000
G1 Z1.000
G1 X154.000 Y78.750
G1 X155.000 Y78.750 E0.0249 
G92 E0.0000
; segment
G92 E0.0000
G1 F2400.000
G1 Z1.000
G1 X155.000 Y78.750
G1 X168.750 Y78.750 E0.5697 
G1 X168.750 Y79.250 E0.5904 
G1 X155.000 Y79.250 E1.1601 
G92 E0.0000
; segment
G92 E0.0000
G1 F3300.000
G1 Z1.000
G1 X155.000 Y79.250
G1 X146.000 Y79.250 E0.2237 
G92 E0.0000
; segment
G92 E0.0000
G1 F3300.000
G1 Z1.000
G1 X146.000 Y79.250
G1 X145.000 Y79.250 E0.0249 
G92 E0.0000
; segment
G92 E0.0000
G1 F2400.000
G1 Z1.000
G1 X145.000 Y79.250
G1 X131.250 Y79.250 E0.5697 
G1 X131.250 Y79.750 E0.5904 
G1 X145.000 Y79.750 E1.1601 
G92 E0.0000
; segment
G92 E0.0000
G1 F3300.000
G1 Z1.000
G1 X145.000 Y79.750
G1 X154.000 Y79.750 E0.2237 
G92 E0.0000
; segment
G92 E0.0000
G1 F3300.000
G1 Z1.000
G1 X154.000 Y79.750
G1 X155.000 Y79.750 E0.0249 
G92 E0.0000
; segment
G92 E0.0000
G1 F2400.000
G1 Z1.000
G1 X155.000 Y79.750
G1 X168.750 Y79.750 E0.5697 
G1 X168.750 Y80.250 E0.5904 
G1 X155.000 Y80.250 E1.1601 
G92 E0.0000
; segment
G92 E0.0000
G1 F3300.000
G1 Z1.000
G1 X155.000 Y80.250
G1 X146.000 Y80.250 E0.2237 
G92 E0.0000
; segment
G92 E0.0000
G1 F3300.000
G1 Z1.000
G1 X146.000 Y80.250
G1 X145.000 Y80.250 E0.0249 
G92 E0.0000
; segment
G92 E0.0000
G1 F2400.000
G1 Z1.000
G1 X145.000 Y80.250
G1 X131.250 Y80.250 E0.5697 
G1 X131.250 Y80.750 E0.5904 
G1 X145.000 Y80.750 E1.1601 
G92 E0.0000
; segment
G92 E0.0000
G1 F3300.000
G1 Z1.000
G1 X145.000 Y80.750
G1 X154.000 Y80.750 E0.2237 
G92 E0.0000
; segment
G92 E0.0000
G1 F3300.000
G1 Z1.000
G1 X154.000 Y80.750
G1 X155.000 Y80.750 E0.0249 
G92 E0.0000
; segment
G92 E0.0000
G1 F2400.000
G1 Z1.000
G1 X155.000 Y80.750
G1 X168.750 Y80.750 E0.5697 
G1 X168.750 Y81.250 E0.5904 
G1 X155.000 Y81.250 E1.1601 
G92 E0.0000
; segment
G92 E0.0000
G1 F3300.000
G1 Z1.000
G1 X155.000 Y81.250
G1 X146.000 Y81.250 E0.2237 
G92 E0.0000
; segment
G92 E0.0000
G1 F3300.000
G1 Z1.000
G1 X146.000 Y81.250
G1 X145.000 Y81.250 E0.0249 
G92 E0.0000
; segment
G92 E0.0000
G1 F2400.000
G1 Z1.000
G1 X145.000 Y81.250
G1 X131.250 Y81.250 E0.5697 
G1 X131.250 Y81.750 E0.5904 
G1 X145.000 Y81.750 E1.1601 
G92 E0.0000
; segment
G92 E0.0000
G1 F3300.000
G1 Z1.000
G1 X145.000 Y81.750
G1 X154.000 Y81.750 E0.2237 
G92 E0.0000
; segment
G92 E0.0000
G1 F3300.000
G1 Z1.000
G1 X154.000 Y81.750
G1 X155.000 Y81.750 E0.0249 
G92 E0.0000
; segment
G92 E0.0000
G1 F2400.000
G1 Z1.000
G1 X155.000 Y81.750
G1 X168.750 Y81.750 E0.5697 
G1 X168.750 Y82.250 E0.5904 
G1 X155.000 Y82.250 E1.1601 
G92 E0.0000
; segment
G92 E0.0000
G1 F3300.000
G1 Z1.000
G1 X155.000 Y82.250
G1 X146.000 Y82.250 E0.2237 
G92 E0.0000
; segment
G92 E0.0000
G1 F3300.000
G1 Z1.000
G1 X146.000 Y82.250
G1 X145.000 Y82.250 E0.0249 
G92 E0.0000
; segment
G92 E0.0000
G1 F2400.000
G1 Z1.000
G1 X145.000 Y82.250
G1 X131.250 Y82.250 E0.5697 
G1 X131.250 Y82.750 E0.5904 
G1 X145.000 Y82.750 E1.1601 
G92 E0.0000
; segment
G92 E0.0000
G1 F3300.000
G1 Z1.000
G1 X145.000 Y82.750
G1 X154.000 Y82.750 E0.2237 
G92 E0.0000
; segment
G92 E0.0000
G1 F3300.000
G1 Z1.000
G1 X154.000 Y82.750
G1 X155.000 Y82.750 E0.0249 
G92 E0.0000
; segment
G92 E0.0000
G1 F2400.000
G1 Z1.000
G1 X155.000 Y82.750
G1 X168.750 Y82.750 E0.5697 
G1 X168.750 Y83.250 E0.5904 
G1 X155.000 Y83.250 E1.1601 
G92 E0.0000
; segment
G92 E0.0000
G1 F3300.000
G1 Z1.000
G1 X155.000 Y83.250
G1 X146.000 Y83.250 E0.2237 
G92 E0.0000
; segment
G92 E0.0000
G1 F3300.000
G1 Z1.000
G1 X146.000 Y83.250
G1 X145.000 Y83.250 E0.0249 
G92 E0.0000
; segment
G92 E0.0000
G1 F2400.000
G1 Z1.000
G1 X145.000 Y83.250
G1 X131.250 Y83.250 E0.5697 
G1 X131.250 Y83.750 E0.5904 
G1 X145.000 Y83.750 E1.1601 
G92 E0.0000
; segment
G92 E0.0000
G1 F3300.000
G1 Z1.000
G1 X145.000 Y83.750
G1 X154.000 Y83.750 E0.2237 
G92 E0.0000
; segment
G92 E0.0000
G1 F3300.000
G1 Z1.000
G1 X154.000 Y83.750
G1 X155.000 Y83.750 E0.0249 
G92 E0.0000
; segment
G92 E0.0000
G1 F2400.000
G1 Z1.000
G1 X155.000 Y83.750
G1 X168.750 Y83.750 E0.5697 
G92 E0.0000
; jumping
G92 E0.0000
G1 E-0.500 F2400
G1 X169.750 Y34.750 F12000.000
G1 E0 F2400
G92 E0.0000
; segment
G92 E0.0000
G1 F2400.000
G1 Z1.200
G1 X169.750 Y34.750
G1 X169.750 Y25.250 E0.3936 
G1 X155.000 Y25.250 E1.0047 
G92 E0.0000
; segment
G92 E0.0000
G1 F3300.000
G1 Z1.200
G1 X155.000 Y25.250
G1 X146.000 Y25.250 E0.2237 
G92 E0.0000
; segment
G92 E0.0000
G1 F3300.000
G1 Z1.200
G1 X146.000 Y25.250
G1 X145.000 Y25.250 E0.0249 
G92 E0.0000
; segment
G92 E0.0000
G1 F2400.000
G1 Z1.200
G1 X145.000 Y25.250
G1 X130.250 Y25.250 E0.6111 
G1 X130.250 Y34.750 E1.0047 
G1 X145.000 Y34.750 E1.6158 
G92 E0.0000
; segment
G92 E0.0000
G1 F3300.000
G1 Z1.200
G1 X145.000 Y34.750
G1 X154.000 Y34.750 E0.2237 
G92 E0.0000
; segment
G92 E0.0000
G1 F3300.000
G1 Z1.200
G1 X154.000 Y34.750
G1 X155.000 Y34.750 E0.0249 
G92 E0.0000
; segment
G92 E0.0000
G1 F2400.000
G1 Z1.200
G1 X155.000 Y34.750
G1 X169.750 Y34.750 E0.6111 
G92 E0.0000
; segment
G92 E0.0000
G1 F2400.000
G1 Z1.200
G1 X169.250 Y34.250
G1 X169.250 Y25.750 E0.3522 
G1 X155.000 Y25.750 E0.9426 
G92 E0.0000
; segment
G92 E0.0000
G1 F3300.000
G1 Z1.200
G1 X155.000 Y25.750
G1 X146.000 Y25.750 E0.2237 
G92 E0.0000
; segment
G92 E0.0000
G1 F3300.000
G1 Z1.200
G1 X146.000 Y25.750
G1 X145.000 Y25.750 E0.0249 
G92 E0.0000
; segment
G92 E0.0000
G1 F2400.000
G1 Z1.200
G1 X145.000 Y25.750
G1 X130.750 Y25.750 E0.5904 
G1 X130.750 Y34.250 E0.9426 
G1 X145.000 Y34.250 E1.5330 
G92 E0.0000
; segment
G92 E0.0000
G1 F3300.000
G1 Z1.200
G1 X145.000 Y34.250
G1 X154.000 Y34.250 E0.2237 
G92 E0.0000
; segment
G92 E0.0000
G1 F3300.000
G1 Z1.200
G1 X154.000 Y34.250
G1 X155.000 Y34.250 E0.0249 
G92 E0.0000
; segment
G92 E0.0000
G1 F2400.000
G1 Z1.200
G1 X155.000 Y34.250
G1 X169.250 Y34.250 E0.5904 
G92 E0.0000
; jumping
G92 E0.0000
G1 E-0.500 F2400
G1 X169.750 Y59.750 F12000.000
G1 E0 F2400
G92 E0.0000
; segment
G92 E0.0000
G1 F2400.000
G1 Z1.200
G1 X169.750 Y59.750
G1 X169.750 Y50.250 E0.3936 
G1 X155.000 Y50.250 E1.0047 
G92 E0.0000
; segment
G92 E0.0000
G1 F3300.000
G1 Z1.200
G1 X155.000 Y50.250
G1 X146.000 Y50.250 E0.2237 
G92 E0.0000
; segment
G92 E0.0000
G1 F3300.000
G1 Z1.200
G1 X146.000 Y50.250
G1 X145.000 Y50.250 E0.0249 
G92 E0.0000
; segment
G92 E0.0000
G1 F2400.000
G1 Z1.200
G1 X145.000 Y50.250
G1 X130.250 Y50.250 E0.6111 
G1 X130.250 Y59.750 E1.0047 
G1 X145.000 Y59.750 E1.6158 
G92 E0.0000
; segment
G92 E0.0000
G1 F3300.000
G1 Z1.200
G1 X145.000 Y59.750
G1 X154.000 Y59.750 E0.2237 
G92 E0.0000
; segment
G92 E0.0000
G1 F3300.000
G1 Z1.200
G1 X154.000 Y59.750
G1 X155.000 Y59.750 E0.0249 
G92 E0.0000
; segment
G92 E0.0000
G1 F2400.000
G1 Z1.200
G1 X155.000 Y59.750
G1 X169.750 Y59.750 E0.6111 
G92 E0.0000
; segment
G92 E0.0000
G1 F2400.000
G1 Z1.200
G1 X169.250 Y59.250
G1 X169.250 Y50.750 E0.3522 
G1 X155.000 Y50.750 E0.9426 
G92 E0.0000
; segment
G92 E0.0000
G1 F3300.000
G1 Z1.200
G1 X155.000 Y50.750
G1 X146.000 Y50.750 E0.2237 
G92 E0.0000
; segment
G92 E0.0000
G1 F3300.000
G1 Z1.200
G1 X146.000 Y50.750
G1 X145.000 Y50.750 E0.0249 
G92 E0.0000
; segment
G92 E0.0000
G1 F2400.000
G1 Z1.200
G1 X145.000 Y50.750
G1 X130.750 Y50.750 E0.5904 
G1 X130.750 Y59.250 E0.9426 
G1 X145.000 Y59.250 E1.5330 
G92 E0.0000
; segment
G92 E0.0000
G1 F3300.000
G1 Z1.200
G1 X145.000 Y59.250
G1 X154.000 Y59.250 E0.2237 
G92 E0.0000
; segment
G92 E0.0000
G1 F3300.000
G1 Z1.200
G1 X154.000 Y59.250
G1 X155.000 Y59.250 E0.0249 
G92 E0.0000
; segment
G92 E0.0000
G1 F2400.000
G1 Z1.200
G1 X155.000 Y59.250
G1 X169.250 Y59.250 E0.5904 
G92 E0.0000
; jumping
G92 E0.0000
G1 E-0.500 F2400
G1 X169.750 Y84.750 F12000.000
G1 E0 F2400
G92 E0.0000
; segment
G92 E0.0000
G1 F2400.000
G1 Z1.200
G1 X169.750 Y84.750
G1 X169.750 Y75.250 E0.3936 
G1 X155.000 Y75.250 E1.0047 
G92 E0.0000
; segment
G92 E0.0000
G1 F3300.000
G1 Z1.200
G1 X155.000 Y75.250
G1 X146.000 Y75.250 E0.2237 
G92 E0.0000
; segment
G92 E0.0000
G1 F3300.000
G1 Z1.200
G1 X146.000 Y75.250
G1 X145.000 Y75.250 E0.0249 
G92 E0.0000
; segment
G92 E0.0000
G1 F2400.000
G1 Z1.200
G1 X145.000 Y75.250
G1 X130.250 Y75.250 E0.6111 
G1 X130.250 Y84.750 E1.0047 
G1 X145.000 Y84.750 E1.6158 
G92 E0.0000
; segment
G92 E0.0000
G1 F3300.000
G1 Z1.200
G1 X145.000 Y84.750
G1 X154.000 Y84.750 E0.2237 
G92 E0.0000
; segment
G92 E0.0000
G1 F3300.000
G1 Z1.200
G1 X154.000 Y84.750
G1 X155.000 Y84.750 E0.0249 
G92 E0.0000
; segment
G92 E0.0000
G1 F2400.000
G1 Z1.200
G1 X155.000 Y84.750
G1 X169.750 Y84.750 E0.6111 
G92 E0.0000
; segment
G92 E0.0000
G1 F2400.000
G1 Z1.200
G1 X169.250 Y84.250
G1 X169.250 Y75.750 E0.3522 
G1 X155.000 Y75.750 E0.9426 
G92 E0.0000
; segment
G92 E0.0000
G1 F3300.000
G1 Z1.200
G1 X155.000 Y75.750
G1 X146.000 Y75.750 E0.2237 
G92 E0.0000
; segment
G92 E0.0000
G1 F3300.000
G1 Z1.200
G1 X146.000 Y75.750
G1 X145.000 Y75.750 E0.0249 
G92 E0.0000
; segment
G92 E0.0000
G1 F2400.000
G1 Z1.200
G1 X145.000 Y75.750
G1 X130.750 Y75.750 E0.5904 
G1 X130.750 Y84.250 E0.9426 
G1 X145.000 Y84.250 E1.5330 
G92 E0.0000
; segment
G92 E0.0000
G1 F3300.000
G1 Z1.200
G1 X145.000 Y84.250
G1 X154.000 Y84.250 E0.2237 
G92 E0.0000
; segment
G92 E0.0000
G1 F3300.000
G1 Z1.200
G1 X154.000 Y84.250
G1 X155.000 Y84.250 E0.0249 
G92 E0.0000
; segment
G92 E0.0000
G1 F2400.000
G1 Z1.200
G1 X155.000 Y84.250
G1 X169.250 Y84.250 E0.5904 
G92 E0.0000
; jumping
G92 E0.0000
G1 E-0.500 F2400
G1 X168.750 Y33.750 F12000.000
G1 E0 F2400
G92 E0.0000
; segment
G92 E0.0000
G1 F2400.000
G1 Z1.200
G1 X168.750 Y33.750
G1 X155.000 Y33.750 E0.5697 
G92 E0.0000
; segment
G92 E0.0000
G1 F3300.000
G1 Z1.200
G1 X155.000 Y33.750
G1 X146.000 Y33.750 E0.2237 
G92 E0.0000
; segment
G92 E0.0000
G1 F3300.000
G1 Z1.200
G1 X146.000 Y33.750
G1 X145.000 Y33.750 E0.0249 
G92 E0.0000
; segment
G92 E0.0000
G1 F2400.000
G1 Z1.200
G1 X145.000 Y33.750
G1 X131.250 Y33.750 E0.5697 
G1 X131.250 Y33.250 E0.5904 
G1 X145.000 Y33.250 E1.1601 
G92 E0.0000
; segment
G92 E0.0000
G1 F3300.000
G1 Z1.200
G1 X145.000 Y33.250
G1 X154.000 Y33.250 E0.2237 
G92 E0.0000
; segment
G92 E0.0000
G1 F3300.000
G1 Z1.200
G1 X154.000 Y33.250
G1 X155.000 Y33.250 E0.0249 
G92 E0.0000
; segment
G92 E0.0000
G1 F2400.000
G1 Z1.200
G1 X155.000 Y33.250
G1 X168.750 Y33.250 E0.5697 
G1 X168.750 Y32.750 E0.5904 
G1 X155.000 Y32.750 E1.1601 
G92 E0.0000
; segment
G92 E0.0000
G1 F3300.000
G1 Z1.200
G1 X155.000 Y32.750
G1 X146.000 Y32.750 E0.2237 
G92 E0.0000
; segment
G92 E0.0000
G1 F3300.000
G1 Z1.200
G1 X146.000 Y32.750
G1 X145.000 Y32.750 E0.0249 
G92 E0.0000
; segment
G92 E0.0000
G1 F2400.000
G1 Z1.200
G1 X145.000 Y32.750
G1 X131.250 Y32.750 E0.5697 
G1 X131.250 Y32.250 E0.5904 
G1 X145.000 Y32.250 E1.1601 
G92 E0.0000
; segment
G92 E0.0000
G1 F3300.000
G1 Z1.200
G1 X145.000 Y32.250
G1 X154.000 Y32.250 E0.2237 
G92 E0.0000
; segment
G92 E0.0000
G1 F3300.000
G1 Z1.200
G1 X154.000 Y32.250
G1 X155.000 Y32.250 E0.0249 
G92 E0.0000
; segment
G92 E0.0000
G1 F2400.000
G1 Z1.200
G1 X155.000 Y32.250
G1 X168.750 Y32.250 E0.5697 
G1 X168.750 Y31.750 E0.5904 
G1 X155.000 Y31.750 E1.1601 
G92 E0.0000
; segment
G92 E0.0000
G1 F3300.000
G1 Z1.200
G1 X155.000 Y31.750
G1 X146.000 Y31.750 E0.2237 
G92 E0.0000
; segment
G92 E0.0000
G1 F3300.000
G1 Z1.200
G1 X146.000 Y31.750
G1 X145.000 Y31.750 E0.0249 
G92 E0.0000
; segment
G92 E0.0000
G1 F2400.000
G1 Z1.200
G1 X145.000 Y31.750
G1 X131.250 Y31.750 E0.5697 
G1 X131.250 Y31.250 E0.5904 
G1 X145.000 Y31.250 E1.1601 
G92 E0.0000
; segment
G92 E0.0000
G1 F3300.000
G1 Z1.200
G1 X145.000 Y31.250
G1 X154.000 Y31.250 E0.2237 
G92 E0.0000
; segment
G92 E0.0000
G1 F3300.000
G1 Z1.200
G1 X154.000 Y31.250
G1 X155.000 Y31.250 E0.0249 
G92 E0.0000
; segment
G92 E0.0000
G1 F2400.000
G1 Z1.200
G1 X155.000 Y31.250
G1 X168.750 Y31.250 E0.5697 
G1 X168.750 Y30.750 E0.5904 
G1 X155.000 Y30.750 E1.1601 
G92 E0.0000
; segment
G92 E0.0000
G1 F3300.000
G1 Z1.200
G1 X155.000 Y30.750
G1 X146.000 Y30.750 E0.2237 
G92 E0.0000
; segment
G92 E0.0000
G1 F3300.000
G1 Z1.200
G1 X146.000 Y30.750
G1 X145.000 Y30.750 E0.0249 
G92 E0.0000
; segment
G92 E0.0000
G1 F2400.000
G1 Z1.200
G1 X145.000 Y30.750
G1 X131.250 Y30.750 E0.5697 
G1 X131.250 Y30.250 E0.5904 
G1 X145.000 Y30.250 E1.1601 
G92 E0.0000
; segment
G92 E0.0000
G1 F3300.000
G1 Z1.200
G1 X145.000 Y30.250
G1 X154.000 Y30.250 E0.2237 
G92 E0.0000
; segment
G92 E0.0000
G1 F3300.000
G1 Z1.200
G1 X154.000 Y30.250
G1 X155.000 Y30.250 E0.0249 
G92 E0.0000
; segment
G92 E0.0000
G1 F2400.000
G1 Z1.200
G1 X155.000 Y30.250
G1 X168.750 Y30.250 E0.5697 
G1 X168.750 Y29.750 E0.5904 
G1 X155.000 Y29.750 E1.1601 
G92 E0.0000
; segment
G92 E0.0000
G1 F3300.000
G1 Z1.200
G1 X155.000 Y29.750
G1 X146.000 Y29.750 E0.2237 
G92 E0.0000
; segment
G92 E0.0000
G1 F3300.000
G1 Z1.200
G1 X146.000 Y29.750
G1 X145.000 Y29.750 E0.0249 
G92 E0.0000
; segment
G92 E0.0000
G1 F2400.000
G1 Z1.200
G1 X145.000 Y29.750
G1 X131.250 Y29.750 E0.5697 
G1 X131.250 Y29.250 E0.5904 
G1 X145.000 Y29.250 E1.1601 
G92 E0.0000
; segment
G92 E0.0000
G1 F3300.000
G1 Z1.200
G1 X145.000 Y29.250
G1 X154.000 Y29.250 E0.2237 
G92 E0.0000
; segment
G92 E0.0000
G1 F3300.000
G1 Z1.200
G1 X154.000 Y29.250
G1 X155.000 Y29.250 E0.0249 
G92 E0.0000
; segment
G92 E0.0000
G1 F2400.000
G1 Z1.200
G1 X155.000 Y29.250
G1 X168.750 Y29.250 E0.5697 
G1 X168.750 Y28.750 E0.5904 
G1 X155.000 Y28.750 E1.1601 
G92 E0.0000
; segment
G92 E0.0000
G1 F3300.000
G1 Z1.200
G1 X155.000 Y28.750
G1 X146.000 Y28.750 E0.2237 
G92 E0.0000
; segment
G92 E0.0000
G1 F3300.000
G1 Z1.200
G1 X146.000 Y28.750
G1 X145.000 Y28.750 E0.0249 
G92 E0.0000
; segment
G92 E0.0000
G1 F2400.000
G1 Z1.200
G1 X145.000 Y28.750
G1 X131.250 Y28.750 E0.5697 
G1 X131.250 Y28.250 E0.5904 
G1 X145.000 Y28.250 E1.1601 
G92 E0.0000
; segment
G92 E0.0000
G1 F3300.000
G1 Z1.200
G1 X145.000 Y28.250
G1 X154.000 Y28.250 E0.2237 
G92 E0.0000
; segment
G92 E0.0000
G1 F3300.000
G1 Z1.200
G1 X154.000 Y28.250
G1 X155.000 Y28.250 E0.0249 
G92 E0.0000
; segment
G92 E0.0000
G1 F2400.000
G1 Z1.200
G1 X155.000 Y28.250
G1 X168.750 Y28.250 E0.5697 
G1 X168.750 Y27.750 E0.5904 
G1 X155.000 Y27.750 E1.1601 
G92 E0.0000
; segment
G92 E0.0000
G1 F3300.000
G1 Z1.200
G1 X155.000 Y27.750
G1 X146.000 Y27.750 E0.2237 
G92 E0.0000
; segment
G92 E0.0000
G1 F3300.000
G1 Z1.200
G1 X146.000 Y27.750
G1 X145.000 Y27.750 E0.0249 
G92 E0.0000
; segment
G92 E0.0000
G1 F2400.000
G1 Z1.200
G1 X145.000 Y27.750
G1 X131.250 Y27.750 E0.5697 
G1 X131.250 Y27.250 E0.5904 
G1 X145.000 Y27.250 E1.1601 
G92 E0.0000
; segment
G92 E0.0000
G1 F3300.000
G1 Z1.200
G1 X145.000 Y27.250
G1 X154.000 Y27.250 E0.2237 
G92 E0.0000
; segment
G92 E0.0000
G1 F3300.000
G1 Z1.200
G1 X154.000 Y27.250
G1 X155.000 Y27.250 E0.0249 
G92 E0.0000
; segment
G92 E0.0000
G1 F2400.000
G1 Z1.200
G1 X155.000 Y27.250
G1 X168.750 Y27.250 E0.5697 
G1 X168.750 Y26.750 E0.5904 
G1 X155.000 Y26.750 E1.1601 
G92 E0.0000
; segment
G92 E0.0000
G1 F3300.000
G1 Z1.200
G1 X155.000 Y26.750
G1 X146.000 Y26.750 E0.2237 
G92 E0.0000
; segment
G92 E0.0000
G1 F3300.000
G1 Z1.200
G1 X146.000 Y26.750
G1 X145.000 Y26.750 E0.0249 
G92 E0.0000
; segment
G92 E0.0000
G1 F2400.000
G1 Z1.200
G1 X145.000 Y26.750
G1 X131.250 Y26.750 E0.5697 
G1 X131.250 Y26.250 E0.5904 
G1 X145.000 Y26.250 E1.1601 
G92 E0.0000
; segment
G92 E0.0000
G1 F3300.000
G1 Z1.200
G1 X145.000 Y26.250
G1 X154.000 Y26.250 E0.2237 
G92 E0.0000
; segment
G92 E0.0000
G1 F3300.000
G1 Z1.200
G1 X154.000 Y26.250
G1 X155.000 Y26.250 E0.0249 
G92 E0.0000
; segment
G92 E0.0000
G1 F2400.000
G1 Z1.200
G1 X155.000 Y26.250
G1 X168.750 Y26.250 E0.5697 
G92 E0.0000
; jumping
G92 E0.0000
G1 E-0.500 F2400
G1 X168.750 Y58.750 F12000.000
G1 E0 F2400
G92 E0.0000
; segment
G92 E0.0000
G1 F2400.000
G1 Z1.200
G1 X168.750 Y58.750
G1 X155.000 Y58.750 E0.5697 
G92 E0.0000
; segment
G92 E0.0000
G1 F3300.000
G1 Z1.200
G1 X155.000 Y58.750
G1 X146.000 Y58.750 E0.2237 
G92 E0.0000
; segment
G92 E0.0000
G1 F3300.000
G1 Z1.200
G1 X146.000 Y58.750
G1 X145.000 Y58.750 E0.0249 
G92 E0.0000
; segment
G92 E0.0000
G1 F2400.000
G1 Z1.200
G1 X145.000 Y58.750
G1 X131.250 Y58.750 E0.5697 
G1 X131.250 Y58.250 E0.5904 
G1 X145.000 Y58.250 E1.1601 
G92 E0.0000
; segment
G92 E0.0000
G1 F3300.000
G1 Z1.200
G1 X145.000 Y58.250
G1 X154.000 Y58.250 E0.2237 
G92 E0.0000
; segment
G92 E0.0000
G1 F3300.000
G1 Z1.200
G1 X154.000 Y58.250
G1 X155.000 Y58.250 E0.0249 
G92 E0.0000
; segment
G92 E0.0000
G1 F2400.000
G1 Z1.200
G1 X155.000 Y58.250
G1 X168.750 Y58.250 E0.5697 
G1 X168.750 Y57.750 E0.5904 
G1 X155.000 Y57.750 E1.1601 
G92 E0.0000
; segment
G92 E0.0000
G1 F3300.000
G1 Z1.200
G1 X155.000 Y57.750
G1 X146.000 Y57.750 E0.2237 
G92 E0.0000
; segment
G92 E0.0000
G1 F3300.000
G1 Z1.200
G1 X146.000 Y57.750
G1 X145.000 Y57.750 E0.0249 
G92 E0.0000
; segment
G92 E0.0000
G1 F2400.000
G1 Z1.200
G1 X145.000 Y57.750
G1 X131.250 Y57.750 E0.5697 
G1 X131.250 Y57.250 E0.5904 
G1 X145.000 Y57.250 E1.1601 
G92 E0.0000
; segment
G92 E0.0000
G1 F3300.000
G1 Z1.200
G1 X145.000 Y57.250
G1 X154.000 Y57.250 E0.2237 
G92 E0.0000
; segment
G92 E0.0000
G1 F3300.000
G1 Z1.200
G1 X154.000 Y57.250
G1 X155.000 Y57.250 E0.0249 
G92 E0.0000
; segment
G92 E0.0000
G1 F2400.000
G1 Z1.200
G1 X155.000 Y57.250
G1 X168.750 Y57.250 E0.5697 
G1 X168.750 Y56.750 E0.5904 
G1 X155.000 Y56.750 E1.1601 
G92 E0.0000
; segment
G92 E0.0000
G1 F3300.000
G1 Z1.200
G1 X155.000 Y56.750
G1 X146.000 Y56.750 E0.2237 
G92 E0.0000
; segment
G92 E0.0000
G1 F3300.000
G1 Z1.200
G1 X146.000 Y56.750
G1 X145.000 Y56.750 E0.0249 
G92 E0.0000
; segment
G92 E0.0000
G1 F2400.000
G1 Z1.200
G1 X145.000 Y56.750
G1 X131.250 Y56.750 E0.5697 
G1 X131.250 Y56.250 E0.5904 
G1 X145.000 Y56.250 E1.1601 
G92 E0.0000
; segment
G92 E0.0000
G1 F3300.000
G1 Z1.200
G1 X145.000 Y56.250
G1 X154.000 Y56.250 E0.2237 
G92 E0.0000
; segment
G92 E0.0000
G1 F3300.000
G1 Z1.200
G1 X154.000 Y56.250
G1 X155.000 Y56.250 E0.0249 
G92 E0.0000
; segment
G92 E0.0000
G1 F2400.000
G1 Z1.200
G1 X155.000 Y56.250
G1 X168.750 Y56.250 E0.5697 
G1 X168.750 Y55.750 E0.5904 
G1 X155.000 Y55.750 E1.1601 
G92 E0.0000
; segment
G92 E0.0000
G1 F3300.000
G1 Z1.200
G1 X155.000 Y55.750
G1 X146.000 Y55.750 E0.2237 
G92 E0.0000
; segment
G92 E0.0000
G1 F3300.000
G1 Z1.200
G1 X146.000 Y55.750
G1 X145.000 Y55.750 E0.0249 
G92 E0.0000
; segment
G92 E0.0000
G1 F2400.000
G1 Z1.200
G1 X145.000 Y55.750
G1 X131.250 Y55.750 E0.5697 
G1 X131.250 Y55.250 E0.5904 
G1 X145.000 Y55.250 E1.1601 
G92 E0.0000
; segment
G92 E0.0000
G1 F3300.000
G1 Z1.200
G1 X145.000 Y55.250
G1 X154.000 Y55.250 E0.2237 
G92 E0.0000
; segment
G92 E0.0000
G1 F3300.000
G1 Z1.200
G1 X154.000 Y55.250
G1 X155.000 Y55.250 E0.0249 
G92 E0.0000
; segment
G92 E0.0000
G1 F2400.000
G1 Z1.200
G1 X155.000 Y55.250
G1 X168.750 Y55.250 E0.5697 
G1 X168.750 Y54.750 E0.5904 
G1 X155.000 Y54.750 E1.1601 
G92 E0.0000
; segment
G92 E0.0000
G1 F3300.000
G1 Z1.200
G1 X155.000 Y54.750
G1 X146.000 Y54.750 E0.2237 
G92 E0.0000
; segment
G92 E0.0000
G1 F3300.000
G1 Z1.200
G1 X146.000 Y54.750
G1 X145.000 Y54.750 E0.0249 
G92 E0.0000
; segment
G92 E0.0000
G1 F2400.000
G1 Z1.200
G1 X145.000 Y54.750
G1 X131.250 Y54.750 E0.5697 
G1 X131.250 Y54.250 E0.5904 
G1 X145.000 Y54.250 E1.1601 
G92 E0.0000
; segment
G92 E0.0000
G1 F3300.000
G1 Z1.200
G1 X145.000 Y54.250
G1 X154.000 Y54.250 E0.2237 
G92 E0.0000
; segment
G92 E0.0000
G1 F3300.000
G1 Z1.200
G1 X154.000 Y54.250
G1 X155.000 Y54.250 E0.0249 
G92 E0.0000
; segment
G92 E0.0000
G1 F2400.000
G1 Z1.200
G1 X155.000 Y54.250
G1 X168.750 Y54.250 E0.5697 
G1 X168.750 Y53.750 E0.5904 
G1 X155.000 Y53.750 E1.1601 
G92 E0.0000
; segment
G92 E0.0000
G1 F3300.000
G1 Z1.200
G1 X155.000 Y53.750
G1 X146.000 Y53.750 E0.2237 
G92 E0.0000
; segment
G92 E0.0000
G1 F3300.000
G1 Z1.200
G1 X146.000 Y53.750
G1 X145.000 Y53.750 E0.0249 
G92 E0.0000
; segment
G92 E0.0000
G1 F2400.000
G1 Z1.200
G1 X145.000 Y53.750
G1 X131.250 Y53.750 E0.5697 
G1 X131.250 Y53.250 E0.5904 
G1 X145.000 Y53.250 E1.1601 
G92 E0.0000
; segment
G92 E0.0000
G1 F3300.000
G1 Z1.200
G1 X145.000 Y53.250
G1 X154.000 Y53.250 E0.2237 
G92 E0.0000
; segment
G92 E0.0000
G1 F3300.000
G1 Z1.200
G1 X154.000 Y53.250
G1 X155.000 Y53.250 E0.0249 
G92 E0.0000
; segment
G92 E0.0000
G1 F2400.000
G1 Z1.200
G1 X155.000 Y53.250
G1 X168.750 Y53.250 E0.5697 
G1 X168.750 Y52.750 E0.5904 
G1 X155.000 Y52.750 E1.1601 
G92 E0.0000
; segment
G92 E0.0000
G1 F3300.000
G1 Z1.200
G1 X155.000 Y52.750
G1 X146.000 Y52.750 E0.2237 
G92 E0.0000
; segment
G92 E0.0000
G1 F3300.000
G1 Z1.200
G1 X146.000 Y52.750
G1 X145.000 Y52.750 E0.0249 
G92 E0.0000
; segment
G92 E0.0000
G1 F2400.000
G1 Z1.200
G1 X145.000 Y52.750
G1 X131.250 Y52.750 E0.5697 
G1 X131.250 Y52.250 E0.5904 
G1 X145.000 Y52.250 E1.1601 
G92 E0.0000
; segment
G92 E0.0000
G1 F3300.000
G1 Z1.200
G1 X145.000 Y52.250
G1 X154.000 Y52.250 E0.2237 
G92 E0.0000
; segment
G92 E0.0000
G1 F3300.000
G1 Z1.200
G1 X154.000 Y52.250
G1 X155.000 Y52.250 E0.0249 
G92 E0.0000
; segment
G92 E0.0000
G1 F2400.000
G1 Z1.200
G1 X155.000 Y52.250
G1 X168.750 Y52.250 E0.5697 
G1 X168.750 Y51.750 E0.5904 
G1 X155.000 Y51.750 E1.1601 
G92 E0.0000
; segment
G92 E0.0000
G1 F3300.000
G1 Z1.200
G1 X155.000 Y51.750
G1 X146.000 Y51.750 E0.2237 
G92 E0.0000
; segment
G92 E0.0000
G1 F3300.000
G1 Z1.200
G1 X146.000 Y51.750
G1 X145.000 Y51.750 E0.0249 
G92 E0.0000
; segment
G92 E0.0000
G1 F2400.000
G1 Z1.200
G1 X145.000 Y51.750
G1 X131.250 Y51.750 E0.5697 
G1 X131.250 Y51.250 E0.5904 
G1 X145.000 Y51.250 E1.1601 
G92 E0.0000
; segment
G92 E0.0000
G1 F3300.000
G1 Z1.200
G1 X145.000 Y51.250
G1 X154.000 Y51.250 E0.2237 
G92 E0.0000
; segment
G92 E0.0000
G1 F3300.000
G1 Z1.200
G1 X154.000 Y51.250
G1 X155.000 Y51.250 E0.0249 
G92 E0.0000
; segment
G92 E0.0000
G1 F2400.000
G1 Z1.200
G1 X155.000 Y51.250
G1 X168.750 Y51.250 E0.5697 
G92 E0.0000
; jumping
G92 E0.0000
G1 E-0.500 F2400
G1 X168.750 Y83.750 F12000.000
G1 E0 F2400
G92 E0.0000
; segment
G92 E0.0000
G1 F2400.000
G1 Z1.200
G1 X168.750 Y83.750
G1 X155.000 Y83.750 E0.5697 
G92 E0.0000
; segment
G92 E0.0000
G1 F3300.000
G1 Z1.200
G1 X155.000 Y83.750
G1 X146.000 Y83.750 E0.2237 
G92 E0.0000
; segment
G92 E0.0000
G1 F3300.000
G1 Z1.200
G1 X146.000 Y83.750
G1 X145.000 Y83.750 E0.0249 
G92 E0.0000
; segment
G92 E0.0000
G1 F2400.000
G1 Z1.200
G1 X145.000 Y83.750
G1 X131.250 Y83.750 E0.5697 
G1 X131.250 Y83.250 E0.5904 
G1 X145.000 Y83.250 E1.1601 
G92 E0.0000
; segment
G92 E0.0000
G1 F3300.000
G1 Z1.200
G1 X145.000 Y83.250
G1 X154.000 Y83.250 E0.2237 
G92 E0.0000
; segment
G92 E0.0000
G1 F3300.000
G1 Z1.200
G1 X154.000 Y83.250
G1 X155.000 Y83.250 E0.0249 
G92 E0.0000
; segment
G92 E0.0000
G1 F2400.000
G1 Z1.200
G1 X155.000 Y83.250
G1 X168.750 Y83.250 E0.5697 
G1 X168.750 Y82.750 E0.5904 
G1 X155.000 Y82.750 E1.1601 
G92 E0.0000
; segment
G92 E0.0000
G1 F3300.000
G1 Z1.200
G1 X155.000 Y82.750
G1 X146.000 Y82.750 E0.2237 
G92 E0.0000
; segment
G92 E0.0000
G1 F3300.000
G1 Z1.200
G1 X146.000 Y82.750
G1 X145.000 Y82.750 E0.0249 
G92 E0.0000
; segment
G92 E0.0000
G1 F2400.000
G1 Z1.200
G1 X145.000 Y82.750
G1 X131.250 Y82.750 E0.5697 
G1 X131.250 Y82.250 E0.5904 
G1 X145.000 Y82.250 E1.1601 
G92 E0.0000
; segment
G92 E0.0000
G1 F3300.000
G1 Z1.200
G1 X145.000 Y82.250
G1 X154.000 Y82.250 E0.2237 
G92 E0.0000
; segment
G92 E0.0000
G1 F3300.000
G1 Z1.200
G1 X154.000 Y82.250
G1 X155.000 Y82.250 E0.0249 
G92 E0.0000
; segment
G92 E0.0000
G1 F2400.000
G1 Z1.200
G1 X155.000 Y82.250
G1 X168.750 Y82.250 E0.5697 
G1 X168.750 Y81.750 E0.5904 
G1 X155.000 Y81.750 E1.1601 
G92 E0.0000
; segment
G92 E0.0000
G1 F3300.000
G1 Z1.200
G1 X155.000 Y81.750
G1 X146.000 Y81.750 E0.2237 
G92 E0.0000
; segment
G92 E0.0000
G1 F3300.000
G1 Z1.200
G1 X146.000 Y81.750
G1 X145.000 Y81.750 E0.0249 
G92 E0.0000
; segment
G92 E0.0000
G1 F2400.000
G1 Z1.200
G1 X145.000 Y81.750
G1 X131.250 Y81.750 E0.5697 
G1 X131.250 Y81.250 E0.5904 
G1 X145.000 Y81.250 E1.1601 
G92 E0.0000
; segment
G92 E0.0000
G1 F3300.000
G1 Z1.200
G1 X145.000 Y81.250
G1 X154.000 Y81.250 E0.2237 
G92 E0.0000
; segment
G92 E0.0000
G1 F3300.000
G1 Z1.200
G1 X154.000 Y81.250
G1 X155.000 Y81.250 E0.0249 
G92 E0.0000
; segment
G92 E0.0000
G1 F2400.000
G1 Z1.200
G1 X155.000 Y81.250
G1 X168.750 Y81.250 E0.5697 
G1 X168.750 Y80.750 E0.5904 
G1 X155.000 Y80.750 E1.1601 
G92 E0.0000
; segment
G92 E0.0000
G1 F3300.000
G1 Z1.200
G1 X155.000 Y80.750
G1 X146.000 Y80.750 E0.2237 
G92 E0.0000
; segment
G92 E0.0000
G1 F3300.000
G1 Z1.200
G1 X146.000 Y80.750
G1 X145.000 Y80.750 E0.0249 
G92 E0.0000
; segment
G92 E0.0000
G1 F2400.000
G1 Z1.200
G1 X145.000 Y80.750
G1 X131.250 Y80.750 E0.5697 
G1 X131.250 Y80.250 E0.5904 
G1 X145.000 Y80.250 E1.1601 
G92 E0.0000
; segment
G92 E0.0000
G1 F3300.000
G1 Z1.200
G1 X145.000 Y80.250
G1 X154.000 Y80.250 E0.2237 
G92 E0.0000
; segment
G92 E0.0000
G1 F3300.000
G1 Z1.200
G1 X154.000 Y80.250
G1 X155.000 Y80.250 E0.0249 
G92 E0.0000
; segment
G92 E0.0000
G1 F2400.000
G1 Z1.200
G1 X155.000 Y80.250
G1 X168.750 Y80.250 E0.5697 
G1 X168.750 Y79.750 E0.5904 
G1 X155.000 Y79.750 E1.1601 
G92 E0.0000
; segment
G92 E0.0000
G1 F3300.000
G1 Z1.200
G1 X155.000 Y79.750
G1 X146.000 Y79.750 E0.2237 
G92 E0.0000
; segment
G92 E0.0000
G1 F3300.000
G1 Z1.200
G1 X146.000 Y79.750
G1 X145.000 Y79.750 E0.0249 
G92 E0.0000
; segment
G92 E0.0000
G1 F2400.000
G1 Z1.200
G1 X145.000 Y79.750
G1 X131.250 Y79.750 E0.5697 
G1 X131.250 Y79.250 E0.5904 
G1 X145.000 Y79.250 E1.1601 
G92 E0.0000
; segment
G92 E0.0000
G1 F3300.000
G1 Z1.200
G1 X145.000 Y79.250
G1 X154.000 Y79.250 E0.2237 
G92 E0.0000
; segment
G92 E0.0000
G1 F3300.000
G1 Z1.200
G1 X154.000 Y79.250
G1 X155.000 Y79.250 E0.0249 
G92 E0.0000
; segment
G92 E0.0000
G1 F2400.000
G1 Z1.200
G1 X155.000 Y79.250
G1 X168.750 Y79.250 E0.5697 
G1 X168.750 Y78.750 E0.5904 
G1 X155.000 Y78.750 E1.1601 
G92 E0.0000
; segment
G92 E0.0000
G1 F3300.000
G1 Z1.200
G1 X155.000 Y78.750
G1 X146.000 Y78.750 E0.2237 
G92 E0.0000
; segment
G92 E0.0000
G1 F3300.000
G1 Z1.200
G1 X146.000 Y78.750
G1 X145.000 Y78.750 E0.0249 
G92 E0.0000
; segment
G92 E0.0000
G1 F2400.000
G1 Z1.200
G1 X145.000 Y78.750
G1 X131.250 Y78.750 E0.5697 
G1 X131.250 Y78.250 E0.5904 
G1 X145.000 Y78.250 E1.1601 
G92 E0.0000
; segment
G92 E0.0000
G1 F3300.000
G1 Z1.200
G1 X145.000 Y78.250
G1 X154.000 Y78.250 E0.2237 
G92 E0.0000
; segment
G92 E0.0000
G1 F3300.000
G1 Z1.200
G1 X154.000 Y78.250
G1 X155.000 Y78.250 E0.0249 
G92 E0.0000
; segment
G92 E0.0000
G1 F2400.000
G1 Z1.200
G1 X155.000 Y78.250
G1 X168.750 Y78.250 E0.5697 
G1 X168.750 Y77.750 E0.5904 
G1 X155.000 Y77.750 E1.1601 
G92 E0.0000
; segment
G92 E0.0000
G1 F3300.000
G1 Z1.200
G1 X155.000 Y77.750
G1 X146.000 Y77.750 E0.2237 
G92 E0.0000
; segment
G92 E0.0000
G1 F3300.000
G1 Z1.200
G1 X146.000 Y77.750
G1 X145.000 Y77.750 E0.0249 
G92 E0.0000
; segment
G92 E0.0000
G1 F2400.000
G1 Z1.200
G1 X145.000 Y77.750
G1 X131.250 Y77.750 E0.5697 
G1 X131.250 Y77.250 E0.5904 
G1 X145.000 Y77.250 E1.1601 
G92 E0.0000
; segment
G92 E0.0000
G1 F3300.000
G1 Z1.200
G1 X145.000 Y77.250
G1 X154.000 Y77.250 E0.2237 
G92 E0.0000
; segment
G92 E0.0000
G1 F3300.000
G1 Z1.200
G1 X154.000 Y77.250
G1 X155.000 Y77.250 E0.0249 
G92 E0.0000
; segment
G92 E0.0000
G1 F2400.000
G1 Z1.200
G1 X155.000 Y77.250
G1 X168.750 Y77.250 E0.5697 
G1 X168.750 Y76.750 E0.5904 
G1 X155.000 Y76.750 E1.1601 
G92 E0.0000
; segment
G92 E0.0000
G1 F3300.000
G1 Z1.200
G1 X155.000 Y76.750
G1 X146.000 Y76.750 E0.2237 
G92 E0.0000
; segment
G92 E0.0000
G1 F3300.000
G1 Z1.200
G1 X146.000 Y76.750
G1 X145.000 Y76.750 E0.0249 
G92 E0.0000
; segment
G92 E0.0000
G1 F2400.000
G1 Z1.200
G1 X145.000 Y76.750
G1 X131.250 Y76.750 E0.5697 
G1 X131.250 Y76.250 E0.5904 
G1 X145.000 Y76.250 E1.1601 
G92 E0.0000
; segment
G92 E0.0000
G1 F3300.000
G1 Z1.200
G1 X145.000 Y76.250
G1 X154.000 Y76.250 E0.2237 
G92 E0.0000
; segment
G92 E0.0000
G1 F3300.000
G1 Z1.200
G1 X154.000 Y76.250
G1 X155.000 Y76.250 E0.0249 
G92 E0.0000
; segment
G92 E0.0000
G1 F2400.000
G1 Z1.200
G1 X155.000 Y76.250
G1 X168.750 Y76.250 E0.5697 
G92 E0.0000
; jumping
G92 E0.0000
G1 E-0.500 F2400
G1 X169.750 Y25.250 F12000.000
G1 E0 F2400
G92 E0.0000
; segment
G92 E0.0000
G1 F2400.000
G1 Z1.400
G1 X169.750 Y25.250
G1 X155.000 Y25.250 E0.6111 
G92 E0.0000
; segment
G92 E0.0000
G1 F3300.000
G1 Z1.400
G1 X155.000 Y25.250
G1 X146.000 Y25.250 E0.2237 
G92 E0.0000
; segment
G92 E0.0000
G1 F3300.000
G1 Z1.400
G1 X146.000 Y25.250
G1 X145.000 Y25.250 E0.0249 
G92 E0.0000
; segment
G92 E0.0000
G1 F2400.000
G1 Z1.400
G1 X145.000 Y25.250
G1 X130.250 Y25.250 E0.6111 
G1 X130.250 Y34.750 E1.0047 
G1 X145.000 Y34.750 E1.6158 
G92 E0.0000
; segment
G92 E0.0000
G1 F3300.000
G1 Z1.400
G1 X145.000 Y34.750
G1 X154.000 Y34.750 E0.2237 
G92 E0.0000
; segment
G92 E0.0000
G1 F3300.000
G1 Z1.400
G1 X154.000 Y34.750
G1 X155.000 Y34.750 E0.0249 
G92 E0.0000
; segment
G92 E0.0000
G1 F2400.000
G1 Z1.400
G1 X155.000 Y34.750
G1 X169.750 Y34.750 E0.6111 
G1 X169.750 Y25.250 E1.0047 
G92 E0.0000
; segment
G92 E0.0000
G1 F2400.000
G1 Z1.400
G1 X169.250 Y25.750
G1 X155.000 Y25.750 E0.5904 
G92 E0.0000
; segment
G92 E0.0000
G1 F3300.000
G1 Z1.400
G1 X155.000 Y25.750
G1 X146.000 Y25.750 E0.2237 
G92 E0.0000
; segment
G92 E0.0000
G1 F3300.000
G1 Z1.400
G1 X146.000 Y25.750
G1 X145.000 Y25.750 E0.0249 
G92 E0.0000
; segment
G92 E0.0000
G1 F2400.000
G1 Z1.400
G1 X145.000 Y25.750
G1 X130.750 Y25.750 E0.5904 
G1 X130.750 Y34.250 E0.9426 
G1 X145.000 Y34.250 E1.5330 
G92 E0.0000
; segment
G92 E0.0000
G1 F3300.000
G1 Z1.400
G1 X145.000 Y34.250
G1 X154.000 Y34.250 E0.2237 
G92 E0.0000
; segment
G92 E0.0000
G1 F3300.000
G1 Z1.400
G1 X154.000 Y34.250
G1 X155.000 Y34.250 E0.0249 
G92 E0.0000
; segment
G92 E0.0000
G1 F2400.000
G1 Z1.400
G1 X155.000 Y34.250
G1 X169.250 Y34.250 E0.5904 
G1 X169.250 Y25.750 E0.9426 
G92 E0.0000
; jumping
G92 E0.0000
G1 E-0.500 F2400
G1 X169.750 Y50.250 F12000.000
G1 E0 F2400
G92 E0.0000
; segment
G92 E0.0000
G1 F2400.000
G1 Z1.400
G1 X169.750 Y50.250
G1 X155.000 Y50.250 E0.6111 
G92 E0.0000
; segment
G92 E0.0000
G1 F3300.000
G1 Z1.400
G1 X155.000 Y50.250
G1 X146.000 Y50.250 E0.2237 
G92 E0.0000
; segment
G92 E0.0000
G1 F3300.000
G1 Z1.400
G1 X146.000 Y50.250
G1 X145.000 Y50.250 E0.0249 
G92 E0.0000
; segment
G92 E0.0000
G1 F2400.000
G1 Z1.400
G1 X145.000 Y50.250
G1 X130.250 Y50.250 E0.6111 
G1 X130.250 Y59.750 E1.0047 
G1 X145.000 Y59.750 E1.6158 
G92 E0.0000
; segment
G92 E0.0000
G1 F3300.000
G1 Z1.400
G1 X145.000 Y59.750
G1 X154.000 Y59.750 E0.2237 
G92 E0.0000
; segment
G92 E0.0000
G1 F3300.000
G1 Z1.400
G1 X154.000 Y59.750
G1 X155.000 Y59.750 E0.0249 
G92 E0.0000
; segment
G92 E0.0000
G1 F2400.000
G1 Z1.400
G1 X155.000 Y59.750
G1 X169.750 Y59.750 E0.6111 
G1 X169.750 Y50.250 E1.0047 
G92 E0.0000
; segment
G92 E0.0000
G1 F2400.000
G1 Z1.400
G1 X169.250 Y50.750
G1 X155.000 Y50.750 E0.5904 
G92 E0.0000
; segment
G92 E0.0000
G1 F3300.000
G1 Z1.400
G1 X155.000 Y50.750
G1 X146.000 Y50.750 E0.2237 
G92 E0.0000
; segment
G92 E0.0000
G1 F3300.000
G1 Z1.400
G1 X146.000 Y50.750
G1 X145.000 Y50.750 E0.0249 
G92 E0.0000
; segment
G92 E0.0000
G1 F2400.000
G1 Z1.400
G1 X145.000 Y50.750
G1 X130.750 Y50.750 E0.5904 
G1 X130.750 Y59.250 E0.9426 
G1 X145.000 Y59.250 E1.5330 
G92 E0.0000
; segment
G92 E0.0000
G1 F3300.000
G1 Z1.400
G1 X145.000 Y59.250
G1 X154.000 Y59.250 E0.2237 
G92 E0.0000
; segment
G92 E0.0000
G1 F3300.000
G1 Z1.400
G1 X154.000 Y59.250
G1 X155.000 Y59.250 E0.0249 
G92 E0.0000
; segment
G92 E0.0000
G1 F2400.000
G1 Z1.400
G1 X155.000 Y59.250
G1 X169.250 Y59.250 E0.5904 
G1 X169.250 Y50.750 E0.9426 
G92 E0.0000
; jumping
G92 E0.0000
G1 E-0.500 F2400
G1 X169.750 Y75.250 F12000.000
G1 E0 F2400
G92 E0.0000
; segment
G92 E0.0000
G1 F2400.000
G1 Z1.400
G1 X169.750 Y75.250
G1 X155.000 Y75.250 E0.6111 
G92 E0.0000
; segment
G92 E0.0000
G1 F3300.000
G1 Z1.400
G1 X155.000 Y75.250
G1 X146.000 Y75.250 E0.2237 
G92 E0.0000
; segment
G92 E0.0000
G1 F3300.000
G1 Z1.400
G1 X146.000 Y75.250
G1 X145.000 Y75.250 E0.0249 
G92 E0.0000
; segment
G92 E0.0000
G1 F2400.000
G1 Z1.400
G1 X145.000 Y75.250
G1 X130.250 Y75.250 E0.6111 
G1 X130.250 Y84.750 E1.0047 
G1 X145.000 Y84.750 E1.6158 
G92 E0.0000
; segment
G92 E0.0000
G1 F3300.000
G1 Z1.400
G1 X145.000 Y84.750
G1 X154.000 Y84.750 E0.2237 
G92 E0.0000
; segment
G92 E0.0000
G1 F3300.000
G1 Z1.400
G1 X154.000 Y84.750
G1 X155.000 Y84.750 E0.0249 
G92 E0.0000
; segment
G92 E0.0000
G1 F2400.000
G1 Z1.400
G1 X155.000 Y84.750
G1 X169.750 Y84.750 E0.6111 
G1 X169.750 Y75.250 E1.0047 
G92 E0.0000
; segment
G92 E0.0000
G1 F2400.000
G1 Z1.400
G1 X169.250 Y75.750
G1 X155.000 Y75.750 E0.5904 
G92 E0.0000
; segment
G92 E0.0000
G1 F3300.000
G1 Z1.400
G1 X155.000 Y75.750
G1 X146.000 Y75.750 E0.2237 
G92 E0.0000
; segment
G92 E0.0000
G1 F3300.000
G1 Z1.400
G1 X146.000 Y75.750
G1 X145.000 Y75.750 E0.0249 
G92 E0.0000
; segment
G92 E0.0000
G1 F2400.000
G1 Z1.400
G1 X145.000 Y75.750
G1 X130.750 Y75.750 E0.5904 
G1 X130.750 Y84.250 E0.9426 
G1 X145.000 Y84.250 E1.5330 
G92 E0.0000
; segment
G92 E0.0000
G1 F3300.000
G1 Z1.400
G1 X145.000 Y84.250
G1 X154.000 Y84.250 E0.2237 
G92 E0.0000
; segment
G92 E0.0000
G1 F3300.000
G1 Z1.400
G1 X154.000 Y84.250
G1 X155.000 Y84.250 E0.0249 
G92 E0.0000
; segment
G92 E0.0000
G1 F2400.000
G1 Z1.400
G1 X155.000 Y84.250
G1 X169.250 Y84.250 E0.5904 
G1 X169.250 Y75.750 E0.9426 
G92 E0.0000
; jumping
G92 E0.0000
G1 E-0.500 F2400
G1 X168.750 Y26.250 F12000.000
G1 E0 F2400
G92 E0.0000
; segment
G92 E0.0000
G1 F2400.000
G1 Z1.400
G1 X168.750 Y26.250
G1 X155.000 Y26.250 E0.5697 
G92 E0.0000
; segment
G92 E0.0000
G1 F3300.000
G1 Z1.400
G1 X155.000 Y26.250
G1 X146.000 Y26.250 E0.2237 
G92 E0.0000
; segment
G92 E0.0000
G1 F3300.000
G1 Z1.400
G1 X146.000 Y26.250
G1 X145.000 Y26.250 E0.0249 
G92 E0.0000
; segment
G92 E0.0000
G1 F2400.000
G1 Z1.400
G1 X145.000 Y26.250
G1 X131.250 Y26.250 E0.5697 
G1 X131.250 Y26.750 E0.5904 
G1 X145.000 Y26.750 E1.1601 
G92 E0.0000
; segment
G92 E0.0000
G1 F3300.000
G1 Z1.400
G1 X145.000 Y26.750
G1 X154.000 Y26.750 E0.2237 
G92 E0.0000
; segment
G92 E0.0000
G1 F3300.000
G1 Z1.400
G1 X154.000 Y26.750
G1 X155.000 Y26.750 E0.0249 
G92 E0.0000
; segment
G92 E0.0000
G1 F2400.000
G1 Z1.400
G1 X155.000 Y26.750
G1 X168.750 Y26.750 E0.5697 
G1 X168.750 Y27.250 E0.5904 
G1 X155.000 Y27.250 E1.1601 
G92 E0.0000
; segment
G92 E0.0000
G1 F3300.000
G1 Z1.400
G1 X155.000 Y27.250
G1 X146.000 Y27.250 E0.2237 
G92 E0.0000
; segment
G92 E0.0000
G1 F3300.000
G1 Z1.400
G1 X146.000 Y27.250
G1 X145.000 Y27.250 E0.0249 
G92 E0.0000
; segment
G92 E0.0000
G1 F2400.000
G1 Z1.400
G1 X145.000 Y27.250
G1 X131.250 Y27.250 E0.5697 
G1 X131.250 Y27.750 E0.5904 
G1 X145.000 Y27.750 E1.1601 
G92 E0.0000
; segment
G92 E0.0000
G1 F3300.000
G1 Z1.400
G1 X145.000 Y27.750
G1 X154.000 Y27.750 E0.2237 
G92 E0.0000
; segment
G92 E0.0000
G1 F3300.000
G1 Z1.400
G1 X154.000 Y27.750
G1 X155.000 Y27.750 E0.0249 
G92 E0.0000
; segment
G92 E0.0000
G1 F2400.000
G1 Z1.400
G1 X155.000 Y27.750
G1 X168.750 Y27.750 E0.5697 
G1 X168.750 Y28.250 E0.5904 
G1 X155.000 Y28.250 E1.1601 
G92 E0.0000
; segment
G92 E0.0000
G1 F3300.000
G1 Z1.400
G1 X155.000 Y28.250
G1 X146.000 Y28.250 E0.2237 
G92 E0.0000
; segment
G92 E0.0000
G1 F3300.000
G1 Z1.400
G1 X146.000 Y28.250
G1 X145.000 Y28.250 E0.0249 
G92 E0.0000
; segment
G92 E0.0000
G1 F2400.000
G1 Z1.400
G1 X145.000 Y28.250
G1 X131.250 Y28.250 E0.5697 
G1 X131.250 Y28.750 E0.5904 
G1 X145.000 Y28.750 E1.1601 
G92 E0.0000
; segment
G92 E0.0000
G1 F3300.000
G1 Z1.400
G1 X145.000 Y28.750
G1 X154.000 Y28.750 E0.2237 
G92 E0.0000
; segment
G92 E0.0000
G1 F3300.000
G1 Z1.400
G1 X154.000 Y28.750
G1 X155.000 Y28.750 E0.0249 
G92 E0.0000
; segment
G92 E0.0000
G1 F2400.000
G1 Z1.400
G1 X155.000 Y28.750
G1 X168.750 Y28.750 E0.5697 
G1 X168.750 Y29.250 E0.5904 
G1 X155.000 Y29.250 E1.1601 
G92 E0.0000
; segment
G92 E0.0000
G1 F3300.000
G1 Z1.400
G1 X155.000 Y29.250
G1 X146.000 Y29.250 E0.2237 
G92 E0.0000
; segment
G92 E0.0000
G1 F3300.000
G1 Z1.400
G1 X146.000 Y29.250
G1 X145.000 Y29.250 E0.0249 
G92 E0.0000
; segment
G92 E0.0000
G1 F2400.000
G1 Z1.400
G1 X145.000 Y29.250
G1 X131.250 Y29.250 E0.5697 
G1 X131.250 Y29.750 E0.5904 
G1 X145.000 Y29.750 E1.1601 
G92 E0.0000
; segment
G92 E0.0000
G1 F3300.000
G1 Z1.400
G1 X145.000 Y29.750
G1 X154.000 Y29.750 E0.2237 
G92 E0.0000
; segment
G92 E0.0000
G1 F3300.000
G1 Z1.400
G1 X154.000 Y29.750
G1 X155.000 Y29.750 E0.0249 
G92 E0.0000
; segment
G92 E0.0000
G1 F2400.000
G1 Z1.400
G1 X155.000 Y29.750
G1 X168.750 Y29.750 E0.5697 
G1 X168.750 Y30.250 E0.5904 
G1 X155.000 Y30.250 E1.1601 
G92 E0.0000
; segment
G92 E0.0000
G1 F3300.000
G1 Z1.400
G1 X155.000 Y30.250
G1 X146.000 Y30.250 E0.2237 
G92 E0.0000
; segment
G92 E0.0000
G1 F3300.000
G1 Z1.400
G1 X146.000 Y30.250
G1 X145.000 Y30.250 E0.0249 
G92 E0.0000
; segment
G92 E0.0000
G1 F2400.000
G1 Z1.400
G1 X145.000 Y30.250
G1 X131.250 Y30.250 E0.5697 
G1 X131.250 Y30.750 E0.5904 
G1 X145.000 Y30.750 E1.1601 
G92 E0.0000
; segment
G92 E0.0000
G1 F3300.000
G1 Z1.400
G1 X145.000 Y30.750
G1 X154.000 Y30.750 E0.2237 
G92 E0.0000
; segment
G92 E0.0000
G1 F3300.000
G1 Z1.400
G1 X154.000 Y30.750
G1 X155.000 Y30.750 E0.0249 
G92 E0.0000
; segment
G92 E0.0000
G1 F2400.000
G1 Z1.400
G1 X155.000 Y30.750
G1 X168.750 Y30.750 E0.5697 
G1 X168.750 Y31.250 E0.5904 
G1 X155.000 Y31.250 E1.1601 
G92 E0.0000
; segment
G92 E0.0000
G1 F3300.000
G1 Z1.400
G1 X155.000 Y31.250
G1 X146.000 Y31.250 E0.2237 
G92 E0.0000
; segment
G92 E0.0000
G1 F3300.000
G1 Z1.400
G1 X146.000 Y31.250
G1 X145.000 Y31.250 E0.0249 
G92 E0.0000
; segment
G92 E0.0000
G1 F2400.000
G1 Z1.400
G1 X145.000 Y31.250
G1 X131.250 Y31.250 E0.5697 
G1 X131.250 Y31.750 E0.5904 
G1 X145.000 Y31.750 E1.1601 
G92 E0.0000
; segment
G92 E0.0000
G1 F3300.000
G1 Z1.400
G1 X145.000 Y31.750
G1 X154.000 Y31.750 E0.2237 
G92 E0.0000
; segment
G92 E0.0000
G1 F3300.000
G1 Z1.400
G1 X154.000 Y31.750
G1 X155.000 Y31.750 E0.0249 
G92 E0.0000
; segment
G92 E0.0000
G1 F2400.000
G1 Z1.400
G1 X155.000 Y31.750
G1 X168.750 Y31.750 E0.5697 
G1 X168.750 Y32.250 E0.5904 
G1 X155.000 Y32.250 E1.1601 
G92 E0.0000
; segment
G92 E0.0000
G1 F3300.000
G1 Z1.400
G1 X155.000 Y32.250
G1 X146.000 Y32.250 E0.2237 
G92 E0.0000
; segment
G92 E0.0000
G1 F3300.000
G1 Z1.400
G1 X146.000 Y32.250
G1 X145.000 Y32.250 E0.0249 
G92 E0.0000
; segment
G92 E0.0000
G1 F2400.000
G1 Z1.400
G1 X145.000 Y32.250
G1 X131.250 Y32.250 E0.5697 
G1 X131.250 Y32.750 E0.5904 
G1 X145.000 Y32.750 E1.1601 
G92 E0.0000
; segment
G92 E0.0000
G1 F3300.000
G1 Z1.400
G1 X145.000 Y32.750
G1 X154.000 Y32.750 E0.2237 
G92 E0.0000
; segment
G92 E0.0000
G1 F3300.000
G1 Z1.400
G1 X154.000 Y32.750
G1 X155.000 Y32.750 E0.0249 
G92 E0.0000
; segment
G92 E0.0000
G1 F2400.000
G1 Z1.400
G1 X155.000 Y32.750
G1 X168.750 Y32.750 E0.5697 
G1 X168.750 Y33.250 E0.5904 
G1 X155.000 Y33.250 E1.1601 
G92 E0.0000
; segment
G92 E0.0000
G1 F3300.000
G1 Z1.400
G1 X155.000 Y33.250
G1 X146.000 Y33.250 E0.2237 
G92 E0.0000
; segment
G92 E0.0000
G1 F3300.000
G1 Z1.400
G1 X146.000 Y33.250
G1 X145.000 Y33.250 E0.0249 
G92 E0.0000
; segment
G92 E0.0000
G1 F2400.000
G1 Z1.400
G1 X145.000 Y33.250
G1 X131.250 Y33.250 E0.5697 
G1 X131.250 Y33.750 E0.5904 
G1 X145.000 Y33.750 E1.1601 
G92 E0.0000
; segment
G92 E0.0000
G1 F3300.000
G1 Z1.400
G1 X145.000 Y33.750
G1 X154.000 Y33.750 E0.2237 
G92 E0.0000
; segment
G92 E0.0000
G1 F3300.000
G1 Z1.400
G1 X154.000 Y33.750
G1 X155.000 Y33.750 E0.0249 
G92 E0.0000
; segment
G92 E0.0000
G1 F2400.000
G1 Z1.400
G1 X155.000 Y33.750
G1 X168.750 Y33.750 E0.5697 
G92 E0.0000
; jumping
G92 E0.0000
G1 E-0.500 F2400
G1 X168.750 Y51.250 F12000.000
G1 E0 F2400
G92 E0.0000
; segment
G92 E0.0000
G1 F2400.000
G1 Z1.400
G1 X168.750 Y51.250
G1 X155.000 Y51.250 E0.5697 
G92 E0.0000
; segment
G92 E0.0000
G1 F3300.000
G1 Z1.400
G1 X155.000 Y51.250
G1 X146.000 Y51.250 E0.2237 
G92 E0.0000
; segment
G92 E0.0000
G1 F3300.000
G1 Z1.400
G1 X146.000 Y51.250
G1 X145.000 Y51.250 E0.0249 
G92 E0.0000
; segment
G92 E0.0000
G1 F2400.000
G1 Z1.400
G1 X145.000 Y51.250
G1 X131.250 Y51.250 E0.5697 
G1 X131.250 Y51.750 E0.5904 
G1 X145.000 Y51.750 E1.1601 
G92 E0.0000
; segment
G92 E0.0000
G1 F3300.000
G1 Z1.400
G1 X145.000 Y51.750
G1 X154.000 Y51.750 E0.2237 
G92 E0.0000
; segment
G92 E0.0000
G1 F3300.000
G1 Z1.400
G1 X154.000 Y51.750
G1 X155.000 Y51.750 E0.0249 
G92 E0.0000
; segment
G92 E0.0000
G1 F2400.000
G1 Z1.400
G1 X155.000 Y51.750
G1 X168.750 Y51.750 E0.5697 
G1 X168.750 Y52.250 E0.5904 
G1 X155.000 Y52.250 E1.1601 
G92 E0.0000
; segment
G92 E0.0000
G1 F3300.000
G1 Z1.400
G1 X155.000 Y52.250
G1 X146.000 Y52.250 E0.2237 
G92 E0.0000
; segment
G92 E0.0000
G1 F3300.000
G1 Z1.400
G1 X146.000 Y52.250
G1 X145.000 Y52.250 E0.0249 
G92 E0.0000
; segment
G92 E0.0000
G1 F2400.000
G1 Z1.400
G1 X145.000 Y52.250
G1 X131.250 Y52.250 E0.5697 
G1 X131.250 Y52.750 E0.5904 
G1 X145.000 Y52.750 E1.1601 
G92 E0.0000
; segment
G92 E0.0000
G1 F3300.000
G1 Z1.400
G1 X145.000 Y52.750
G1 X154.000 Y52.750 E0.2237 
G92 E0.0000
; segment
G92 E0.0000
G1 F3300.000
G1 Z1.400
G1 X154.000 Y52.750
G1 X155.000 Y52.750 E0.0249 
G92 E0.0000
; segment
G92 E0.0000
G1 F2400.000
G1 Z1.400
G1 X155.000 Y52.750
G1 X168.750 Y52.750 E0.5697 
G1 X168.750 Y53.250 E0.5904 
G1 X155.000 Y53.250 E1.1601 
G92 E0.0000
; segment
G92 E0.0000
G1 F3300.000
G1 Z1.400
G1 X155.000 Y53.250
G1 X146.000 Y53.250 E0.2237 
G92 E0.0000
; segment
G92 E0.0000
G1 F3300.000
G1 Z1.400
G1 X146.000 Y53.250
G1 X145.000 Y53.250 E0.0249 
G92 E0.0000
; segment
G92 E0.0000
G1 F2400.000
G1 Z1.400
G1 X145.000 Y53.250
G1 X131.250 Y53.250 E0.5697 
G1 X131.250 Y53.750 E0.5904 
G1 X145.000 Y53.750 E1.1601 
G92 E0.0000
; segment
G92 E0.0000
G1 F3300.000
G1 Z1.400
G1 X145.000 Y53.750
G1 X154.000 Y53.750 E0.2237 
G92 E0.0000
; segment
G92 E0.0000
G1 F3300.000
G1 Z1.400
G1 X154.000 Y53.750
G1 X155.000 Y53.750 E0.0249 
G92 E0.0000
; segment
G92 E0.0000
G1 F2400.000
G1 Z1.400
G1 X155.000 Y53.750
G1 X168.750 Y53.750 E0.5697 
G1 X168.750 Y54.250 E0.5904 
G1 X155.000 Y54.250 E1.1601 
G92 E0.0000
; segment
G92 E0.0000
G1 F3300.000
G1 Z1.400
G1 X155.000 Y54.250
G1 X146.000 Y54.250 E0.2237 
G92 E0.0000
; segment
G92 E0.0000
G1 F3300.000
G1 Z1.400
G1 X146.000 Y54.250
G1 X145.000 Y54.250 E0.0249 
G92 E0.0000
; segment
G92 E0.0000
G1 F2400.000
G1 Z1.400
G1 X145.000 Y54.250
G1 X131.250 Y54.250 E0.5697 
G1 X131.250 Y54.750 E0.5904 
G1 X145.000 Y54.750 E1.1601 
G92 E0.0000
; segment
G92 E0.0000
G1 F3300.000
G1 Z1.400
G1 X145.000 Y54.750
G1 X154.000 Y54.750 E0.2237 
G92 E0.0000
; segment
G92 E0.0000
G1 F3300.000
G1 Z1.400
G1 X154.000 Y54.750
G1 X155.000 Y54.750 E0.0249 
G92 E0.0000
; segment
G92 E0.0000
G1 F2400.000
G1 Z1.400
G1 X155.000 Y54.750
G1 X168.750 Y54.750 E0.5697 
G1 X168.750 Y55.250 E0.5904 
G1 X155.000 Y55.250 E1.1601 
G92 E0.0000
; segment
G92 E0.0000
G1 F3300.000
G1 Z1.400
G1 X155.000 Y55.250
G1 X146.000 Y55.250 E0.2237 
G92 E0.0000
; segment
G92 E0.0000
G1 F3300.000
G1 Z1.400
G1 X146.000 Y55.250
G1 X145.000 Y55.250 E0.0249 
G92 E0.0000
; segment
G92 E0.0000
G1 F2400.000
G1 Z1.400
G1 X145.000 Y55.250
G1 X131.250 Y55.250 E0.5697 
G1 X131.250 Y55.750 E0.5904 
G1 X145.000 Y55.750 E1.1601 
G92 E0.0000
; segment
G92 E0.0000
G1 F3300.000
G1 Z1.400
G1 X145.000 Y55.750
G1 X154.000 Y55.750 E0.2237 
G92 E0.0000
; segment
G92 E0.0000
G1 F3300.000
G1 Z1.400
G1 X154.000 Y55.750
G1 X155.000 Y55.750 E0.0249 
G92 E0.0000
; segment
G92 E0.0000
G1 F2400.000
G1 Z1.400
G1 X155.000 Y55.750
G1 X168.750 Y55.750 E0.5697 
G1 X168.750 Y56.250 E0.5904 
G1 X155.000 Y56.250 E1.1601 
G92 E0.0000
; segment
G92 E0.0000
G1 F3300.000
G1 Z1.400
G1 X155.000 Y56.250
G1 X146.000 Y56.250 E0.2237 
G92 E0.0000
; segment
G92 E0.0000
G1 F3300.000
G1 Z1.400
G1 X146.000 Y56.250
G1 X145.000 Y56.250 E0.0249 
G92 E0.0000
; segment
G92 E0.0000
G1 F2400.000
G1 Z1.400
G1 X145.000 Y56.250
G1 X131.250 Y56.250 E0.5697 
G1 X131.250 Y56.750 E0.5904 
G1 X145.000 Y56.750 E1.1601 
G92 E0.0000
; segment
G92 E0.0000
G1 F3300.000
G1 Z1.400
G1 X145.000 Y56.750
G1 X154.000 Y56.750 E0.2237 
G92 E0.0000
; segment
G92 E0.0000
G1 F3300.000
G1 Z1.400
G1 X154.000 Y56.750
G1 X155.000 Y56.750 E0.0249 
G92 E0.0000
; segment
G92 E0.0000
G1 F2400.000
G1 Z1.400
G1 X155.000 Y56.750
G1 X168.750 Y56.750 E0.5697 
G1 X168.750 Y57.250 E0.5904 
G1 X155.000 Y57.250 E1.1601 
G92 E0.0000
; segment
G92 E0.0000
G1 F3300.000
G1 Z1.400
G1 X155.000 Y57.250
G1 X146.000 Y57.250 E0.2237 
G92 E0.0000
; segment
G92 E0.0000
G1 F3300.000
G1 Z1.400
G1 X146.000 Y57.250
G1 X145.000 Y57.250 E0.0249 
G92 E0.0000
; segment
G92 E0.0000
G1 F2400.000
G1 Z1.400
G1 X145.000 Y57.250
G1 X131.250 Y57.250 E0.5697 
G1 X131.250 Y57.750 E0.5904 
G1 X145.000 Y57.750 E1.1601 
G92 E0.0000
; segment
G92 E0.0000
G1 F3300.000
G1 Z1.400
G1 X145.000 Y57.750
G1 X154.000 Y57.750 E0.2237 
G92 E0.0000
; segment
G92 E0.0000
G1 F3300.000
G1 Z1.400
G1 X154.000 Y57.750
G1 X155.000 Y57.750 E0.0249 
G92 E0.0000
; segment
G92 E0.0000
G1 F2400.000
G1 Z1.400
G1 X155.000 Y57.750
G1 X168.750 Y57.750 E0.5697 
G1 X168.750 Y58.250 E0.5904 
G1 X155.000 Y58.250 E1.1601 
G92 E0.0000
; segment
G92 E0.0000
G1 F3300.000
G1 Z1.400
G1 X155.000 Y58.250
G1 X146.000 Y58.250 E0.2237 
G92 E0.0000
; segment
G92 E0.0000
G1 F3300.000
G1 Z1.400
G1 X146.000 Y58.250
G1 X145.000 Y58.250 E0.0249 
G92 E0.0000
; segment
G92 E0.0000
G1 F2400.000
G1 Z1.400
G1 X145.000 Y58.250
G1 X131.250 Y58.250 E0.5697 
G1 X131.250 Y58.750 E0.5904 
G1 X145.000 Y58.750 E1.1601 
G92 E0.0000
; segment
G92 E0.0000
G1 F3300.000
G1 Z1.400
G1 X145.000 Y58.750
G1 X154.000 Y58.750 E0.2237 
G92 E0.0000
; segment
G92 E0.0000
G1 F3300.000
G1 Z1.400
G1 X154.000 Y58.750
G1 X155.000 Y58.750 E0.0249 
G92 E0.0000
; segment
G92 E0.0000
G1 F2400.000
G1 Z1.400
G1 X155.000 Y58.750
G1 X168.750 Y58.750 E0.5697 
G92 E0.0000
; jumping
G92 E0.0000
G1 E-0.500 F2400
G1 X168.750 Y76.250 F12000.000
G1 E0 F2400
G92 E0.0000
; segment
G92 E0.0000
G1 F2400.000
G1 Z1.400
G1 X168.750 Y76.250
G1 X155.000 Y76.250 E0.5697 
G92 E0.0000
; segment
G92 E0.0000
G1 F3300.000
G1 Z1.400
G1 X155.000 Y76.250
G1 X146.000 Y76.250 E0.2237 
G92 E0.0000
; segment
G92 E0.0000
G1 F3300.000
G1 Z1.400
G1 X146.000 Y76.250
G1 X145.000 Y76.250 E0.0249 
G92 E0.0000
; segment
G92 E0.0000
G1 F2400.000
G1 Z1.400
G1 X145.000 Y76.250
G1 X131.250 Y76.250 E0.5697 
G1 X131.250 Y76.750 E0.5904 
G1 X145.000 Y76.750 E1.1601 
G92 E0.0000
; segment
G92 E0.0000
G1 F3300.000
G1 Z1.400
G1 X145.000 Y76.750
G1 X154.000 Y76.750 E0.2237 
G92 E0.0000
; segment
G92 E0.0000
G1 F3300.000
G1 Z1.400
G1 X154.000 Y76.750
G1 X155.000 Y76.750 E0.0249 
G92 E0.0000
; segment
G92 E0.0000
G1 F2400.000
G1 Z1.400
G1 X155.000 Y76.750
G1 X168.750 Y76.750 E0.5697 
G1 X168.750 Y77.250 E0.5904 
G1 X155.000 Y77.250 E1.1601 
G92 E0.0000
; segment
G92 E0.0000
G1 F3300.000
G1 Z1.400
G1 X155.000 Y77.250
G1 X146.000 Y77.250 E0.2237 
G92 E0.0000
; segment
G92 E0.0000
G1 F3300.000
G1 Z1.400
G1 X146.000 Y77.250
G1 X145.000 Y77.250 E0.0249 
G92 E0.0000
; segment
G92 E0.0000
G1 F2400.000
G1 Z1.400
G1 X145.000 Y77.250
G1 X131.250 Y77.250 E0.5697 
G1 X131.250 Y77.750 E0.5904 
G1 X145.000 Y77.750 E1.1601 
G92 E0.0000
; segment
G92 E0.0000
G1 F3300.000
G1 Z1.400
G1 X145.000 Y77.750
G1 X154.000 Y77.750 E0.2237 
G92 E0.0000
; segment
G92 E0.0000
G1 F3300.000
G1 Z1.400
G1 X154.000 Y77.750
G1 X155.000 Y77.750 E0.0249 
G92 E0.0000
; segment
G92 E0.0000
G1 F2400.000
G1 Z1.400
G1 X155.000 Y77.750
G1 X168.750 Y77.750 E0.5697 
G1 X168.750 Y78.250 E0.5904 
G1 X155.000 Y78.250 E1.1601 
G92 E0.0000
; segment
G92 E0.0000
G1 F3300.000
G1 Z1.400
G1 X155.000 Y78.250
G1 X146.000 Y78.250 E0.2237 
G92 E0.0000
; segment
G92 E0.0000
G1 F3300.000
G1 Z1.400
G1 X146.000 Y78.250
G1 X145.000 Y78.250 E0.0249 
G92 E0.0000
; segment
G92 E0.0000
G1 F2400.000
G1 Z1.400
G1 X145.000 Y78.250
G1 X131.250 Y78.250 E0.5697 
G1 X131.250 Y78.750 E0.5904 
G1 X145.000 Y78.750 E1.1601 
G92 E0.0000
; segment
G92 E0.0000
G1 F3300.000
G1 Z1.400
G1 X145.000 Y78.750
G1 X154.000 Y78.750 E0.2237 
G92 E0.0000
; segment
G92 E0.0000
G1 F3300.000
G1 Z1.400
G1 X154.000 Y78.750
G1 X155.000 Y78.750 E0.0249 
G92 E0.0000
; segment
G92 E0.0000
G1 F2400.000
G1 Z1.400
G1 X155.000 Y78.750
G1 X168.750 Y78.750 E0.5697 
G1 X168.750 Y79.250 E0.5904 
G1 X155.000 Y79.250 E1.1601 
G92 E0.0000
; segment
G92 E0.0000
G1 F3300.000
G1 Z1.400
G1 X155.000 Y79.250
G1 X146.000 Y79.250 E0.2237 
G92 E0.0000
; segment
G92 E0.0000
G1 F3300.000
G1 Z1.400
G1 X146.000 Y79.250
G1 X145.000 Y79.250 E0.0249 
G92 E0.0000
; segment
G92 E0.0000
G1 F2400.000
G1 Z1.400
G1 X145.000 Y79.250
G1 X131.250 Y79.250 E0.5697 
G1 X131.250 Y79.750 E0.5904 
G1 X145.000 Y79.750 E1.1601 
G92 E0.0000
; segment
G92 E0.0000
G1 F3300.000
G1 Z1.400
G1 X145.000 Y79.750
G1 X154.000 Y79.750 E0.2237 
G92 E0.0000
; segment
G92 E0.0000
G1 F3300.000
G1 Z1.400
G1 X154.000 Y79.750
G1 X155.000 Y79.750 E0.0249 
G92 E0.0000
; segment
G92 E0.0000
G1 F2400.000
G1 Z1.400
G1 X155.000 Y79.750
G1 X168.750 Y79.750 E0.5697 
G1 X168.750 Y80.250 E0.5904 
G1 X155.000 Y80.250 E1.1601 
G92 E0.0000
; segment
G92 E0.0000
G1 F3300.000
G1 Z1.400
G1 X155.000 Y80.250
G1 X146.000 Y80.250 E0.2237 
G92 E0.0000
; segment
G92 E0.0000
G1 F3300.000
G1 Z1.400
G1 X146.000 Y80.250
G1 X145.000 Y80.250 E0.0249 
G92 E0.0000
; segment
G92 E0.0000
G1 F2400.000
G1 Z1.400
G1 X145.000 Y80.250
G1 X131.250 Y80.250 E0.5697 
G1 X131.250 Y80.750 E0.5904 
G1 X145.000 Y80.750 E1.1601 
G92 E0.0000
; segment
G92 E0.0000
G1 F3300.000
G1 Z1.400
G1 X145.000 Y80.750
G1 X154.000 Y80.750 E0.2237 
G92 E0.0000
; segment
G92 E0.0000
G1 F3300.000
G1 Z1.400
G1 X154.000 Y80.750
G1 X155.000 Y80.750 E0.0249 
G92 E0.0000
; segment
G92 E0.0000
G1 F2400.000
G1 Z1.400
G1 X155.000 Y80.750
G1 X168.750 Y80.750 E0.5697 
G1 X168.750 Y81.250 E0.5904 
G1 X155.000 Y81.250 E1.1601 
G92 E0.0000
; segment
G92 E0.0000
G1 F3300.000
G1 Z1.400
G1 X155.000 Y81.250
G1 X146.000 Y81.250 E0.2237 
G92 E0.0000
; segment
G92 E0.0000
G1 F3300.000
G1 Z1.400
G1 X146.000 Y81.250
G1 X145.000 Y81.250 E0.0249 
G92 E0.0000
; segment
G92 E0.0000
G1 F2400.000
G1 Z1.400
G1 X145.000 Y81.250
G1 X131.250 Y81.250 E0.5697 
G1 X131.250 Y81.750 E0.5904 
G1 X145.000 Y81.750 E1.1601 
G92 E0.0000
; segment
G92 E0.0000
G1 F3300.000
G1 Z1.400
G1 X145.000 Y81.750
G1 X154.000 Y81.750 E0.2237 
G92 E0.0000
; segment
G92 E0.0000
G1 F3300.000
G1 Z1.400
G1 X154.000 Y81.750
G1 X155.000 Y81.750 E0.0249 
G92 E0.0000
; segment
G92 E0.0000
G1 F2400.000
G1 Z1.400
G1 X155.000 Y81.750
G1 X168.750 Y81.750 E0.5697 
G1 X168.750 Y82.250 E0.5904 
G1 X155.000 Y82.250 E1.1601 
G92 E0.0000
; segment
G92 E0.0000
G1 F3300.000
G1 Z1.400
G1 X155.000 Y82.250
G1 X146.000 Y82.250 E0.2237 
G92 E0.0000
; segment
G92 E0.0000
G1 F3300.000
G1 Z1.400
G1 X146.000 Y82.250
G1 X145.000 Y82.250 E0.0249 
G92 E0.0000
; segment
G92 E0.0000
G1 F2400.000
G1 Z1.400
G1 X145.000 Y82.250
G1 X131.250 Y82.250 E0.5697 
G1 X131.250 Y82.750 E0.5904 
G1 X145.000 Y82.750 E1.1601 
G92 E0.0000
; segment
G92 E0.0000
G1 F3300.000
G1 Z1.400
G1 X145.000 Y82.750
G1 X154.000 Y82.750 E0.2237 
G92 E0.0000
; segment
G92 E0.0000
G1 F3300.000
G1 Z1.400
G1 X154.000 Y82.750
G1 X155.000 Y82.750 E0.0249 
G92 E0.0000
; segment
G92 E0.0000
G1 F2400.000
G1 Z1.400
G1 X155.000 Y82.750
G1 X168.750 Y82.750 E0.5697 
G1 X168.750 Y83.250 E0.5904 
G1 X155.000 Y83.250 E1.1601 
G92 E0.0000
; segment
G92 E0.0000
G1 F3300.000
G1 Z1.400
G1 X155.000 Y83.250
G1 X146.000 Y83.250 E0.2237 
G92 E0.0000
; segment
G92 E0.0000
G1 F3300.000
G1 Z1.400
G1 X146.000 Y83.250
G1 X145.000 Y83.250 E0.0249 
G92 E0.0000
; segment
G92 E0.0000
G1 F2400.000
G1 Z1.400
G1 X145.000 Y83.250
G1 X131.250 Y83.250 E0.5697 
G1 X131.250 Y83.750 E0.5904 
G1 X145.000 Y83.750 E1.1601 
G92 E0.0000
; segment
G92 E0.0000
G1 F3300.000
G1 Z1.400
G1 X145.000 Y83.750
G1 X154.000 Y83.750 E0.2237 
G92 E0.0000
; segment
G92 E0.0000
G1 F3300.000
G1 Z1.400
G1 X154.000 Y83.750
G1 X155.000 Y83.750 E0.0249 
G92 E0.0000
; segment
G92 E0.0000
G1 F2400.000
G1 Z1.400
G1 X155.000 Y83.750
G1 X168.750 Y83.750 E0.5697 
G92 E0.0000
; jumping
G92 E0.0000
G1 E-0.500 F2400
G1 X169.750 Y34.750 F12000.000
G1 E0 F2400
G92 E0.0000
; segment
G92 E0.0000
G1 F2400.000
G1 Z1.600
G1 X169.750 Y34.750
G1 X169.750 Y25.250 E0.3936 
G1 X155.000 Y25.250 E1.0047 
G92 E0.0000
; segment
G92 E0.0000
G1 F3300.000
G1 Z1.600
G1 X155.000 Y25.250
G1 X146.000 Y25.250 E0.2237 
G92 E0.0000
; segment
G92 E0.0000
G1 F3300.000
G1 Z1.600
G1 X146.000 Y25.250
G1 X145.000 Y25.250 E0.0249 
G92 E0.0000
; segment
G92 E0.0000
G1 F2400.000
G1 Z1.600
G1 X145.000 Y25.250
G1 X130.250 Y25.250 E0.6111 
G1 X130.250 Y34.750 E1.0047 
G1 X145.000 Y34.750 E1.6158 
G92 E0.0000
; segment
G92 E0.0000
G1 F3300.000
G1 Z1.600
G1 X145.000 Y34.750
G1 X154.000 Y34.750 E0.2237 
G92 E0.0000
; segment
G92 E0.0000
G1 F3300.000
G1 Z1.600
G1 X154.000 Y34.750
G1 X155.000 Y34.750 E0.0249 
G92 E0.0000
; segment
G92 E0.0000
G1 F2400.000
G1 Z1.600
G1 X155.000 Y34.750
G1 X169.750 Y34.750 E0.6111 
G92 E0.0000
; segment
G92 E0.0000
G1 F2400.000
G1 Z1.600
G1 X169.250 Y34.250
G1 X169.250 Y25.750 E0.3522 
G1 X155.000 Y25.750 E0.9426 
G92 E0.0000
; segment
G92 E0.0000
G1 F3300.000
G1 Z1.600
G1 X155.000 Y25.750
G1 X146.000 Y25.750 E0.2237 
G92 E0.0000
; segment
G92 E0.0000
G1 F3300.000
G1 Z1.600
G1 X146.000 Y25.750
G1 X145.000 Y25.750 E0.0249 
G92 E0.0000
; segment
G92 E0.0000
G1 F2400.000
G1 Z1.600
G1 X145.000 Y25.750
G1 X130.750 Y25.750 E0.5904 
G1 X130.750 Y34.250 E0.9426 
G1 X145.000 Y34.250 E1.5330 
G92 E0.0000
; segment
G92 E0.0000
G1 F3300.000
G1 Z1.600
G1 X145.000 Y34.250
G1 X154.000 Y34.250 E0.2237 
G92 E0.0000
; segment
G92 E0.0000
G1 F3300.000
G1 Z1.600
G1 X154.000 Y34.250
G1 X155.000 Y34.250 E0.0249 
G92 E0.0000
; segment
G92 E0.0000
G1 F2400.000
G1 Z1.600
G1 X155.000 Y34.250
G1 X169.250 Y34.250 E0.5904 
G92 E0.0000
; jumping
G92 E0.0000
G1 E-0.500 F2400
G1 X169.750 Y59.750 F12000.000
G1 E0 F2400
G92 E0.0000
; segment
G92 E0.0000
G1 F2400.000
G1 Z1.600
G1 X169.750 Y59.750
G1 X169.750 Y50.250 E0.3936 
G1 X155.000 Y50.250 E1.0047 
G92 E0.0000
; segment
G92 E0.0000
G1 F3300.000
G1 Z1.600
G1 X155.000 Y50.250
G1 X146.000 Y50.250 E0.2237 
G92 E0.0000
; segment
G92 E0.0000
G1 F3300.000
G1 Z1.600
G1 X146.000 Y50.250
G1 X145.000 Y50.250 E0.0249 
G92 E0.0000
; segment
G92 E0.0000
G1 F2400.000
G1 Z1.600
G1 X145.000 Y50.250
G1 X130.250 Y50.250 E0.6111 
G1 X130.250 Y59.750 E1.0047 
G1 X145.000 Y59.750 E1.6158 
G92 E0.0000
; segment
G92 E0.0000
G1 F3300.000
G1 Z1.600
G1 X145.000 Y59.750
G1 X154.000 Y59.750 E0.2237 
G92 E0.0000
; segment
G92 E0.0000
G1 F3300.000
G1 Z1.600
G1 X154.000 Y59.750
G1 X155.000 Y59.750 E0.0249 
G92 E0.0000
; segment
G92 E0.0000
G1 F2400.000
G1 Z1.600
G1 X155.000 Y59.750
G1 X169.750 Y59.750 E0.6111 
G92 E0.0000
; segment
G92 E0.0000
G1 F2400.000
G1 Z1.600
G1 X169.250 Y59.250
G1 X169.250 Y50.750 E0.3522 
G1 X155.000 Y50.750 E0.9426 
G92 E0.0000
; segment
G92 E0.0000
G1 F3300.000
G1 Z1.600
G1 X155.000 Y50.750
G1 X146.000 Y50.750 E0.2237 
G92 E0.0000
; segment
G92 E0.0000
G1 F3300.000
G1 Z1.600
G1 X146.000 Y50.750
G1 X145.000 Y50.750 E0.0249 
G92 E0.0000
; segment
G92 E0.0000
G1 F2400.000
G1 Z1.600
G1 X145.000 Y50.750
G1 X130.750 Y50.750 E0.5904 
G1 X130.750 Y59.250 E0.9426 
G1 X145.000 Y59.250 E1.5330 
G92 E0.0000
; segment
G92 E0.0000
G1 F3300.000
G1 Z1.600
G1 X145.000 Y59.250
G1 X154.000 Y59.250 E0.2237 
G92 E0.0000
; segment
G92 E0.0000
G1 F3300.000
G1 Z1.600
G1 X154.000 Y59.250
G1 X155.000 Y59.250 E0.0249 
G92 E0.0000
; segment
G92 E0.0000
G1 F2400.000
G1 Z1.600
G1 X155.000 Y59.250
G1 X169.250 Y59.250 E0.5904 
G92 E0.0000
; jumping
G92 E0.0000
G1 E-0.500 F2400
G1 X169.750 Y84.750 F12000.000
G1 E0 F2400
G92 E0.0000
; segment
G92 E0.0000
G1 F2400.000
G1 Z1.600
G1 X169.750 Y84.750
G1 X169.750 Y75.250 E0.3936 
G1 X155.000 Y75.250 E1.0047 
G92 E0.0000
; segment
G92 E0.0000
G1 F3300.000
G1 Z1.600
G1 X155.000 Y75.250
G1 X146.000 Y75.250 E0.2237 
G92 E0.0000
; segment
G92 E0.0000
G1 F3300.000
G1 Z1.600
G1 X146.000 Y75.250
G1 X145.000 Y75.250 E0.0249 
G92 E0.0000
; segment
G92 E0.0000
G1 F2400.000
G1 Z1.600
G1 X145.000 Y75.250
G1 X130.250 Y75.250 E0.6111 
G1 X130.250 Y84.750 E1.0047 
G1 X145.000 Y84.750 E1.6158 
G92 E0.0000
; segment
G92 E0.0000
G1 F3300.000
G1 Z1.600
G1 X145.000 Y84.750
G1 X154.000 Y84.750 E0.2237 
G92 E0.0000
; segment
G92 E0.0000
G1 F3300.000
G1 Z1.600
G1 X154.000 Y84.750
G1 X155.000 Y84.750 E0.0249 
G92 E0.0000
; segment
G92 E0.0000
G1 F2400.000
G1 Z1.600
G1 X155.000 Y84.750
G1 X169.750 Y84.750 E0.6111 
G92 E0.0000
; segment
G92 E0.0000
G1 F2400.000
G1 Z1.600
G1 X169.250 Y84.250
G1 X169.250 Y75.750 E0.3522 
G1 X155.000 Y75.750 E0.9426 
G92 E0.0000
; segment
G92 E0.0000
G1 F3300.000
G1 Z1.600
G1 X155.000 Y75.750
G1 X146.000 Y75.750 E0.2237 
G92 E0.0000
; segment
G92 E0.0000
G1 F3300.000
G1 Z1.600
G1 X146.000 Y75.750
G1 X145.000 Y75.750 E0.0249 
G92 E0.0000
; segment
G92 E0.0000
G1 F2400.000
G1 Z1.600
G1 X145.000 Y75.750
G1 X130.750 Y75.750 E0.5904 
G1 X130.750 Y84.250 E0.9426 
G1 X145.000 Y84.250 E1.5330 
G92 E0.0000
; segment
G92 E0.0000
G1 F3300.000
G1 Z1.600
G1 X145.000 Y84.250
G1 X154.000 Y84.250 E0.2237 
G92 E0.0000
; segment
G92 E0.0000
G1 F3300.000
G1 Z1.600
G1 X154.000 Y84.250
G1 X155.000 Y84.250 E0.0249 
G92 E0.0000
; segment
G92 E0.0000
G1 F2400.000
G1 Z1.600
G1 X155.000 Y84.250
G1 X169.250 Y84.250 E0.5904 
G92 E0.0000
; jumping
G92 E0.0000
G1 E-0.500 F2400
G1 X168.750 Y33.750 F12000.000
G1 E0 F2400
G92 E0.0000
; segment
G92 E0.0000
G1 F2400.000
G1 Z1.600
G1 X168.750 Y33.750
G1 X155.000 Y33.750 E0.5697 
G92 E0.0000
; segment
G92 E0.0000
G1 F3300.000
G1 Z1.600
G1 X155.000 Y33.750
G1 X146.000 Y33.750 E0.2237 
G92 E0.0000
; segment
G92 E0.0000
G1 F3300.000
G1 Z1.600
G1 X146.000 Y33.750
G1 X145.000 Y33.750 E0.0249 
G92 E0.0000
; segment
G92 E0.0000
G1 F2400.000
G1 Z1.600
G1 X145.000 Y33.750
G1 X131.250 Y33.750 E0.5697 
G1 X131.250 Y33.250 E0.5904 
G1 X145.000 Y33.250 E1.1601 
G92 E0.0000
; segment
G92 E0.0000
G1 F3300.000
G1 Z1.600
G1 X145.000 Y33.250
G1 X154.000 Y33.250 E0.2237 
G92 E0.0000
; segment
G92 E0.0000
G1 F3300.000
G1 Z1.600
G1 X154.000 Y33.250
G1 X155.000 Y33.250 E0.0249 
G92 E0.0000
; segment
G92 E0.0000
G1 F2400.000
G1 Z1.600
G1 X155.000 Y33.250
G1 X168.750 Y33.250 E0.5697 
G1 X168.750 Y32.750 E0.5904 
G1 X155.000 Y32.750 E1.1601 
G92 E0.0000
; segment
G92 E0.0000
G1 F3300.000
G1 Z1.600
G1 X155.000 Y32.750
G1 X146.000 Y32.750 E0.2237 
G92 E0.0000
; segment
G92 E0.0000
G1 F3300.000
G1 Z1.600
G1 X146.000 Y32.750
G1 X145.000 Y32.750 E0.0249 
G92 E0.0000
; segment
G92 E0.0000
G1 F2400.000
G1 Z1.600
G1 X145.000 Y32.750
G1 X131.250 Y32.750 E0.5697 
G1 X131.250 Y32.250 E0.5904 
G1 X145.000 Y32.250 E1.1601 
G92 E0.0000
; segment
G92 E0.0000
G1 F3300.000
G1 Z1.600
G1 X145.000 Y32.250
G1 X154.000 Y32.250 E0.2237 
G92 E0.0000
; segment
G92 E0.0000
G1 F3300.000
G1 Z1.600
G1 X154.000 Y32.250
G1 X155.000 Y32.250 E0.0249 
G92 E0.0000
; segment
G92 E0.0000
G1 F2400.000
G1 Z1.600
G1 X155.000 Y32.250
G1 X168.750 Y32.250 E0.5697 
G1 X168.750 Y31.750 E0.5904 
G1 X155.000 Y31.750 E1.1601 
G92 E0.0000
; segment
G92 E0.0000
G1 F3300.000
G1 Z1.600
G1 X155.000 Y31.750
G1 X146.000 Y31.750 E0.2237 
G92 E0.0000
; segment
G92 E0.0000
G1 F3300.000
G1 Z1.600
G1 X146.000 Y31.750
G1 X145.000 Y31.750 E0.0249 
G92 E0.0000
; segment
G92 E0.0000
G1 F2400.000
G1 Z1.600
G1 X145.000 Y31.750
G1 X131.250 Y31.750 E0.5697 
G1 X131.250 Y31.250 E0.5904 
G1 X145.000 Y31.250 E1.1601 
G92 E0.0000
; segment
G92 E0.0000
G1 F3300.000
G1 Z1.600
G1 X145.000 Y31.250
G1 X154.000 Y31.250 E0.2237 
G92 E0.0000
; segment
G92 E0.0000
G1 F3300.000
G1 Z1.600
G1 X154.000 Y31.250
G1 X155.000 Y31.250 E0.0249 
G92 E0.0000
; segment
G92 E0.0000
G1 F2400.000
G1 Z1.600
G1 X155.000 Y31.250
G1 X168.750 Y31.250 E0.5697 
G1 X168.750 Y30.750 E0.5904 
G1 X155.000 Y30.750 E1.1601 
G92 E0.0000
; segment
G92 E0.0000
G1 F3300.000
G1 Z1.600
G1 X155.000 Y30.750
G1 X146.000 Y30.750 E0.2237 
G92 E0.0000
; segment
G92 E0.0000
G1 F3300.000
G1 Z1.600
G1 X146.000 Y30.750
G1 X145.000 Y30.750 E0.0249 
G92 E0.0000
; segment
G92 E0.0000
G1 F2400.000
G1 Z1.600
G1 X145.000 Y30.750
G1 X131.250 Y30.750 E0.5697 
G1 X131.250 Y30.250 E0.5904 
G1 X145.000 Y30.250 E1.1601 
G92 E0.0000
; segment
G92 E0.0000
G1 F3300.000
G1 Z1.600
G1 X145.000 Y30.250
G1 X154.000 Y30.250 E0.2237 
G92 E0.0000
; segment
G92 E0.0000
G1 F3300.000
G1 Z1.600
G1 X154.000 Y30.250
G1 X155.000 Y30.250 E0.0249 
G92 E0.0000
; segment
G92 E0.0000
G1 F2400.000
G1 Z1.600
G1 X155.000 Y30.250
G1 X168.750 Y30.250 E0.5697 
G1 X168.750 Y29.750 E0.5904 
G1 X155.000 Y29.750 E1.1601 
G92 E0.0000
; segment
G92 E0.0000
G1 F3300.000
G1 Z1.600
G1 X155.000 Y29.750
G1 X146.000 Y29.750 E0.2237 
G92 E0.0000
; segment
G92 E0.0000
G1 F3300.000
G1 Z1.600
G1 X146.000 Y29.750
G1 X145.000 Y29.750 E0.0249 
G92 E0.0000
; segment
G92 E0.0000
G1 F2400.000
G1 Z1.600
G1 X145.000 Y29.750
G1 X131.250 Y29.750 E0.5697 
G1 X131.250 Y29.250 E0.5904 
G1 X145.000 Y29.250 E1.1601 
G92 E0.0000
; segment
G92 E0.0000
G1 F3300.000
G1 Z1.600
G1 X145.000 Y29.250
G1 X154.000 Y29.250 E0.2237 
G92 E0.0000
; segment
G92 E0.0000
G1 F3300.000
G1 Z1.600
G1 X154.000 Y29.250
G1 X155.000 Y29.250 E0.0249 
G92 E0.0000
; segment
G92 E0.0000
G1 F2400.000
G1 Z1.600
G1 X155.000 Y29.250
G1 X168.750 Y29.250 E0.5697 
G1 X168.750 Y28.750 E0.5904 
G1 X155.000 Y28.750 E1.1601 
G92 E0.0000
; segment
G92 E0.0000
G1 F3300.000
G1 Z1.600
G1 X155.000 Y28.750
G1 X146.000 Y28.750 E0.2237 
G92 E0.0000
; segment
G92 E0.0000
G1 F3300.000
G1 Z1.600
G1 X146.000 Y28.750
G1 X145.000 Y28.750 E0.0249 
G92 E0.0000
; segment
G92 E0.0000
G1 F2400.000
G1 Z1.600
G1 X145.000 Y28.750
G1 X131.250 Y28.750 E0.5697 
G1 X131.250 Y28.250 E0.5904 
G1 X145.000 Y28.250 E1.1601 
G92 E0.0000
; segment
G92 E0.0000
G1 F3300.000
G1 Z1.600
G1 X145.000 Y28.250
G1 X154.000 Y28.250 E0.2237 
G92 E0.0000
; segment
G92 E0.0000
G1 F3300.000
G1 Z1.600
G1 X154.000 Y28.250
G1 X155.000 Y28.250 E0.0249 
G92 E0.0000
; segment
G92 E0.0000
G1 F2400.000
G1 Z1.600
G1 X155.000 Y28.250
G1 X168.750 Y28.250 E0.5697 
G1 X168.750 Y27.750 E0.5904 
G1 X155.000 Y27.750 E1.1601 
G92 E0.0000
; segment
G92 E0.0000
G1 F3300.000
G1 Z1.600
G1 X155.000 Y27.750
G1 X146.000 Y27.750 E0.2237 
G92 E0.0000
; segment
G92 E0.0000
G1 F3300.000
G1 Z1.600
G1 X146.000 Y27.750
G1 X145.000 Y27.750 E0.0249 
G92 E0.0000
; segment
G92 E0.0000
G1 F2400.000
G1 Z1.600
G1 X145.000 Y27.750
G1 X131.250 Y27.750 E0.5697 
G1 X131.250 Y27.250 E0.5904 
G1 X145.000 Y27.250 E1.1601 
G92 E0.0000
; segment
G92 E0.0000
G1 F3300.000
G1 Z1.600
G1 X145.000 Y27.250
G1 X154.000 Y27.250 E0.2237 
G92 E0.0000
; segment
G92 E0.0000
G1 F3300.000
G1 Z1.600
G1 X154.000 Y27.250
G1 X155.000 Y27.250 E0.0249 
G92 E0.0000
; segment
G92 E0.0000
G1 F2400.000
G1 Z1.600
G1 X155.000 Y27.250
G1 X168.750 Y27.250 E0.5697 
G1 X168.750 Y26.750 E0.5904 
G1 X155.000 Y26.750 E1.1601 
G92 E0.0000
; segment
G92 E0.0000
G1 F3300.000
G1 Z1.600
G1 X155.000 Y26.750
G1 X146.000 Y26.750 E0.2237 
G92 E0.0000
; segment
G92 E0.0000
G1 F3300.000
G1 Z1.600
G1 X146.000 Y26.750
G1 X145.000 Y26.750 E0.0249 
G92 E0.0000
; segment
G92 E0.0000
G1 F2400.000
G1 Z1.600
G1 X145.000 Y26.750
G1 X131.250 Y26.750 E0.5697 
G1 X131.250 Y26.250 E0.5904 
G1 X145.000 Y26.250 E1.1601 
G92 E0.0000
; segment
G92 E0.0000
G1 F3300.000
G1 Z1.600
G1 X145.000 Y26.250
G1 X154.000 Y26.250 E0.2237 
G92 E0.0000
; segment
G92 E0.0000
G1 F3300.000
G1 Z1.600
G1 X154.000 Y26.250
G1 X155.000 Y26.250 E0.0249 
G92 E0.0000
; segment
G92 E0.0000
G1 F2400.000
G1 Z1.600
G1 X155.000 Y26.250
G1 X168.750 Y26.250 E0.5697 
G92 E0.0000
; jumping
G92 E0.0000
G1 E-0.500 F2400
G1 X168.750 Y58.750 F12000.000
G1 E0 F2400
G92 E0.0000
; segment
G92 E0.0000
G1 F2400.000
G1 Z1.600
G1 X168.750 Y58.750
G1 X155.000 Y58.750 E0.5697 
G92 E0.0000
; segment
G92 E0.0000
G1 F3300.000
G1 Z1.600
G1 X155.000 Y58.750
G1 X146.000 Y58.750 E0.2237 
G92 E0.0000
; segment
G92 E0.0000
G1 F3300.000
G1 Z1.600
G1 X146.000 Y58.750
G1 X145.000 Y58.750 E0.0249 
G92 E0.0000
; segment
G92 E0.0000
G1 F2400.000
G1 Z1.600
G1 X145.000 Y58.750
G1 X131.250 Y58.750 E0.5697 
G1 X131.250 Y58.250 E0.5904 
G1 X145.000 Y58.250 E1.1601 
G92 E0.0000
; segment
G92 E0.0000
G1 F3300.000
G1 Z1.600
G1 X145.000 Y58.250
G1 X154.000 Y58.250 E0.2237 
G92 E0.0000
; segment
G92 E0.0000
G1 F3300.000
G1 Z1.600
G1 X154.000 Y58.250
G1 X155.000 Y58.250 E0.0249 
G92 E0.0000
; segment
G92 E0.0000
G1 F2400.000
G1 Z1.600
G1 X155.000 Y58.250
G1 X168.750 Y58.250 E0.5697 
G1 X168.750 Y57.750 E0.5904 
G1 X155.000 Y57.750 E1.1601 
G92 E0.0000
; segment
G92 E0.0000
G1 F3300.000
G1 Z1.600
G1 X155.000 Y57.750
G1 X146.000 Y57.750 E0.2237 
G92 E0.0000
; segment
G92 E0.0000
G1 F3300.000
G1 Z1.600
G1 X146.000 Y57.750
G1 X145.000 Y57.750 E0.0249 
G92 E0.0000
; segment
G92 E0.0000
G1 F2400.000
G1 Z1.600
G1 X145.000 Y57.750
G1 X131.250 Y57.750 E0.5697 
G1 X131.250 Y57.250 E0.5904 
G1 X145.000 Y57.250 E1.1601 
G92 E0.0000
; segment
G92 E0.0000
G1 F3300.000
G1 Z1.600
G1 X145.000 Y57.250
G1 X154.000 Y57.250 E0.2237 
G92 E0.0000
; segment
G92 E0.0000
G1 F3300.000
G1 Z1.600
G1 X154.000 Y57.250
G1 X155.000 Y57.250 E0.0249 
G92 E0.0000
; segment
G92 E0.0000
G1 F2400.000
G1 Z1.600
G1 X155.000 Y57.250
G1 X168.750 Y57.250 E0.5697 
G1 X168.750 Y56.750 E0.5904 
G1 X155.000 Y56.750 E1.1601 
G92 E0.0000
; segment
G92 E0.0000
G1 F3300.000
G1 Z1.600
G1 X155.000 Y56.750
G1 X146.000 Y56.750 E0.2237 
G92 E0.0000
; segment
G92 E0.0000
G1 F3300.000
G1 Z1.600
G1 X146.000 Y56.750
G1 X145.000 Y56.750 E0.0249 
G92 E0.0000
; segment
G92 E0.0000
G1 F2400.000
G1 Z1.600
G1 X145.000 Y56.750
G1 X131.250 Y56.750 E0.5697 
G1 X131.250 Y56.250 E0.5904 
G1 X145.000 Y56.250 E1.1601 
G92 E0.0000
; segment
G92 E0.0000
G1 F3300.000
G1 Z1.600
G1 X145.000 Y56.250
G1 X154.000 Y56.250 E0.2237 
G92 E0.0000
; segment
G92 E0.0000
G1 F3300.000
G1 Z1.600
G1 X154.000 Y56.250
G1 X155.000 Y56.250 E0.0249 
G92 E0.0000
; segment
G92 E0.0000
G1 F2400.000
G1 Z1.600
G1 X155.000 Y56.250
G1 X168.750 Y56.250 E0.5697 
G1 X168.750 Y55.750 E0.5904 
G1 X155.000 Y55.750 E1.1601 
G92 E0.0000
; segment
G92 E0.0000
G1 F3300.000
G1 Z1.600
G1 X155.000 Y55.750
G1 X146.000 Y55.750 E0.2237 
G92 E0.0000
; segment
G92 E0.0000
G1 F3300.000
G1 Z1.600
G1 X146.000 Y55.750
G1 X145.000 Y55.750 E0.0249 
G92 E0.0000
; segment
G92 E0.0000
G1 F2400.000
G1 Z1.600
G1 X145.000 Y55.750
G1 X131.250 Y55.750 E0.5697 
G1 X131.250 Y55.250 E0.5904 
G1 X145.000 Y55.250 E1.1601 
G92 E0.0000
; segment
G92 E0.0000
G1 F3300.000
G1 Z1.600
G1 X145.000 Y55.250
G1 X154.000 Y55.250 E0.2237 
G92 E0.0000
; segment
G92 E0.0000
G1 F3300.000
G1 Z1.600
G1 X154.000 Y55.250
G1 X155.000 Y55.250 E0.0249 
G92 E0.0000
; segment
G92 E0.0000
G1 F2400.000
G1 Z1.600
G1 X155.000 Y55.250
G1 X168.750 Y55.250 E0.5697 
G1 X168.750 Y54.750 E0.5904 
G1 X155.000 Y54.750 E1.1601 
G92 E0.0000
; segment
G92 E0.0000
G1 F3300.000
G1 Z1.600
G1 X155.000 Y54.750
G1 X146.000 Y54.750 E0.2237 
G92 E0.0000
; segment
G92 E0.0000
G1 F3300.000
G1 Z1.600
G1 X146.000 Y54.750
G1 X145.000 Y54.750 E0.0249 
G92 E0.0000
; segment
G92 E0.0000
G1 F2400.000
G1 Z1.600
G1 X145.000 Y54.750
G1 X131.250 Y54.750 E0.5697 
G1 X131.250 Y54.250 E0.5904 
G1 X145.000 Y54.250 E1.1601 
G92 E0.0000
; segment
G92 E0.0000
G1 F3300.000
G1 Z1.600
G1 X145.000 Y54.250
G1 X154.000 Y54.250 E0.2237 
G92 E0.0000
; segment
G92 E0.0000
G1 F3300.000
G1 Z1.600
G1 X154.000 Y54.250
G1 X155.000 Y54.250 E0.0249 
G92 E0.0000
; segment
G92 E0.0000
G1 F2400.000
G1 Z1.600
G1 X155.000 Y54.250
G1 X168.750 Y54.250 E0.5697 
G1 X168.750 Y53.750 E0.5904 
G1 X155.000 Y53.750 E1.1601 
G92 E0.0000
; segment
G92 E0.0000
G1 F3300.000
G1 Z1.600
G1 X155.000 Y53.750
G1 X146.000 Y53.750 E0.2237 
G92 E0.0000
; segment
G92 E0.0000
G1 F3300.000
G1 Z1.600
G1 X146.000 Y53.750
G1 X145.000 Y53.750 E0.0249 
G92 E0.0000
; segment
G92 E0.0000
G1 F2400.000
G1 Z1.600
G1 X145.000 Y53.750
G1 X131.250 Y53.750 E0.5697 
G1 X131.250 Y53.250 E0.5904 
G1 X145.000 Y53.250 E1.1601 
G92 E0.0000
; segment
G92 E0.0000
G1 F3300.000
G1 Z1.600
G1 X145.000 Y53.250
G1 X154.000 Y53.250 E0.2237 
G92 E0.0000
; segment
G92 E0.0000
G1 F3300.000
G1 Z1.600
G1 X154.000 Y53.250
G1 X155.000 Y53.250 E0.0249 
G92 E0.0000
; segment
G92 E0.0000
G1 F2400.000
G1 Z1.600
G1 X155.000 Y53.250
G1 X168.750 Y53.250 E0.5697 
G1 X168.750 Y52.750 E0.5904 
G1 X155.000 Y52.750 E1.1601 
G92 E0.0000
; segment
G92 E0.0000
G1 F3300.000
G1 Z1.600
G1 X155.000 Y52.750
G1 X146.000 Y52.750 E0.2237 
G92 E0.0000
; segment
G92 E0.0000
G1 F3300.000
G1 Z1.600
G1 X146.000 Y52.750
G1 X145.000 Y52.750 E0.0249 
G92 E0.0000
; segment
G92 E0.0000
G1 F2400.000
G1 Z1.600
G1 X145.000 Y52.750
G1 X131.250 Y52.750 E0.5697 
G1 X131.250 Y52.250 E0.5904 
G1 X145.000 Y52.250 E1.1601 
G92 E0.0000
; segment
G92 E0.0000
G1 F3300.000
G1 Z1.600
G1 X145.000 Y52.250
G1 X154.000 Y52.250 E0.2237 
G92 E0.0000
; segment
G92 E0.0000
G1 F3300.000
G1 Z1.600
G1 X154.000 Y52.250
G1 X155.000 Y52.250 E0.0249 
G92 E0.0000
; segment
G92 E0.0000
G1 F2400.000
G1 Z1.600
G1 X155.000 Y52.250
G1 X168.750 Y52.250 E0.5697 
G1 X168.750 Y51.750 E0.5904 
G1 X155.000 Y51.750 E1.1601 
G92 E0.0000
; segment
G92 E0.0000
G1 F3300.000
G1 Z1.600
G1 X155.000 Y51.750
G1 X146.000 Y51.750 E0.2237 
G92 E0.0000
; segment
G92 E0.0000
G1 F3300.000
G1 Z1.600
G1 X146.000 Y51.750
G1 X145.000 Y51.750 E0.0249 
G92 E0.0000
; segment
G92 E0.0000
G1 F2400.000
G1 Z1.600
G1 X145.000 Y51.750
G1 X131.250 Y51.750 E0.5697 
G1 X131.250 Y51.250 E0.5904 
G1 X145.000 Y51.250 E1.1601 
G92 E0.0000
; segment
G92 E0.0000
G1 F3300.000
G1 Z1.600
G1 X145.000 Y51.250
G1 X154.000 Y51.250 E0.2237 
G92 E0.0000
; segment
G92 E0.0000
G1 F3300.000
G1 Z1.600
G1 X154.000 Y51.250
G1 X155.000 Y51.250 E0.0249 
G92 E0.0000
; segment
G92 E0.0000
G1 F2400.000
G1 Z1.600
G1 X155.000 Y51.250
G1 X168.750 Y51.250 E0.5697 
G92 E0.0000
; jumping
G92 E0.0000
G1 E-0.500 F2400
G1 X168.750 Y83.750 F12000.000
G1 E0 F2400
G92 E0.0000
; segment
G92 E0.0000
G1 F2400.000
G1 Z1.600
G1 X168.750 Y83.750
G1 X155.000 Y83.750 E0.5697 
G92 E0.0000
; segment
G92 E0.0000
G1 F3300.000
G1 Z1.600
G1 X155.000 Y83.750
G1 X146.000 Y83.750 E0.2237 
G92 E0.0000
; segment
G92 E0.0000
G1 F3300.000
G1 Z1.600
G1 X146.000 Y83.750
G1 X145.000 Y83.750 E0.0249 
G92 E0.0000
; segment
G92 E0.0000
G1 F2400.000
G1 Z1.600
G1 X145.000 Y83.750
G1 X131.250 Y83.750 E0.5697 
G1 X131.250 Y83.250 E0.5904 
G1 X145.000 Y83.250 E1.1601 
G92 E0.0000
; segment
G92 E0.0000
G1 F3300.000
G1 Z1.600
G1 X145.000 Y83.250
G1 X154.000 Y83.250 E0.2237 
G92 E0.0000
; segment
G92 E0.0000
G1 F3300.000
G1 Z1.600
G1 X154.000 Y83.250
G1 X155.000 Y83.250 E0.0249 
G92 E0.0000
; segment
G92 E0.0000
G1 F2400.000
G1 Z1.600
G1 X155.000 Y83.250
G1 X168.750 Y83.250 E0.5697 
G1 X168.750 Y82.750 E0.5904 
G1 X155.000 Y82.750 E1.1601 
G92 E0.0000
; segment
G92 E0.0000
G1 F3300.000
G1 Z1.600
G1 X155.000 Y82.750
G1 X146.000 Y82.750 E0.2237 
G92 E0.0000
; segment
G92 E0.0000
G1 F3300.000
G1 Z1.600
G1 X146.000 Y82.750
G1 X145.000 Y82.750 E0.0249 
G92 E0.0000
; segment
G92 E0.0000
G1 F2400.000
G1 Z1.600
G1 X145.000 Y82.750
G1 X131.250 Y82.750 E0.5697 
G1 X131.250 Y82.250 E0.5904 
G1 X145.000 Y82.250 E1.1601 
G92 E0.0000
; segment
G92 E0.0000
G1 F3300.000
G1 Z1.600
G1 X145.000 Y82.250
G1 X154.000 Y82.250 E0.2237 
G92 E0.0000
; segment
G92 E0.0000
G1 F3300.000
G1 Z1.600
G1 X154.000 Y82.250
G1 X155.000 Y82.250 E0.0249 
G92 E0.0000
; segment
G92 E0.0000
G1 F2400.000
G1 Z1.600
G1 X155.000 Y82.250
G1 X168.750 Y82.250 E0.5697 
G1 X168.750 Y81.750 E0.5904 
G1 X155.000 Y81.750 E1.1601 
G92 E0.0000
; segment
G92 E0.0000
G1 F3300.000
G1 Z1.600
G1 X155.000 Y81.750
G1 X146.000 Y81.750 E0.2237 
G92 E0.0000
; segment
G92 E0.0000
G1 F3300.000
G1 Z1.600
G1 X146.000 Y81.750
G1 X145.000 Y81.750 E0.0249 
G92 E0.0000
; segment
G92 E0.0000
G1 F2400.000
G1 Z1.600
G1 X145.000 Y81.750
G1 X131.250 Y81.750 E0.5697 
G1 X131.250 Y81.250 E0.5904 
G1 X145.000 Y81.250 E1.1601 
G92 E0.0000
; segment
G92 E0.0000
G1 F3300.000
G1 Z1.600
G1 X145.000 Y81.250
G1 X154.000 Y81.250 E0.2237 
G92 E0.0000
; segment
G92 E0.0000
G1 F3300.000
G1 Z1.600
G1 X154.000 Y81.250
G1 X155.000 Y81.250 E0.0249 
G92 E0.0000
; segment
G92 E0.0000
G1 F2400.000
G1 Z1.600
G1 X155.000 Y81.250
G1 X168.750 Y81.250 E0.5697 
G1 X168.750 Y80.750 E0.5904 
G1 X155.000 Y80.750 E1.1601 
G92 E0.0000
; segment
G92 E0.0000
G1 F3300.000
G1 Z1.600
G1 X155.000 Y80.750
G1 X146.000 Y80.750 E0.2237 
G92 E0.0000
; segment
G92 E0.0000
G1 F3300.000
G1 Z1.600
G1 X146.000 Y80.750
G1 X145.000 Y80.750 E0.0249 
G92 E0.0000
; segment
G92 E0.0000
G1 F2400.000
G1 Z1.600
G1 X145.000 Y80.750
G1 X131.250 Y80.750 E0.5697 
G1 X131.250 Y80.250 E0.5904 
G1 X145.000 Y80.250 E1.1601 
G92 E0.0000
; segment
G92 E0.0000
G1 F3300.000
G1 Z1.600
G1 X145.000 Y80.250
G1 X154.000 Y80.250 E0.2237 
G92 E0.0000
; segment
G92 E0.0000
G1 F3300.000
G1 Z1.600
G1 X154.000 Y80.250
G1 X155.000 Y80.250 E0.0249 
G92 E0.0000
; segment
G92 E0.0000
G1 F2400.000
G1 Z1.600
G1 X155.000 Y80.250
G1 X168.750 Y80.250 E0.5697 
G1 X168.750 Y79.750 E0.5904 
G1 X155.000 Y79.750 E1.1601 
G92 E0.0000
; segment
G92 E0.0000
G1 F3300.000
G1 Z1.600
G1 X155.000 Y79.750
G1 X146.000 Y79.750 E0.2237 
G92 E0.0000
; segment
G92 E0.0000
G1 F3300.000
G1 Z1.600
G1 X146.000 Y79.750
G1 X145.000 Y79.750 E0.0249 
G92 E0.0000
; segment
G92 E0.0000
G1 F2400.000
G1 Z1.600
G1 X145.000 Y79.750
G1 X131.250 Y79.750 E0.5697 
G1 X131.250 Y79.250 E0.5904 
G1 X145.000 Y79.250 E1.1601 
G92 E0.0000
; segment
G92 E0.0000
G1 F3300.000
G1 Z1.600
G1 X145.000 Y79.250
G1 X154.000 Y79.250 E0.2237 
G92 E0.0000
; segment
G92 E0.0000
G1 F3300.000
G1 Z1.600
G1 X154.000 Y79.250
G1 X155.000 Y79.250 E0.0249 
G92 E0.0000
; segment
G92 E0.0000
G1 F2400.000
G1 Z1.600
G1 X155.000 Y79.250
G1 X168.750 Y79.250 E0.5697 
G1 X168.750 Y78.750 E0.5904 
G1 X155.000 Y78.750 E1.1601 
G92 E0.0000
; segment
G92 E0.0000
G1 F3300.000
G1 Z1.600
G1 X155.000 Y78.750
G1 X146.000 Y78.750 E0.2237 
G92 E0.0000
; segment
G92 E0.0000
G1 F3300.000
G1 Z1.600
G1 X146.000 Y78.750
G1 X145.000 Y78.750 E0.0249 
G92 E0.0000
; segment
G92 E0.0000
G1 F2400.000
G1 Z1.600
G1 X145.000 Y78.750
G1 X131.250 Y78.750 E0.5697 
G1 X131.250 Y78.250 E0.5904 
G1 X145.000 Y78.250 E1.1601 
G92 E0.0000
; segment
G92 E0.0000
G1 F3300.000
G1 Z1.600
G1 X145.000 Y78.250
G1 X154.000 Y78.250 E0.2237 
G92 E0.0000
; segment
G92 E0.0000
G1 F3300.000
G1 Z1.600
G1 X154.000 Y78.250
G1 X155.000 Y78.250 E0.0249 
G92 E0.0000
; segment
G92 E0.0000
G1 F2400.000
G1 Z1.600
G1 X155.000 Y78.250
G1 X168.750 Y78.250 E0.5697 
G1 X168.750 Y77.750 E0.5904 
G1 X155.000 Y77.750 E1.1601 
G92 E0.0000
; segment
G92 E0.0000
G1 F3300.000
G1 Z1.600
G1 X155.000 Y77.750
G1 X146.000 Y77.750 E0.2237 
G92 E0.0000
; segment
G92 E0.0000
G1 F3300.000
G1 Z1.600
G1 X146.000 Y77.750
G1 X145.000 Y77.750 E0.0249 
G92 E0.0000
; segment
G92 E0.0000
G1 F2400.000
G1 Z1.600
G1 X145.000 Y77.750
G1 X131.250 Y77.750 E0.5697 
G1 X131.250 Y77.250 E0.5904 
G1 X145.000 Y77.250 E1.1601 
G92 E0.0000
; segment
G92 E0.0000
G1 F3300.000
G1 Z1.600
G1 X145.000 Y77.250
G1 X154.000 Y77.250 E0.2237 
G92 E0.0000
; segment
G92 E0.0000
G1 F3300.000
G1 Z1.600
G1 X154.000 Y77.250
G1 X155.000 Y77.250 E0.0249 
G92 E0.0000
; segment
G92 E0.0000
G1 F2400.000
G1 Z1.600
G1 X155.000 Y77.250
G1 X168.750 Y77.250 E0.5697 
G1 X168.750 Y76.750 E0.5904 
G1 X155.000 Y76.750 E1.1601 
G92 E0.0000
; segment
G92 E0.0000
G1 F3300.000
G1 Z1.600
G1 X155.000 Y76.750
G1 X146.000 Y76.750 E0.2237 
G92 E0.0000
; segment
G92 E0.0000
G1 F3300.000
G1 Z1.600
G1 X146.000 Y76.750
G1 X145.000 Y76.750 E0.0249 
G92 E0.0000
; segment
G92 E0.0000
G1 F2400.000
G1 Z1.600
G1 X145.000 Y76.750
G1 X131.250 Y76.750 E0.5697 
G1 X131.250 Y76.250 E0.5904 
G1 X145.000 Y76.250 E1.1601 
G92 E0.0000
; segment
G92 E0.0000
G1 F3300.000
G1 Z1.600
G1 X145.000 Y76.250
G1 X154.000 Y76.250 E0.2237 
G92 E0.0000
; segment
G92 E0.0000
G1 F3300.000
G1 Z1.600
G1 X154.000 Y76.250
G1 X155.000 Y76.250 E0.0249 
G92 E0.0000
; segment
G92 E0.0000
G1 F2400.000
G1 Z1.600
G1 X155.000 Y76.250
G1 X168.750 Y76.250 E0.5697 
G92 E0.0000
; jumping
G92 E0.0000
G1 E-0.500 F2400
G1 X169.750 Y25.250 F12000.000
G1 E0 F2400
G92 E0.0000
; segment
G92 E0.0000
G1 F2400.000
G1 Z1.800
G1 X169.750 Y25.250
G1 X155.000 Y25.250 E0.6111 
G92 E0.0000
; segment
G92 E0.0000
G1 F3300.000
G1 Z1.800
G1 X155.000 Y25.250
G1 X146.000 Y25.250 E0.2237 
G92 E0.0000
; segment
G92 E0.0000
G1 F3300.000
G1 Z1.800
G1 X146.000 Y25.250
G1 X145.000 Y25.250 E0.0249 
G92 E0.0000
; segment
G92 E0.0000
G1 F2400.000
G1 Z1.800
G1 X145.000 Y25.250
G1 X130.250 Y25.250 E0.6111 
G1 X130.250 Y34.750 E1.0047 
G1 X145.000 Y34.750 E1.6158 
G92 E0.0000
; segment
G92 E0.0000
G1 F3300.000
G1 Z1.800
G1 X145.000 Y34.750
G1 X154.000 Y34.750 E0.2237 
G92 E0.0000
; segment
G92 E0.0000
G1 F3300.000
G1 Z1.800
G1 X154.000 Y34.750
G1 X155.000 Y34.750 E0.0249 
G92 E0.0000
; segment
G92 E0.0000
G1 F2400.000
G1 Z1.800
G1 X155.000 Y34.750
G1 X169.750 Y34.750 E0.6111 
G1 X169.750 Y25.250 E1.0047 
G92 E0.0000
; segment
G92 E0.0000
G1 F2400.000
G1 Z1.800
G1 X169.250 Y25.750
G1 X155.000 Y25.750 E0.5904 
G92 E0.0000
; segment
G92 E0.0000
G1 F3300.000
G1 Z1.800
G1 X155.000 Y25.750
G1 X146.000 Y25.750 E0.2237 
G92 E0.0000
; segment
G92 E0.0000
G1 F3300.000
G1 Z1.800
G1 X146.000 Y25.750
G1 X145.000 Y25.750 E0.0249 
G92 E0.0000
; segment
G92 E0.0000
G1 F2400.000
G1 Z1.800
G1 X145.000 Y25.750
G1 X130.750 Y25.750 E0.5904 
G1 X130.750 Y34.250 E0.9426 
G1 X145.000 Y34.250 E1.5330 
G92 E0.0000
; segment
G92 E0.0000
G1 F3300.000
G1 Z1.800
G1 X145.000 Y34.250
G1 X154.000 Y34.250 E0.2237 
G92 E0.0000
; segment
G92 E0.0000
G1 F3300.000
G1 Z1.800
G1 X154.000 Y34.250
G1 X155.000 Y34.250 E0.0249 
G92 E0.0000
; segment
G92 E0.0000
G1 F2400.000
G1 Z1.800
G1 X155.000 Y34.250
G1 X169.250 Y34.250 E0.5904 
G1 X169.250 Y25.750 E0.9426 
G92 E0.0000
; jumping
G92 E0.0000
G1 E-0.500 F2400
G1 X169.750 Y50.250 F12000.000
G1 E0 F2400
G92 E0.0000
; segment
G92 E0.0000
G1 F2400.000
G1 Z1.800
G1 X169.750 Y50.250
G1 X155.000 Y50.250 E0.6111 
G92 E0.0000
; segment
G92 E0.0000
G1 F3300.000
G1 Z1.800
G1 X155.000 Y50.250
G1 X146.000 Y50.250 E0.2237 
G92 E0.0000
; segment
G92 E0.0000
G1 F3300.000
G1 Z1.800
G1 X146.000 Y50.250
G1 X145.000 Y50.250 E0.0249 
G92 E0.0000
; segment
G92 E0.0000
G1 F2400.000
G1 Z1.800
G1 X145.000 Y50.250
G1 X130.250 Y50.250 E0.6111 
G1 X130.250 Y59.750 E1.0047 
G1 X145.000 Y59.750 E1.6158 
G92 E0.0000
; segment
G92 E0.0000
G1 F3300.000
G1 Z1.800
G1 X145.000 Y59.750
G1 X154.000 Y59.750 E0.2237 
G92 E0.0000
; segment
G92 E0.0000
G1 F3300.000
G1 Z1.800
G1 X154.000 Y59.750
G1 X155.000 Y59.750 E0.0249 
G92 E0.0000
; segment
G92 E0.0000
G1 F2400.000
G1 Z1.800
G1 X155.000 Y59.750
G1 X169.750 Y59.750 E0.6111 
G1 X169.750 Y50.250 E1.0047 
G92 E0.0000
; segment
G92 E0.0000
G1 F2400.000
G1 Z1.800
G1 X169.250 Y50.750
G1 X155.000 Y50.750 E0.5904 
G92 E0.0000
; segment
G92 E0.0000
G1 F3300.000
G1 Z1.800
G1 X155.000 Y50.750
G1 X146.000 Y50.750 E0.2237 
G92 E0.0000
; segment
G92 E0.0000
G1 F3300.000
G1 Z1.800
G1 X146.000 Y50.750
G1 X145.000 Y50.750 E0.0249 
G92 E0.0000
; segment
G92 E0.0000
G1 F2400.000
G1 Z1.800
G1 X145.000 Y50.750
G1 X130.750 Y50.750 E0.5904 
G1 X130.750 Y59.250 E0.9426 
G1 X145.000 Y59.250 E1.5330 
G92 E0.0000
; segment
G92 E0.0000
G1 F3300.000
G1 Z1.800
G1 X145.000 Y59.250
G1 X154.000 Y59.250 E0.2237 
G92 E0.0000
; segment
G92 E0.0000
G1 F3300.000
G1 Z1.800
G1 X154.000 Y59.250
G1 X155.000 Y59.250 E0.0249 
G92 E0.0000
; segment
G92 E0.0000
G1 F2400.000
G1 Z1.800
G1 X155.000 Y59.250
G1 X169.250 Y59.250 E0.5904 
G1 X169.250 Y50.750 E0.9426 
G92 E0.0000
; jumping
G92 E0.0000
G1 E-0.500 F2400
G1 X169.750 Y75.250 F12000.000
G1 E0 F2400
G92 E0.0000
; segment
G92 E0.0000
G1 F2400.000
G1 Z1.800
G1 X169.750 Y75.250
G1 X155.000 Y75.250 E0.6111 
G92 E0.0000
; segment
G92 E0.0000
G1 F3300.000
G1 Z1.800
G1 X155.000 Y75.250
G1 X146.000 Y75.250 E0.2237 
G92 E0.0000
; segment
G92 E0.0000
G1 F3300.000
G1 Z1.800
G1 X146.000 Y75.250
G1 X145.000 Y75.250 E0.0249 
G92 E0.0000
; segment
G92 E0.0000
G1 F2400.000
G1 Z1.800
G1 X145.000 Y75.250
G1 X130.250 Y75.250 E0.6111 
G1 X130.250 Y84.750 E1.0047 
G1 X145.000 Y84.750 E1.6158 
G92 E0.0000
; segment
G92 E0.0000
G1 F3300.000
G1 Z1.800
G1 X145.000 Y84.750
G1 X154.000 Y84.750 E0.2237 
G92 E0.0000
; segment
G92 E0.0000
G1 F3300.000
G1 Z1.800
G1 X154.000 Y84.750
G1 X155.000 Y84.750 E0.0249 
G92 E0.0000
; segment
G92 E0.0000
G1 F2400.000
G1 Z1.800
G1 X155.000 Y84.750
G1 X169.750 Y84.750 E0.6111 
G1 X169.750 Y75.250 E1.0047 
G92 E0.0000
; segment
G92 E0.0000
G1 F2400.000
G1 Z1.800
G1 X169.250 Y75.750
G1 X155.000 Y75.750 E0.5904 
G92 E0.0000
; segment
G92 E0.0000
G1 F3300.000
G1 Z1.800
G1 X155.000 Y75.750
G1 X146.000 Y75.750 E0.2237 
G92 E0.0000
; segment
G92 E0.0000
G1 F3300.000
G1 Z1.800
G1 X146.000 Y75.750
G1 X145.000 Y75.750 E0.0249 
G92 E0.0000
; segment
G92 E0.0000
G1 F2400.000
G1 Z1.800
G1 X145.000 Y75.750
G1 X130.750 Y75.750 E0.5904 
G1 X130.750 Y84.250 E0.9426 
G1 X145.000 Y84.250 E1.5330 
G92 E0.0000
; segment
G92 E0.0000
G1 F3300.000
G1 Z1.800
G1 X145.000 Y84.250
G1 X154.000 Y84.250 E0.2237 
G92 E0.0000
; segment
G92 E0.0000
G1 F3300.000
G1 Z1.800
G1 X154.000 Y84.250
G1 X155.000 Y84.250 E0.0249 
G92 E0.0000
; segment
G92 E0.0000
G1 F2400.000
G1 Z1.800
G1 X155.000 Y84.250
G1 X169.250 Y84.250 E0.5904 
G1 X169.250 Y75.750 E0.9426 
G92 E0.0000
; jumping
G92 E0.0000
G1 E-0.500 F2400
G1 X168.750 Y26.250 F12000.000
G1 E0 F2400
G92 E0.0000
; segment
G92 E0.0000
G1 F2400.000
G1 Z1.800
G1 X168.750 Y26.250
G1 X155.000 Y26.250 E0.5697 
G92 E0.0000
; segment
G92 E0.0000
G1 F3300.000
G1 Z1.800
G1 X155.000 Y26.250
G1 X146.000 Y26.250 E0.2237 
G92 E0.0000
; segment
G92 E0.0000
G1 F3300.000
G1 Z1.800
G1 X146.000 Y26.250
G1 X145.000 Y26.250 E0.0249 
G92 E0.0000
; segment
G92 E0.0000
G1 F2400.000
G1 Z1.800
G1 X145.000 Y26.250
G1 X131.250 Y26.250 E0.5697 
G1 X131.250 Y26.750 E0.5904 
G1 X145.000 Y26.750 E1.1601 
G92 E0.0000
; segment
G92 E0.0000
G1 F3300.000
G1 Z1.800
G1 X145.000 Y26.750
G1 X154.000 Y26.750 E0.2237 
G92 E0.0000
; segment
G92 E0.0000
G1 F3300.000
G1 Z1.800
G1 X154.000 Y26.750
G1 X155.000 Y26.750 E0.0249 
G92 E0.0000
; segment
G92 E0.0000
G1 F2400.000
G1 Z1.800
G1 X155.000 Y26.750
G1 X168.750 Y26.750 E0.5697 
G1 X168.750 Y27.250 E0.5904 
G1 X155.000 Y27.250 E1.1601 
G92 E0.0000
; segment
G92 E0.0000
G1 F3300.000
G1 Z1.800
G1 X155.000 Y27.250
G1 X146.000 Y27.250 E0.2237 
G92 E0.0000
; segment
G92 E0.0000
G1 F3300.000
G1 Z1.800
G1 X146.000 Y27.250
G1 X145.000 Y27.250 E0.0249 
G92 E0.0000
; segment
G92 E0.0000
G1 F2400.000
G1 Z1.800
G1 X145.000 Y27.250
G1 X131.250 Y27.250 E0.5697 
G1 X131.250 Y27.750 E0.5904 
G1 X145.000 Y27.750 E1.1601 
G92 E0.0000
; segment
G92 E0.0000
G1 F3300.000
G1 Z1.800
G1 X145.000 Y27.750
G1 X154.000 Y27.750 E0.2237 
G92 E0.0000
; segment
G92 E0.0000
G1 F3300.000
G1 Z1.800
G1 X154.000 Y27.750
G1 X155.000 Y27.750 E0.0249 
G92 E0.0000
; segment
G92 E0.0000
G1 F2400.000
G1 Z1.800
G1 X155.000 Y27.750
G1 X168.750 Y27.750 E0.5697 
G1 X168.750 Y28.250 E0.5904 
G1 X155.000 Y28.250 E1.1601 
G92 E0.0000
; segment
G92 E0.0000
G1 F3300.000
G1 Z1.800
G1 X155.000 Y28.250
G1 X146.000 Y28.250 E0.2237 
G92 E0.0000
; segment
G92 E0.0000
G1 F3300.000
G1 Z1.800
G1 X146.000 Y28.250
G1 X145.000 Y28.250 E0.0249 
G92 E0.0000
; segment
G92 E0.0000
G1 F2400.000
G1 Z1.800
G1 X145.000 Y28.250
G1 X131.250 Y28.250 E0.5697 
G1 X131.250 Y28.750 E0.5904 
G1 X145.000 Y28.750 E1.1601 
G92 E0.0000
; segment
G92 E0.0000
G1 F3300.000
G1 Z1.800
G1 X145.000 Y28.750
G1 X154.000 Y28.750 E0.2237 
G92 E0.0000
; segment
G92 E0.0000
G1 F3300.000
G1 Z1.800
G1 X154.000 Y28.750
G1 X155.000 Y28.750 E0.0249 
G92 E0.0000
; segment
G92 E0.0000
G1 F2400.000
G1 Z1.800
G1 X155.000 Y28.750
G1 X168.750 Y28.750 E0.5697 
G1 X168.750 Y29.250 E0.5904 
G1 X155.000 Y29.250 E1.1601 
G92 E0.0000
; segment
G92 E0.0000
G1 F3300.000
G1 Z1.800
G1 X155.000 Y29.250
G1 X146.000 Y29.250 E0.2237 
G92 E0.0000
; segment
G92 E0.0000
G1 F3300.000
G1 Z1.800
G1 X146.000 Y29.250
G1 X145.000 Y29.250 E0.0249 
G92 E0.0000
; segment
G92 E0.0000
G1 F2400.000
G1 Z1.800
G1 X145.000 Y29.250
G1 X131.250 Y29.250 E0.5697 
G1 X131.250 Y29.750 E0.5904 
G1 X145.000 Y29.750 E1.1601 
G92 E0.0000
; segment
G92 E0.0000
G1 F3300.000
G1 Z1.800
G1 X145.000 Y29.750
G1 X154.000 Y29.750 E0.2237 
G92 E0.0000
; segment
G92 E0.0000
G1 F3300.000
G1 Z1.800
G1 X154.000 Y29.750
G1 X155.000 Y29.750 E0.0249 
G92 E0.0000
; segment
G92 E0.0000
G1 F2400.000
G1 Z1.800
G1 X155.000 Y29.750
G1 X168.750 Y29.750 E0.5697 
G1 X168.750 Y30.250 E0.5904 
G1 X155.000 Y30.250 E1.1601 
G92 E0.0000
; segment
G92 E0.0000
G1 F3300.000
G1 Z1.800
G1 X155.000 Y30.250
G1 X146.000 Y30.250 E0.2237 
G92 E0.0000
; segment
G92 E0.0000
G1 F3300.000
G1 Z1.800
G1 X146.000 Y30.250
G1 X145.000 Y30.250 E0.0249 
G92 E0.0000
; segment
G92 E0.0000
G1 F2400.000
G1 Z1.800
G1 X145.000 Y30.250
G1 X131.250 Y30.250 E0.5697 
G1 X131.250 Y30.750 E0.5904 
G1 X145.000 Y30.750 E1.1601 
G92 E0.0000
; segment
G92 E0.0000
G1 F3300.000
G1 Z1.800
G1 X145.000 Y30.750
G1 X154.000 Y30.750 E0.2237 
G92 E0.0000
; segment
G92 E0.0000
G1 F3300.000
G1 Z1.800
G1 X154.000 Y30.750
G1 X155.000 Y30.750 E0.0249 
G92 E0.0000
; segment
G92 E0.0000
G1 F2400.000
G1 Z1.800
G1 X155.000 Y30.750
G1 X168.750 Y30.750 E0.5697 
G1 X168.750 Y31.250 E0.5904 
G1 X155.000 Y31.250 E1.1601 
G92 E0.0000
; segment
G92 E0.0000
G1 F3300.000
G1 Z1.800
G1 X155.000 Y31.250
G1 X146.000 Y31.250 E0.2237 
G92 E0.0000
; segment
G92 E0.0000
G1 F3300.000
G1 Z1.800
G1 X146.000 Y31.250
G1 X145.000 Y31.250 E0.0249 
G92 E0.0000
; segment
G92 E0.0000
G1 F2400.000
G1 Z1.800
G1 X145.000 Y31.250
G1 X131.250 Y31.250 E0.5697 
G1 X131.250 Y31.750 E0.5904 
G1 X145.000 Y31.750 E1.1601 
G92 E0.0000
; segment
G92 E0.0000
G1 F3300.000
G1 Z1.800
G1 X145.000 Y31.750
G1 X154.000 Y31.750 E0.2237 
G92 E0.0000
; segment
G92 E0.0000
G1 F3300.000
G1 Z1.800
G1 X154.000 Y31.750
G1 X155.000 Y31.750 E0.0249 
G92 E0.0000
; segment
G92 E0.0000
G1 F2400.000
G1 Z1.800
G1 X155.000 Y31.750
G1 X168.750 Y31.750 E0.5697 
G1 X168.750 Y32.250 E0.5904 
G1 X155.000 Y32.250 E1.1601 
G92 E0.0000
; segment
G92 E0.0000
G1 F3300.000
G1 Z1.800
G1 X155.000 Y32.250
G1 X146.000 Y32.250 E0.2237 
G92 E0.0000
; segment
G92 E0.0000
G1 F3300.000
G1 Z1.800
G1 X146.000 Y32.250
G1 X145.000 Y32.250 E0.0249 
G92 E0.0000
; segment
G92 E0.0000
G1 F2400.000
G1 Z1.800
G1 X145.000 Y32.250
G1 X131.250 Y32.250 E0.5697 
G1 X131.250 Y32.750 E0.5904 
G1 X145.000 Y32.750 E1.1601 
G92 E0.0000
; segment
G92 E0.0000
G1 F3300.000
G1 Z1.800
G1 X145.000 Y32.750
G1 X154.000 Y32.750 E0.2237 
G92 E0.0000
; segment
G92 E0.0000
G1 F3300.000
G1 Z1.800
G1 X154.000 Y32.750
G1 X155.000 Y32.750 E0.0249 
G92 E0.0000
; segment
G92 E0.0000
G1 F2400.000
G1 Z1.800
G1 X155.000 Y32.750
G1 X168.750 Y32.750 E0.5697 
G1 X168.750 Y33.250 E0.5904 
G1 X155.000 Y33.250 E1.1601 
G92 E0.0000
; segment
G92 E0.0000
G1 F3300.000
G1 Z1.800
G1 X155.000 Y33.250
G1 X146.000 Y33.250 E0.2237 
G92 E0.0000
; segment
G92 E0.0000
G1 F3300.000
G1 Z1.800
G1 X146.000 Y33.250
G1 X145.000 Y33.250 E0.0249 
G92 E0.0000
; segment
G92 E0.0000
G1 F2400.000
G1 Z1.800
G1 X145.000 Y33.250
G1 X131.250 Y33.250 E0.5697 
G1 X131.250 Y33.750 E0.5904 
G1 X145.000 Y33.750 E1.1601 
G92 E0.0000
; segment
G92 E0.0000
G1 F3300.000
G1 Z1.800
G1 X145.000 Y33.750
G1 X154.000 Y33.750 E0.2237 
G92 E0.0000
; segment
G92 E0.0000
G1 F3300.000
G1 Z1.800
G1 X154.000 Y33.750
G1 X155.000 Y33.750 E0.0249 
G92 E0.0000
; segment
G92 E0.0000
G1 F2400.000
G1 Z1.800
G1 X155.000 Y33.750
G1 X168.750 Y33.750 E0.5697 
G92 E0.0000
; jumping
G92 E0.0000
G1 E-0.500 F2400
G1 X168.750 Y51.250 F12000.000
G1 E0 F2400
G92 E0.0000
; segment
G92 E0.0000
G1 F2400.000
G1 Z1.800
G1 X168.750 Y51.250
G1 X155.000 Y51.250 E0.5697 
G92 E0.0000
; segment
G92 E0.0000
G1 F3300.000
G1 Z1.800
G1 X155.000 Y51.250
G1 X146.000 Y51.250 E0.2237 
G92 E0.0000
; segment
G92 E0.0000
G1 F3300.000
G1 Z1.800
G1 X146.000 Y51.250
G1 X145.000 Y51.250 E0.0249 
G92 E0.0000
; segment
G92 E0.0000
G1 F2400.000
G1 Z1.800
G1 X145.000 Y51.250
G1 X131.250 Y51.250 E0.5697 
G1 X131.250 Y51.750 E0.5904 
G1 X145.000 Y51.750 E1.1601 
G92 E0.0000
; segment
G92 E0.0000
G1 F3300.000
G1 Z1.800
G1 X145.000 Y51.750
G1 X154.000 Y51.750 E0.2237 
G92 E0.0000
; segment
G92 E0.0000
G1 F3300.000
G1 Z1.800
G1 X154.000 Y51.750
G1 X155.000 Y51.750 E0.0249 
G92 E0.0000
; segment
G92 E0.0000
G1 F2400.000
G1 Z1.800
G1 X155.000 Y51.750
G1 X168.750 Y51.750 E0.5697 
G1 X168.750 Y52.250 E0.5904 
G1 X155.000 Y52.250 E1.1601 
G92 E0.0000
; segment
G92 E0.0000
G1 F3300.000
G1 Z1.800
G1 X155.000 Y52.250
G1 X146.000 Y52.250 E0.2237 
G92 E0.0000
; segment
G92 E0.0000
G1 F3300.000
G1 Z1.800
G1 X146.000 Y52.250
G1 X145.000 Y52.250 E0.0249 
G92 E0.0000
; segment
G92 E0.0000
G1 F2400.000
G1 Z1.800
G1 X145.000 Y52.250
G1 X131.250 Y52.250 E0.5697 
G1 X131.250 Y52.750 E0.5904 
G1 X145.000 Y52.750 E1.1601 
G92 E0.0000
; segment
G92 E0.0000
G1 F3300.000
G1 Z1.800
G1 X145.000 Y52.750
G1 X154.000 Y52.750 E0.2237 
G92 E0.0000
; segment
G92 E0.0000
G1 F3300.000
G1 Z1.800
G1 X154.000 Y52.750
G1 X155.000 Y52.750 E0.0249 
G92 E0.0000
; segment
G92 E0.0000
G1 F2400.000
G1 Z1.800
G1 X155.000 Y52.750
G1 X168.750 Y52.750 E0.5697 
G1 X168.750 Y53.250 E0.5904 
G1 X155.000 Y53.250 E1.1601 
G92 E0.0000
; segment
G92 E0.0000
G1 F3300.000
G1 Z1.800
G1 X155.000 Y53.250
G1 X146.000 Y53.250 E0.2237 
G92 E0.0000
; segment
G92 E0.0000
G1 F3300.000
G1 Z1.800
G1 X146.000 Y53.250
G1 X145.000 Y53.250 E0.0249 
G92 E0.0000
; segment
G92 E0.0000
G1 F2400.000
G1 Z1.800
G1 X145.000 Y53.250
G1 X131.250 Y53.250 E0.5697 
G1 X131.250 Y53.750 E0.5904 
G1 X145.000 Y53.750 E1.1601 
G92 E0.0000
; segment
G92 E0.0000
G1 F3300.000
G1 Z1.800
G1 X145.000 Y53.750
G1 X154.000 Y53.750 E0.2237 
G92 E0.0000
; segment
G92 E0.0000
G1 F3300.000
G1 Z1.800
G1 X154.000 Y53.750
G1 X155.000 Y53.750 E0.0249 
G92 E0.0000
; segment
G92 E0.0000
G1 F2400.000
G1 Z1.800
G1 X155.000 Y53.750
G1 X168.750 Y53.750 E0.5697 
G1 X168.750 Y54.250 E0.5904 
G1 X155.000 Y54.250 E1.1601 
G92 E0.0000
; segment
G92 E0.0000
G1 F3300.000
G1 Z1.800
G1 X155.000 Y54.250
G1 X146.000 Y54.250 E0.2237 
G92 E0.0000
; segment
G92 E0.0000
G1 F3300.000
G1 Z1.800
G1 X146.000 Y54.250
G1 X145.000 Y54.250 E0.0249 
G92 E0.0000
; segment
G92 E0.0000
G1 F2400.000
G1 Z1.800
G1 X145.000 Y54.250
G1 X131.250 Y54.250 E0.5697 
G1 X131.250 Y54.750 E0.5904 
G1 X145.000 Y54.750 E1.1601 
G92 E0.0000
; segment
G92 E0.0000
G1 F3300.000
G1 Z1.800
G1 X145.000 Y54.750
G1 X154.000 Y54.750 E0.2237 
G92 E0.0000
; segment
G92 E0.0000
G1 F3300.000
G1 Z1.800
G1 X154.000 Y54.750
G1 X155.000 Y54.750 E0.0249 
G92 E0.0000
; segment
G92 E0.0000
G1 F2400.000
G1 Z1.800
G1 X155.000 Y54.750
G1 X168.750 Y54.750 E0.5697 
G1 X168.750 Y55.250 E0.5904 
G1 X155.000 Y55.250 E1.1601 
G92 E0.0000
; segment
G92 E0.0000
G1 F3300.000
G1 Z1.800
G1 X155.000 Y55.250
G1 X146.000 Y55.250 E0.2237 
G92 E0.0000
; segment
G92 E0.0000
G1 F3300.000
G1 Z1.800
G1 X146.000 Y55.250
G1 X145.000 Y55.250 E0.0249 
G92 E0.0000
; segment
G92 E0.0000
G1 F2400.000
G1 Z1.800
G1 X145.000 Y55.250
G1 X131.250 Y55.250 E0.5697 
G1 X131.250 Y55.750 E0.5904 
G1 X145.000 Y55.750 E1.1601 
G92 E0.0000
; segment
G92 E0.0000
G1 F3300.000
G1 Z1.800
G1 X145.000 Y55.750
G1 X154.000 Y55.750 E0.2237 
G92 E0.0000
; segment
G92 E0.0000
G1 F3300.000
G1 Z1.800
G1 X154.000 Y55.750
G1 X155.000 Y55.750 E0.0249 
G92 E0.0000
; segment
G92 E0.0000
G1 F2400.000
G1 Z1.800
G1 X155.000 Y55.750
G1 X168.750 Y55.750 E0.5697 
G1 X168.750 Y56.250 E0.5904 
G1 X155.000 Y56.250 E1.1601 
G92 E0.0000
; segment
G92 E0.0000
G1 F3300.000
G1 Z1.800
G1 X155.000 Y56.250
G1 X146.000 Y56.250 E0.2237 
G92 E0.0000
; segment
G92 E0.0000
G1 F3300.000
G1 Z1.800
G1 X146.000 Y56.250
G1 X145.000 Y56.250 E0.0249 
G92 E0.0000
; segment
G92 E0.0000
G1 F2400.000
G1 Z1.800
G1 X145.000 Y56.250
G1 X131.250 Y56.250 E0.5697 
G1 X131.250 Y56.750 E0.5904 
G1 X145.000 Y56.750 E1.1601 
G92 E0.0000
; segment
G92 E0.0000
G1 F3300.000
G1 Z1.800
G1 X145.000 Y56.750
G1 X154.000 Y56.750 E0.2237 
G92 E0.0000
; segment
G92 E0.0000
G1 F3300.000
G1 Z1.800
G1 X154.000 Y56.750
G1 X155.000 Y56.750 E0.0249 
G92 E0.0000
; segment
G92 E0.0000
G1 F2400.000
G1 Z1.800
G1 X155.000 Y56.750
G1 X168.750 Y56.750 E0.5697 
G1 X168.750 Y57.250 E0.5904 
G1 X155.000 Y57.250 E1.1601 
G92 E0.0000
; segment
G92 E0.0000
G1 F3300.000
G1 Z1.800
G1 X155.000 Y57.250
G1 X146.000 Y57.250 E0.2237 
G92 E0.0000
; segment
G92 E0.0000
G1 F3300.000
G1 Z1.800
G1 X146.000 Y57.250
G1 X145.000 Y57.250 E0.0249 
G92 E0.0000
; segment
G92 E0.0000
G1 F2400.000
G1 Z1.800
G1 X145.000 Y57.250
G1 X131.250 Y57.250 E0.5697 
G1 X131.250 Y57.750 E0.5904 
G1 X145.000 Y57.750 E1.1601 
G92 E0.0000
; segment
G92 E0.0000
G1 F3300.000
G1 Z1.800
G1 X145.000 Y57.750
G1 X154.000 Y57.750 E0.2237 
G92 E0.0000
; segment
G92 E0.0000
G1 F3300.000
G1 Z1.800
G1 X154.000 Y57.750
G1 X155.000 Y57.750 E0.0249 
G92 E0.0000
; segment
G92 E0.0000
G1 F2400.000
G1 Z1.800
G1 X155.000 Y57.750
G1 X168.750 Y57.750 E0.5697 
G1 X168.750 Y58.250 E0.5904 
G1 X155.000 Y58.250 E1.1601 
G92 E0.0000
; segment
G92 E0.0000
G1 F3300.000
G1 Z1.800
G1 X155.000 Y58.250
G1 X146.000 Y58.250 E0.2237 
G92 E0.0000
; segment
G92 E0.0000
G1 F3300.000
G1 Z1.800
G1 X146.000 Y58.250
G1 X145.000 Y58.250 E0.0249 
G92 E0.0000
; segment
G92 E0.0000
G1 F2400.000
G1 Z1.800
G1 X145.000 Y58.250
G1 X131.250 Y58.250 E0.5697 
G1 X131.250 Y58.750 E0.5904 
G1 X145.000 Y58.750 E1.1601 
G92 E0.0000
; segment
G92 E0.0000
G1 F3300.000
G1 Z1.800
G1 X145.000 Y58.750
G1 X154.000 Y58.750 E0.2237 
G92 E0.0000
; segment
G92 E0.0000
G1 F3300.000
G1 Z1.800
G1 X154.000 Y58.750
G1 X155.000 Y58.750 E0.0249 
G92 E0.0000
; segment
G92 E0.0000
G1 F2400.000
G1 Z1.800
G1 X155.000 Y58.750
G1 X168.750 Y58.750 E0.5697 
G92 E0.0000
; jumping
G92 E0.0000
G1 E-0.500 F2400
G1 X168.750 Y76.250 F12000.000
G1 E0 F2400
G92 E0.0000
; segment
G92 E0.0000
G1 F2400.000
G1 Z1.800
G1 X168.750 Y76.250
G1 X155.000 Y76.250 E0.5697 
G92 E0.0000
; segment
G92 E0.0000
G1 F3300.000
G1 Z1.800
G1 X155.000 Y76.250
G1 X146.000 Y76.250 E0.2237 
G92 E0.0000
; segment
G92 E0.0000
G1 F3300.000
G1 Z1.800
G1 X146.000 Y76.250
G1 X145.000 Y76.250 E0.0249 
G92 E0.0000
; segment
G92 E0.0000
G1 F2400.000
G1 Z1.800
G1 X145.000 Y76.250
G1 X131.250 Y76.250 E0.5697 
G1 X131.250 Y76.750 E0.5904 
G1 X145.000 Y76.750 E1.1601 
G92 E0.0000
; segment
G92 E0.0000
G1 F3300.000
G1 Z1.800
G1 X145.000 Y76.750
G1 X154.000 Y76.750 E0.2237 
G92 E0.0000
; segment
G92 E0.0000
G1 F3300.000
G1 Z1.800
G1 X154.000 Y76.750
G1 X155.000 Y76.750 E0.0249 
G92 E0.0000
; segment
G92 E0.0000
G1 F2400.000
G1 Z1.800
G1 X155.000 Y76.750
G1 X168.750 Y76.750 E0.5697 
G1 X168.750 Y77.250 E0.5904 
G1 X155.000 Y77.250 E1.1601 
G92 E0.0000
; segment
G92 E0.0000
G1 F3300.000
G1 Z1.800
G1 X155.000 Y77.250
G1 X146.000 Y77.250 E0.2237 
G92 E0.0000
; segment
G92 E0.0000
G1 F3300.000
G1 Z1.800
G1 X146.000 Y77.250
G1 X145.000 Y77.250 E0.0249 
G92 E0.0000
; segment
G92 E0.0000
G1 F2400.000
G1 Z1.800
G1 X145.000 Y77.250
G1 X131.250 Y77.250 E0.5697 
G1 X131.250 Y77.750 E0.5904 
G1 X145.000 Y77.750 E1.1601 
G92 E0.0000
; segment
G92 E0.0000
G1 F3300.000
G1 Z1.800
G1 X145.000 Y77.750
G1 X154.000 Y77.750 E0.2237 
G92 E0.0000
; segment
G92 E0.0000
G1 F3300.000
G1 Z1.800
G1 X154.000 Y77.750
G1 X155.000 Y77.750 E0.0249 
G92 E0.0000
; segment
G92 E0.0000
G1 F2400.000
G1 Z1.800
G1 X155.000 Y77.750
G1 X168.750 Y77.750 E0.5697 
G1 X168.750 Y78.250 E0.5904 
G1 X155.000 Y78.250 E1.1601 
G92 E0.0000
; segment
G92 E0.0000
G1 F3300.000
G1 Z1.800
G1 X155.000 Y78.250
G1 X146.000 Y78.250 E0.2237 
G92 E0.0000
; segment
G92 E0.0000
G1 F3300.000
G1 Z1.800
G1 X146.000 Y78.250
G1 X145.000 Y78.250 E0.0249 
G92 E0.0000
; segment
G92 E0.0000
G1 F2400.000
G1 Z1.800
G1 X145.000 Y78.250
G1 X131.250 Y78.250 E0.5697 
G1 X131.250 Y78.750 E0.5904 
G1 X145.000 Y78.750 E1.1601 
G92 E0.0000
; segment
G92 E0.0000
G1 F3300.000
G1 Z1.800
G1 X145.000 Y78.750
G1 X154.000 Y78.750 E0.2237 
G92 E0.0000
; segment
G92 E0.0000
G1 F3300.000
G1 Z1.800
G1 X154.000 Y78.750
G1 X155.000 Y78.750 E0.0249 
G92 E0.0000
; segment
G92 E0.0000
G1 F2400.000
G1 Z1.800
G1 X155.000 Y78.750
G1 X168.750 Y78.750 E0.5697 
G1 X168.750 Y79.250 E0.5904 
G1 X155.000 Y79.250 E1.1601 
G92 E0.0000
; segment
G92 E0.0000
G1 F3300.000
G1 Z1.800
G1 X155.000 Y79.250
G1 X146.000 Y79.250 E0.2237 
G92 E0.0000
; segment
G92 E0.0000
G1 F3300.000
G1 Z1.800
G1 X146.000 Y79.250
G1 X145.000 Y79.250 E0.0249 
G92 E0.0000
; segment
G92 E0.0000
G1 F2400.000
G1 Z1.800
G1 X145.000 Y79.250
G1 X131.250 Y79.250 E0.5697 
G1 X131.250 Y79.750 E0.5904 
G1 X145.000 Y79.750 E1.1601 
G92 E0.0000
; segment
G92 E0.0000
G1 F3300.000
G1 Z1.800
G1 X145.000 Y79.750
G1 X154.000 Y79.750 E0.2237 
G92 E0.0000
; segment
G92 E0.0000
G1 F3300.000
G1 Z1.800
G1 X154.000 Y79.750
G1 X155.000 Y79.750 E0.0249 
G92 E0.0000
; segment
G92 E0.0000
G1 F2400.000
G1 Z1.800
G1 X155.000 Y79.750
G1 X168.750 Y79.750 E0.5697 
G1 X168.750 Y80.250 E0.5904 
G1 X155.000 Y80.250 E1.1601 
G92 E0.0000
; segment
G92 E0.0000
G1 F3300.000
G1 Z1.800
G1 X155.000 Y80.250
G1 X146.000 Y80.250 E0.2237 
G92 E0.0000
; segment
G92 E0.0000
G1 F3300.000
G1 Z1.800
G1 X146.000 Y80.250
G1 X145.000 Y80.250 E0.0249 
G92 E0.0000
; segment
G92 E0.0000
G1 F2400.000
G1 Z1.800
G1 X145.000 Y80.250
G1 X131.250 Y80.250 E0.5697 
G1 X131.250 Y80.750 E0.5904 
G1 X145.000 Y80.750 E1.1601 
G92 E0.0000
; segment
G92 E0.0000
G1 F3300.000
G1 Z1.800
G1 X145.000 Y80.750
G1 X154.000 Y80.750 E0.2237 
G92 E0.0000
; segment
G92 E0.0000
G1 F3300.000
G1 Z1.800
G1 X154.000 Y80.750
G1 X155.000 Y80.750 E0.0249 
G92 E0.0000
; segment
G92 E0.0000
G1 F2400.000
G1 Z1.800
G1 X155.000 Y80.750
G1 X168.750 Y80.750 E0.5697 
G1 X168.750 Y81.250 E0.5904 
G1 X155.000 Y81.250 E1.1601 
G92 E0.0000
; segment
G92 E0.0000
G1 F3300.000
G1 Z1.800
G1 X155.000 Y81.250
G1 X146.000 Y81.250 E0.2237 
G92 E0.0000
; segment
G92 E0.0000
G1 F3300.000
G1 Z1.800
G1 X146.000 Y81.250
G1 X145.000 Y81.250 E0.0249 
G92 E0.0000
; segment
G92 E0.0000
G1 F2400.000
G1 Z1.800
G1 X145.000 Y81.250
G1 X131.250 Y81.250 E0.5697 
G1 X131.250 Y81.750 E0.5904 
G1 X145.000 Y81.750 E1.1601 
G92 E0.0000
; segment
G92 E0.0000
G1 F3300.000
G1 Z1.800
G1 X145.000 Y81.750
G1 X154.000 Y81.750 E0.2237 
G92 E0.0000
; segment
G92 E0.0000
G1 F3300.000
G1 Z1.800
G1 X154.000 Y81.750
G1 X155.000 Y81.750 E0.0249 
G92 E0.0000
; segment
G92 E0.0000
G1 F2400.000
G1 Z1.800
G1 X155.000 Y81.750
G1 X168.750 Y81.750 E0.5697 
G1 X168.750 Y82.250 E0.5904 
G1 X155.000 Y82.250 E1.1601 
G92 E0.0000
; segment
G92 E0.0000
G1 F3300.000
G1 Z1.800
G1 X155.000 Y82.250
G1 X146.000 Y82.250 E0.2237 
G92 E0.0000
; segment
G92 E0.0000
G1 F3300.000
G1 Z1.800
G1 X146.000 Y82.250
G1 X145.000 Y82.250 E0.0249 
G92 E0.0000
; segment
G92 E0.0000
G1 F2400.000
G1 Z1.800
G1 X145.000 Y82.250
G1 X131.250 Y82.250 E0.5697 
G1 X131.250 Y82.750 E0.5904 
G1 X145.000 Y82.750 E1.1601 
G92 E0.0000
; segment
G92 E0.0000
G1 F3300.000
G1 Z1.800
G1 X145.000 Y82.750
G1 X154.000 Y82.750 E0.2237 
G92 E0.0000
; segment
G92 E0.0000
G1 F3300.000
G1 Z1.800
G1 X154.000 Y82.750
G1 X155.000 Y82.750 E0.0249 
G92 E0.0000
; segment
G92 E0.0000
G1 F2400.000
G1 Z1.800
G1 X155.000 Y82.750
G1 X168.750 Y82.750 E0.5697 
G1 X168.750 Y83.250 E0.5904 
G1 X155.000 Y83.250 E1.1601 
G92 E0.0000
; segment
G92 E0.0000
G1 F3300.000
G1 Z1.800
G1 X155.000 Y83.250
G1 X146.000 Y83.250 E0.2237 
G92 E0.0000
; segment
G92 E0.0000
G1 F3300.000
G1 Z1.800
G1 X146.000 Y83.250
G1 X145.000 Y83.250 E0.0249 
G92 E0.0000
; segment
G92 E0.0000
G1 F2400.000
G1 Z1.800
G1 X145.000 Y83.250
G1 X131.250 Y83.250 E0.5697 
G1 X131.250 Y83.750 E0.5904 
G1 X145.000 Y83.750 E1.1601 
G92 E0.0000
; segment
G92 E0.0000
G1 F3300.000
G1 Z1.800
G1 X145.000 Y83.750
G1 X154.000 Y83.750 E0.2237 
G92 E0.0000
; segment
G92 E0.0000
G1 F3300.000
G1 Z1.800
G1 X154.000 Y83.750
G1 X155.000 Y83.750 E0.0249 
G92 E0.0000
; segment
G92 E0.0000
G1 F2400.000
G1 Z1.800
G1 X155.000 Y83.750
G1 X168.750 Y83.750 E0.5697 
G92 E0.0000
; jumping
G92 E0.0000
G1 E-0.500 F2400
G1 X169.750 Y34.750 F12000.000
G1 E0 F2400
G92 E0.0000
; segment
G92 E0.0000
G1 F2400.000
G1 Z2.000
G1 X169.750 Y34.750
G1 X169.750 Y25.250 E0.3936 
G1 X155.000 Y25.250 E1.0047 
G92 E0.0000
; segment
G92 E0.0000
G1 F3300.000
G1 Z2.000
G1 X155.000 Y25.250
G1 X146.000 Y25.250 E0.2237 
G92 E0.0000
; segment
G92 E0.0000
G1 F3300.000
G1 Z2.000
G1 X146.000 Y25.250
G1 X145.000 Y25.250 E0.0249 
G92 E0.0000
; segment
G92 E0.0000
G1 F2400.000
G1 Z2.000
G1 X145.000 Y25.250
G1 X130.250 Y25.250 E0.6111 
G1 X130.250 Y34.750 E1.0047 
G1 X145.000 Y34.750 E1.6158 
G92 E0.0000
; segment
G92 E0.0000
G1 F3300.000
G1 Z2.000
G1 X145.000 Y34.750
G1 X154.000 Y34.750 E0.2237 
G92 E0.0000
; segment
G92 E0.0000
G1 F3300.000
G1 Z2.000
G1 X154.000 Y34.750
G1 X155.000 Y34.750 E0.0249 
G92 E0.0000
; segment
G92 E0.0000
G1 F2400.000
G1 Z2.000
G1 X155.000 Y34.750
G1 X169.750 Y34.750 E0.6111 
G92 E0.0000
; segment
G92 E0.0000
G1 F2400.000
G1 Z2.000
G1 X169.250 Y34.250
G1 X169.250 Y25.750 E0.3522 
G1 X155.000 Y25.750 E0.9426 
G92 E0.0000
; segment
G92 E0.0000
G1 F3300.000
G1 Z2.000
G1 X155.000 Y25.750
G1 X146.000 Y25.750 E0.2237 
G92 E0.0000
; segment
G92 E0.0000
G1 F3300.000
G1 Z2.000
G1 X146.000 Y25.750
G1 X145.000 Y25.750 E0.0249 
G92 E0.0000
; segment
G92 E0.0000
G1 F2400.000
G1 Z2.000
G1 X145.000 Y25.750
G1 X130.750 Y25.750 E0.5904 
G1 X130.750 Y34.250 E0.9426 
G1 X145.000 Y34.250 E1.5330 
G92 E0.0000
; segment
G92 E0.0000
G1 F3300.000
G1 Z2.000
G1 X145.000 Y34.250
G1 X154.000 Y34.250 E0.2237 
G92 E0.0000
; segment
G92 E0.0000
G1 F3300.000
G1 Z2.000
G1 X154.000 Y34.250
G1 X155.000 Y34.250 E0.0249 
G92 E0.0000
; segment
G92 E0.0000
G1 F2400.000
G1 Z2.000
G1 X155.000 Y34.250
G1 X169.250 Y34.250 E0.5904 
G92 E0.0000
; jumping
G92 E0.0000
G1 E-0.500 F2400
G1 X169.750 Y59.750 F12000.000
G1 E0 F2400
G92 E0.0000
; segment
G92 E0.0000
G1 F2400.000
G1 Z2.000
G1 X169.750 Y59.750
G1 X169.750 Y50.250 E0.3936 
G1 X155.000 Y50.250 E1.0047 
G92 E0.0000
; segment
G92 E0.0000
G1 F3300.000
G1 Z2.000
G1 X155.000 Y50.250
G1 X146.000 Y50.250 E0.2237 
G92 E0.0000
; segment
G92 E0.0000
G1 F3300.000
G1 Z2.000
G1 X146.000 Y50.250
G1 X145.000 Y50.250 E0.0249 
G92 E0.0000
; segment
G92 E0.0000
G1 F2400.000
G1 Z2.000
G1 X145.000 Y50.250
G1 X130.250 Y50.250 E0.6111 
G1 X130.250 Y59.750 E1.0047 
G1 X145.000 Y59.750 E1.6158 
G92 E0.0000
; segment
G92 E0.0000
G1 F3300.000
G1 Z2.000
G1 X145.000 Y59.750
G1 X154.000 Y59.750 E0.2237 
G92 E0.0000
; segment
G92 E0.0000
G1 F3300.000
G1 Z2.000
G1 X154.000 Y59.750
G1 X155.000 Y59.750 E0.0249 
G92 E0.0000
; segment
G92 E0.0000
G1 F2400.000
G1 Z2.000
G1 X155.000 Y59.750
G1 X169.750 Y59.750 E0.6111 
G92 E0.0000
; segment
G92 E0.0000
G1 F2400.000
G1 Z2.000
G1 X169.250 Y59.250
G1 X169.250 Y50.750 E0.3522 
G1 X155.000 Y50.750 E0.9426 
G92 E0.0000
; segment
G92 E0.0000
G1 F3300.000
G1 Z2.000
G1 X155.000 Y50.750
G1 X146.000 Y50.750 E0.2237 
G92 E0.0000
; segment
G92 E0.0000
G1 F3300.000
G1 Z2.000
G1 X146.000 Y50.750
G1 X145.000 Y50.750 E0.0249 
G92 E0.0000
; segment
G92 E0.0000
G1 F2400.000
G1 Z2.000
G1 X145.000 Y50.750
G1 X130.750 Y50.750 E0.5904 
G1 X130.750 Y59.250 E0.9426 
G1 X145.000 Y59.250 E1.5330 
G92 E0.0000
; segment
G92 E0.0000
G1 F3300.000
G1 Z2.000
G1 X145.000 Y59.250
G1 X154.000 Y59.250 E0.2237 
G92 E0.0000
; segment
G92 E0.0000
G1 F3300.000
G1 Z2.000
G1 X154.000 Y59.250
G1 X155.000 Y59.250 E0.0249 
G92 E0.0000
; segment
G92 E0.0000
G1 F2400.000
G1 Z2.000
G1 X155.000 Y59.250
G1 X169.250 Y59.250 E0.5904 
G92 E0.0000
; jumping
G92 E0.0000
G1 E-0.500 F2400
G1 X169.750 Y84.750 F12000.000
G1 E0 F2400
G92 E0.0000
; segment
G92 E0.0000
G1 F2400.000
G1 Z2.000
G1 X169.750 Y84.750
G1 X169.750 Y75.250 E0.3936 
G1 X155.000 Y75.250 E1.0047 
G92 E0.0000
; segment
G92 E0.0000
G1 F3300.000
G1 Z2.000
G1 X155.000 Y75.250
G1 X146.000 Y75.250 E0.2237 
G92 E0.0000
; segment
G92 E0.0000
G1 F3300.000
G1 Z2.000
G1 X146.000 Y75.250
G1 X145.000 Y75.250 E0.0249 
G92 E0.0000
; segment
G92 E0.0000
G1 F2400.000
G1 Z2.000
G1 X145.000 Y75.250
G1 X130.250 Y75.250 E0.6111 
G1 X130.250 Y84.750 E1.0047 
G1 X145.000 Y84.750 E1.6158 
G92 E0.0000
; segment
G92 E0.0000
G1 F3300.000
G1 Z2.000
G1 X145.000 Y84.750
G1 X154.000 Y84.750 E0.2237 
G92 E0.0000
; segment
G92 E0.0000
G1 F3300.000
G1 Z2.000
G1 X154.000 Y84.750
G1 X155.000 Y84.750 E0.0249 
G92 E0.0000
; segment
G92 E0.0000
G1 F2400.000
G1 Z2.000
G1 X155.000 Y84.750
G1 X169.750 Y84.750 E0.6111 
G92 E0.0000
; segment
G92 E0.0000
G1 F2400.000
G1 Z2.000
G1 X169.250 Y84.250
G1 X169.250 Y75.750 E0.3522 
G1 X155.000 Y75.750 E0.9426 
G92 E0.0000
; segment
G92 E0.0000
G1 F3300.000
G1 Z2.000
G1 X155.000 Y75.750
G1 X146.000 Y75.750 E0.2237 
G92 E0.0000
; segment
G92 E0.0000
G1 F3300.000
G1 Z2.000
G1 X146.000 Y75.750
G1 X145.000 Y75.750 E0.0249 
G92 E0.0000
; segment
G92 E0.0000
G1 F2400.000
G1 Z2.000
G1 X145.000 Y75.750
G1 X130.750 Y75.750 E0.5904 
G1 X130.750 Y84.250 E0.9426 
G1 X145.000 Y84.250 E1.5330 
G92 E0.0000
; segment
G92 E0.0000
G1 F3300.000
G1 Z2.000
G1 X145.000 Y84.250
G1 X154.000 Y84.250 E0.2237 
G92 E0.0000
; segment
G92 E0.0000
G1 F3300.000
G1 Z2.000
G1 X154.000 Y84.250
G1 X155.000 Y84.250 E0.0249 
G92 E0.0000
; segment
G92 E0.0000
G1 F2400.000
G1 Z2.000
G1 X155.000 Y84.250
G1 X169.250 Y84.250 E0.5904 
G92 E0.0000
; jumping
G92 E0.0000
G1 E-0.500 F2400
G1 X168.750 Y33.750 F12000.000
G1 E0 F2400
G92 E0.0000
; segment
G92 E0.0000
G1 F2400.000
G1 Z2.000
G1 X168.750 Y33.750
G1 X155.000 Y33.750 E0.5697 
G92 E0.0000
; segment
G92 E0.0000
G1 F3300.000
G1 Z2.000
G1 X155.000 Y33.750
G1 X146.000 Y33.750 E0.2237 
G92 E0.0000
; segment
G92 E0.0000
G1 F3300.000
G1 Z2.000
G1 X146.000 Y33.750
G1 X145.000 Y33.750 E0.0249 
G92 E0.0000
; segment
G92 E0.0000
G1 F2400.000
G1 Z2.000
G1 X145.000 Y33.750
G1 X131.250 Y33.750 E0.5697 
G1 X131.250 Y33.250 E0.5904 
G1 X145.000 Y33.250 E1.1601 
G92 E0.0000
; segment
G92 E0.0000
G1 F3300.000
G1 Z2.000
G1 X145.000 Y33.250
G1 X154.000 Y33.250 E0.2237 
G92 E0.0000
; segment
G92 E0.0000
G1 F3300.000
G1 Z2.000
G1 X154.000 Y33.250
G1 X155.000 Y33.250 E0.0249 
G92 E0.0000
; segment
G92 E0.0000
G1 F2400.000
G1 Z2.000
G1 X155.000 Y33.250
G1 X168.750 Y33.250 E0.5697 
G1 X168.750 Y32.750 E0.5904 
G1 X155.000 Y32.750 E1.1601 
G92 E0.0000
; segment
G92 E0.0000
G1 F3300.000
G1 Z2.000
G1 X155.000 Y32.750
G1 X146.000 Y32.750 E0.2237 
G92 E0.0000
; segment
G92 E0.0000
G1 F3300.000
G1 Z2.000
G1 X146.000 Y32.750
G1 X145.000 Y32.750 E0.0249 
G92 E0.0000
; segment
G92 E0.0000
G1 F2400.000
G1 Z2.000
G1 X145.000 Y32.750
G1 X131.250 Y32.750 E0.5697 
G1 X131.250 Y32.250 E0.5904 
G1 X145.000 Y32.250 E1.1601 
G92 E0.0000
; segment
G92 E0.0000
G1 F3300.000
G1 Z2.000
G1 X145.000 Y32.250
G1 X154.000 Y32.250 E0.2237 
G92 E0.0000
; segment
G92 E0.0000
G1 F3300.000
G1 Z2.000
G1 X154.000 Y32.250
G1 X155.000 Y32.250 E0.0249 
G92 E0.0000
; segment
G92 E0.0000
G1 F2400.000
G1 Z2.000
G1 X155.000 Y32.250
G1 X168.750 Y32.250 E0.5697 
G1 X168.750 Y31.750 E0.5904 
G1 X155.000 Y31.750 E1.1601 
G92 E0.0000
; segment
G92 E0.0000
G1 F3300.000
G1 Z2.000
G1 X155.000 Y31.750
G1 X146.000 Y31.750 E0.2237 
G92 E0.0000
; segment
G92 E0.0000
G1 F3300.000
G1 Z2.000
G1 X146.000 Y31.750
G1 X145.000 Y31.750 E0.0249 
G92 E0.0000
; segment
G92 E0.0000
G1 F2400.000
G1 Z2.000
G1 X145.000 Y31.750
G1 X131.250 Y31.750 E0.5697 
G1 X131.250 Y31.250 E0.5904 
G1 X145.000 Y31.250 E1.1601 
G92 E0.0000
; segment
G92 E0.0000
G1 F3300.000
G1 Z2.000
G1 X145.000 Y31.250
G1 X154.000 Y31.250 E0.2237 
G92 E0.0000
; segment
G92 E0.0000
G1 F3300.000
G1 Z2.000
G1 X154.000 Y31.250
G1 X155.000 Y31.250 E0.0249 
G92 E0.0000
; segment
G92 E0.0000
G1 F2400.000
G1 Z2.000
G1 X155.000 Y31.250
G1 X168.750 Y31.250 E0.5697 
G1 X168.750 Y30.750 E0.5904 
G1 X155.000 Y30.750 E1.1601 
G92 E0.0000
; segment
G92 E0.0000
G1 F3300.000
G1 Z2.000
G1 X155.000 Y30.750
G1 X146.000 Y30.750 E0.2237 
G92 E0.0000
; segment
G92 E0.0000
G1 F3300.000
G1 Z2.000
G1 X146.000 Y30.750
G1 X145.000 Y30.750 E0.0249 
G92 E0.0000
; segment
G92 E0.0000
G1 F2400.000
G1 Z2.000
G1 X145.000 Y30.750
G1 X131.250 Y30.750 E0.5697 
G1 X131.250 Y30.250 E0.5904 
G1 X145.000 Y30.250 E1.1601 
G92 E0.0000
; segment
G92 E0.0000
G1 F3300.000
G1 Z2.000
G1 X145.000 Y30.250
G1 X154.000 Y30.250 E0.2237 
G92 E0.0000
; segment
G92 E0.0000
G1 F3300.000
G1 Z2.000
G1 X154.000 Y30.250
G1 X155.000 Y30.250 E0.0249 
G92 E0.0000
; segment
G92 E0.0000
G1 F2400.000
G1 Z2.000
G1 X155.000 Y30.250
G1 X168.750 Y30.250 E0.5697 
G1 X168.750 Y29.750 E0.5904 
G1 X155.000 Y29.750 E1.1601 
G92 E0.0000
; segment
G92 E0.0000
G1 F3300.000
G1 Z2.000
G1 X155.000 Y29.750
G1 X146.000 Y29.750 E0.2237 
G92 E0.0000
; segment
G92 E0.0000
G1 F3300.000
G1 Z2.000
G1 X146.000 Y29.750
G1 X145.000 Y29.750 E0.0249 
G92 E0.0000
; segment
G92 E0.0000
G1 F2400.000
G1 Z2.000
G1 X145.000 Y29.750
G1 X131.250 Y29.750 E0.5697 
G1 X131.250 Y29.250 E0.5904 
G1 X145.000 Y29.250 E1.1601 
G92 E0.0000
; segment
G92 E0.0000
G1 F3300.000
G1 Z2.000
G1 X145.000 Y29.250
G1 X154.000 Y29.250 E0.2237 
G92 E0.0000
; segment
G92 E0.0000
G1 F3300.000
G1 Z2.000
G1 X154.000 Y29.250
G1 X155.000 Y29.250 E0.0249 
G92 E0.0000
; segment
G92 E0.0000
G1 F2400.000
G1 Z2.000
G1 X155.000 Y29.250
G1 X168.750 Y29.250 E0.5697 
G1 X168.750 Y28.750 E0.5904 
G1 X155.000 Y28.750 E1.1601 
G92 E0.0000
; segment
G92 E0.0000
G1 F3300.000
G1 Z2.000
G1 X155.000 Y28.750
G1 X146.000 Y28.750 E0.2237 
G92 E0.0000
; segment
G92 E0.0000
G1 F3300.000
G1 Z2.000
G1 X146.000 Y28.750
G1 X145.000 Y28.750 E0.0249 
G92 E0.0000
; segment
G92 E0.0000
G1 F2400.000
G1 Z2.000
G1 X145.000 Y28.750
G1 X131.250 Y28.750 E0.5697 
G1 X131.250 Y28.250 E0.5904 
G1 X145.000 Y28.250 E1.1601 
G92 E0.0000
; segment
G92 E0.0000
G1 F3300.000
G1 Z2.000
G1 X145.000 Y28.250
G1 X154.000 Y28.250 E0.2237 
G92 E0.0000
; segment
G92 E0.0000
G1 F3300.000
G1 Z2.000
G1 X154.000 Y28.250
G1 X155.000 Y28.250 E0.0249 
G92 E0.0000
; segment
G92 E0.0000
G1 F2400.000
G1 Z2.000
G1 X155.000 Y28.250
G1 X168.750 Y28.250 E0.5697 
G1 X168.750 Y27.750 E0.5904 
G1 X155.000 Y27.750 E1.1601 
G92 E0.0000
; segment
G92 E0.0000
G1 F3300.000
G1 Z2.000
G1 X155.000 Y27.750
G1 X146.000 Y27.750 E0.2237 
G92 E0.0000
; segment
G92 E0.0000
G1 F3300.000
G1 Z2.000
G1 X146.000 Y27.750
G1 X145.000 Y27.750 E0.0249 
G92 E0.0000
; segment
G92 E0.0000
G1 F2400.000
G1 Z2.000
G1 X145.000 Y27.750
G1 X131.250 Y27.750 E0.5697 
G1 X131.250 Y27.250 E0.5904 
G1 X145.000 Y27.250 E1.1601 
G92 E0.0000
; segment
G92 E0.0000
G1 F3300.000
G1 Z2.000
G1 X145.000 Y27.250
G1 X154.000 Y27.250 E0.2237 
G92 E0.0000
; segment
G92 E0.0000
G1 F3300.000
G1 Z2.000
G1 X154.000 Y27.250
G1 X155.000 Y27.250 E0.0249 
G92 E0.0000
; segment
G92 E0.0000
G1 F2400.000
G1 Z2.000
G1 X155.000 Y27.250
G1 X168.750 Y27.250 E0.5697 
G1 X168.750 Y26.750 E0.5904 
G1 X155.000 Y26.750 E1.1601 
G92 E0.0000
; segment
G92 E0.0000
G1 F3300.000
G1 Z2.000
G1 X155.000 Y26.750
G1 X146.000 Y26.750 E0.2237 
G92 E0.0000
; segment
G92 E0.0000
G1 F3300.000
G1 Z2.000
G1 X146.000 Y26.750
G1 X145.000 Y26.750 E0.0249 
G92 E0.0000
; segment
G92 E0.0000
G1 F2400.000
G1 Z2.000
G1 X145.000 Y26.750
G1 X131.250 Y26.750 E0.5697 
G1 X131.250 Y26.250 E0.5904 
G1 X145.000 Y26.250 E1.1601 
G92 E0.0000
; segment
G92 E0.0000
G1 F3300.000
G1 Z2.000
G1 X145.000 Y26.250
G1 X154.000 Y26.250 E0.2237 
G92 E0.0000
; segment
G92 E0.0000
G1 F3300.000
G1 Z2.000
G1 X154.000 Y26.250
G1 X155.000 Y26.250 E0.0249 
G92 E0.0000
; segment
G92 E0.0000
G1 F2400.000
G1 Z2.000
G1 X155.000 Y26.250
G1 X168.750 Y26.250 E0.5697 
G92 E0.0000
; jumping
G92 E0.0000
G1 E-0.500 F2400
G1 X168.750 Y58.750 F12000.000
G1 E0 F2400
G92 E0.0000
; segment
G92 E0.0000
G1 F2400.000
G1 Z2.000
G1 X168.750 Y58.750
G1 X155.000 Y58.750 E0.5697 
G92 E0.0000
; segment
G92 E0.0000
G1 F3300.000
G1 Z2.000
G1 X155.000 Y58.750
G1 X146.000 Y58.750 E0.2237 
G92 E0.0000
; segment
G92 E0.0000
G1 F3300.000
G1 Z2.000
G1 X146.000 Y58.750
G1 X145.000 Y58.750 E0.0249 
G92 E0.0000
; segment
G92 E0.0000
G1 F2400.000
G1 Z2.000
G1 X145.000 Y58.750
G1 X131.250 Y58.750 E0.5697 
G1 X131.250 Y58.250 E0.5904 
G1 X145.000 Y58.250 E1.1601 
G92 E0.0000
; segment
G92 E0.0000
G1 F3300.000
G1 Z2.000
G1 X145.000 Y58.250
G1 X154.000 Y58.250 E0.2237 
G92 E0.0000
; segment
G92 E0.0000
G1 F3300.000
G1 Z2.000
G1 X154.000 Y58.250
G1 X155.000 Y58.250 E0.0249 
G92 E0.0000
; segment
G92 E0.0000
G1 F2400.000
G1 Z2.000
G1 X155.000 Y58.250
G1 X168.750 Y58.250 E0.5697 
G1 X168.750 Y57.750 E0.5904 
G1 X155.000 Y57.750 E1.1601 
G92 E0.0000
; segment
G92 E0.0000
G1 F3300.000
G1 Z2.000
G1 X155.000 Y57.750
G1 X146.000 Y57.750 E0.2237 
G92 E0.0000
; segment
G92 E0.0000
G1 F3300.000
G1 Z2.000
G1 X146.000 Y57.750
G1 X145.000 Y57.750 E0.0249 
G92 E0.0000
; segment
G92 E0.0000
G1 F2400.000
G1 Z2.000
G1 X145.000 Y57.750
G1 X131.250 Y57.750 E0.5697 
G1 X131.250 Y57.250 E0.5904 
G1 X145.000 Y57.250 E1.1601 
G92 E0.0000
; segment
G92 E0.0000
G1 F3300.000
G1 Z2.000
G1 X145.000 Y57.250
G1 X154.000 Y57.250 E0.2237 
G92 E0.0000
; segment
G92 E0.0000
G1 F3300.000
G1 Z2.000
G1 X154.000 Y57.250
G1 X155.000 Y57.250 E0.0249 
G92 E0.0000
; segment
G92 E0.0000
G1 F2400.000
G1 Z2.000
G1 X155.000 Y57.250
G1 X168.750 Y57.250 E0.5697 
G1 X168.750 Y56.750 E0.5904 
G1 X155.000 Y56.750 E1.1601 
G92 E0.0000
; segment
G92 E0.0000
G1 F3300.000
G1 Z2.000
G1 X155.000 Y56.750
G1 X146.000 Y56.750 E0.2237 
G92 E0.0000
; segment
G92 E0.0000
G1 F3300.000
G1 Z2.000
G1 X146.000 Y56.750
G1 X145.000 Y56.750 E0.0249 
G92 E0.0000
; segment
G92 E0.0000
G1 F2400.000
G1 Z2.000
G1 X145.000 Y56.750
G1 X131.250 Y56.750 E0.5697 
G1 X131.250 Y56.250 E0.5904 
G1 X145.000 Y56.250 E1.1601 
G92 E0.0000
; segment
G92 E0.0000
G1 F3300.000
G1 Z2.000
G1 X145.000 Y56.250
G1 X154.000 Y56.250 E0.2237 
G92 E0.0000
; segment
G92 E0.0000
G1 F3300.000
G1 Z2.000
G1 X154.000 Y56.250
G1 X155.000 Y56.250 E0.0249 
G92 E0.0000
; segment
G92 E0.0000
G1 F2400.000
G1 Z2.000
G1 X155.000 Y56.250
G1 X168.750 Y56.250 E0.5697 
G1 X168.750 Y55.750 E0.5904 
G1 X155.000 Y55.750 E1.1601 
G92 E0.0000
; segment
G92 E0.0000
G1 F3300.000
G1 Z2.000
G1 X155.000 Y55.750
G1 X146.000 Y55.750 E0.2237 
G92 E0.0000
; segment
G92 E0.0000
G1 F3300.000
G1 Z2.000
G1 X146.000 Y55.750
G1 X145.000 Y55.750 E0.0249 
G92 E0.0000
; segment
G92 E0.0000
G1 F2400.000
G1 Z2.000
G1 X145.000 Y55.750
G1 X131.250 Y55.750 E0.5697 
G1 X131.250 Y55.250 E0.5904 
G1 X145.000 Y55.250 E1.1601 
G92 E0.0000
; segment
G92 E0.0000
G1 F3300.000
G1 Z2.000
G1 X145.000 Y55.250
G1 X154.000 Y55.250 E0.2237 
G92 E0.0000
; segment
G92 E0.0000
G1 F3300.000
G1 Z2.000
G1 X154.000 Y55.250
G1 X155.000 Y55.250 E0.0249 
G92 E0.0000
; segment
G92 E0.0000
G1 F2400.000
G1 Z2.000
G1 X155.000 Y55.250
G1 X168.750 Y55.250 E0.5697 
G1 X168.750 Y54.750 E0.5904 
G1 X155.000 Y54.750 E1.1601 
G92 E0.0000
; segment
G92 E0.0000
G1 F3300.000
G1 Z2.000
G1 X155.000 Y54.750
G1 X146.000 Y54.750 E0.2237 
G92 E0.0000
; segment
G92 E0.0000
G1 F3300.000
G1 Z2.000
G1 X146.000 Y54.750
G1 X145.000 Y54.750 E0.0249 
G92 E0.0000
; segment
G92 E0.0000
G1 F2400.000
G1 Z2.000
G1 X145.000 Y54.750
G1 X131.250 Y54.750 E0.5697 
G1 X131.250 Y54.250 E0.5904 
G1 X145.000 Y54.250 E1.1601 
G92 E0.0000
; segment
G92 E0.0000
G1 F3300.000
G1 Z2.000
G1 X145.000 Y54.250
G1 X154.000 Y54.250 E0.2237 
G92 E0.0000
; segment
G92 E0.0000
G1 F3300.000
G1 Z2.000
G1 X154.000 Y54.250
G1 X155.000 Y54.250 E0.0249 
G92 E0.0000
; segment
G92 E0.0000
G1 F2400.000
G1 Z2.000
G1 X155.000 Y54.250
G1 X168.750 Y54.250 E0.5697 
G1 X168.750 Y53.750 E0.5904 
G1 X155.000 Y53.750 E1.1601 
G92 E0.0000
; segment
G92 E0.0000
G1 F3300.000
G1 Z2.000
G1 X155.000 Y53.750
G1 X146.000 Y53.750 E0.2237 
G92 E0.0000
; segment
G92 E0.0000
G1 F3300.000
G1 Z2.000
G1 X146.000 Y53.750
G1 X145.000 Y53.750 E0.0249 
G92 E0.0000
; segment
G92 E0.0000
G1 F2400.000
G1 Z2.000
G1 X145.000 Y53.750
G1 X131.250 Y53.750 E0.5697 
G1 X131.250 Y53.250 E0.5904 
G1 X145.000 Y53.250 E1.1601 
G92 E0.0000
; segment
G92 E0.0000
G1 F3300.000
G1 Z2.000
G1 X145.000 Y53.250
G1 X154.000 Y53.250 E0.2237 
G92 E0.0000
; segment
G92 E0.0000
G1 F3300.000
G1 Z2.000
G1 X154.000 Y53.250
G1 X155.000 Y53.250 E0.0249 
G92 E0.0000
; segment
G92 E0.0000
G1 F2400.000
G1 Z2.000
G1 X155.000 Y53.250
G1 X168.750 Y53.250 E0.5697 
G1 X168.750 Y52.750 E0.5904 
G1 X155.000 Y52.750 E1.1601 
G92 E0.0000
; segment
G92 E0.0000
G1 F3300.000
G1 Z2.000
G1 X155.000 Y52.750
G1 X146.000 Y52.750 E0.2237 
G92 E0.0000
; segment
G92 E0.0000
G1 F3300.000
G1 Z2.000
G1 X146.000 Y52.750
G1 X145.000 Y52.750 E0.0249 
G92 E0.0000
; segment
G92 E0.0000
G1 F2400.000
G1 Z2.000
G1 X145.000 Y52.750
G1 X131.250 Y52.750 E0.5697 
G1 X131.250 Y52.250 E0.5904 
G1 X145.000 Y52.250 E1.1601 
G92 E0.0000
; segment
G92 E0.0000
G1 F3300.000
G1 Z2.000
G1 X145.000 Y52.250
G1 X154.000 Y52.250 E0.2237 
G92 E0.0000
; segment
G92 E0.0000
G1 F3300.000
G1 Z2.000
G1 X154.000 Y52.250
G1 X155.000 Y52.250 E0.0249 
G92 E0.0000
; segment
G92 E0.0000
G1 F2400.000
G1 Z2.000
G1 X155.000 Y52.250
G1 X168.750 Y52.250 E0.5697 
G1 X168.750 Y51.750 E0.5904 
G1 X155.000 Y51.750 E1.1601 
G92 E0.0000
; segment
G92 E0.0000
G1 F3300.000
G1 Z2.000
G1 X155.000 Y51.750
G1 X146.000 Y51.750 E0.2237 
G92 E0.0000
; segment
G92 E0.0000
G1 F3300.000
G1 Z2.000
G1 X146.000 Y51.750
G1 X145.000 Y51.750 E0.0249 
G92 E0.0000
; segment
G92 E0.0000
G1 F2400.000
G1 Z2.000
G1 X145.000 Y51.750
G1 X131.250 Y51.750 E0.5697 
G1 X131.250 Y51.250 E0.5904 
G1 X145.000 Y51.250 E1.1601 
G92 E0.0000
; segment
G92 E0.0000
G1 F3300.000
G1 Z2.000
G1 X145.000 Y51.250
G1 X154.000 Y51.250 E0.2237 
G92 E0.0000
; segment
G92 E0.0000
G1 F3300.000
G1 Z2.000
G1 X154.000 Y51.250
G1 X155.000 Y51.250 E0.0249 
G92 E0.0000
; segment
G92 E0.0000
G1 F2400.000
G1 Z2.000
G1 X155.000 Y51.250
G1 X168.750 Y51.250 E0.5697 
G92 E0.0000
; jumping
G92 E0.0000
G1 E-0.500 F2400
G1 X168.750 Y83.750 F12000.000
G1 E0 F2400
G92 E0.0000
; segment
G92 E0.0000
G1 F2400.000
G1 Z2.000
G1 X168.750 Y83.750
G1 X155.000 Y83.750 E0.5697 
G92 E0.0000
; segment
G92 E0.0000
G1 F3300.000
G1 Z2.000
G1 X155.000 Y83.750
G1 X146.000 Y83.750 E0.2237 
G92 E0.0000
; segment
G92 E0.0000
G1 F3300.000
G1 Z2.000
G1 X146.000 Y83.750
G1 X145.000 Y83.750 E0.0249 
G92 E0.0000
; segment
G92 E0.0000
G1 F2400.000
G1 Z2.000
G1 X145.000 Y83.750
G1 X131.250 Y83.750 E0.5697 
G1 X131.250 Y83.250 E0.5904 
G1 X145.000 Y83.250 E1.1601 
G92 E0.0000
; segment
G92 E0.0000
G1 F3300.000
G1 Z2.000
G1 X145.000 Y83.250
G1 X154.000 Y83.250 E0.2237 
G92 E0.0000
; segment
G92 E0.0000
G1 F3300.000
G1 Z2.000
G1 X154.000 Y83.250
G1 X155.000 Y83.250 E0.0249 
G92 E0.0000
; segment
G92 E0.0000
G1 F2400.000
G1 Z2.000
G1 X155.000 Y83.250
G1 X168.750 Y83.250 E0.5697 
G1 X168.750 Y82.750 E0.5904 
G1 X155.000 Y82.750 E1.1601 
G92 E0.0000
; segment
G92 E0.0000
G1 F3300.000
G1 Z2.000
G1 X155.000 Y82.750
G1 X146.000 Y82.750 E0.2237 
G92 E0.0000
; segment
G92 E0.0000
G1 F3300.000
G1 Z2.000
G1 X146.000 Y82.750
G1 X145.000 Y82.750 E0.0249 
G92 E0.0000
; segment
G92 E0.0000
G1 F2400.000
G1 Z2.000
G1 X145.000 Y82.750
G1 X131.250 Y82.750 E0.5697 
G1 X131.250 Y82.250 E0.5904 
G1 X145.000 Y82.250 E1.1601 
G92 E0.0000
; segment
G92 E0.0000
G1 F3300.000
G1 Z2.000
G1 X145.000 Y82.250
G1 X154.000 Y82.250 E0.2237 
G92 E0.0000
; segment
G92 E0.0000
G1 F3300.000
G1 Z2.000
G1 X154.000 Y82.250
G1 X155.000 Y82.250 E0.0249 
G92 E0.0000
; segment
G92 E0.0000
G1 F2400.000
G1 Z2.000
G1 X155.000 Y82.250
G1 X168.750 Y82.250 E0.5697 
G1 X168.750 Y81.750 E0.5904 
G1 X155.000 Y81.750 E1.1601 
G92 E0.0000
; segment
G92 E0.0000
G1 F3300.000
G1 Z2.000
G1 X155.000 Y81.750
G1 X146.000 Y81.750 E0.2237 
G92 E0.0000
; segment
G92 E0.0000
G1 F3300.000
G1 Z2.000
G1 X146.000 Y81.750
G1 X145.000 Y81.750 E0.0249 
G92 E0.0000
; segment
G92 E0.0000
G1 F2400.000
G1 Z2.000
G1 X145.000 Y81.750
G1 X131.250 Y81.750 E0.5697 
G1 X131.250 Y81.250 E0.5904 
G1 X145.000 Y81.250 E1.1601 
G92 E0.0000
; segment
G92 E0.0000
G1 F3300.000
G1 Z2.000
G1 X145.000 Y81.250
G1 X154.000 Y81.250 E0.2237 
G92 E0.0000
; segment
G92 E0.0000
G1 F3300.000
G1 Z2.000
G1 X154.000 Y81.250
G1 X155.000 Y81.250 E0.0249 
G92 E0.0000
; segment
G92 E0.0000
G1 F2400.000
G1 Z2.000
G1 X155.000 Y81.250
G1 X168.750 Y81.250 E0.5697 
G1 X168.750 Y80.750 E0.5904 
G1 X155.000 Y80.750 E1.1601 
G92 E0.0000
; segment
G92 E0.0000
G1 F3300.000
G1 Z2.000
G1 X155.000 Y80.750
G1 X146.000 Y80.750 E0.2237 
G92 E0.0000
; segment
G92 E0.0000
G1 F3300.000
G1 Z2.000
G1 X146.000 Y80.750
G1 X145.000 Y80.750 E0.0249 
G92 E0.0000
; segment
G92 E0.0000
G1 F2400.000
G1 Z2.000
G1 X145.000 Y80.750
G1 X131.250 Y80.750 E0.5697 
G1 X131.250 Y80.250 E0.5904 
G1 X145.000 Y80.250 E1.1601 
G92 E0.0000
; segment
G92 E0.0000
G1 F3300.000
G1 Z2.000
G1 X145.000 Y80.250
G1 X154.000 Y80.250 E0.2237 
G92 E0.0000
; segment
G92 E0.0000
G1 F3300.000
G1 Z2.000
G1 X154.000 Y80.250
G1 X155.000 Y80.250 E0.0249 
G92 E0.0000
; segment
G92 E0.0000
G1 F2400.000
G1 Z2.000
G1 X155.000 Y80.250
G1 X168.750 Y80.250 E0.5697 
G1 X168.750 Y79.750 E0.5904 
G1 X155.000 Y79.750 E1.1601 
G92 E0.0000
; segment
G92 E0.0000
G1 F3300.000
G1 Z2.000
G1 X155.000 Y79.750
G1 X146.000 Y79.750 E0.2237 
G92 E0.0000
; segment
G92 E0.0000
G1 F3300.000
G1 Z2.000
G1 X146.000 Y79.750
G1 X145.000 Y79.750 E0.0249 
G92 E0.0000
; segment
G92 E0.0000
G1 F2400.000
G1 Z2.000
G1 X145.000 Y79.750
G1 X131.250 Y79.750 E0.5697 
G1 X131.250 Y79.250 E0.5904 
G1 X145.000 Y79.250 E1.1601 
G92 E0.0000
; segment
G92 E0.0000
G1 F3300.000
G1 Z2.000
G1 X145.000 Y79.250
G1 X154.000 Y79.250 E0.2237 
G92 E0.0000
; segment
G92 E0.0000
G1 F3300.000
G1 Z2.000
G1 X154.000 Y79.250
G1 X155.000 Y79.250 E0.0249 
G92 E0.0000
; segment
G92 E0.0000
G1 F2400.000
G1 Z2.000
G1 X155.000 Y79.250
G1 X168.750 Y79.250 E0.5697 
G1 X168.750 Y78.750 E0.5904 
G1 X155.000 Y78.750 E1.1601 
G92 E0.0000
; segment
G92 E0.0000
G1 F3300.000
G1 Z2.000
G1 X155.000 Y78.750
G1 X146.000 Y78.750 E0.2237 
G92 E0.0000
; segment
G92 E0.0000
G1 F3300.000
G1 Z2.000
G1 X146.000 Y78.750
G1 X145.000 Y78.750 E0.0249 
G92 E0.0000
; segment
G92 E0.0000
G1 F2400.000
G1 Z2.000
G1 X145.000 Y78.750
G1 X131.250 Y78.750 E0.5697 
G1 X131.250 Y78.250 E0.5904 
G1 X145.000 Y78.250 E1.1601 
G92 E0.0000
; segment
G92 E0.0000
G1 F3300.000
G1 Z2.000
G1 X145.000 Y78.250
G1 X154.000 Y78.250 E0.2237 
G92 E0.0000
; segment
G92 E0.0000
G1 F3300.000
G1 Z2.000
G1 X154.000 Y78.250
G1 X155.000 Y78.250 E0.0249 
G92 E0.0000
; segment
G92 E0.0000
G1 F2400.000
G1 Z2.000
G1 X155.000 Y78.250
G1 X168.750 Y78.250 E0.5697 
G1 X168.750 Y77.750 E0.5904 
G1 X155.000 Y77.750 E1.1601 
G92 E0.0000
; segment
G92 E0.0000
G1 F3300.000
G1 Z2.000
G1 X155.000 Y77.750
G1 X146.000 Y77.750 E0.2237 
G92 E0.0000
; segment
G92 E0.0000
G1 F3300.000
G1 Z2.000
G1 X146.000 Y77.750
G1 X145.000 Y77.750 E0.0249 
G92 E0.0000
; segment
G92 E0.0000
G1 F2400.000
G1 Z2.000
G1 X145.000 Y77.750
G1 X131.250 Y77.750 E0.5697 
G1 X131.250 Y77.250 E0.5904 
G1 X145.000 Y77.250 E1.1601 
G92 E0.0000
; segment
G92 E0.0000
G1 F3300.000
G1 Z2.000
G1 X145.000 Y77.250
G1 X154.000 Y77.250 E0.2237 
G92 E0.0000
; segment
G92 E0.0000
G1 F3300.000
G1 Z2.000
G1 X154.000 Y77.250
G1 X155.000 Y77.250 E0.0249 
G92 E0.0000
; segment
G92 E0.0000
G1 F2400.000
G1 Z2.000
G1 X155.000 Y77.250
G1 X168.750 Y77.250 E0.5697 
G1 X168.750 Y76.750 E0.5904 
G1 X155.000 Y76.750 E1.1601 
G92 E0.0000
; segment
G92 E0.0000
G1 F3300.000
G1 Z2.000
G1 X155.000 Y76.750
G1 X146.000 Y76.750 E0.2237 
G92 E0.0000
; segment
G92 E0.0000
G1 F3300.000
G1 Z2.000
G1 X146.000 Y76.750
G1 X145.000 Y76.750 E0.0249 
G92 E0.0000
; segment
G92 E0.0000
G1 F2400.000
G1 Z2.000
G1 X145.000 Y76.750
G1 X131.250 Y76.750 E0.5697 
G1 X131.250 Y76.250 E0.5904 
G1 X145.000 Y76.250 E1.1601 
G92 E0.0000
; segment
G92 E0.0000
G1 F3300.000
G1 Z2.000
G1 X145.000 Y76.250
G1 X154.000 Y76.250 E0.2237 
G92 E0.0000
; segment
G92 E0.0000
G1 F3300.000
G1 Z2.000
G1 X154.000 Y76.250
G1 X155.000 Y76.250 E0.0249 
G92 E0.0000
; segment
G92 E0.0000
G1 F2400.000
G1 Z2.000
G1 X155.000 Y76.250
G1 X168.750 Y76.250 E0.5697 
G92 E0.0000
; jumping
G92 E0.0000
G1 E-0.500 F2400
G1 X169.750 Y25.250 F12000.000
G1 E0 F2400
G92 E0.0000
; segment
G92 E0.0000
G1 F2400.000
G1 Z2.200
G1 X169.750 Y25.250
G1 X155.000 Y25.250 E0.6111 
G92 E0.0000
; segment
G92 E0.0000
G1 F3300.000
G1 Z2.200
G1 X155.000 Y25.250
G1 X146.000 Y25.250 E0.2237 
G92 E0.0000
; segment
G92 E0.0000
G1 F3300.000
G1 Z2.200
G1 X146.000 Y25.250
G1 X145.000 Y25.250 E0.0249 
G92 E0.0000
; segment
G92 E0.0000
G1 F2400.000
G1 Z2.200
G1 X145.000 Y25.250
G1 X130.250 Y25.250 E0.6111 
G1 X130.250 Y34.750 E1.0047 
G1 X145.000 Y34.750 E1.6158 
G92 E0.0000
; segment
G92 E0.0000
G1 F3300.000
G1 Z2.200
G1 X145.000 Y34.750
G1 X154.000 Y34.750 E0.2237 
G92 E0.0000
; segment
G92 E0.0000
G1 F3300.000
G1 Z2.200
G1 X154.000 Y34.750
G1 X155.000 Y34.750 E0.0249 
G92 E0.0000
; segment
G92 E0.0000
G1 F2400.000
G1 Z2.200
G1 X155.000 Y34.750
G1 X169.750 Y34.750 E0.6111 
G1 X169.750 Y25.250 E1.0047 
G92 E0.0000
; segment
G92 E0.0000
G1 F2400.000
G1 Z2.200
G1 X169.250 Y25.750
G1 X155.000 Y25.750 E0.5904 
G92 E0.0000
; segment
G92 E0.0000
G1 F3300.000
G1 Z2.200
G1 X155.000 Y25.750
G1 X146.000 Y25.750 E0.2237 
G92 E0.0000
; segment
G92 E0.0000
G1 F3300.000
G1 Z2.200
G1 X146.000 Y25.750
G1 X145.000 Y25.750 E0.0249 
G92 E0.0000
; segment
G92 E0.0000
G1 F2400.000
G1 Z2.200
G1 X145.000 Y25.750
G1 X130.750 Y25.750 E0.5904 
G1 X130.750 Y34.250 E0.9426 
G1 X145.000 Y34.250 E1.5330 
G92 E0.0000
; segment
G92 E0.0000
G1 F3300.000
G1 Z2.200
G1 X145.000 Y34.250
G1 X154.000 Y34.250 E0.2237 
G92 E0.0000
; segment
G92 E0.0000
G1 F3300.000
G1 Z2.200
G1 X154.000 Y34.250
G1 X155.000 Y34.250 E0.0249 
G92 E0.0000
; segment
G92 E0.0000
G1 F2400.000
G1 Z2.200
G1 X155.000 Y34.250
G1 X169.250 Y34.250 E0.5904 
G1 X169.250 Y25.750 E0.9426 
G92 E0.0000
; jumping
G92 E0.0000
G1 E-0.500 F2400
G1 X169.750 Y50.250 F12000.000
G1 E0 F2400
G92 E0.0000
; segment
G92 E0.0000
G1 F2400.000
G1 Z2.200
G1 X169.750 Y50.250
G1 X155.000 Y50.250 E0.6111 
G92 E0.0000
; segment
G92 E0.0000
G1 F3300.000
G1 Z2.200
G1 X155.000 Y50.250
G1 X146.000 Y50.250 E0.2237 
G92 E0.0000
; segment
G92 E0.0000
G1 F3300.000
G1 Z2.200
G1 X146.000 Y50.250
G1 X145.000 Y50.250 E0.0249 
G92 E0.0000
; segment
G92 E0.0000
G1 F2400.000
G1 Z2.200
G1 X145.000 Y50.250
G1 X130.250 Y50.250 E0.6111 
G1 X130.250 Y59.750 E1.0047 
G1 X145.000 Y59.750 E1.6158 
G92 E0.0000
; segment
G92 E0.0000
G1 F3300.000
G1 Z2.200
G1 X145.000 Y59.750
G1 X154.000 Y59.750 E0.2237 
G92 E0.0000
; segment
G92 E0.0000
G1 F3300.000
G1 Z2.200
G1 X154.000 Y59.750
G1 X155.000 Y59.750 E0.0249 
G92 E0.0000
; segment
G92 E0.0000
G1 F2400.000
G1 Z2.200
G1 X155.000 Y59.750
G1 X169.750 Y59.750 E0.6111 
G1 X169.750 Y50.250 E1.0047 
G92 E0.0000
; segment
G92 E0.0000
G1 F2400.000
G1 Z2.200
G1 X169.250 Y50.750
G1 X155.000 Y50.750 E0.5904 
G92 E0.0000
; segment
G92 E0.0000
G1 F3300.000
G1 Z2.200
G1 X155.000 Y50.750
G1 X146.000 Y50.750 E0.2237 
G92 E0.0000
; segment
G92 E0.0000
G1 F3300.000
G1 Z2.200
G1 X146.000 Y50.750
G1 X145.000 Y50.750 E0.0249 
G92 E0.0000
; segment
G92 E0.0000
G1 F2400.000
G1 Z2.200
G1 X145.000 Y50.750
G1 X130.750 Y50.750 E0.5904 
G1 X130.750 Y59.250 E0.9426 
G1 X145.000 Y59.250 E1.5330 
G92 E0.0000
; segment
G92 E0.0000
G1 F3300.000
G1 Z2.200
G1 X145.000 Y59.250
G1 X154.000 Y59.250 E0.2237 
G92 E0.0000
; segment
G92 E0.0000
G1 F3300.000
G1 Z2.200
G1 X154.000 Y59.250
G1 X155.000 Y59.250 E0.0249 
G92 E0.0000
; segment
G92 E0.0000
G1 F2400.000
G1 Z2.200
G1 X155.000 Y59.250
G1 X169.250 Y59.250 E0.5904 
G1 X169.250 Y50.750 E0.9426 
G92 E0.0000
; jumping
G92 E0.0000
G1 E-0.500 F2400
G1 X169.750 Y75.250 F12000.000
G1 E0 F2400
G92 E0.0000
; segment
G92 E0.0000
G1 F2400.000
G1 Z2.200
G1 X169.750 Y75.250
G1 X155.000 Y75.250 E0.6111 
G92 E0.0000
; segment
G92 E0.0000
G1 F3300.000
G1 Z2.200
G1 X155.000 Y75.250
G1 X146.000 Y75.250 E0.2237 
G92 E0.0000
; segment
G92 E0.0000
G1 F3300.000
G1 Z2.200
G1 X146.000 Y75.250
G1 X145.000 Y75.250 E0.0249 
G92 E0.0000
; segment
G92 E0.0000
G1 F2400.000
G1 Z2.200
G1 X145.000 Y75.250
G1 X130.250 Y75.250 E0.6111 
G1 X130.250 Y84.750 E1.0047 
G1 X145.000 Y84.750 E1.6158 
G92 E0.0000
; segment
G92 E0.0000
G1 F3300.000
G1 Z2.200
G1 X145.000 Y84.750
G1 X154.000 Y84.750 E0.2237 
G92 E0.0000
; segment
G92 E0.0000
G1 F3300.000
G1 Z2.200
G1 X154.000 Y84.750
G1 X155.000 Y84.750 E0.0249 
G92 E0.0000
; segment
G92 E0.0000
G1 F2400.000
G1 Z2.200
G1 X155.000 Y84.750
G1 X169.750 Y84.750 E0.6111 
G1 X169.750 Y75.250 E1.0047 
G92 E0.0000
; segment
G92 E0.0000
G1 F2400.000
G1 Z2.200
G1 X169.250 Y75.750
G1 X155.000 Y75.750 E0.5904 
G92 E0.0000
; segment
G92 E0.0000
G1 F3300.000
G1 Z2.200
G1 X155.000 Y75.750
G1 X146.000 Y75.750 E0.2237 
G92 E0.0000
; segment
G92 E0.0000
G1 F3300.000
G1 Z2.200
G1 X146.000 Y75.750
G1 X145.000 Y75.750 E0.0249 
G92 E0.0000
; segment
G92 E0.0000
G1 F2400.000
G1 Z2.200
G1 X145.000 Y75.750
G1 X130.750 Y75.750 E0.5904 
G1 X130.750 Y84.250 E0.9426 
G1 X145.000 Y84.250 E1.5330 
G92 E0.0000
; segment
G92 E0.0000
G1 F3300.000
G1 Z2.200
G1 X145.000 Y84.250
G1 X154.000 Y84.250 E0.2237 
G92 E0.0000
; segment
G92 E0.0000
G1 F3300.000
G1 Z2.200
G1 X154.000 Y84.250
G1 X155.000 Y84.250 E0.0249 
G92 E0.0000
; segment
G92 E0.0000
G1 F2400.000
G1 Z2.200
G1 X155.000 Y84.250
G1 X169.250 Y84.250 E0.5904 
G1 X169.250 Y75.750 E0.9426 
G92 E0.0000
; jumping
G92 E0.0000
G1 E-0.500 F2400
G1 X168.750 Y26.250 F12000.000
G1 E0 F2400
G92 E0.0000
; segment
G92 E0.0000
G1 F2400.000
G1 Z2.200
G1 X168.750 Y26.250
G1 X155.000 Y26.250 E0.5697 
G92 E0.0000
; segment
G92 E0.0000
G1 F3300.000
G1 Z2.200
G1 X155.000 Y26.250
G1 X146.000 Y26.250 E0.2237 
G92 E0.0000
; segment
G92 E0.0000
G1 F3300.000
G1 Z2.200
G1 X146.000 Y26.250
G1 X145.000 Y26.250 E0.0249 
G92 E0.0000
; segment
G92 E0.0000
G1 F2400.000
G1 Z2.200
G1 X145.000 Y26.250
G1 X131.250 Y26.250 E0.5697 
G1 X131.250 Y26.750 E0.5904 
G1 X145.000 Y26.750 E1.1601 
G92 E0.0000
; segment
G92 E0.0000
G1 F3300.000
G1 Z2.200
G1 X145.000 Y26.750
G1 X154.000 Y26.750 E0.2237 
G92 E0.0000
; segment
G92 E0.0000
G1 F3300.000
G1 Z2.200
G1 X154.000 Y26.750
G1 X155.000 Y26.750 E0.0249 
G92 E0.0000
; segment
G92 E0.0000
G1 F2400.000
G1 Z2.200
G1 X155.000 Y26.750
G1 X168.750 Y26.750 E0.5697 
G1 X168.750 Y27.250 E0.5904 
G1 X155.000 Y27.250 E1.1601 
G92 E0.0000
; segment
G92 E0.0000
G1 F3300.000
G1 Z2.200
G1 X155.000 Y27.250
G1 X146.000 Y27.250 E0.2237 
G92 E0.0000
; segment
G92 E0.0000
G1 F3300.000
G1 Z2.200
G1 X146.000 Y27.250
G1 X145.000 Y27.250 E0.0249 
G92 E0.0000
; segment
G92 E0.0000
G1 F2400.000
G1 Z2.200
G1 X145.000 Y27.250
G1 X131.250 Y27.250 E0.5697 
G1 X131.250 Y27.750 E0.5904 
G1 X145.000 Y27.750 E1.1601 
G92 E0.0000
; segment
G92 E0.0000
G1 F3300.000
G1 Z2.200
G1 X145.000 Y27.750
G1 X154.000 Y27.750 E0.2237 
G92 E0.0000
; segment
G92 E0.0000
G1 F3300.000
G1 Z2.200
G1 X154.000 Y27.750
G1 X155.000 Y27.750 E0.0249 
G92 E0.0000
; segment
G92 E0.0000
G1 F2400.000
G1 Z2.200
G1 X155.000 Y27.750
G1 X168.750 Y27.750 E0.5697 
G1 X168.750 Y28.250 E0.5904 
G1 X155.000 Y28.250 E1.1601 
G92 E0.0000
; segment
G92 E0.0000
G1 F3300.000
G1 Z2.200
G1 X155.000 Y28.250
G1 X146.000 Y28.250 E0.2237 
G92 E0.0000
; segment
G92 E0.0000
G1 F3300.000
G1 Z2.200
G1 X146.000 Y28.250
G1 X145.000 Y28.250 E0.0249 
G92 E0.0000
; segment
G92 E0.0000
G1 F2400.000
G1 Z2.200
G1 X145.000 Y28.250
G1 X131.250 Y28.250 E0.5697 
G1 X131.250 Y28.750 E0.5904 
G1 X145.000 Y28.750 E1.1601 
G92 E0.0000
; segment
G92 E0.0000
G1 F3300.000
G1 Z2.200
G1 X145.000 Y28.750
G1 X154.000 Y28.750 E0.2237 
G92 E0.0000
; segment
G92 E0.0000
G1 F3300.000
G1 Z2.200
G1 X154.000 Y28.750
G1 X155.000 Y28.750 E0.0249 
G92 E0.0000
; segment
G92 E0.0000
G1 F2400.000
G1 Z2.200
G1 X155.000 Y28.750
G1 X168.750 Y28.750 E0.5697 
G1 X168.750 Y29.250 E0.5904 
G1 X155.000 Y29.250 E1.1601 
G92 E0.0000
; segment
G92 E0.0000
G1 F3300.000
G1 Z2.200
G1 X155.000 Y29.250
G1 X146.000 Y29.250 E0.2237 
G92 E0.0000
; segment
G92 E0.0000
G1 F3300.000
G1 Z2.200
G1 X146.000 Y29.250
G1 X145.000 Y29.250 E0.0249 
G92 E0.0000
; segment
G92 E0.0000
G1 F2400.000
G1 Z2.200
G1 X145.000 Y29.250
G1 X131.250 Y29.250 E0.5697 
G1 X131.250 Y29.750 E0.5904 
G1 X145.000 Y29.750 E1.1601 
G92 E0.0000
; segment
G92 E0.0000
G1 F3300.000
G1 Z2.200
G1 X145.000 Y29.750
G1 X154.000 Y29.750 E0.2237 
G92 E0.0000
; segment
G92 E0.0000
G1 F3300.000
G1 Z2.200
G1 X154.000 Y29.750
G1 X155.000 Y29.750 E0.0249 
G92 E0.0000
; segment
G92 E0.0000
G1 F2400.000
G1 Z2.200
G1 X155.000 Y29.750
G1 X168.750 Y29.750 E0.5697 
G1 X168.750 Y30.250 E0.5904 
G1 X155.000 Y30.250 E1.1601 
G92 E0.0000
; segment
G92 E0.0000
G1 F3300.000
G1 Z2.200
G1 X155.000 Y30.250
G1 X146.000 Y30.250 E0.2237 
G92 E0.0000
; segment
G92 E0.0000
G1 F3300.000
G1 Z2.200
G1 X146.000 Y30.250
G1 X145.000 Y30.250 E0.0249 
G92 E0.0000
; segment
G92 E0.0000
G1 F2400.000
G1 Z2.200
G1 X145.000 Y30.250
G1 X131.250 Y30.250 E0.5697 
G1 X131.250 Y30.750 E0.5904 
G1 X145.000 Y30.750 E1.1601 
G92 E0.0000
; segment
G92 E0.0000
G1 F3300.000
G1 Z2.200
G1 X145.000 Y30.750
G1 X154.000 Y30.750 E0.2237 
G92 E0.0000
; segment
G92 E0.0000
G1 F3300.000
G1 Z2.200
G1 X154.000 Y30.750
G1 X155.000 Y30.750 E0.0249 
G92 E0.0000
; segment
G92 E0.0000
G1 F2400.000
G1 Z2.200
G1 X155.000 Y30.750
G1 X168.750 Y30.750 E0.5697 
G1 X168.750 Y31.250 E0.5904 
G1 X155.000 Y31.250 E1.1601 
G92 E0.0000
; segment
G92 E0.0000
G1 F3300.000
G1 Z2.200
G1 X155.000 Y31.250
G1 X146.000 Y31.250 E0.2237 
G92 E0.0000
; segment
G92 E0.0000
G1 F3300.000
G1 Z2.200
G1 X146.000 Y31.250
G1 X145.000 Y31.250 E0.0249 
G92 E0.0000
; segment
G92 E0.0000
G1 F2400.000
G1 Z2.200
G1 X145.000 Y31.250
G1 X131.250 Y31.250 E0.5697 
G1 X131.250 Y31.750 E0.5904 
G1 X145.000 Y31.750 E1.1601 
G92 E0.0000
; segment
G92 E0.0000
G1 F3300.000
G1 Z2.200
G1 X145.000 Y31.750
G1 X154.000 Y31.750 E0.2237 
G92 E0.0000
; segment
G92 E0.0000
G1 F3300.000
G1 Z2.200
G1 X154.000 Y31.750
G1 X155.000 Y31.750 E0.0249 
G92 E0.0000
; segment
G92 E0.0000
G1 F2400.000
G1 Z2.200
G1 X155.000 Y31.750
G1 X168.750 Y31.750 E0.5697 
G1 X168.750 Y32.250 E0.5904 
G1 X155.000 Y32.250 E1.1601 
G92 E0.0000
; segment
G92 E0.0000
G1 F3300.000
G1 Z2.200
G1 X155.000 Y32.250
G1 X146.000 Y32.250 E0.2237 
G92 E0.0000
; segment
G92 E0.0000
G1 F3300.000
G1 Z2.200
G1 X146.000 Y32.250
G1 X145.000 Y32.250 E0.0249 
G92 E0.0000
; segment
G92 E0.0000
G1 F2400.000
G1 Z2.200
G1 X145.000 Y32.250
G1 X131.250 Y32.250 E0.5697 
G1 X131.250 Y32.750 E0.5904 
G1 X145.000 Y32.750 E1.1601 
G92 E0.0000
; segment
G92 E0.0000
G1 F3300.000
G1 Z2.200
G1 X145.000 Y32.750
G1 X154.000 Y32.750 E0.2237 
G92 E0.0000
; segment
G92 E0.0000
G1 F3300.000
G1 Z2.200
G1 X154.000 Y32.750
G1 X155.000 Y32.750 E0.0249 
G92 E0.0000
; segment
G92 E0.0000
G1 F2400.000
G1 Z2.200
G1 X155.000 Y32.750
G1 X168.750 Y32.750 E0.5697 
G1 X168.750 Y33.250 E0.5904 
G1 X155.000 Y33.250 E1.1601 
G92 E0.0000
; segment
G92 E0.0000
G1 F3300.000
G1 Z2.200
G1 X155.000 Y33.250
G1 X146.000 Y33.250 E0.2237 
G92 E0.0000
; segment
G92 E0.0000
G1 F3300.000
G1 Z2.200
G1 X146.000 Y33.250
G1 X145.000 Y33.250 E0.0249 
G92 E0.0000
; segment
G92 E0.0000
G1 F2400.000
G1 Z2.200
G1 X145.000 Y33.250
G1 X131.250 Y33.250 E0.5697 
G1 X131.250 Y33.750 E0.5904 
G1 X145.000 Y33.750 E1.1601 
G92 E0.0000
; segment
G92 E0.0000
G1 F3300.000
G1 Z2.200
G1 X145.000 Y33.750
G1 X154.000 Y33.750 E0.2237 
G92 E0.0000
; segment
G92 E0.0000
G1 F3300.000
G1 Z2.200
G1 X154.000 Y33.750
G1 X155.000 Y33.750 E0.0249 
G92 E0.0000
; segment
G92 E0.0000
G1 F2400.000
G1 Z2.200
G1 X155.000 Y33.750
G1 X168.750 Y33.750 E0.5697 
G92 E0.0000
; jumping
G92 E0.0000
G1 E-0.500 F2400
G1 X168.750 Y51.250 F12000.000
G1 E0 F2400
G92 E0.0000
; segment
G92 E0.0000
G1 F2400.000
G1 Z2.200
G1 X168.750 Y51.250
G1 X155.000 Y51.250 E0.5697 
G92 E0.0000
; segment
G92 E0.0000
G1 F3300.000
G1 Z2.200
G1 X155.000 Y51.250
G1 X146.000 Y51.250 E0.2237 
G92 E0.0000
; segment
G92 E0.0000
G1 F3300.000
G1 Z2.200
G1 X146.000 Y51.250
G1 X145.000 Y51.250 E0.0249 
G92 E0.0000
; segment
G92 E0.0000
G1 F2400.000
G1 Z2.200
G1 X145.000 Y51.250
G1 X131.250 Y51.250 E0.5697 
G1 X131.250 Y51.750 E0.5904 
G1 X145.000 Y51.750 E1.1601 
G92 E0.0000
; segment
G92 E0.0000
G1 F3300.000
G1 Z2.200
G1 X145.000 Y51.750
G1 X154.000 Y51.750 E0.2237 
G92 E0.0000
; segment
G92 E0.0000
G1 F3300.000
G1 Z2.200
G1 X154.000 Y51.750
G1 X155.000 Y51.750 E0.0249 
G92 E0.0000
; segment
G92 E0.0000
G1 F2400.000
G1 Z2.200
G1 X155.000 Y51.750
G1 X168.750 Y51.750 E0.5697 
G1 X168.750 Y52.250 E0.5904 
G1 X155.000 Y52.250 E1.1601 
G92 E0.0000
; segment
G92 E0.0000
G1 F3300.000
G1 Z2.200
G1 X155.000 Y52.250
G1 X146.000 Y52.250 E0.2237 
G92 E0.0000
; segment
G92 E0.0000
G1 F3300.000
G1 Z2.200
G1 X146.000 Y52.250
G1 X145.000 Y52.250 E0.0249 
G92 E0.0000
; segment
G92 E0.0000
G1 F2400.000
G1 Z2.200
G1 X145.000 Y52.250
G1 X131.250 Y52.250 E0.5697 
G1 X131.250 Y52.750 E0.5904 
G1 X145.000 Y52.750 E1.1601 
G92 E0.0000
; segment
G92 E0.0000
G1 F3300.000
G1 Z2.200
G1 X145.000 Y52.750
G1 X154.000 Y52.750 E0.2237 
G92 E0.0000
; segment
G92 E0.0000
G1 F3300.000
G1 Z2.200
G1 X154.000 Y52.750
G1 X155.000 Y52.750 E0.0249 
G92 E0.0000
; segment
G92 E0.0000
G1 F2400.000
G1 Z2.200
G1 X155.000 Y52.750
G1 X168.750 Y52.750 E0.5697 
G1 X168.750 Y53.250 E0.5904 
G1 X155.000 Y53.250 E1.1601 
G92 E0.0000
; segment
G92 E0.0000
G1 F3300.000
G1 Z2.200
G1 X155.000 Y53.250
G1 X146.000 Y53.250 E0.2237 
G92 E0.0000
; segment
G92 E0.0000
G1 F3300.000
G1 Z2.200
G1 X146.000 Y53.250
G1 X145.000 Y53.250 E0.0249 
G92 E0.0000
; segment
G92 E0.0000
G1 F2400.000
G1 Z2.200
G1 X145.000 Y53.250
G1 X131.250 Y53.250 E0.5697 
G1 X131.250 Y53.750 E0.5904 
G1 X145.000 Y53.750 E1.1601 
G92 E0.0000
; segment
G92 E0.0000
G1 F3300.000
G1 Z2.200
G1 X145.000 Y53.750
G1 X154.000 Y53.750 E0.2237 
G92 E0.0000
; segment
G92 E0.0000
G1 F3300.000
G1 Z2.200
G1 X154.000 Y53.750
G1 X155.000 Y53.750 E0.0249 
G92 E0.0000
; segment
G92 E0.0000
G1 F2400.000
G1 Z2.200
G1 X155.000 Y53.750
G1 X168.750 Y53.750 E0.5697 
G1 X168.750 Y54.250 E0.5904 
G1 X155.000 Y54.250 E1.1601 
G92 E0.0000
; segment
G92 E0.0000
G1 F3300.000
G1 Z2.200
G1 X155.000 Y54.250
G1 X146.000 Y54.250 E0.2237 
G92 E0.0000
; segment
G92 E0.0000
G1 F3300.000
G1 Z2.200
G1 X146.000 Y54.250
G1 X145.000 Y54.250 E0.0249 
G92 E0.0000
; segment
G92 E0.0000
G1 F2400.000
G1 Z2.200
G1 X145.000 Y54.250
G1 X131.250 Y54.250 E0.5697 
G1 X131.250 Y54.750 E0.5904 
G1 X145.000 Y54.750 E1.1601 
G92 E0.0000
; segment
G92 E0.0000
G1 F3300.000
G1 Z2.200
G1 X145.000 Y54.750
G1 X154.000 Y54.750 E0.2237 
G92 E0.0000
; segment
G92 E0.0000
G1 F3300.000
G1 Z2.200
G1 X154.000 Y54.750
G1 X155.000 Y54.750 E0.0249 
G92 E0.0000
; segment
G92 E0.0000
G1 F2400.000
G1 Z2.200
G1 X155.000 Y54.750
G1 X168.750 Y54.750 E0.5697 
G1 X168.750 Y55.250 E0.5904 
G1 X155.000 Y55.250 E1.1601 
G92 E0.0000
; segment
G92 E0.0000
G1 F3300.000
G1 Z2.200
G1 X155.000 Y55.250
G1 X146.000 Y55.250 E0.2237 
G92 E0.0000
; segment
G92 E0.0000
G1 F3300.000
G1 Z2.200
G1 X146.000 Y55.250
G1 X145.000 Y55.250 E0.0249 
G92 E0.0000
; segment
G92 E0.0000
G1 F2400.000
G1 Z2.200
G1 X145.000 Y55.250
G1 X131.250 Y55.250 E0.5697 
G1 X131.250 Y55.750 E0.5904 
G1 X145.000 Y55.750 E1.1601 
G92 E0.0000
; segment
G92 E0.0000
G1 F3300.000
G1 Z2.200
G1 X145.000 Y55.750
G1 X154.000 Y55.750 E0.2237 
G92 E0.0000
; segment
G92 E0.0000
G1 F3300.000
G1 Z2.200
G1 X154.000 Y55.750
G1 X155.000 Y55.750 E0.0249 
G92 E0.0000
; segment
G92 E0.0000
G1 F2400.000
G1 Z2.200
G1 X155.000 Y55.750
G1 X168.750 Y55.750 E0.5697 
G1 X168.750 Y56.250 E0.5904 
G1 X155.000 Y56.250 E1.1601 
G92 E0.0000
; segment
G92 E0.0000
G1 F3300.000
G1 Z2.200
G1 X155.000 Y56.250
G1 X146.000 Y56.250 E0.2237 
G92 E0.0000
; segment
G92 E0.0000
G1 F3300.000
G1 Z2.200
G1 X146.000 Y56.250
G1 X145.000 Y56.250 E0.0249 
G92 E0.0000
; segment
G92 E0.0000
G1 F2400.000
G1 Z2.200
G1 X145.000 Y56.250
G1 X131.250 Y56.250 E0.5697 
G1 X131.250 Y56.750 E0.5904 
G1 X145.000 Y56.750 E1.1601 
G92 E0.0000
; segment
G92 E0.0000
G1 F3300.000
G1 Z2.200
G1 X145.000 Y56.750
G1 X154.000 Y56.750 E0.2237 
G92 E0.0000
; segment
G92 E0.0000
G1 F3300.000
G1 Z2.200
G1 X154.000 Y56.750
G1 X155.000 Y56.750 E0.0249 
G92 E0.0000
; segment
G92 E0.0000
G1 F2400.000
G1 Z2.200
G1 X155.000 Y56.750
G1 X168.750 Y56.750 E0.5697 
G1 X168.750 Y57.250 E0.5904 
G1 X155.000 Y57.250 E1.1601 
G92 E0.0000
; segment
G92 E0.0000
G1 F3300.000
G1 Z2.200
G1 X155.000 Y57.250
G1 X146.000 Y57.250 E0.2237 
G92 E0.0000
; segment
G92 E0.0000
G1 F3300.000
G1 Z2.200
G1 X146.000 Y57.250
G1 X145.000 Y57.250 E0.0249 
G92 E0.0000
; segment
G92 E0.0000
G1 F2400.000
G1 Z2.200
G1 X145.000 Y57.250
G1 X131.250 Y57.250 E0.5697 
G1 X131.250 Y57.750 E0.5904 
G1 X145.000 Y57.750 E1.1601 
G92 E0.0000
; segment
G92 E0.0000
G1 F3300.000
G1 Z2.200
G1 X145.000 Y57.750
G1 X154.000 Y57.750 E0.2237 
G92 E0.0000
; segment
G92 E0.0000
G1 F3300.000
G1 Z2.200
G1 X154.000 Y57.750
G1 X155.000 Y57.750 E0.0249 
G92 E0.0000
; segment
G92 E0.0000
G1 F2400.000
G1 Z2.200
G1 X155.000 Y57.750
G1 X168.750 Y57.750 E0.5697 
G1 X168.750 Y58.250 E0.5904 
G1 X155.000 Y58.250 E1.1601 
G92 E0.0000
; segment
G92 E0.0000
G1 F3300.000
G1 Z2.200
G1 X155.000 Y58.250
G1 X146.000 Y58.250 E0.2237 
G92 E0.0000
; segment
G92 E0.0000
G1 F3300.000
G1 Z2.200
G1 X146.000 Y58.250
G1 X145.000 Y58.250 E0.0249 
G92 E0.0000
; segment
G92 E0.0000
G1 F2400.000
G1 Z2.200
G1 X145.000 Y58.250
G1 X131.250 Y58.250 E0.5697 
G1 X131.250 Y58.750 E0.5904 
G1 X145.000 Y58.750 E1.1601 
G92 E0.0000
; segment
G92 E0.0000
G1 F3300.000
G1 Z2.200
G1 X145.000 Y58.750
G1 X154.000 Y58.750 E0.2237 
G92 E0.0000
; segment
G92 E0.0000
G1 F3300.000
G1 Z2.200
G1 X154.000 Y58.750
G1 X155.000 Y58.750 E0.0249 
G92 E0.0000
; segment
G92 E0.0000
G1 F2400.000
G1 Z2.200
G1 X155.000 Y58.750
G1 X168.750 Y58.750 E0.5697 
G92 E0.0000
; jumping
G92 E0.0000
G1 E-0.500 F2400
G1 X168.750 Y76.250 F12000.000
G1 E0 F2400
G92 E0.0000
; segment
G92 E0.0000
G1 F2400.000
G1 Z2.200
G1 X168.750 Y76.250
G1 X155.000 Y76.250 E0.5697 
G92 E0.0000
; segment
G92 E0.0000
G1 F3300.000
G1 Z2.200
G1 X155.000 Y76.250
G1 X146.000 Y76.250 E0.2237 
G92 E0.0000
; segment
G92 E0.0000
G1 F3300.000
G1 Z2.200
G1 X146.000 Y76.250
G1 X145.000 Y76.250 E0.0249 
G92 E0.0000
; segment
G92 E0.0000
G1 F2400.000
G1 Z2.200
G1 X145.000 Y76.250
G1 X131.250 Y76.250 E0.5697 
G1 X131.250 Y76.750 E0.5904 
G1 X145.000 Y76.750 E1.1601 
G92 E0.0000
; segment
G92 E0.0000
G1 F3300.000
G1 Z2.200
G1 X145.000 Y76.750
G1 X154.000 Y76.750 E0.2237 
G92 E0.0000
; segment
G92 E0.0000
G1 F3300.000
G1 Z2.200
G1 X154.000 Y76.750
G1 X155.000 Y76.750 E0.0249 
G92 E0.0000
; segment
G92 E0.0000
G1 F2400.000
G1 Z2.200
G1 X155.000 Y76.750
G1 X168.750 Y76.750 E0.5697 
G1 X168.750 Y77.250 E0.5904 
G1 X155.000 Y77.250 E1.1601 
G92 E0.0000
; segment
G92 E0.0000
G1 F3300.000
G1 Z2.200
G1 X155.000 Y77.250
G1 X146.000 Y77.250 E0.2237 
G92 E0.0000
; segment
G92 E0.0000
G1 F3300.000
G1 Z2.200
G1 X146.000 Y77.250
G1 X145.000 Y77.250 E0.0249 
G92 E0.0000
; segment
G92 E0.0000
G1 F2400.000
G1 Z2.200
G1 X145.000 Y77.250
G1 X131.250 Y77.250 E0.5697 
G1 X131.250 Y77.750 E0.5904 
G1 X145.000 Y77.750 E1.1601 
G92 E0.0000
; segment
G92 E0.0000
G1 F3300.000
G1 Z2.200
G1 X145.000 Y77.750
G1 X154.000 Y77.750 E0.2237 
G92 E0.0000
; segment
G92 E0.0000
G1 F3300.000
G1 Z2.200
G1 X154.000 Y77.750
G1 X155.000 Y77.750 E0.0249 
G92 E0.0000
; segment
G92 E0.0000
G1 F2400.000
G1 Z2.200
G1 X155.000 Y77.750
G1 X168.750 Y77.750 E0.5697 
G1 X168.750 Y78.250 E0.5904 
G1 X155.000 Y78.250 E1.1601 
G92 E0.0000
; segment
G92 E0.0000
G1 F3300.000
G1 Z2.200
G1 X155.000 Y78.250
G1 X146.000 Y78.250 E0.2237 
G92 E0.0000
; segment
G92 E0.0000
G1 F3300.000
G1 Z2.200
G1 X146.000 Y78.250
G1 X145.000 Y78.250 E0.0249 
G92 E0.0000
; segment
G92 E0.0000
G1 F2400.000
G1 Z2.200
G1 X145.000 Y78.250
G1 X131.250 Y78.250 E0.5697 
G1 X131.250 Y78.750 E0.5904 
G1 X145.000 Y78.750 E1.1601 
G92 E0.0000
; segment
G92 E0.0000
G1 F3300.000
G1 Z2.200
G1 X145.000 Y78.750
G1 X154.000 Y78.750 E0.2237 
G92 E0.0000
; segment
G92 E0.0000
G1 F3300.000
G1 Z2.200
G1 X154.000 Y78.750
G1 X155.000 Y78.750 E0.0249 
G92 E0.0000
; segment
G92 E0.0000
G1 F2400.000
G1 Z2.200
G1 X155.000 Y78.750
G1 X168.750 Y78.750 E0.5697 
G1 X168.750 Y79.250 E0.5904 
G1 X155.000 Y79.250 E1.1601 
G92 E0.0000
; segment
G92 E0.0000
G1 F3300.000
G1 Z2.200
G1 X155.000 Y79.250
G1 X146.000 Y79.250 E0.2237 
G92 E0.0000
; segment
G92 E0.0000
G1 F3300.000
G1 Z2.200
G1 X146.000 Y79.250
G1 X145.000 Y79.250 E0.0249 
G92 E0.0000
; segment
G92 E0.0000
G1 F2400.000
G1 Z2.200
G1 X145.000 Y79.250
G1 X131.250 Y79.250 E0.5697 
G1 X131.250 Y79.750 E0.5904 
G1 X145.000 Y79.750 E1.1601 
G92 E0.0000
; segment
G92 E0.0000
G1 F3300.000
G1 Z2.200
G1 X145.000 Y79.750
G1 X154.000 Y79.750 E0.2237 
G92 E0.0000
; segment
G92 E0.0000
G1 F3300.000
G1 Z2.200
G1 X154.000 Y79.750
G1 X155.000 Y79.750 E0.0249 
G92 E0.0000
; segment
G92 E0.0000
G1 F2400.000
G1 Z2.200
G1 X155.000 Y79.750
G1 X168.750 Y79.750 E0.5697 
G1 X168.750 Y80.250 E0.5904 
G1 X155.000 Y80.250 E1.1601 
G92 E0.0000
; segment
G92 E0.0000
G1 F3300.000
G1 Z2.200
G1 X155.000 Y80.250
G1 X146.000 Y80.250 E0.2237 
G92 E0.0000
; segment
G92 E0.0000
G1 F3300.000
G1 Z2.200
G1 X146.000 Y80.250
G1 X145.000 Y80.250 E0.0249 
G92 E0.0000
; segment
G92 E0.0000
G1 F2400.000
G1 Z2.200
G1 X145.000 Y80.250
G1 X131.250 Y80.250 E0.5697 
G1 X131.250 Y80.750 E0.5904 
G1 X145.000 Y80.750 E1.1601 
G92 E0.0000
; segment
G92 E0.0000
G1 F3300.000
G1 Z2.200
G1 X145.000 Y80.750
G1 X154.000 Y80.750 E0.2237 
G92 E0.0000
; segment
G92 E0.0000
G1 F3300.000
G1 Z2.200
G1 X154.000 Y80.750
G1 X155.000 Y80.750 E0.0249 
G92 E0.0000
; segment
G92 E0.0000
G1 F2400.000
G1 Z2.200
G1 X155.000 Y80.750
G1 X168.750 Y80.750 E0.5697 
G1 X168.750 Y81.250 E0.5904 
G1 X155.000 Y81.250 E1.1601 
G92 E0.0000
; segment
G92 E0.0000
G1 F3300.000
G1 Z2.200
G1 X155.000 Y81.250
G1 X146.000 Y81.250 E0.2237 
G92 E0.0000
; segment
G92 E0.0000
G1 F3300.000
G1 Z2.200
G1 X146.000 Y81.250
G1 X145.000 Y81.250 E0.0249 
G92 E0.0000
; segment
G92 E0.0000
G1 F2400.000
G1 Z2.200
G1 X145.000 Y81.250
G1 X131.250 Y81.250 E0.5697 
G1 X131.250 Y81.750 E0.5904 
G1 X145.000 Y81.750 E1.1601 
G92 E0.0000
; segment
G92 E0.0000
G1 F3300.000
G1 Z2.200
G1 X145.000 Y81.750
G1 X154.000 Y81.750 E0.2237 
G92 E0.0000
; segment
G92 E0.0000
G1 F3300.000
G1 Z2.200
G1 X154.000 Y81.750
G1 X155.000 Y81.750 E0.0249 
G92 E0.0000
; segment
G92 E0.0000
G1 F2400.000
G1 Z2.200
G1 X155.000 Y81.750
G1 X168.750 Y81.750 E0.5697 
G1 X168.750 Y82.250 E0.5904 
G1 X155.000 Y82.250 E1.1601 
G92 E0.0000
; segment
G92 E0.0000
G1 F3300.000
G1 Z2.200
G1 X155.000 Y82.250
G1 X146.000 Y82.250 E0.2237 
G92 E0.0000
; segment
G92 E0.0000
G1 F3300.000
G1 Z2.200
G1 X146.000 Y82.250
G1 X145.000 Y82.250 E0.0249 
G92 E0.0000
; segment
G92 E0.0000
G1 F2400.000
G1 Z2.200
G1 X145.000 Y82.250
G1 X131.250 Y82.250 E0.5697 
G1 X131.250 Y82.750 E0.5904 
G1 X145.000 Y82.750 E1.1601 
G92 E0.0000
; segment
G92 E0.0000
G1 F3300.000
G1 Z2.200
G1 X145.000 Y82.750
G1 X154.000 Y82.750 E0.2237 
G92 E0.0000
; segment
G92 E0.0000
G1 F3300.000
G1 Z2.200
G1 X154.000 Y82.750
G1 X155.000 Y82.750 E0.0249 
G92 E0.0000
; segment
G92 E0.0000
G1 F2400.000
G1 Z2.200
G1 X155.000 Y82.750
G1 X168.750 Y82.750 E0.5697 
G1 X168.750 Y83.250 E0.5904 
G1 X155.000 Y83.250 E1.1601 
G92 E0.0000
; segment
G92 E0.0000
G1 F3300.000
G1 Z2.200
G1 X155.000 Y83.250
G1 X146.000 Y83.250 E0.2237 
G92 E0.0000
; segment
G92 E0.0000
G1 F3300.000
G1 Z2.200
G1 X146.000 Y83.250
G1 X145.000 Y83.250 E0.0249 
G92 E0.0000
; segment
G92 E0.0000
G1 F2400.000
G1 Z2.200
G1 X145.000 Y83.250
G1 X131.250 Y83.250 E0.5697 
G1 X131.250 Y83.750 E0.5904 
G1 X145.000 Y83.750 E1.1601 
G92 E0.0000
; segment
G92 E0.0000
G1 F3300.000
G1 Z2.200
G1 X145.000 Y83.750
G1 X154.000 Y83.750 E0.2237 
G92 E0.0000
; segment
G92 E0.0000
G1 F3300.000
G1 Z2.200
G1 X154.000 Y83.750
G1 X155.000 Y83.750 E0.0249 
G92 E0.0000
; segment
G92 E0.0000
G1 F2400.000
G1 Z2.200
G1 X155.000 Y83.750
G1 X168.750 Y83.750 E0.5697 
G92 E0.0000
; jumping
G92 E0.0000
G1 E-0.500 F2400
G1 X169.750 Y34.750 F12000.000
G1 E0 F2400
G92 E0.0000
; segment
G92 E0.0000
G1 F2400.000
G1 Z2.400
G1 X169.750 Y34.750
G1 X169.750 Y25.250 E0.3936 
G1 X155.000 Y25.250 E1.0047 
G92 E0.0000
; segment
G92 E0.0000
G1 F3300.000
G1 Z2.400
G1 X155.000 Y25.250
G1 X146.000 Y25.250 E0.2237 
G92 E0.0000
; segment
G92 E0.0000
G1 F3300.000
G1 Z2.400
G1 X146.000 Y25.250
G1 X145.000 Y25.250 E0.0249 
G92 E0.0000
; segment
G92 E0.0000
G1 F2400.000
G1 Z2.400
G1 X145.000 Y25.250
G1 X130.250 Y25.250 E0.6111 
G1 X130.250 Y34.750 E1.0047 
G1 X145.000 Y34.750 E1.6158 
G92 E0.0000
; segment
G92 E0.0000
G1 F3300.000
G1 Z2.400
G1 X145.000 Y34.750
G1 X154.000 Y34.750 E0.2237 
G92 E0.0000
; segment
G92 E0.0000
G1 F3300.000
G1 Z2.400
G1 X154.000 Y34.750
G1 X155.000 Y34.750 E0.0249 
G92 E0.0000
; segment
G92 E0.0000
G1 F2400.000
G1 Z2.400
G1 X155.000 Y34.750
G1 X169.750 Y34.750 E0.6111 
G92 E0.0000
; segment
G92 E0.0000
G1 F2400.000
G1 Z2.400
G1 X169.250 Y34.250
G1 X169.250 Y25.750 E0.3522 
G1 X155.000 Y25.750 E0.9426 
G92 E0.0000
; segment
G92 E0.0000
G1 F3300.000
G1 Z2.400
G1 X155.000 Y25.750
G1 X146.000 Y25.750 E0.2237 
G92 E0.0000
; segment
G92 E0.0000
G1 F3300.000
G1 Z2.400
G1 X146.000 Y25.750
G1 X145.000 Y25.750 E0.0249 
G92 E0.0000
; segment
G92 E0.0000
G1 F2400.000
G1 Z2.400
G1 X145.000 Y25.750
G1 X130.750 Y25.750 E0.5904 
G1 X130.750 Y34.250 E0.9426 
G1 X145.000 Y34.250 E1.5330 
G92 E0.0000
; segment
G92 E0.0000
G1 F3300.000
G1 Z2.400
G1 X145.000 Y34.250
G1 X154.000 Y34.250 E0.2237 
G92 E0.0000
; segment
G92 E0.0000
G1 F3300.000
G1 Z2.400
G1 X154.000 Y34.250
G1 X155.000 Y34.250 E0.0249 
G92 E0.0000
; segment
G92 E0.0000
G1 F2400.000
G1 Z2.400
G1 X155.000 Y34.250
G1 X169.250 Y34.250 E0.5904 
G92 E0.0000
; jumping
G92 E0.0000
G1 E-0.500 F2400
G1 X169.750 Y59.750 F12000.000
G1 E0 F2400
G92 E0.0000
; segment
G92 E0.0000
G1 F2400.000
G1 Z2.400
G1 X169.750 Y59.750
G1 X169.750 Y50.250 E0.3936 
G1 X155.000 Y50.250 E1.0047 
G92 E0.0000
; segment
G92 E0.0000
G1 F3300.000
G1 Z2.400
G1 X155.000 Y50.250
G1 X146.000 Y50.250 E0.2237 
G92 E0.0000
; segment
G92 E0.0000
G1 F3300.000
G1 Z2.400
G1 X146.000 Y50.250
G1 X145.000 Y50.250 E0.0249 
G92 E0.0000
; segment
G92 E0.0000
G1 F2400.000
G1 Z2.400
G1 X145.000 Y50.250
G1 X130.250 Y50.250 E0.6111 
G1 X130.250 Y59.750 E1.0047 
G1 X145.000 Y59.750 E1.6158 
G92 E0.0000
; segment
G92 E0.0000
G1 F3300.000
G1 Z2.400
G1 X145.000 Y59.750
G1 X154.000 Y59.750 E0.2237 
G92 E0.0000
; segment
G92 E0.0000
G1 F3300.000
G1 Z2.400
G1 X154.000 Y59.750
G1 X155.000 Y59.750 E0.0249 
G92 E0.0000
; segment
G92 E0.0000
G1 F2400.000
G1 Z2.400
G1 X155.000 Y59.750
G1 X169.750 Y59.750 E0.6111 
G92 E0.0000
; segment
G92 E0.0000
G1 F2400.000
G1 Z2.400
G1 X169.250 Y59.250
G1 X169.250 Y50.750 E0.3522 
G1 X155.000 Y50.750 E0.9426 
G92 E0.0000
; segment
G92 E0.0000
G1 F3300.000
G1 Z2.400
G1 X155.000 Y50.750
G1 X146.000 Y50.750 E0.2237 
G92 E0.0000
; segment
G92 E0.0000
G1 F3300.000
G1 Z2.400
G1 X146.000 Y50.750
G1 X145.000 Y50.750 E0.0249 
G92 E0.0000
; segment
G92 E0.0000
G1 F2400.000
G1 Z2.400
G1 X145.000 Y50.750
G1 X130.750 Y50.750 E0.5904 
G1 X130.750 Y59.250 E0.9426 
G1 X145.000 Y59.250 E1.5330 
G92 E0.0000
; segment
G92 E0.0000
G1 F3300.000
G1 Z2.400
G1 X145.000 Y59.250
G1 X154.000 Y59.250 E0.2237 
G92 E0.0000
; segment
G92 E0.0000
G1 F3300.000
G1 Z2.400
G1 X154.000 Y59.250
G1 X155.000 Y59.250 E0.0249 
G92 E0.0000
; segment
G92 E0.0000
G1 F2400.000
G1 Z2.400
G1 X155.000 Y59.250
G1 X169.250 Y59.250 E0.5904 
G92 E0.0000
; jumping
G92 E0.0000
G1 E-0.500 F2400
G1 X169.750 Y84.750 F12000.000
G1 E0 F2400
G92 E0.0000
; segment
G92 E0.0000
G1 F2400.000
G1 Z2.400
G1 X169.750 Y84.750
G1 X169.750 Y75.250 E0.3936 
G1 X155.000 Y75.250 E1.0047 
G92 E0.0000
; segment
G92 E0.0000
G1 F3300.000
G1 Z2.400
G1 X155.000 Y75.250
G1 X146.000 Y75.250 E0.2237 
G92 E0.0000
; segment
G92 E0.0000
G1 F3300.000
G1 Z2.400
G1 X146.000 Y75.250
G1 X145.000 Y75.250 E0.0249 
G92 E0.0000
; segment
G92 E0.0000
G1 F2400.000
G1 Z2.400
G1 X145.000 Y75.250
G1 X130.250 Y75.250 E0.6111 
G1 X130.250 Y84.750 E1.0047 
G1 X145.000 Y84.750 E1.6158 
G92 E0.0000
; segment
G92 E0.0000
G1 F3300.000
G1 Z2.400
G1 X145.000 Y84.750
G1 X154.000 Y84.750 E0.2237 
G92 E0.0000
; segment
G92 E0.0000
G1 F3300.000
G1 Z2.400
G1 X154.000 Y84.750
G1 X155.000 Y84.750 E0.0249 
G92 E0.0000
; segment
G92 E0.0000
G1 F2400.000
G1 Z2.400
G1 X155.000 Y84.750
G1 X169.750 Y84.750 E0.6111 
G92 E0.0000
; segment
G92 E0.0000
G1 F2400.000
G1 Z2.400
G1 X169.250 Y84.250
G1 X169.250 Y75.750 E0.3522 
G1 X155.000 Y75.750 E0.9426 
G92 E0.0000
; segment
G92 E0.0000
G1 F3300.000
G1 Z2.400
G1 X155.000 Y75.750
G1 X146.000 Y75.750 E0.2237 
G92 E0.0000
; segment
G92 E0.0000
G1 F3300.000
G1 Z2.400
G1 X146.000 Y75.750
G1 X145.000 Y75.750 E0.0249 
G92 E0.0000
; segment
G92 E0.0000
G1 F2400.000
G1 Z2.400
G1 X145.000 Y75.750
G1 X130.750 Y75.750 E0.5904 
G1 X130.750 Y84.250 E0.9426 
G1 X145.000 Y84.250 E1.5330 
G92 E0.0000
; segment
G92 E0.0000
G1 F3300.000
G1 Z2.400
G1 X145.000 Y84.250
G1 X154.000 Y84.250 E0.2237 
G92 E0.0000
; segment
G92 E0.0000
G1 F3300.000
G1 Z2.400
G1 X154.000 Y84.250
G1 X155.000 Y84.250 E0.0249 
G92 E0.0000
; segment
G92 E0.0000
G1 F2400.000
G1 Z2.400
G1 X155.000 Y84.250
G1 X169.250 Y84.250 E0.5904 
G92 E0.0000
; jumping
G92 E0.0000
G1 E-0.500 F2400
G1 X168.750 Y33.750 F12000.000
G1 E0 F2400
G92 E0.0000
; segment
G92 E0.0000
G1 F2400.000
G1 Z2.400
G1 X168.750 Y33.750
G1 X155.000 Y33.750 E0.5697 
G92 E0.0000
; segment
G92 E0.0000
G1 F3300.000
G1 Z2.400
G1 X155.000 Y33.750
G1 X146.000 Y33.750 E0.2237 
G92 E0.0000
; segment
G92 E0.0000
G1 F3300.000
G1 Z2.400
G1 X146.000 Y33.750
G1 X145.000 Y33.750 E0.0249 
G92 E0.0000
; segment
G92 E0.0000
G1 F2400.000
G1 Z2.400
G1 X145.000 Y33.750
G1 X131.250 Y33.750 E0.5697 
G1 X131.250 Y33.250 E0.5904 
G1 X145.000 Y33.250 E1.1601 
G92 E0.0000
; segment
G92 E0.0000
G1 F3300.000
G1 Z2.400
G1 X145.000 Y33.250
G1 X154.000 Y33.250 E0.2237 
G92 E0.0000
; segment
G92 E0.0000
G1 F3300.000
G1 Z2.400
G1 X154.000 Y33.250
G1 X155.000 Y33.250 E0.0249 
G92 E0.0000
; segment
G92 E0.0000
G1 F2400.000
G1 Z2.400
G1 X155.000 Y33.250
G1 X168.750 Y33.250 E0.5697 
G1 X168.750 Y32.750 E0.5904 
G1 X155.000 Y32.750 E1.1601 
G92 E0.0000
; segment
G92 E0.0000
G1 F3300.000
G1 Z2.400
G1 X155.000 Y32.750
G1 X146.000 Y32.750 E0.2237 
G92 E0.0000
; segment
G92 E0.0000
G1 F3300.000
G1 Z2.400
G1 X146.000 Y32.750
G1 X145.000 Y32.750 E0.0249 
G92 E0.0000
; segment
G92 E0.0000
G1 F2400.000
G1 Z2.400
G1 X145.000 Y32.750
G1 X131.250 Y32.750 E0.5697 
G1 X131.250 Y32.250 E0.5904 
G1 X145.000 Y32.250 E1.1601 
G92 E0.0000
; segment
G92 E0.0000
G1 F3300.000
G1 Z2.400
G1 X145.000 Y32.250
G1 X154.000 Y32.250 E0.2237 
G92 E0.0000
; segment
G92 E0.0000
G1 F3300.000
G1 Z2.400
G1 X154.000 Y32.250
G1 X155.000 Y32.250 E0.0249 
G92 E0.0000
; segment
G92 E0.0000
G1 F2400.000
G1 Z2.400
G1 X155.000 Y32.250
G1 X168.750 Y32.250 E0.5697 
G1 X168.750 Y31.750 E0.5904 
G1 X155.000 Y31.750 E1.1601 
G92 E0.0000
; segment
G92 E0.0000
G1 F3300.000
G1 Z2.400
G1 X155.000 Y31.750
G1 X146.000 Y31.750 E0.2237 
G92 E0.0000
; segment
G92 E0.0000
G1 F3300.000
G1 Z2.400
G1 X146.000 Y31.750
G1 X145.000 Y31.750 E0.0249 
G92 E0.0000
; segment
G92 E0.0000
G1 F2400.000
G1 Z2.400
G1 X145.000 Y31.750
G1 X131.250 Y31.750 E0.5697 
G1 X131.250 Y31.250 E0.5904 
G1 X145.000 Y31.250 E1.1601 
G92 E0.0000
; segment
G92 E0.0000
G1 F3300.000
G1 Z2.400
G1 X145.000 Y31.250
G1 X154.000 Y31.250 E0.2237 
G92 E0.0000
; segment
G92 E0.0000
G1 F3300.000
G1 Z2.400
G1 X154.000 Y31.250
G1 X155.000 Y31.250 E0.0249 
G92 E0.0000
; segment
G92 E0.0000
G1 F2400.000
G1 Z2.400
G1 X155.000 Y31.250
G1 X168.750 Y31.250 E0.5697 
G1 X168.750 Y30.750 E0.5904 
G1 X155.000 Y30.750 E1.1601 
G92 E0.0000
; segment
G92 E0.0000
G1 F3300.000
G1 Z2.400
G1 X155.000 Y30.750
G1 X146.000 Y30.750 E0.2237 
G92 E0.0000
; segment
G92 E0.0000
G1 F3300.000
G1 Z2.400
G1 X146.000 Y30.750
G1 X145.000 Y30.750 E0.0249 
G92 E0.0000
; segment
G92 E0.0000
G1 F2400.000
G1 Z2.400
G1 X145.000 Y30.750
G1 X131.250 Y30.750 E0.5697 
G1 X131.250 Y30.250 E0.5904 
G1 X145.000 Y30.250 E1.1601 
G92 E0.0000
; segment
G92 E0.0000
G1 F3300.000
G1 Z2.400
G1 X145.000 Y30.250
G1 X154.000 Y30.250 E0.2237 
G92 E0.0000
; segment
G92 E0.0000
G1 F3300.000
G1 Z2.400
G1 X154.000 Y30.250
G1 X155.000 Y30.250 E0.0249 
G92 E0.0000
; segment
G92 E0.0000
G1 F2400.000
G1 Z2.400
G1 X155.000 Y30.250
G1 X168.750 Y30.250 E0.5697 
G1 X168.750 Y29.750 E0.5904 
G1 X155.000 Y29.750 E1.1601 
G92 E0.0000
; segment
G92 E0.0000
G1 F3300.000
G1 Z2.400
G1 X155.000 Y29.750
G1 X146.000 Y29.750 E0.2237 
G92 E0.0000
; segment
G92 E0.0000
G1 F3300.000
G1 Z2.400
G1 X146.000 Y29.750
G1 X145.000 Y29.750 E0.0249 
G92 E0.0000
; segment
G92 E0.0000
G1 F2400.000
G1 Z2.400
G1 X145.000 Y29.750
G1 X131.250 Y29.750 E0.5697 
G1 X131.250 Y29.250 E0.5904 
G1 X145.000 Y29.250 E1.1601 
G92 E0.0000
; segment
G92 E0.0000
G1 F3300.000
G1 Z2.400
G1 X145.000 Y29.250
G1 X154.000 Y29.250 E0.2237 
G92 E0.0000
; segment
G92 E0.0000
G1 F3300.000
G1 Z2.400
G1 X154.000 Y29.250
G1 X155.000 Y29.250 E0.0249 
G92 E0.0000
; segment
G92 E0.0000
G1 F2400.000
G1 Z2.400
G1 X155.000 Y29.250
G1 X168.750 Y29.250 E0.5697 
G1 X168.750 Y28.750 E0.5904 
G1 X155.000 Y28.750 E1.1601 
G92 E0.0000
; segment
G92 E0.0000
G1 F3300.000
G1 Z2.400
G1 X155.000 Y28.750
G1 X146.000 Y28.750 E0.2237 
G92 E0.0000
; segment
G92 E0.0000
G1 F3300.000
G1 Z2.400
G1 X146.000 Y28.750
G1 X145.000 Y28.750 E0.0249 
G92 E0.0000
; segment
G92 E0.0000
G1 F2400.000
G1 Z2.400
G1 X145.000 Y28.750
G1 X131.250 Y28.750 E0.5697 
G1 X131.250 Y28.250 E0.5904 
G1 X145.000 Y28.250 E1.1601 
G92 E0.0000
; segment
G92 E0.0000
G1 F3300.000
G1 Z2.400
G1 X145.000 Y28.250
G1 X154.000 Y28.250 E0.2237 
G92 E0.0000
; segment
G92 E0.0000
G1 F3300.000
G1 Z2.400
G1 X154.000 Y28.250
G1 X155.000 Y28.250 E0.0249 
G92 E0.0000
; segment
G92 E0.0000
G1 F2400.000
G1 Z2.400
G1 X155.000 Y28.250
G1 X168.750 Y28.250 E0.5697 
G1 X168.750 Y27.750 E0.5904 
G1 X155.000 Y27.750 E1.1601 
G92 E0.0000
; segment
G92 E0.0000
G1 F3300.000
G1 Z2.400
G1 X155.000 Y27.750
G1 X146.000 Y27.750 E0.2237 
G92 E0.0000
; segment
G92 E0.0000
G1 F3300.000
G1 Z2.400
G1 X146.000 Y27.750
G1 X145.000 Y27.750 E0.0249 
G92 E0.0000
; segment
G92 E0.0000
G1 F2400.000
G1 Z2.400
G1 X145.000 Y27.750
G1 X131.250 Y27.750 E0.5697 
G1 X131.250 Y27.250 E0.5904 
G1 X145.000 Y27.250 E1.1601 
G92 E0.0000
; segment
G92 E0.0000
G1 F3300.000
G1 Z2.400
G1 X145.000 Y27.250
G1 X154.000 Y27.250 E0.2237 
G92 E0.0000
; segment
G92 E0.0000
G1 F3300.000
G1 Z2.400
G1 X154.000 Y27.250
G1 X155.000 Y27.250 E0.0249 
G92 E0.0000
; segment
G92 E0.0000
G1 F2400.000
G1 Z2.400
G1 X155.000 Y27.250
G1 X168.750 Y27.250 E0.5697 
G1 X168.750 Y26.750 E0.5904 
G1 X155.000 Y26.750 E1.1601 
G92 E0.0000
; segment
G92 E0.0000
G1 F3300.000
G1 Z2.400
G1 X155.000 Y26.750
G1 X146.000 Y26.750 E0.2237 
G92 E0.0000
; segment
G92 E0.0000
G1 F3300.000
G1 Z2.400
G1 X146.000 Y26.750
G1 X145.000 Y26.750 E0.0249 
G92 E0.0000
; segment
G92 E0.0000
G1 F2400.000
G1 Z2.400
G1 X145.000 Y26.750
G1 X131.250 Y26.750 E0.5697 
G1 X131.250 Y26.250 E0.5904 
G1 X145.000 Y26.250 E1.1601 
G92 E0.0000
; segment
G92 E0.0000
G1 F3300.000
G1 Z2.400
G1 X145.000 Y26.250
G1 X154.000 Y26.250 E0.2237 
G92 E0.0000
; segment
G92 E0.0000
G1 F3300.000
G1 Z2.400
G1 X154.000 Y26.250
G1 X155.000 Y26.250 E0.0249 
G92 E0.0000
; segment
G92 E0.0000
G1 F2400.000
G1 Z2.400
G1 X155.000 Y26.250
G1 X168.750 Y26.250 E0.5697 
G92 E0.0000
; jumping
G92 E0.0000
G1 E-0.500 F2400
G1 X168.750 Y58.750 F12000.000
G1 E0 F2400
G92 E0.0000
; segment
G92 E0.0000
G1 F2400.000
G1 Z2.400
G1 X168.750 Y58.750
G1 X155.000 Y58.750 E0.5697 
G92 E0.0000
; segment
G92 E0.0000
G1 F3300.000
G1 Z2.400
G1 X155.000 Y58.750
G1 X146.000 Y58.750 E0.2237 
G92 E0.0000
; segment
G92 E0.0000
G1 F3300.000
G1 Z2.400
G1 X146.000 Y58.750
G1 X145.000 Y58.750 E0.0249 
G92 E0.0000
; segment
G92 E0.0000
G1 F2400.000
G1 Z2.400
G1 X145.000 Y58.750
G1 X131.250 Y58.750 E0.5697 
G1 X131.250 Y58.250 E0.5904 
G1 X145.000 Y58.250 E1.1601 
G92 E0.0000
; segment
G92 E0.0000
G1 F3300.000
G1 Z2.400
G1 X145.000 Y58.250
G1 X154.000 Y58.250 E0.2237 
G92 E0.0000
; segment
G92 E0.0000
G1 F3300.000
G1 Z2.400
G1 X154.000 Y58.250
G1 X155.000 Y58.250 E0.0249 
G92 E0.0000
; segment
G92 E0.0000
G1 F2400.000
G1 Z2.400
G1 X155.000 Y58.250
G1 X168.750 Y58.250 E0.5697 
G1 X168.750 Y57.750 E0.5904 
G1 X155.000 Y57.750 E1.1601 
G92 E0.0000
; segment
G92 E0.0000
G1 F3300.000
G1 Z2.400
G1 X155.000 Y57.750
G1 X146.000 Y57.750 E0.2237 
G92 E0.0000
; segment
G92 E0.0000
G1 F3300.000
G1 Z2.400
G1 X146.000 Y57.750
G1 X145.000 Y57.750 E0.0249 
G92 E0.0000
; segment
G92 E0.0000
G1 F2400.000
G1 Z2.400
G1 X145.000 Y57.750
G1 X131.250 Y57.750 E0.5697 
G1 X131.250 Y57.250 E0.5904 
G1 X145.000 Y57.250 E1.1601 
G92 E0.0000
; segment
G92 E0.0000
G1 F3300.000
G1 Z2.400
G1 X145.000 Y57.250
G1 X154.000 Y57.250 E0.2237 
G92 E0.0000
; segment
G92 E0.0000
G1 F3300.000
G1 Z2.400
G1 X154.000 Y57.250
G1 X155.000 Y57.250 E0.0249 
G92 E0.0000
; segment
G92 E0.0000
G1 F2400.000
G1 Z2.400
G1 X155.000 Y57.250
G1 X168.750 Y57.250 E0.5697 
G1 X168.750 Y56.750 E0.5904 
G1 X155.000 Y56.750 E1.1601 
G92 E0.0000
; segment
G92 E0.0000
G1 F3300.000
G1 Z2.400
G1 X155.000 Y56.750
G1 X146.000 Y56.750 E0.2237 
G92 E0.0000
; segment
G92 E0.0000
G1 F3300.000
G1 Z2.400
G1 X146.000 Y56.750
G1 X145.000 Y56.750 E0.0249 
G92 E0.0000
; segment
G92 E0.0000
G1 F2400.000
G1 Z2.400
G1 X145.000 Y56.750
G1 X131.250 Y56.750 E0.5697 
G1 X131.250 Y56.250 E0.5904 
G1 X145.000 Y56.250 E1.1601 
G92 E0.0000
; segment
G92 E0.0000
G1 F3300.000
G1 Z2.400
G1 X145.000 Y56.250
G1 X154.000 Y56.250 E0.2237 
G92 E0.0000
; segment
G92 E0.0000
G1 F3300.000
G1 Z2.400
G1 X154.000 Y56.250
G1 X155.000 Y56.250 E0.0249 
G92 E0.0000
; segment
G92 E0.0000
G1 F2400.000
G1 Z2.400
G1 X155.000 Y56.250
G1 X168.750 Y56.250 E0.5697 
G1 X168.750 Y55.750 E0.5904 
G1 X155.000 Y55.750 E1.1601 
G92 E0.0000
; segment
G92 E0.0000
G1 F3300.000
G1 Z2.400
G1 X155.000 Y55.750
G1 X146.000 Y55.750 E0.2237 
G92 E0.0000
; segment
G92 E0.0000
G1 F3300.000
G1 Z2.400
G1 X146.000 Y55.750
G1 X145.000 Y55.750 E0.0249 
G92 E0.0000
; segment
G92 E0.0000
G1 F2400.000
G1 Z2.400
G1 X145.000 Y55.750
G1 X131.250 Y55.750 E0.5697 
G1 X131.250 Y55.250 E0.5904 
G1 X145.000 Y55.250 E1.1601 
G92 E0.0000
; segment
G92 E0.0000
G1 F3300.000
G1 Z2.400
G1 X145.000 Y55.250
G1 X154.000 Y55.250 E0.2237 
G92 E0.0000
; segment
G92 E0.0000
G1 F3300.000
G1 Z2.400
G1 X154.000 Y55.250
G1 X155.000 Y55.250 E0.0249 
G92 E0.0000
; segment
G92 E0.0000
G1 F2400.000
G1 Z2.400
G1 X155.000 Y55.250
G1 X168.750 Y55.250 E0.5697 
G1 X168.750 Y54.750 E0.5904 
G1 X155.000 Y54.750 E1.1601 
G92 E0.0000
; segment
G92 E0.0000
G1 F3300.000
G1 Z2.400
G1 X155.000 Y54.750
G1 X146.000 Y54.750 E0.2237 
G92 E0.0000
; segment
G92 E0.0000
G1 F3300.000
G1 Z2.400
G1 X146.000 Y54.750
G1 X145.000 Y54.750 E0.0249 
G92 E0.0000
; segment
G92 E0.0000
G1 F2400.000
G1 Z2.400
G1 X145.000 Y54.750
G1 X131.250 Y54.750 E0.5697 
G1 X131.250 Y54.250 E0.5904 
G1 X145.000 Y54.250 E1.1601 
G92 E0.0000
; segment
G92 E0.0000
G1 F3300.000
G1 Z2.400
G1 X145.000 Y54.250
G1 X154.000 Y54.250 E0.2237 
G92 E0.0000
; segment
G92 E0.0000
G1 F3300.000
G1 Z2.400
G1 X154.000 Y54.250
G1 X155.000 Y54.250 E0.0249 
G92 E0.0000
; segment
G92 E0.0000
G1 F2400.000
G1 Z2.400
G1 X155.000 Y54.250
G1 X168.750 Y54.250 E0.5697 
G1 X168.750 Y53.750 E0.5904 
G1 X155.000 Y53.750 E1.1601 
G92 E0.0000
; segment
G92 E0.0000
G1 F3300.000
G1 Z2.400
G1 X155.000 Y53.750
G1 X146.000 Y53.750 E0.2237 
G92 E0.0000
; segment
G92 E0.0000
G1 F3300.000
G1 Z2.400
G1 X146.000 Y53.750
G1 X145.000 Y53.750 E0.0249 
G92 E0.0000
; segment
G92 E0.0000
G1 F2400.000
G1 Z2.400
G1 X145.000 Y53.750
G1 X131.250 Y53.750 E0.5697 
G1 X131.250 Y53.250 E0.5904 
G1 X145.000 Y53.250 E1.1601 
G92 E0.0000
; segment
G92 E0.0000
G1 F3300.000
G1 Z2.400
G1 X145.000 Y53.250
G1 X154.000 Y53.250 E0.2237 
G92 E0.0000
; segment
G92 E0.0000
G1 F3300.000
G1 Z2.400
G1 X154.000 Y53.250
G1 X155.000 Y53.250 E0.0249 
G92 E0.0000
; segment
G92 E0.0000
G1 F2400.000
G1 Z2.400
G1 X155.000 Y53.250
G1 X168.750 Y53.250 E0.5697 
G1 X168.750 Y52.750 E0.5904 
G1 X155.000 Y52.750 E1.1601 
G92 E0.0000
; segment
G92 E0.0000
G1 F3300.000
G1 Z2.400
G1 X155.000 Y52.750
G1 X146.000 Y52.750 E0.2237 
G92 E0.0000
; segment
G92 E0.0000
G1 F3300.000
G1 Z2.400
G1 X146.000 Y52.750
G1 X145.000 Y52.750 E0.0249 
G92 E0.0000
; segment
G92 E0.0000
G1 F2400.000
G1 Z2.400
G1 X145.000 Y52.750
G1 X131.250 Y52.750 E0.5697 
G1 X131.250 Y52.250 E0.5904 
G1 X145.000 Y52.250 E1.1601 
G92 E0.0000
; segment
G92 E0.0000
G1 F3300.000
G1 Z2.400
G1 X145.000 Y52.250
G1 X154.000 Y52.250 E0.2237 
G92 E0.0000
; segment
G92 E0.0000
G1 F3300.000
G1 Z2.400
G1 X154.000 Y52.250
G1 X155.000 Y52.250 E0.0249 
G92 E0.0000
; segment
G92 E0.0000
G1 F2400.000
G1 Z2.400
G1 X155.000 Y52.250
G1 X168.750 Y52.250 E0.5697 
G1 X168.750 Y51.750 E0.5904 
G1 X155.000 Y51.750 E1.1601 
G92 E0.0000
; segment
G92 E0.0000
G1 F3300.000
G1 Z2.400
G1 X155.000 Y51.750
G1 X146.000 Y51.750 E0.2237 
G92 E0.0000
; segment
G92 E0.0000
G1 F3300.000
G1 Z2.400
G1 X146.000 Y51.750
G1 X145.000 Y51.750 E0.0249 
G92 E0.0000
; segment
G92 E0.0000
G1 F2400.000
G1 Z2.400
G1 X145.000 Y51.750
G1 X131.250 Y51.750 E0.5697 
G1 X131.250 Y51.250 E0.5904 
G1 X145.000 Y51.250 E1.1601 
G92 E0.0000
; segment
G92 E0.0000
G1 F3300.000
G1 Z2.400
G1 X145.000 Y51.250
G1 X154.000 Y51.250 E0.2237 
G92 E0.0000
; segment
G92 E0.0000
G1 F3300.000
G1 Z2.400
G1 X154.000 Y51.250
G1 X155.000 Y51.250 E0.0249 
G92 E0.0000
; segment
G92 E0.0000
G1 F2400.000
G1 Z2.400
G1 X155.000 Y51.250
G1 X168.750 Y51.250 E0.5697 
G92 E0.0000
; jumping
G92 E0.0000
G1 E-0.500 F2400
G1 X168.750 Y83.750 F12000.000
G1 E0 F2400
G92 E0.0000
; segment
G92 E0.0000
G1 F2400.000
G1 Z2.400
G1 X168.750 Y83.750
G1 X155.000 Y83.750 E0.5697 
G92 E0.0000
; segment
G92 E0.0000
G1 F3300.000
G1 Z2.400
G1 X155.000 Y83.750
G1 X146.000 Y83.750 E0.2237 
G92 E0.0000
; segment
G92 E0.0000
G1 F3300.000
G1 Z2.400
G1 X146.000 Y83.750
G1 X145.000 Y83.750 E0.0249 
G92 E0.0000
; segment
G92 E0.0000
G1 F2400.000
G1 Z2.400
G1 X145.000 Y83.750
G1 X131.250 Y83.750 E0.5697 
G1 X131.250 Y83.250 E0.5904 
G1 X145.000 Y83.250 E1.1601 
G92 E0.0000
; segment
G92 E0.0000
G1 F3300.000
G1 Z2.400
G1 X145.000 Y83.250
G1 X154.000 Y83.250 E0.2237 
G92 E0.0000
; segment
G92 E0.0000
G1 F3300.000
G1 Z2.400
G1 X154.000 Y83.250
G1 X155.000 Y83.250 E0.0249 
G92 E0.0000
; segment
G92 E0.0000
G1 F2400.000
G1 Z2.400
G1 X155.000 Y83.250
G1 X168.750 Y83.250 E0.5697 
G1 X168.750 Y82.750 E0.5904 
G1 X155.000 Y82.750 E1.1601 
G92 E0.0000
; segment
G92 E0.0000
G1 F3300.000
G1 Z2.400
G1 X155.000 Y82.750
G1 X146.000 Y82.750 E0.2237 
G92 E0.0000
; segment
G92 E0.0000
G1 F3300.000
G1 Z2.400
G1 X146.000 Y82.750
G1 X145.000 Y82.750 E0.0249 
G92 E0.0000
; segment
G92 E0.0000
G1 F2400.000
G1 Z2.400
G1 X145.000 Y82.750
G1 X131.250 Y82.750 E0.5697 
G1 X131.250 Y82.250 E0.5904 
G1 X145.000 Y82.250 E1.1601 
G92 E0.0000
; segment
G92 E0.0000
G1 F3300.000
G1 Z2.400
G1 X145.000 Y82.250
G1 X154.000 Y82.250 E0.2237 
G92 E0.0000
; segment
G92 E0.0000
G1 F3300.000
G1 Z2.400
G1 X154.000 Y82.250
G1 X155.000 Y82.250 E0.0249 
G92 E0.0000
; segment
G92 E0.0000
G1 F2400.000
G1 Z2.400
G1 X155.000 Y82.250
G1 X168.750 Y82.250 E0.5697 
G1 X168.750 Y81.750 E0.5904 
G1 X155.000 Y81.750 E1.1601 
G92 E0.0000
; segment
G92 E0.0000
G1 F3300.000
G1 Z2.400
G1 X155.000 Y81.750
G1 X146.000 Y81.750 E0.2237 
G92 E0.0000
; segment
G92 E0.0000
G1 F3300.000
G1 Z2.400
G1 X146.000 Y81.750
G1 X145.000 Y81.750 E0.0249 
G92 E0.0000
; segment
G92 E0.0000
G1 F2400.000
G1 Z2.400
G1 X145.000 Y81.750
G1 X131.250 Y81.750 E0.5697 
G1 X131.250 Y81.250 E0.5904 
G1 X145.000 Y81.250 E1.1601 
G92 E0.0000
; segment
G92 E0.0000
G1 F3300.000
G1 Z2.400
G1 X145.000 Y81.250
G1 X154.000 Y81.250 E0.2237 
G92 E0.0000
; segment
G92 E0.0000
G1 F3300.000
G1 Z2.400
G1 X154.000 Y81.250
G1 X155.000 Y81.250 E0.0249 
G92 E0.0000
; segment
G92 E0.0000
G1 F2400.000
G1 Z2.400
G1 X155.000 Y81.250
G1 X168.750 Y81.250 E0.5697 
G1 X168.750 Y80.750 E0.5904 
G1 X155.000 Y80.750 E1.1601 
G92 E0.0000
; segment
G92 E0.0000
G1 F3300.000
G1 Z2.400
G1 X155.000 Y80.750
G1 X146.000 Y80.750 E0.2237 
G92 E0.0000
; segment
G92 E0.0000
G1 F3300.000
G1 Z2.400
G1 X146.000 Y80.750
G1 X145.000 Y80.750 E0.0249 
G92 E0.0000
; segment
G92 E0.0000
G1 F2400.000
G1 Z2.400
G1 X145.000 Y80.750
G1 X131.250 Y80.750 E0.5697 
G1 X131.250 Y80.250 E0.5904 
G1 X145.000 Y80.250 E1.1601 
G92 E0.0000
; segment
G92 E0.0000
G1 F3300.000
G1 Z2.400
G1 X145.000 Y80.250
G1 X154.000 Y80.250 E0.2237 
G92 E0.0000
; segment
G92 E0.0000
G1 F3300.000
G1 Z2.400
G1 X154.000 Y80.250
G1 X155.000 Y80.250 E0.0249 
G92 E0.0000
; segment
G92 E0.0000
G1 F2400.000
G1 Z2.400
G1 X155.000 Y80.250
G1 X168.750 Y80.250 E0.5697 
G1 X168.750 Y79.750 E0.5904 
G1 X155.000 Y79.750 E1.1601 
G92 E0.0000
; segment
G92 E0.0000
G1 F3300.000
G1 Z2.400
G1 X155.000 Y79.750
G1 X146.000 Y79.750 E0.2237 
G92 E0.0000
; segment
G92 E0.0000
G1 F3300.000
G1 Z2.400
G1 X146.000 Y79.750
G1 X145.000 Y79.750 E0.0249 
G92 E0.0000
; segment
G92 E0.0000
G1 F2400.000
G1 Z2.400
G1 X145.000 Y79.750
G1 X131.250 Y79.750 E0.5697 
G1 X131.250 Y79.250 E0.5904 
G1 X145.000 Y79.250 E1.1601 
G92 E0.0000
; segment
G92 E0.0000
G1 F3300.000
G1 Z2.400
G1 X145.000 Y79.250
G1 X154.000 Y79.250 E0.2237 
G92 E0.0000
; segment
G92 E0.0000
G1 F3300.000
G1 Z2.400
G1 X154.000 Y79.250
G1 X155.000 Y79.250 E0.0249 
G92 E0.0000
; segment
G92 E0.0000
G1 F2400.000
G1 Z2.400
G1 X155.000 Y79.250
G1 X168.750 Y79.250 E0.5697 
G1 X168.750 Y78.750 E0.5904 
G1 X155.000 Y78.750 E1.1601 
G92 E0.0000
; segment
G92 E0.0000
G1 F3300.000
G1 Z2.400
G1 X155.000 Y78.750
G1 X146.000 Y78.750 E0.2237 
G92 E0.0000
; segment
G92 E0.0000
G1 F3300.000
G1 Z2.400
G1 X146.000 Y78.750
G1 X145.000 Y78.750 E0.0249 
G92 E0.0000
; segment
G92 E0.0000
G1 F2400.000
G1 Z2.400
G1 X145.000 Y78.750
G1 X131.250 Y78.750 E0.5697 
G1 X131.250 Y78.250 E0.5904 
G1 X145.000 Y78.250 E1.1601 
G92 E0.0000
; segment
G92 E0.0000
G1 F3300.000
G1 Z2.400
G1 X145.000 Y78.250
G1 X154.000 Y78.250 E0.2237 
G92 E0.0000
; segment
G92 E0.0000
G1 F3300.000
G1 Z2.400
G1 X154.000 Y78.250
G1 X155.000 Y78.250 E0.0249 
G92 E0.0000
; segment
G92 E0.0000
G1 F2400.000
G1 Z2.400
G1 X155.000 Y78.250
G1 X168.750 Y78.250 E0.5697 
G1 X168.750 Y77.750 E0.5904 
G1 X155.000 Y77.750 E1.1601 
G92 E0.0000
; segment
G92 E0.0000
G1 F3300.000
G1 Z2.400
G1 X155.000 Y77.750
G1 X146.000 Y77.750 E0.2237 
G92 E0.0000
; segment
G92 E0.0000
G1 F3300.000
G1 Z2.400
G1 X146.000 Y77.750
G1 X145.000 Y77.750 E0.0249 
G92 E0.0000
; segment
G92 E0.0000
G1 F2400.000
G1 Z2.400
G1 X145.000 Y77.750
G1 X131.250 Y77.750 E0.5697 
G1 X131.250 Y77.250 E0.5904 
G1 X145.000 Y77.250 E1.1601 
G92 E0.0000
; segment
G92 E0.0000
G1 F3300.000
G1 Z2.400
G1 X145.000 Y77.250
G1 X154.000 Y77.250 E0.2237 
G92 E0.0000
; segment
G92 E0.0000
G1 F3300.000
G1 Z2.400
G1 X154.000 Y77.250
G1 X155.000 Y77.250 E0.0249 
G92 E0.0000
; segment
G92 E0.0000
G1 F2400.000
G1 Z2.400
G1 X155.000 Y77.250
G1 X168.750 Y77.250 E0.5697 
G1 X168.750 Y76.750 E0.5904 
G1 X155.000 Y76.750 E1.1601 
G92 E0.0000
; segment
G92 E0.0000
G1 F3300.000
G1 Z2.400
G1 X155.000 Y76.750
G1 X146.000 Y76.750 E0.2237 
G92 E0.0000
; segment
G92 E0.0000
G1 F3300.000
G1 Z2.400
G1 X146.000 Y76.750
G1 X145.000 Y76.750 E0.0249 
G92 E0.0000
; segment
G92 E0.0000
G1 F2400.000
G1 Z2.400
G1 X145.000 Y76.750
G1 X131.250 Y76.750 E0.5697 
G1 X131.250 Y76.250 E0.5904 
G1 X145.000 Y76.250 E1.1601 
G92 E0.0000
; segment
G92 E0.0000
G1 F3300.000
G1 Z2.400
G1 X145.000 Y76.250
G1 X154.000 Y76.250 E0.2237 
G92 E0.0000
; segment
G92 E0.0000
G1 F3300.000
G1 Z2.400
G1 X154.000 Y76.250
G1 X155.000 Y76.250 E0.0249 
G92 E0.0000
; segment
G92 E0.0000
G1 F2400.000
G1 Z2.400
G1 X155.000 Y76.250
G1 X168.750 Y76.250 E0.5697 
G92 E0.0000
; jumping
G92 E0.0000
G1 E-0.500 F2400
G1 X169.750 Y25.250 F12000.000
G1 E0 F2400
G92 E0.0000
; segment
G92 E0.0000
G1 F2400.000
G1 Z2.600
G1 X169.750 Y25.250
G1 X155.000 Y25.250 E0.6111 
G92 E0.0000
; segment
G92 E0.0000
G1 F3300.000
G1 Z2.600
G1 X155.000 Y25.250
G1 X146.000 Y25.250 E0.2237 
G92 E0.0000
; segment
G92 E0.0000
G1 F3300.000
G1 Z2.600
G1 X146.000 Y25.250
G1 X145.000 Y25.250 E0.0249 
G92 E0.0000
; segment
G92 E0.0000
G1 F2400.000
G1 Z2.600
G1 X145.000 Y25.250
G1 X130.250 Y25.250 E0.6111 
G1 X130.250 Y34.750 E1.0047 
G1 X145.000 Y34.750 E1.6158 
G92 E0.0000
; segment
G92 E0.0000
G1 F3300.000
G1 Z2.600
G1 X145.000 Y34.750
G1 X154.000 Y34.750 E0.2237 
G92 E0.0000
; segment
G92 E0.0000
G1 F3300.000
G1 Z2.600
G1 X154.000 Y34.750
G1 X155.000 Y34.750 E0.0249 
G92 E0.0000
; segment
G92 E0.0000
G1 F2400.000
G1 Z2.600
G1 X155.000 Y34.750
G1 X169.750 Y34.750 E0.6111 
G1 X169.750 Y25.250 E1.0047 
G92 E0.0000
; segment
G92 E0.0000
G1 F2400.000
G1 Z2.600
G1 X169.250 Y25.750
G1 X155.000 Y25.750 E0.5904 
G92 E0.0000
; segment
G92 E0.0000
G1 F3300.000
G1 Z2.600
G1 X155.000 Y25.750
G1 X146.000 Y25.750 E0.2237 
G92 E0.0000
; segment
G92 E0.0000
G1 F3300.000
G1 Z2.600
G1 X146.000 Y25.750
G1 X145.000 Y25.750 E0.0249 
G92 E0.0000
; segment
G92 E0.0000
G1 F2400.000
G1 Z2.600
G1 X145.000 Y25.750
G1 X130.750 Y25.750 E0.5904 
G1 X130.750 Y34.250 E0.9426 
G1 X145.000 Y34.250 E1.5330 
G92 E0.0000
; segment
G92 E0.0000
G1 F3300.000
G1 Z2.600
G1 X145.000 Y34.250
G1 X154.000 Y34.250 E0.2237 
G92 E0.0000
; segment
G92 E0.0000
G1 F3300.000
G1 Z2.600
G1 X154.000 Y34.250
G1 X155.000 Y34.250 E0.0249 
G92 E0.0000
; segment
G92 E0.0000
G1 F2400.000
G1 Z2.600
G1 X155.000 Y34.250
G1 X169.250 Y34.250 E0.5904 
G1 X169.250 Y25.750 E0.9426 
G92 E0.0000
; jumping
G92 E0.0000
G1 E-0.500 F2400
G1 X169.750 Y50.250 F12000.000
G1 E0 F2400
G92 E0.0000
; segment
G92 E0.0000
G1 F2400.000
G1 Z2.600
G1 X169.750 Y50.250
G1 X155.000 Y50.250 E0.6111 
G92 E0.0000
; segment
G92 E0.0000
G1 F3300.000
G1 Z2.600
G1 X155.000 Y50.250
G1 X146.000 Y50.250 E0.2237 
G92 E0.0000
; segment
G92 E0.0000
G1 F3300.000
G1 Z2.600
G1 X146.000 Y50.250
G1 X145.000 Y50.250 E0.0249 
G92 E0.0000
; segment
G92 E0.0000
G1 F2400.000
G1 Z2.600
G1 X145.000 Y50.250
G1 X130.250 Y50.250 E0.6111 
G1 X130.250 Y59.750 E1.0047 
G1 X145.000 Y59.750 E1.6158 
G92 E0.0000
; segment
G92 E0.0000
G1 F3300.000
G1 Z2.600
G1 X145.000 Y59.750
G1 X154.000 Y59.750 E0.2237 
G92 E0.0000
; segment
G92 E0.0000
G1 F3300.000
G1 Z2.600
G1 X154.000 Y59.750
G1 X155.000 Y59.750 E0.0249 
G92 E0.0000
; segment
G92 E0.0000
G1 F2400.000
G1 Z2.600
G1 X155.000 Y59.750
G1 X169.750 Y59.750 E0.6111 
G1 X169.750 Y50.250 E1.0047 
G92 E0.0000
; segment
G92 E0.0000
G1 F2400.000
G1 Z2.600
G1 X169.250 Y50.750
G1 X155.000 Y50.750 E0.5904 
G92 E0.0000
; segment
G92 E0.0000
G1 F3300.000
G1 Z2.600
G1 X155.000 Y50.750
G1 X146.000 Y50.750 E0.2237 
G92 E0.0000
; segment
G92 E0.0000
G1 F3300.000
G1 Z2.600
G1 X146.000 Y50.750
G1 X145.000 Y50.750 E0.0249 
G92 E0.0000
; segment
G92 E0.0000
G1 F2400.000
G1 Z2.600
G1 X145.000 Y50.750
G1 X130.750 Y50.750 E0.5904 
G1 X130.750 Y59.250 E0.9426 
G1 X145.000 Y59.250 E1.5330 
G92 E0.0000
; segment
G92 E0.0000
G1 F3300.000
G1 Z2.600
G1 X145.000 Y59.250
G1 X154.000 Y59.250 E0.2237 
G92 E0.0000
; segment
G92 E0.0000
G1 F3300.000
G1 Z2.600
G1 X154.000 Y59.250
G1 X155.000 Y59.250 E0.0249 
G92 E0.0000
; segment
G92 E0.0000
G1 F2400.000
G1 Z2.600
G1 X155.000 Y59.250
G1 X169.250 Y59.250 E0.5904 
G1 X169.250 Y50.750 E0.9426 
G92 E0.0000
; jumping
G92 E0.0000
G1 E-0.500 F2400
G1 X169.750 Y75.250 F12000.000
G1 E0 F2400
G92 E0.0000
; segment
G92 E0.0000
G1 F2400.000
G1 Z2.600
G1 X169.750 Y75.250
G1 X155.000 Y75.250 E0.6111 
G92 E0.0000
; segment
G92 E0.0000
G1 F3300.000
G1 Z2.600
G1 X155.000 Y75.250
G1 X146.000 Y75.250 E0.2237 
G92 E0.0000
; segment
G92 E0.0000
G1 F3300.000
G1 Z2.600
G1 X146.000 Y75.250
G1 X145.000 Y75.250 E0.0249 
G92 E0.0000
; segment
G92 E0.0000
G1 F2400.000
G1 Z2.600
G1 X145.000 Y75.250
G1 X130.250 Y75.250 E0.6111 
G1 X130.250 Y84.750 E1.0047 
G1 X145.000 Y84.750 E1.6158 
G92 E0.0000
; segment
G92 E0.0000
G1 F3300.000
G1 Z2.600
G1 X145.000 Y84.750
G1 X154.000 Y84.750 E0.2237 
G92 E0.0000
; segment
G92 E0.0000
G1 F3300.000
G1 Z2.600
G1 X154.000 Y84.750
G1 X155.000 Y84.750 E0.0249 
G92 E0.0000
; segment
G92 E0.0000
G1 F2400.000
G1 Z2.600
G1 X155.000 Y84.750
G1 X169.750 Y84.750 E0.6111 
G1 X169.750 Y75.250 E1.0047 
G92 E0.0000
; segment
G92 E0.0000
G1 F2400.000
G1 Z2.600
G1 X169.250 Y75.750
G1 X155.000 Y75.750 E0.5904 
G92 E0.0000
; segment
G92 E0.0000
G1 F3300.000
G1 Z2.600
G1 X155.000 Y75.750
G1 X146.000 Y75.750 E0.2237 
G92 E0.0000
; segment
G92 E0.0000
G1 F3300.000
G1 Z2.600
G1 X146.000 Y75.750
G1 X145.000 Y75.750 E0.0249 
G92 E0.0000
; segment
G92 E0.0000
G1 F2400.000
G1 Z2.600
G1 X145.000 Y75.750
G1 X130.750 Y75.750 E0.5904 
G1 X130.750 Y84.250 E0.9426 
G1 X145.000 Y84.250 E1.5330 
G92 E0.0000
; segment
G92 E0.0000
G1 F3300.000
G1 Z2.600
G1 X145.000 Y84.250
G1 X154.000 Y84.250 E0.2237 
G92 E0.0000
; segment
G92 E0.0000
G1 F3300.000
G1 Z2.600
G1 X154.000 Y84.250
G1 X155.000 Y84.250 E0.0249 
G92 E0.0000
; segment
G92 E0.0000
G1 F2400.000
G1 Z2.600
G1 X155.000 Y84.250
G1 X169.250 Y84.250 E0.5904 
G1 X169.250 Y75.750 E0.9426 
G92 E0.0000
; jumping
G92 E0.0000
G1 E-0.500 F2400
G1 X168.750 Y26.250 F12000.000
G1 E0 F2400
G92 E0.0000
; segment
G92 E0.0000
G1 F2400.000
G1 Z2.600
G1 X168.750 Y26.250
G1 X155.000 Y26.250 E0.5697 
G92 E0.0000
; segment
G92 E0.0000
G1 F3300.000
G1 Z2.600
G1 X155.000 Y26.250
G1 X146.000 Y26.250 E0.2237 
G92 E0.0000
; segment
G92 E0.0000
G1 F3300.000
G1 Z2.600
G1 X146.000 Y26.250
G1 X145.000 Y26.250 E0.0249 
G92 E0.0000
; segment
G92 E0.0000
G1 F2400.000
G1 Z2.600
G1 X145.000 Y26.250
G1 X131.250 Y26.250 E0.5697 
G1 X131.250 Y26.750 E0.5904 
G1 X145.000 Y26.750 E1.1601 
G92 E0.0000
; segment
G92 E0.0000
G1 F3300.000
G1 Z2.600
G1 X145.000 Y26.750
G1 X154.000 Y26.750 E0.2237 
G92 E0.0000
; segment
G92 E0.0000
G1 F3300.000
G1 Z2.600
G1 X154.000 Y26.750
G1 X155.000 Y26.750 E0.0249 
G92 E0.0000
; segment
G92 E0.0000
G1 F2400.000
G1 Z2.600
G1 X155.000 Y26.750
G1 X168.750 Y26.750 E0.5697 
G1 X168.750 Y27.250 E0.5904 
G1 X155.000 Y27.250 E1.1601 
G92 E0.0000
; segment
G92 E0.0000
G1 F3300.000
G1 Z2.600
G1 X155.000 Y27.250
G1 X146.000 Y27.250 E0.2237 
G92 E0.0000
; segment
G92 E0.0000
G1 F3300.000
G1 Z2.600
G1 X146.000 Y27.250
G1 X145.000 Y27.250 E0.0249 
G92 E0.0000
; segment
G92 E0.0000
G1 F2400.000
G1 Z2.600
G1 X145.000 Y27.250
G1 X131.250 Y27.250 E0.5697 
G1 X131.250 Y27.750 E0.5904 
G1 X145.000 Y27.750 E1.1601 
G92 E0.0000
; segment
G92 E0.0000
G1 F3300.000
G1 Z2.600
G1 X145.000 Y27.750
G1 X154.000 Y27.750 E0.2237 
G92 E0.0000
; segment
G92 E0.0000
G1 F3300.000
G1 Z2.600
G1 X154.000 Y27.750
G1 X155.000 Y27.750 E0.0249 
G92 E0.0000
; segment
G92 E0.0000
G1 F2400.000
G1 Z2.600
G1 X155.000 Y27.750
G1 X168.750 Y27.750 E0.5697 
G1 X168.750 Y28.250 E0.5904 
G1 X155.000 Y28.250 E1.1601 
G92 E0.0000
; segment
G92 E0.0000
G1 F3300.000
G1 Z2.600
G1 X155.000 Y28.250
G1 X146.000 Y28.250 E0.2237 
G92 E0.0000
; segment
G92 E0.0000
G1 F3300.000
G1 Z2.600
G1 X146.000 Y28.250
G1 X145.000 Y28.250 E0.0249 
G92 E0.0000
; segment
G92 E0.0000
G1 F2400.000
G1 Z2.600
G1 X145.000 Y28.250
G1 X131.250 Y28.250 E0.5697 
G1 X131.250 Y28.750 E0.5904 
G1 X145.000 Y28.750 E1.1601 
G92 E0.0000
; segment
G92 E0.0000
G1 F3300.000
G1 Z2.600
G1 X145.000 Y28.750
G1 X154.000 Y28.750 E0.2237 
G92 E0.0000
; segment
G92 E0.0000
G1 F3300.000
G1 Z2.600
G1 X154.000 Y28.750
G1 X155.000 Y28.750 E0.0249 
G92 E0.0000
; segment
G92 E0.0000
G1 F2400.000
G1 Z2.600
G1 X155.000 Y28.750
G1 X168.750 Y28.750 E0.5697 
G1 X168.750 Y29.250 E0.5904 
G1 X155.000 Y29.250 E1.1601 
G92 E0.0000
; segment
G92 E0.0000
G1 F3300.000
G1 Z2.600
G1 X155.000 Y29.250
G1 X146.000 Y29.250 E0.2237 
G92 E0.0000
; segment
G92 E0.0000
G1 F3300.000
G1 Z2.600
G1 X146.000 Y29.250
G1 X145.000 Y29.250 E0.0249 
G92 E0.0000
; segment
G92 E0.0000
G1 F2400.000
G1 Z2.600
G1 X145.000 Y29.250
G1 X131.250 Y29.250 E0.5697 
G1 X131.250 Y29.750 E0.5904 
G1 X145.000 Y29.750 E1.1601 
G92 E0.0000
; segment
G92 E0.0000
G1 F3300.000
G1 Z2.600
G1 X145.000 Y29.750
G1 X154.000 Y29.750 E0.2237 
G92 E0.0000
; segment
G92 E0.0000
G1 F3300.000
G1 Z2.600
G1 X154.000 Y29.750
G1 X155.000 Y29.750 E0.0249 
G92 E0.0000
; segment
G92 E0.0000
G1 F2400.000
G1 Z2.600
G1 X155.000 Y29.750
G1 X168.750 Y29.750 E0.5697 
G1 X168.750 Y30.250 E0.5904 
G1 X155.000 Y30.250 E1.1601 
G92 E0.0000
; segment
G92 E0.0000
G1 F3300.000
G1 Z2.600
G1 X155.000 Y30.250
G1 X146.000 Y30.250 E0.2237 
G92 E0.0000
; segment
G92 E0.0000
G1 F3300.000
G1 Z2.600
G1 X146.000 Y30.250
G1 X145.000 Y30.250 E0.0249 
G92 E0.0000
; segment
G92 E0.0000
G1 F2400.000
G1 Z2.600
G1 X145.000 Y30.250
G1 X131.250 Y30.250 E0.5697 
G1 X131.250 Y30.750 E0.5904 
G1 X145.000 Y30.750 E1.1601 
G92 E0.0000
; segment
G92 E0.0000
G1 F3300.000
G1 Z2.600
G1 X145.000 Y30.750
G1 X154.000 Y30.750 E0.2237 
G92 E0.0000
; segment
G92 E0.0000
G1 F3300.000
G1 Z2.600
G1 X154.000 Y30.750
G1 X155.000 Y30.750 E0.0249 
G92 E0.0000
; segment
G92 E0.0000
G1 F2400.000
G1 Z2.600
G1 X155.000 Y30.750
G1 X168.750 Y30.750 E0.5697 
G1 X168.750 Y31.250 E0.5904 
G1 X155.000 Y31.250 E1.1601 
G92 E0.0000
; segment
G92 E0.0000
G1 F3300.000
G1 Z2.600
G1 X155.000 Y31.250
G1 X146.000 Y31.250 E0.2237 
G92 E0.0000
; segment
G92 E0.0000
G1 F3300.000
G1 Z2.600
G1 X146.000 Y31.250
G1 X145.000 Y31.250 E0.0249 
G92 E0.0000
; segment
G92 E0.0000
G1 F2400.000
G1 Z2.600
G1 X145.000 Y31.250
G1 X131.250 Y31.250 E0.5697 
G1 X131.250 Y31.750 E0.5904 
G1 X145.000 Y31.750 E1.1601 
G92 E0.0000
; segment
G92 E0.0000
G1 F3300.000
G1 Z2.600
G1 X145.000 Y31.750
G1 X154.000 Y31.750 E0.2237 
G92 E0.0000
; segment
G92 E0.0000
G1 F3300.000
G1 Z2.600
G1 X154.000 Y31.750
G1 X155.000 Y31.750 E0.0249 
G92 E0.0000
; segment
G92 E0.0000
G1 F2400.000
G1 Z2.600
G1 X155.000 Y31.750
G1 X168.750 Y31.750 E0.5697 
G1 X168.750 Y32.250 E0.5904 
G1 X155.000 Y32.250 E1.1601 
G92 E0.0000
; segment
G92 E0.0000
G1 F3300.000
G1 Z2.600
G1 X155.000 Y32.250
G1 X146.000 Y32.250 E0.2237 
G92 E0.0000
; segment
G92 E0.0000
G1 F3300.000
G1 Z2.600
G1 X146.000 Y32.250
G1 X145.000 Y32.250 E0.0249 
G92 E0.0000
; segment
G92 E0.0000
G1 F2400.000
G1 Z2.600
G1 X145.000 Y32.250
G1 X131.250 Y32.250 E0.5697 
G1 X131.250 Y32.750 E0.5904 
G1 X145.000 Y32.750 E1.1601 
G92 E0.0000
; segment
G92 E0.0000
G1 F3300.000
G1 Z2.600
G1 X145.000 Y32.750
G1 X154.000 Y32.750 E0.2237 
G92 E0.0000
; segment
G92 E0.0000
G1 F3300.000
G1 Z2.600
G1 X154.000 Y32.750
G1 X155.000 Y32.750 E0.0249 
G92 E0.0000
; segment
G92 E0.0000
G1 F2400.000
G1 Z2.600
G1 X155.000 Y32.750
G1 X168.750 Y32.750 E0.5697 
G1 X168.750 Y33.250 E0.5904 
G1 X155.000 Y33.250 E1.1601 
G92 E0.0000
; segment
G92 E0.0000
G1 F3300.000
G1 Z2.600
G1 X155.000 Y33.250
G1 X146.000 Y33.250 E0.2237 
G92 E0.0000
; segment
G92 E0.0000
G1 F3300.000
G1 Z2.600
G1 X146.000 Y33.250
G1 X145.000 Y33.250 E0.0249 
G92 E0.0000
; segment
G92 E0.0000
G1 F2400.000
G1 Z2.600
G1 X145.000 Y33.250
G1 X131.250 Y33.250 E0.5697 
G1 X131.250 Y33.750 E0.5904 
G1 X145.000 Y33.750 E1.1601 
G92 E0.0000
; segment
G92 E0.0000
G1 F3300.000
G1 Z2.600
G1 X145.000 Y33.750
G1 X154.000 Y33.750 E0.2237 
G92 E0.0000
; segment
G92 E0.0000
G1 F3300.000
G1 Z2.600
G1 X154.000 Y33.750
G1 X155.000 Y33.750 E0.0249 
G92 E0.0000
; segment
G92 E0.0000
G1 F2400.000
G1 Z2.600
G1 X155.000 Y33.750
G1 X168.750 Y33.750 E0.5697 
G92 E0.0000
; jumping
G92 E0.0000
G1 E-0.500 F2400
G1 X168.750 Y51.250 F12000.000
G1 E0 F2400
G92 E0.0000
; segment
G92 E0.0000
G1 F2400.000
G1 Z2.600
G1 X168.750 Y51.250
G1 X155.000 Y51.250 E0.5697 
G92 E0.0000
; segment
G92 E0.0000
G1 F3300.000
G1 Z2.600
G1 X155.000 Y51.250
G1 X146.000 Y51.250 E0.2237 
G92 E0.0000
; segment
G92 E0.0000
G1 F3300.000
G1 Z2.600
G1 X146.000 Y51.250
G1 X145.000 Y51.250 E0.0249 
G92 E0.0000
; segment
G92 E0.0000
G1 F2400.000
G1 Z2.600
G1 X145.000 Y51.250
G1 X131.250 Y51.250 E0.5697 
G1 X131.250 Y51.750 E0.5904 
G1 X145.000 Y51.750 E1.1601 
G92 E0.0000
; segment
G92 E0.0000
G1 F3300.000
G1 Z2.600
G1 X145.000 Y51.750
G1 X154.000 Y51.750 E0.2237 
G92 E0.0000
; segment
G92 E0.0000
G1 F3300.000
G1 Z2.600
G1 X154.000 Y51.750
G1 X155.000 Y51.750 E0.0249 
G92 E0.0000
; segment
G92 E0.0000
G1 F2400.000
G1 Z2.600
G1 X155.000 Y51.750
G1 X168.750 Y51.750 E0.5697 
G1 X168.750 Y52.250 E0.5904 
G1 X155.000 Y52.250 E1.1601 
G92 E0.0000
; segment
G92 E0.0000
G1 F3300.000
G1 Z2.600
G1 X155.000 Y52.250
G1 X146.000 Y52.250 E0.2237 
G92 E0.0000
; segment
G92 E0.0000
G1 F3300.000
G1 Z2.600
G1 X146.000 Y52.250
G1 X145.000 Y52.250 E0.0249 
G92 E0.0000
; segment
G92 E0.0000
G1 F2400.000
G1 Z2.600
G1 X145.000 Y52.250
G1 X131.250 Y52.250 E0.5697 
G1 X131.250 Y52.750 E0.5904 
G1 X145.000 Y52.750 E1.1601 
G92 E0.0000
; segment
G92 E0.0000
G1 F3300.000
G1 Z2.600
G1 X145.000 Y52.750
G1 X154.000 Y52.750 E0.2237 
G92 E0.0000
; segment
G92 E0.0000
G1 F3300.000
G1 Z2.600
G1 X154.000 Y52.750
G1 X155.000 Y52.750 E0.0249 
G92 E0.0000
; segment
G92 E0.0000
G1 F2400.000
G1 Z2.600
G1 X155.000 Y52.750
G1 X168.750 Y52.750 E0.5697 
G1 X168.750 Y53.250 E0.5904 
G1 X155.000 Y53.250 E1.1601 
G92 E0.0000
; segment
G92 E0.0000
G1 F3300.000
G1 Z2.600
G1 X155.000 Y53.250
G1 X146.000 Y53.250 E0.2237 
G92 E0.0000
; segment
G92 E0.0000
G1 F3300.000
G1 Z2.600
G1 X146.000 Y53.250
G1 X145.000 Y53.250 E0.0249 
G92 E0.0000
; segment
G92 E0.0000
G1 F2400.000
G1 Z2.600
G1 X145.000 Y53.250
G1 X131.250 Y53.250 E0.5697 
G1 X131.250 Y53.750 E0.5904 
G1 X145.000 Y53.750 E1.1601 
G92 E0.0000
; segment
G92 E0.0000
G1 F3300.000
G1 Z2.600
G1 X145.000 Y53.750
G1 X154.000 Y53.750 E0.2237 
G92 E0.0000
; segment
G92 E0.0000
G1 F3300.000
G1 Z2.600
G1 X154.000 Y53.750
G1 X155.000 Y53.750 E0.0249 
G92 E0.0000
; segment
G92 E0.0000
G1 F2400.000
G1 Z2.600
G1 X155.000 Y53.750
G1 X168.750 Y53.750 E0.5697 
G1 X168.750 Y54.250 E0.5904 
G1 X155.000 Y54.250 E1.1601 
G92 E0.0000
; segment
G92 E0.0000
G1 F3300.000
G1 Z2.600
G1 X155.000 Y54.250
G1 X146.000 Y54.250 E0.2237 
G92 E0.0000
; segment
G92 E0.0000
G1 F3300.000
G1 Z2.600
G1 X146.000 Y54.250
G1 X145.000 Y54.250 E0.0249 
G92 E0.0000
; segment
G92 E0.0000
G1 F2400.000
G1 Z2.600
G1 X145.000 Y54.250
G1 X131.250 Y54.250 E0.5697 
G1 X131.250 Y54.750 E0.5904 
G1 X145.000 Y54.750 E1.1601 
G92 E0.0000
; segment
G92 E0.0000
G1 F3300.000
G1 Z2.600
G1 X145.000 Y54.750
G1 X154.000 Y54.750 E0.2237 
G92 E0.0000
; segment
G92 E0.0000
G1 F3300.000
G1 Z2.600
G1 X154.000 Y54.750
G1 X155.000 Y54.750 E0.0249 
G92 E0.0000
; segment
G92 E0.0000
G1 F2400.000
G1 Z2.600
G1 X155.000 Y54.750
G1 X168.750 Y54.750 E0.5697 
G1 X168.750 Y55.250 E0.5904 
G1 X155.000 Y55.250 E1.1601 
G92 E0.0000
; segment
G92 E0.0000
G1 F3300.000
G1 Z2.600
G1 X155.000 Y55.250
G1 X146.000 Y55.250 E0.2237 
G92 E0.0000
; segment
G92 E0.0000
G1 F3300.000
G1 Z2.600
G1 X146.000 Y55.250
G1 X145.000 Y55.250 E0.0249 
G92 E0.0000
; segment
G92 E0.0000
G1 F2400.000
G1 Z2.600
G1 X145.000 Y55.250
G1 X131.250 Y55.250 E0.5697 
G1 X131.250 Y55.750 E0.5904 
G1 X145.000 Y55.750 E1.1601 
G92 E0.0000
; segment
G92 E0.0000
G1 F3300.000
G1 Z2.600
G1 X145.000 Y55.750
G1 X154.000 Y55.750 E0.2237 
G92 E0.0000
; segment
G92 E0.0000
G1 F3300.000
G1 Z2.600
G1 X154.000 Y55.750
G1 X155.000 Y55.750 E0.0249 
G92 E0.0000
; segment
G92 E0.0000
G1 F2400.000
G1 Z2.600
G1 X155.000 Y55.750
G1 X168.750 Y55.750 E0.5697 
G1 X168.750 Y56.250 E0.5904 
G1 X155.000 Y56.250 E1.1601 
G92 E0.0000
; segment
G92 E0.0000
G1 F3300.000
G1 Z2.600
G1 X155.000 Y56.250
G1 X146.000 Y56.250 E0.2237 
G92 E0.0000
; segment
G92 E0.0000
G1 F3300.000
G1 Z2.600
G1 X146.000 Y56.250
G1 X145.000 Y56.250 E0.0249 
G92 E0.0000
; segment
G92 E0.0000
G1 F2400.000
G1 Z2.600
G1 X145.000 Y56.250
G1 X131.250 Y56.250 E0.5697 
G1 X131.250 Y56.750 E0.5904 
G1 X145.000 Y56.750 E1.1601 
G92 E0.0000
; segment
G92 E0.0000
G1 F3300.000
G1 Z2.600
G1 X145.000 Y56.750
G1 X154.000 Y56.750 E0.2237 
G92 E0.0000
; segment
G92 E0.0000
G1 F3300.000
G1 Z2.600
G1 X154.000 Y56.750
G1 X155.000 Y56.750 E0.0249 
G92 E0.0000
; segment
G92 E0.0000
G1 F2400.000
G1 Z2.600
G1 X155.000 Y56.750
G1 X168.750 Y56.750 E0.5697 
G1 X168.750 Y57.250 E0.5904 
G1 X155.000 Y57.250 E1.1601 
G92 E0.0000
; segment
G92 E0.0000
G1 F3300.000
G1 Z2.600
G1 X155.000 Y57.250
G1 X146.000 Y57.250 E0.2237 
G92 E0.0000
; segment
G92 E0.0000
G1 F3300.000
G1 Z2.600
G1 X146.000 Y57.250
G1 X145.000 Y57.250 E0.0249 
G92 E0.0000
; segment
G92 E0.0000
G1 F2400.000
G1 Z2.600
G1 X145.000 Y57.250
G1 X131.250 Y57.250 E0.5697 
G1 X131.250 Y57.750 E0.5904 
G1 X145.000 Y57.750 E1.1601 
G92 E0.0000
; segment
G92 E0.0000
G1 F3300.000
G1 Z2.600
G1 X145.000 Y57.750
G1 X154.000 Y57.750 E0.2237 
G92 E0.0000
; segment
G92 E0.0000
G1 F3300.000
G1 Z2.600
G1 X154.000 Y57.750
G1 X155.000 Y57.750 E0.0249 
G92 E0.0000
; segment
G92 E0.0000
G1 F2400.000
G1 Z2.600
G1 X155.000 Y57.750
G1 X168.750 Y57.750 E0.5697 
G1 X168.750 Y58.250 E0.5904 
G1 X155.000 Y58.250 E1.1601 
G92 E0.0000
; segment
G92 E0.0000
G1 F3300.000
G1 Z2.600
G1 X155.000 Y58.250
G1 X146.000 Y58.250 E0.2237 
G92 E0.0000
; segment
G92 E0.0000
G1 F3300.000
G1 Z2.600
G1 X146.000 Y58.250
G1 X145.000 Y58.250 E0.0249 
G92 E0.0000
; segment
G92 E0.0000
G1 F2400.000
G1 Z2.600
G1 X145.000 Y58.250
G1 X131.250 Y58.250 E0.5697 
G1 X131.250 Y58.750 E0.5904 
G1 X145.000 Y58.750 E1.1601 
G92 E0.0000
; segment
G92 E0.0000
G1 F3300.000
G1 Z2.600
G1 X145.000 Y58.750
G1 X154.000 Y58.750 E0.2237 
G92 E0.0000
; segment
G92 E0.0000
G1 F3300.000
G1 Z2.600
G1 X154.000 Y58.750
G1 X155.000 Y58.750 E0.0249 
G92 E0.0000
; segment
G92 E0.0000
G1 F2400.000
G1 Z2.600
G1 X155.000 Y58.750
G1 X168.750 Y58.750 E0.5697 
G92 E0.0000
; jumping
G92 E0.0000
G1 E-0.500 F2400
G1 X168.750 Y76.250 F12000.000
G1 E0 F2400
G92 E0.0000
; segment
G92 E0.0000
G1 F2400.000
G1 Z2.600
G1 X168.750 Y76.250
G1 X155.000 Y76.250 E0.5697 
G92 E0.0000
; segment
G92 E0.0000
G1 F3300.000
G1 Z2.600
G1 X155.000 Y76.250
G1 X146.000 Y76.250 E0.2237 
G92 E0.0000
; segment
G92 E0.0000
G1 F3300.000
G1 Z2.600
G1 X146.000 Y76.250
G1 X145.000 Y76.250 E0.0249 
G92 E0.0000
; segment
G92 E0.0000
G1 F2400.000
G1 Z2.600
G1 X145.000 Y76.250
G1 X131.250 Y76.250 E0.5697 
G1 X131.250 Y76.750 E0.5904 
G1 X145.000 Y76.750 E1.1601 
G92 E0.0000
; segment
G92 E0.0000
G1 F3300.000
G1 Z2.600
G1 X145.000 Y76.750
G1 X154.000 Y76.750 E0.2237 
G92 E0.0000
; segment
G92 E0.0000
G1 F3300.000
G1 Z2.600
G1 X154.000 Y76.750
G1 X155.000 Y76.750 E0.0249 
G92 E0.0000
; segment
G92 E0.0000
G1 F2400.000
G1 Z2.600
G1 X155.000 Y76.750
G1 X168.750 Y76.750 E0.5697 
G1 X168.750 Y77.250 E0.5904 
G1 X155.000 Y77.250 E1.1601 
G92 E0.0000
; segment
G92 E0.0000
G1 F3300.000
G1 Z2.600
G1 X155.000 Y77.250
G1 X146.000 Y77.250 E0.2237 
G92 E0.0000
; segment
G92 E0.0000
G1 F3300.000
G1 Z2.600
G1 X146.000 Y77.250
G1 X145.000 Y77.250 E0.0249 
G92 E0.0000
; segment
G92 E0.0000
G1 F2400.000
G1 Z2.600
G1 X145.000 Y77.250
G1 X131.250 Y77.250 E0.5697 
G1 X131.250 Y77.750 E0.5904 
G1 X145.000 Y77.750 E1.1601 
G92 E0.0000
; segment
G92 E0.0000
G1 F3300.000
G1 Z2.600
G1 X145.000 Y77.750
G1 X154.000 Y77.750 E0.2237 
G92 E0.0000
; segment
G92 E0.0000
G1 F3300.000
G1 Z2.600
G1 X154.000 Y77.750
G1 X155.000 Y77.750 E0.0249 
G92 E0.0000
; segment
G92 E0.0000
G1 F2400.000
G1 Z2.600
G1 X155.000 Y77.750
G1 X168.750 Y77.750 E0.5697 
G1 X168.750 Y78.250 E0.5904 
G1 X155.000 Y78.250 E1.1601 
G92 E0.0000
; segment
G92 E0.0000
G1 F3300.000
G1 Z2.600
G1 X155.000 Y78.250
G1 X146.000 Y78.250 E0.2237 
G92 E0.0000
; segment
G92 E0.0000
G1 F3300.000
G1 Z2.600
G1 X146.000 Y78.250
G1 X145.000 Y78.250 E0.0249 
G92 E0.0000
; segment
G92 E0.0000
G1 F2400.000
G1 Z2.600
G1 X145.000 Y78.250
G1 X131.250 Y78.250 E0.5697 
G1 X131.250 Y78.750 E0.5904 
G1 X145.000 Y78.750 E1.1601 
G92 E0.0000
; segment
G92 E0.0000
G1 F3300.000
G1 Z2.600
G1 X145.000 Y78.750
G1 X154.000 Y78.750 E0.2237 
G92 E0.0000
; segment
G92 E0.0000
G1 F3300.000
G1 Z2.600
G1 X154.000 Y78.750
G1 X155.000 Y78.750 E0.0249 
G92 E0.0000
; segment
G92 E0.0000
G1 F2400.000
G1 Z2.600
G1 X155.000 Y78.750
G1 X168.750 Y78.750 E0.5697 
G1 X168.750 Y79.250 E0.5904 
G1 X155.000 Y79.250 E1.1601 
G92 E0.0000
; segment
G92 E0.0000
G1 F3300.000
G1 Z2.600
G1 X155.000 Y79.250
G1 X146.000 Y79.250 E0.2237 
G92 E0.0000
; segment
G92 E0.0000
G1 F3300.000
G1 Z2.600
G1 X146.000 Y79.250
G1 X145.000 Y79.250 E0.0249 
G92 E0.0000
; segment
G92 E0.0000
G1 F2400.000
G1 Z2.600
G1 X145.000 Y79.250
G1 X131.250 Y79.250 E0.5697 
G1 X131.250 Y79.750 E0.5904 
G1 X145.000 Y79.750 E1.1601 
G92 E0.0000
; segment
G92 E0.0000
G1 F3300.000
G1 Z2.600
G1 X145.000 Y79.750
G1 X154.000 Y79.750 E0.2237 
G92 E0.0000
; segment
G92 E0.0000
G1 F3300.000
G1 Z2.600
G1 X154.000 Y79.750
G1 X155.000 Y79.750 E0.0249 
G92 E0.0000
; segment
G92 E0.0000
G1 F2400.000
G1 Z2.600
G1 X155.000 Y79.750
G1 X168.750 Y79.750 E0.5697 
G1 X168.750 Y80.250 E0.5904 
G1 X155.000 Y80.250 E1.1601 
G92 E0.0000
; segment
G92 E0.0000
G1 F3300.000
G1 Z2.600
G1 X155.000 Y80.250
G1 X146.000 Y80.250 E0.2237 
G92 E0.0000
; segment
G92 E0.0000
G1 F3300.000
G1 Z2.600
G1 X146.000 Y80.250
G1 X145.000 Y80.250 E0.0249 
G92 E0.0000
; segment
G92 E0.0000
G1 F2400.000
G1 Z2.600
G1 X145.000 Y80.250
G1 X131.250 Y80.250 E0.5697 
G1 X131.250 Y80.750 E0.5904 
G1 X145.000 Y80.750 E1.1601 
G92 E0.0000
; segment
G92 E0.0000
G1 F3300.000
G1 Z2.600
G1 X145.000 Y80.750
G1 X154.000 Y80.750 E0.2237 
G92 E0.0000
; segment
G92 E0.0000
G1 F3300.000
G1 Z2.600
G1 X154.000 Y80.750
G1 X155.000 Y80.750 E0.0249 
G92 E0.0000
; segment
G92 E0.0000
G1 F2400.000
G1 Z2.600
G1 X155.000 Y80.750
G1 X168.750 Y80.750 E0.5697 
G1 X168.750 Y81.250 E0.5904 
G1 X155.000 Y81.250 E1.1601 
G92 E0.0000
; segment
G92 E0.0000
G1 F3300.000
G1 Z2.600
G1 X155.000 Y81.250
G1 X146.000 Y81.250 E0.2237 
G92 E0.0000
; segment
G92 E0.0000
G1 F3300.000
G1 Z2.600
G1 X146.000 Y81.250
G1 X145.000 Y81.250 E0.0249 
G92 E0.0000
; segment
G92 E0.0000
G1 F2400.000
G1 Z2.600
G1 X145.000 Y81.250
G1 X131.250 Y81.250 E0.5697 
G1 X131.250 Y81.750 E0.5904 
G1 X145.000 Y81.750 E1.1601 
G92 E0.0000
; segment
G92 E0.0000
G1 F3300.000
G1 Z2.600
G1 X145.000 Y81.750
G1 X154.000 Y81.750 E0.2237 
G92 E0.0000
; segment
G92 E0.0000
G1 F3300.000
G1 Z2.600
G1 X154.000 Y81.750
G1 X155.000 Y81.750 E0.0249 
G92 E0.0000
; segment
G92 E0.0000
G1 F2400.000
G1 Z2.600
G1 X155.000 Y81.750
G1 X168.750 Y81.750 E0.5697 
G1 X168.750 Y82.250 E0.5904 
G1 X155.000 Y82.250 E1.1601 
G92 E0.0000
; segment
G92 E0.0000
G1 F3300.000
G1 Z2.600
G1 X155.000 Y82.250
G1 X146.000 Y82.250 E0.2237 
G92 E0.0000
; segment
G92 E0.0000
G1 F3300.000
G1 Z2.600
G1 X146.000 Y82.250
G1 X145.000 Y82.250 E0.0249 
G92 E0.0000
; segment
G92 E0.0000
G1 F2400.000
G1 Z2.600
G1 X145.000 Y82.250
G1 X131.250 Y82.250 E0.5697 
G1 X131.250 Y82.750 E0.5904 
G1 X145.000 Y82.750 E1.1601 
G92 E0.0000
; segment
G92 E0.0000
G1 F3300.000
G1 Z2.600
G1 X145.000 Y82.750
G1 X154.000 Y82.750 E0.2237 
G92 E0.0000
; segment
G92 E0.0000
G1 F3300.000
G1 Z2.600
G1 X154.000 Y82.750
G1 X155.000 Y82.750 E0.0249 
G92 E0.0000
; segment
G92 E0.0000
G1 F2400.000
G1 Z2.600
G1 X155.000 Y82.750
G1 X168.750 Y82.750 E0.5697 
G1 X168.750 Y83.250 E0.5904 
G1 X155.000 Y83.250 E1.1601 
G92 E0.0000
; segment
G92 E0.0000
G1 F3300.000
G1 Z2.600
G1 X155.000 Y83.250
G1 X146.000 Y83.250 E0.2237 
G92 E0.0000
; segment
G92 E0.0000
G1 F3300.000
G1 Z2.600
G1 X146.000 Y83.250
G1 X145.000 Y83.250 E0.0249 
G92 E0.0000
; segment
G92 E0.0000
G1 F2400.000
G1 Z2.600
G1 X145.000 Y83.250
G1 X131.250 Y83.250 E0.5697 
G1 X131.250 Y83.750 E0.5904 
G1 X145.000 Y83.750 E1.1601 
G92 E0.0000
; segment
G92 E0.0000
G1 F3300.000
G1 Z2.600
G1 X145.000 Y83.750
G1 X154.000 Y83.750 E0.2237 
G92 E0.0000
; segment
G92 E0.0000
G1 F3300.000
G1 Z2.600
G1 X154.000 Y83.750
G1 X155.000 Y83.750 E0.0249 
G92 E0.0000
; segment
G92 E0.0000
G1 F2400.000
G1 Z2.600
G1 X155.000 Y83.750
G1 X168.750 Y83.750 E0.5697 
G92 E0.0000
; jumping
G92 E0.0000
G1 E-0.500 F2400
G1 X169.750 Y34.750 F12000.000
G1 E0 F2400
G92 E0.0000
; segment
G92 E0.0000
G1 F2400.000
G1 Z2.800
G1 X169.750 Y34.750
G1 X169.750 Y25.250 E0.3936 
G1 X155.000 Y25.250 E1.0047 
G92 E0.0000
; segment
G92 E0.0000
G1 F3300.000
G1 Z2.800
G1 X155.000 Y25.250
G1 X146.000 Y25.250 E0.2237 
G92 E0.0000
; segment
G92 E0.0000
G1 F3300.000
G1 Z2.800
G1 X146.000 Y25.250
G1 X145.000 Y25.250 E0.0249 
G92 E0.0000
; segment
G92 E0.0000
G1 F2400.000
G1 Z2.800
G1 X145.000 Y25.250
G1 X130.250 Y25.250 E0.6111 
G1 X130.250 Y34.750 E1.0047 
G1 X145.000 Y34.750 E1.6158 
G92 E0.0000
; segment
G92 E0.0000
G1 F3300.000
G1 Z2.800
G1 X145.000 Y34.750
G1 X154.000 Y34.750 E0.2237 
G92 E0.0000
; segment
G92 E0.0000
G1 F3300.000
G1 Z2.800
G1 X154.000 Y34.750
G1 X155.000 Y34.750 E0.0249 
G92 E0.0000
; segment
G92 E0.0000
G1 F2400.000
G1 Z2.800
G1 X155.000 Y34.750
G1 X169.750 Y34.750 E0.6111 
G92 E0.0000
; segment
G92 E0.0000
G1 F2400.000
G1 Z2.800
G1 X169.250 Y34.250
G1 X169.250 Y25.750 E0.3522 
G1 X155.000 Y25.750 E0.9426 
G92 E0.0000
; segment
G92 E0.0000
G1 F3300.000
G1 Z2.800
G1 X155.000 Y25.750
G1 X146.000 Y25.750 E0.2237 
G92 E0.0000
; segment
G92 E0.0000
G1 F3300.000
G1 Z2.800
G1 X146.000 Y25.750
G1 X145.000 Y25.750 E0.0249 
G92 E0.0000
; segment
G92 E0.0000
G1 F2400.000
G1 Z2.800
G1 X145.000 Y25.750
G1 X130.750 Y25.750 E0.5904 
G1 X130.750 Y34.250 E0.9426 
G1 X145.000 Y34.250 E1.5330 
G92 E0.0000
; segment
G92 E0.0000
G1 F3300.000
G1 Z2.800
G1 X145.000 Y34.250
G1 X154.000 Y34.250 E0.2237 
G92 E0.0000
; segment
G92 E0.0000
G1 F3300.000
G1 Z2.800
G1 X154.000 Y34.250
G1 X155.000 Y34.250 E0.0249 
G92 E0.0000
; segment
G92 E0.0000
G1 F2400.000
G1 Z2.800
G1 X155.000 Y34.250
G1 X169.250 Y34.250 E0.5904 
G92 E0.0000
; jumping
G92 E0.0000
G1 E-0.500 F2400
G1 X169.750 Y59.750 F12000.000
G1 E0 F2400
G92 E0.0000
; segment
G92 E0.0000
G1 F2400.000
G1 Z2.800
G1 X169.750 Y59.750
G1 X169.750 Y50.250 E0.3936 
G1 X155.000 Y50.250 E1.0047 
G92 E0.0000
; segment
G92 E0.0000
G1 F3300.000
G1 Z2.800
G1 X155.000 Y50.250
G1 X146.000 Y50.250 E0.2237 
G92 E0.0000
; segment
G92 E0.0000
G1 F3300.000
G1 Z2.800
G1 X146.000 Y50.250
G1 X145.000 Y50.250 E0.0249 
G92 E0.0000
; segment
G92 E0.0000
G1 F2400.000
G1 Z2.800
G1 X145.000 Y50.250
G1 X130.250 Y50.250 E0.6111 
G1 X130.250 Y59.750 E1.0047 
G1 X145.000 Y59.750 E1.6158 
G92 E0.0000
; segment
G92 E0.0000
G1 F3300.000
G1 Z2.800
G1 X145.000 Y59.750
G1 X154.000 Y59.750 E0.2237 
G92 E0.0000
; segment
G92 E0.0000
G1 F3300.000
G1 Z2.800
G1 X154.000 Y59.750
G1 X155.000 Y59.750 E0.0249 
G92 E0.0000
; segment
G92 E0.0000
G1 F2400.000
G1 Z2.800
G1 X155.000 Y59.750
G1 X169.750 Y59.750 E0.6111 
G92 E0.0000
; segment
G92 E0.0000
G1 F2400.000
G1 Z2.800
G1 X169.250 Y59.250
G1 X169.250 Y50.750 E0.3522 
G1 X155.000 Y50.750 E0.9426 
G92 E0.0000
; segment
G92 E0.0000
G1 F3300.000
G1 Z2.800
G1 X155.000 Y50.750
G1 X146.000 Y50.750 E0.2237 
G92 E0.0000
; segment
G92 E0.0000
G1 F3300.000
G1 Z2.800
G1 X146.000 Y50.750
G1 X145.000 Y50.750 E0.0249 
G92 E0.0000
; segment
G92 E0.0000
G1 F2400.000
G1 Z2.800
G1 X145.000 Y50.750
G1 X130.750 Y50.750 E0.5904 
G1 X130.750 Y59.250 E0.9426 
G1 X145.000 Y59.250 E1.5330 
G92 E0.0000
; segment
G92 E0.0000
G1 F3300.000
G1 Z2.800
G1 X145.000 Y59.250
G1 X154.000 Y59.250 E0.2237 
G92 E0.0000
; segment
G92 E0.0000
G1 F3300.000
G1 Z2.800
G1 X154.000 Y59.250
G1 X155.000 Y59.250 E0.0249 
G92 E0.0000
; segment
G92 E0.0000
G1 F2400.000
G1 Z2.800
G1 X155.000 Y59.250
G1 X169.250 Y59.250 E0.5904 
G92 E0.0000
; jumping
G92 E0.0000
G1 E-0.500 F2400
G1 X169.750 Y84.750 F12000.000
G1 E0 F2400
G92 E0.0000
; segment
G92 E0.0000
G1 F2400.000
G1 Z2.800
G1 X169.750 Y84.750
G1 X169.750 Y75.250 E0.3936 
G1 X155.000 Y75.250 E1.0047 
G92 E0.0000
; segment
G92 E0.0000
G1 F3300.000
G1 Z2.800
G1 X155.000 Y75.250
G1 X146.000 Y75.250 E0.2237 
G92 E0.0000
; segment
G92 E0.0000
G1 F3300.000
G1 Z2.800
G1 X146.000 Y75.250
G1 X145.000 Y75.250 E0.0249 
G92 E0.0000
; segment
G92 E0.0000
G1 F2400.000
G1 Z2.800
G1 X145.000 Y75.250
G1 X130.250 Y75.250 E0.6111 
G1 X130.250 Y84.750 E1.0047 
G1 X145.000 Y84.750 E1.6158 
G92 E0.0000
; segment
G92 E0.0000
G1 F3300.000
G1 Z2.800
G1 X145.000 Y84.750
G1 X154.000 Y84.750 E0.2237 
G92 E0.0000
; segment
G92 E0.0000
G1 F3300.000
G1 Z2.800
G1 X154.000 Y84.750
G1 X155.000 Y84.750 E0.0249 
G92 E0.0000
; segment
G92 E0.0000
G1 F2400.000
G1 Z2.800
G1 X155.000 Y84.750
G1 X169.750 Y84.750 E0.6111 
G92 E0.0000
; segment
G92 E0.0000
G1 F2400.000
G1 Z2.800
G1 X169.250 Y84.250
G1 X169.250 Y75.750 E0.3522 
G1 X155.000 Y75.750 E0.9426 
G92 E0.0000
; segment
G92 E0.0000
G1 F3300.000
G1 Z2.800
G1 X155.000 Y75.750
G1 X146.000 Y75.750 E0.2237 
G92 E0.0000
; segment
G92 E0.0000
G1 F3300.000
G1 Z2.800
G1 X146.000 Y75.750
G1 X145.000 Y75.750 E0.0249 
G92 E0.0000
; segment
G92 E0.0000
G1 F2400.000
G1 Z2.800
G1 X145.000 Y75.750
G1 X130.750 Y75.750 E0.5904 
G1 X130.750 Y84.250 E0.9426 
G1 X145.000 Y84.250 E1.5330 
G92 E0.0000
; segment
G92 E0.0000
G1 F3300.000
G1 Z2.800
G1 X145.000 Y84.250
G1 X154.000 Y84.250 E0.2237 
G92 E0.0000
; segment
G92 E0.0000
G1 F3300.000
G1 Z2.800
G1 X154.000 Y84.250
G1 X155.000 Y84.250 E0.0249 
G92 E0.0000
; segment
G92 E0.0000
G1 F2400.000
G1 Z2.800
G1 X155.000 Y84.250
G1 X169.250 Y84.250 E0.5904 
G92 E0.0000
; jumping
G92 E0.0000
G1 E-0.500 F2400
G1 X168.750 Y33.750 F12000.000
G1 E0 F2400
G92 E0.0000
; segment
G92 E0.0000
G1 F2400.000
G1 Z2.800
G1 X168.750 Y33.750
G1 X155.000 Y33.750 E0.5697 
G92 E0.0000
; segment
G92 E0.0000
G1 F3300.000
G1 Z2.800
G1 X155.000 Y33.750
G1 X146.000 Y33.750 E0.2237 
G92 E0.0000
; segment
G92 E0.0000
G1 F3300.000
G1 Z2.800
G1 X146.000 Y33.750
G1 X145.000 Y33.750 E0.0249 
G92 E0.0000
; segment
G92 E0.0000
G1 F2400.000
G1 Z2.800
G1 X145.000 Y33.750
G1 X131.250 Y33.750 E0.5697 
G1 X131.250 Y33.250 E0.5904 
G1 X145.000 Y33.250 E1.1601 
G92 E0.0000
; segment
G92 E0.0000
G1 F3300.000
G1 Z2.800
G1 X145.000 Y33.250
G1 X154.000 Y33.250 E0.2237 
G92 E0.0000
; segment
G92 E0.0000
G1 F3300.000
G1 Z2.800
G1 X154.000 Y33.250
G1 X155.000 Y33.250 E0.0249 
G92 E0.0000
; segment
G92 E0.0000
G1 F2400.000
G1 Z2.800
G1 X155.000 Y33.250
G1 X168.750 Y33.250 E0.5697 
G1 X168.750 Y32.750 E0.5904 
G1 X155.000 Y32.750 E1.1601 
G92 E0.0000
; segment
G92 E0.0000
G1 F3300.000
G1 Z2.800
G1 X155.000 Y32.750
G1 X146.000 Y32.750 E0.2237 
G92 E0.0000
; segment
G92 E0.0000
G1 F3300.000
G1 Z2.800
G1 X146.000 Y32.750
G1 X145.000 Y32.750 E0.0249 
G92 E0.0000
; segment
G92 E0.0000
G1 F2400.000
G1 Z2.800
G1 X145.000 Y32.750
G1 X131.250 Y32.750 E0.5697 
G1 X131.250 Y32.250 E0.5904 
G1 X145.000 Y32.250 E1.1601 
G92 E0.0000
; segment
G92 E0.0000
G1 F3300.000
G1 Z2.800
G1 X145.000 Y32.250
G1 X154.000 Y32.250 E0.2237 
G92 E0.0000
; segment
G92 E0.0000
G1 F3300.000
G1 Z2.800
G1 X154.000 Y32.250
G1 X155.000 Y32.250 E0.0249 
G92 E0.0000
; segment
G92 E0.0000
G1 F2400.000
G1 Z2.800
G1 X155.000 Y32.250
G1 X168.750 Y32.250 E0.5697 
G1 X168.750 Y31.750 E0.5904 
G1 X155.000 Y31.750 E1.1601 
G92 E0.0000
; segment
G92 E0.0000
G1 F3300.000
G1 Z2.800
G1 X155.000 Y31.750
G1 X146.000 Y31.750 E0.2237 
G92 E0.0000
; segment
G92 E0.0000
G1 F3300.000
G1 Z2.800
G1 X146.000 Y31.750
G1 X145.000 Y31.750 E0.0249 
G92 E0.0000
; segment
G92 E0.0000
G1 F2400.000
G1 Z2.800
G1 X145.000 Y31.750
G1 X131.250 Y31.750 E0.5697 
G1 X131.250 Y31.250 E0.5904 
G1 X145.000 Y31.250 E1.1601 
G92 E0.0000
; segment
G92 E0.0000
G1 F3300.000
G1 Z2.800
G1 X145.000 Y31.250
G1 X154.000 Y31.250 E0.2237 
G92 E0.0000
; segment
G92 E0.0000
G1 F3300.000
G1 Z2.800
G1 X154.000 Y31.250
G1 X155.000 Y31.250 E0.0249 
G92 E0.0000
; segment
G92 E0.0000
G1 F2400.000
G1 Z2.800
G1 X155.000 Y31.250
G1 X168.750 Y31.250 E0.5697 
G1 X168.750 Y30.750 E0.5904 
G1 X155.000 Y30.750 E1.1601 
G92 E0.0000
; segment
G92 E0.0000
G1 F3300.000
G1 Z2.800
G1 X155.000 Y30.750
G1 X146.000 Y30.750 E0.2237 
G92 E0.0000
; segment
G92 E0.0000
G1 F3300.000
G1 Z2.800
G1 X146.000 Y30.750
G1 X145.000 Y30.750 E0.0249 
G92 E0.0000
; segment
G92 E0.0000
G1 F2400.000
G1 Z2.800
G1 X145.000 Y30.750
G1 X131.250 Y30.750 E0.5697 
G1 X131.250 Y30.250 E0.5904 
G1 X145.000 Y30.250 E1.1601 
G92 E0.0000
; segment
G92 E0.0000
G1 F3300.000
G1 Z2.800
G1 X145.000 Y30.250
G1 X154.000 Y30.250 E0.2237 
G92 E0.0000
; segment
G92 E0.0000
G1 F3300.000
G1 Z2.800
G1 X154.000 Y30.250
G1 X155.000 Y30.250 E0.0249 
G92 E0.0000
; segment
G92 E0.0000
G1 F2400.000
G1 Z2.800
G1 X155.000 Y30.250
G1 X168.750 Y30.250 E0.5697 
G1 X168.750 Y29.750 E0.5904 
G1 X155.000 Y29.750 E1.1601 
G92 E0.0000
; segment
G92 E0.0000
G1 F3300.000
G1 Z2.800
G1 X155.000 Y29.750
G1 X146.000 Y29.750 E0.2237 
G92 E0.0000
; segment
G92 E0.0000
G1 F3300.000
G1 Z2.800
G1 X146.000 Y29.750
G1 X145.000 Y29.750 E0.0249 
G92 E0.0000
; segment
G92 E0.0000
G1 F2400.000
G1 Z2.800
G1 X145.000 Y29.750
G1 X131.250 Y29.750 E0.5697 
G1 X131.250 Y29.250 E0.5904 
G1 X145.000 Y29.250 E1.1601 
G92 E0.0000
; segment
G92 E0.0000
G1 F3300.000
G1 Z2.800
G1 X145.000 Y29.250
G1 X154.000 Y29.250 E0.2237 
G92 E0.0000
; segment
G92 E0.0000
G1 F3300.000
G1 Z2.800
G1 X154.000 Y29.250
G1 X155.000 Y29.250 E0.0249 
G92 E0.0000
; segment
G92 E0.0000
G1 F2400.000
G1 Z2.800
G1 X155.000 Y29.250
G1 X168.750 Y29.250 E0.5697 
G1 X168.750 Y28.750 E0.5904 
G1 X155.000 Y28.750 E1.1601 
G92 E0.0000
; segment
G92 E0.0000
G1 F3300.000
G1 Z2.800
G1 X155.000 Y28.750
G1 X146.000 Y28.750 E0.2237 
G92 E0.0000
; segment
G92 E0.0000
G1 F3300.000
G1 Z2.800
G1 X146.000 Y28.750
G1 X145.000 Y28.750 E0.0249 
G92 E0.0000
; segment
G92 E0.0000
G1 F2400.000
G1 Z2.800
G1 X145.000 Y28.750
G1 X131.250 Y28.750 E0.5697 
G1 X131.250 Y28.250 E0.5904 
G1 X145.000 Y28.250 E1.1601 
G92 E0.0000
; segment
G92 E0.0000
G1 F3300.000
G1 Z2.800
G1 X145.000 Y28.250
G1 X154.000 Y28.250 E0.2237 
G92 E0.0000
; segment
G92 E0.0000
G1 F3300.000
G1 Z2.800
G1 X154.000 Y28.250
G1 X155.000 Y28.250 E0.0249 
G92 E0.0000
; segment
G92 E0.0000
G1 F2400.000
G1 Z2.800
G1 X155.000 Y28.250
G1 X168.750 Y28.250 E0.5697 
G1 X168.750 Y27.750 E0.5904 
G1 X155.000 Y27.750 E1.1601 
G92 E0.0000
; segment
G92 E0.0000
G1 F3300.000
G1 Z2.800
G1 X155.000 Y27.750
G1 X146.000 Y27.750 E0.2237 
G92 E0.0000
; segment
G92 E0.0000
G1 F3300.000
G1 Z2.800
G1 X146.000 Y27.750
G1 X145.000 Y27.750 E0.0249 
G92 E0.0000
; segment
G92 E0.0000
G1 F2400.000
G1 Z2.800
G1 X145.000 Y27.750
G1 X131.250 Y27.750 E0.5697 
G1 X131.250 Y27.250 E0.5904 
G1 X145.000 Y27.250 E1.1601 
G92 E0.0000
; segment
G92 E0.0000
G1 F3300.000
G1 Z2.800
G1 X145.000 Y27.250
G1 X154.000 Y27.250 E0.2237 
G92 E0.0000
; segment
G92 E0.0000
G1 F3300.000
G1 Z2.800
G1 X154.000 Y27.250
G1 X155.000 Y27.250 E0.0249 
G92 E0.0000
; segment
G92 E0.0000
G1 F2400.000
G1 Z2.800
G1 X155.000 Y27.250
G1 X168.750 Y27.250 E0.5697 
G1 X168.750 Y26.750 E0.5904 
G1 X155.000 Y26.750 E1.1601 
G92 E0.0000
; segment
G92 E0.0000
G1 F3300.000
G1 Z2.800
G1 X155.000 Y26.750
G1 X146.000 Y26.750 E0.2237 
G92 E0.0000
; segment
G92 E0.0000
G1 F3300.000
G1 Z2.800
G1 X146.000 Y26.750
G1 X145.000 Y26.750 E0.0249 
G92 E0.0000
; segment
G92 E0.0000
G1 F2400.000
G1 Z2.800
G1 X145.000 Y26.750
G1 X131.250 Y26.750 E0.5697 
G1 X131.250 Y26.250 E0.5904 
G1 X145.000 Y26.250 E1.1601 
G92 E0.0000
; segment
G92 E0.0000
G1 F3300.000
G1 Z2.800
G1 X145.000 Y26.250
G1 X154.000 Y26.250 E0.2237 
G92 E0.0000
; segment
G92 E0.0000
G1 F3300.000
G1 Z2.800
G1 X154.000 Y26.250
G1 X155.000 Y26.250 E0.0249 
G92 E0.0000
; segment
G92 E0.0000
G1 F2400.000
G1 Z2.800
G1 X155.000 Y26.250
G1 X168.750 Y26.250 E0.5697 
G92 E0.0000
; jumping
G92 E0.0000
G1 E-0.500 F2400
G1 X168.750 Y58.750 F12000.000
G1 E0 F2400
G92 E0.0000
; segment
G92 E0.0000
G1 F2400.000
G1 Z2.800
G1 X168.750 Y58.750
G1 X155.000 Y58.750 E0.5697 
G92 E0.0000
; segment
G92 E0.0000
G1 F3300.000
G1 Z2.800
G1 X155.000 Y58.750
G1 X146.000 Y58.750 E0.2237 
G92 E0.0000
; segment
G92 E0.0000
G1 F3300.000
G1 Z2.800
G1 X146.000 Y58.750
G1 X145.000 Y58.750 E0.0249 
G92 E0.0000
; segment
G92 E0.0000
G1 F2400.000
G1 Z2.800
G1 X145.000 Y58.750
G1 X131.250 Y58.750 E0.5697 
G1 X131.250 Y58.250 E0.5904 
G1 X145.000 Y58.250 E1.1601 
G92 E0.0000
; segment
G92 E0.0000
G1 F3300.000
G1 Z2.800
G1 X145.000 Y58.250
G1 X154.000 Y58.250 E0.2237 
G92 E0.0000
; segment
G92 E0.0000
G1 F3300.000
G1 Z2.800
G1 X154.000 Y58.250
G1 X155.000 Y58.250 E0.0249 
G92 E0.0000
; segment
G92 E0.0000
G1 F2400.000
G1 Z2.800
G1 X155.000 Y58.250
G1 X168.750 Y58.250 E0.5697 
G1 X168.750 Y57.750 E0.5904 
G1 X155.000 Y57.750 E1.1601 
G92 E0.0000
; segment
G92 E0.0000
G1 F3300.000
G1 Z2.800
G1 X155.000 Y57.750
G1 X146.000 Y57.750 E0.2237 
G92 E0.0000
; segment
G92 E0.0000
G1 F3300.000
G1 Z2.800
G1 X146.000 Y57.750
G1 X145.000 Y57.750 E0.0249 
G92 E0.0000
; segment
G92 E0.0000
G1 F2400.000
G1 Z2.800
G1 X145.000 Y57.750
G1 X131.250 Y57.750 E0.5697 
G1 X131.250 Y57.250 E0.5904 
G1 X145.000 Y57.250 E1.1601 
G92 E0.0000
; segment
G92 E0.0000
G1 F3300.000
G1 Z2.800
G1 X145.000 Y57.250
G1 X154.000 Y57.250 E0.2237 
G92 E0.0000
; segment
G92 E0.0000
G1 F3300.000
G1 Z2.800
G1 X154.000 Y57.250
G1 X155.000 Y57.250 E0.0249 
G92 E0.0000
; segment
G92 E0.0000
G1 F2400.000
G1 Z2.800
G1 X155.000 Y57.250
G1 X168.750 Y57.250 E0.5697 
G1 X168.750 Y56.750 E0.5904 
G1 X155.000 Y56.750 E1.1601 
G92 E0.0000
; segment
G92 E0.0000
G1 F3300.000
G1 Z2.800
G1 X155.000 Y56.750
G1 X146.000 Y56.750 E0.2237 
G92 E0.0000
; segment
G92 E0.0000
G1 F3300.000
G1 Z2.800
G1 X146.000 Y56.750
G1 X145.000 Y56.750 E0.0249 
G92 E0.0000
; segment
G92 E0.0000
G1 F2400.000
G1 Z2.800
G1 X145.000 Y56.750
G1 X131.250 Y56.750 E0.5697 
G1 X131.250 Y56.250 E0.5904 
G1 X145.000 Y56.250 E1.1601 
G92 E0.0000
; segment
G92 E0.0000
G1 F3300.000
G1 Z2.800
G1 X145.000 Y56.250
G1 X154.000 Y56.250 E0.2237 
G92 E0.0000
; segment
G92 E0.0000
G1 F3300.000
G1 Z2.800
G1 X154.000 Y56.250
G1 X155.000 Y56.250 E0.0249 
G92 E0.0000
; segment
G92 E0.0000
G1 F2400.000
G1 Z2.800
G1 X155.000 Y56.250
G1 X168.750 Y56.250 E0.5697 
G1 X168.750 Y55.750 E0.5904 
G1 X155.000 Y55.750 E1.1601 
G92 E0.0000
; segment
G92 E0.0000
G1 F3300.000
G1 Z2.800
G1 X155.000 Y55.750
G1 X146.000 Y55.750 E0.2237 
G92 E0.0000
; segment
G92 E0.0000
G1 F3300.000
G1 Z2.800
G1 X146.000 Y55.750
G1 X145.000 Y55.750 E0.0249 
G92 E0.0000
; segment
G92 E0.0000
G1 F2400.000
G1 Z2.800
G1 X145.000 Y55.750
G1 X131.250 Y55.750 E0.5697 
G1 X131.250 Y55.250 E0.5904 
G1 X145.000 Y55.250 E1.1601 
G92 E0.0000
; segment
G92 E0.0000
G1 F3300.000
G1 Z2.800
G1 X145.000 Y55.250
G1 X154.000 Y55.250 E0.2237 
G92 E0.0000
; segment
G92 E0.0000
G1 F3300.000
G1 Z2.800
G1 X154.000 Y55.250
G1 X155.000 Y55.250 E0.0249 
G92 E0.0000
; segment
G92 E0.0000
G1 F2400.000
G1 Z2.800
G1 X155.000 Y55.250
G1 X168.750 Y55.250 E0.5697 
G1 X168.750 Y54.750 E0.5904 
G1 X155.000 Y54.750 E1.1601 
G92 E0.0000
; segment
G92 E0.0000
G1 F3300.000
G1 Z2.800
G1 X155.000 Y54.750
G1 X146.000 Y54.750 E0.2237 
G92 E0.0000
; segment
G92 E0.0000
G1 F3300.000
G1 Z2.800
G1 X146.000 Y54.750
G1 X145.000 Y54.750 E0.0249 
G92 E0.0000
; segment
G92 E0.0000
G1 F2400.000
G1 Z2.800
G1 X145.000 Y54.750
G1 X131.250 Y54.750 E0.5697 
G1 X131.250 Y54.250 E0.5904 
G1 X145.000 Y54.250 E1.1601 
G92 E0.0000
; segment
G92 E0.0000
G1 F3300.000
G1 Z2.800
G1 X145.000 Y54.250
G1 X154.000 Y54.250 E0.2237 
G92 E0.0000
; segment
G92 E0.0000
G1 F3300.000
G1 Z2.800
G1 X154.000 Y54.250
G1 X155.000 Y54.250 E0.0249 
G92 E0.0000
; segment
G92 E0.0000
G1 F2400.000
G1 Z2.800
G1 X155.000 Y54.250
G1 X168.750 Y54.250 E0.5697 
G1 X168.750 Y53.750 E0.5904 
G1 X155.000 Y53.750 E1.1601 
G92 E0.0000
; segment
G92 E0.0000
G1 F3300.000
G1 Z2.800
G1 X155.000 Y53.750
G1 X146.000 Y53.750 E0.2237 
G92 E0.0000
; segment
G92 E0.0000
G1 F3300.000
G1 Z2.800
G1 X146.000 Y53.750
G1 X145.000 Y53.750 E0.0249 
G92 E0.0000
; segment
G92 E0.0000
G1 F2400.000
G1 Z2.800
G1 X145.000 Y53.750
G1 X131.250 Y53.750 E0.5697 
G1 X131.250 Y53.250 E0.5904 
G1 X145.000 Y53.250 E1.1601 
G92 E0.0000
; segment
G92 E0.0000
G1 F3300.000
G1 Z2.800
G1 X145.000 Y53.250
G1 X154.000 Y53.250 E0.2237 
G92 E0.0000
; segment
G92 E0.0000
G1 F3300.000
G1 Z2.800
G1 X154.000 Y53.250
G1 X155.000 Y53.250 E0.0249 
G92 E0.0000
; segment
G92 E0.0000
G1 F2400.000
G1 Z2.800
G1 X155.000 Y53.250
G1 X168.750 Y53.250 E0.5697 
G1 X168.750 Y52.750 E0.5904 
G1 X155.000 Y52.750 E1.1601 
G92 E0.0000
; segment
G92 E0.0000
G1 F3300.000
G1 Z2.800
G1 X155.000 Y52.750
G1 X146.000 Y52.750 E0.2237 
G92 E0.0000
; segment
G92 E0.0000
G1 F3300.000
G1 Z2.800
G1 X146.000 Y52.750
G1 X145.000 Y52.750 E0.0249 
G92 E0.0000
; segment
G92 E0.0000
G1 F2400.000
G1 Z2.800
G1 X145.000 Y52.750
G1 X131.250 Y52.750 E0.5697 
G1 X131.250 Y52.250 E0.5904 
G1 X145.000 Y52.250 E1.1601 
G92 E0.0000
; segment
G92 E0.0000
G1 F3300.000
G1 Z2.800
G1 X145.000 Y52.250
G1 X154.000 Y52.250 E0.2237 
G92 E0.0000
; segment
G92 E0.0000
G1 F3300.000
G1 Z2.800
G1 X154.000 Y52.250
G1 X155.000 Y52.250 E0.0249 
G92 E0.0000
; segment
G92 E0.0000
G1 F2400.000
G1 Z2.800
G1 X155.000 Y52.250
G1 X168.750 Y52.250 E0.5697 
G1 X168.750 Y51.750 E0.5904 
G1 X155.000 Y51.750 E1.1601 
G92 E0.0000
; segment
G92 E0.0000
G1 F3300.000
G1 Z2.800
G1 X155.000 Y51.750
G1 X146.000 Y51.750 E0.2237 
G92 E0.0000
; segment
G92 E0.0000
G1 F3300.000
G1 Z2.800
G1 X146.000 Y51.750
G1 X145.000 Y51.750 E0.0249 
G92 E0.0000
; segment
G92 E0.0000
G1 F2400.000
G1 Z2.800
G1 X145.000 Y51.750
G1 X131.250 Y51.750 E0.5697 
G1 X131.250 Y51.250 E0.5904 
G1 X145.000 Y51.250 E1.1601 
G92 E0.0000
; segment
G92 E0.0000
G1 F3300.000
G1 Z2.800
G1 X145.000 Y51.250
G1 X154.000 Y51.250 E0.2237 
G92 E0.0000
; segment
G92 E0.0000
G1 F3300.000
G1 Z2.800
G1 X154.000 Y51.250
G1 X155.000 Y51.250 E0.0249 
G92 E0.0000
; segment
G92 E0.0000
G1 F2400.000
G1 Z2.800
G1 X155.000 Y51.250
G1 X168.750 Y51.250 E0.5697 
G92 E0.0000
; jumping
G92 E0.0000
G1 E-0.500 F2400
G1 X168.750 Y83.750 F12000.000
G1 E0 F2400
G92 E0.0000
; segment
G92 E0.0000
G1 F2400.000
G1 Z2.800
G1 X168.750 Y83.750
G1 X155.000 Y83.750 E0.5697 
G92 E0.0000
; segment
G92 E0.0000
G1 F3300.000
G1 Z2.800
G1 X155.000 Y83.750
G1 X146.000 Y83.750 E0.2237 
G92 E0.0000
; segment
G92 E0.0000
G1 F3300.000
G1 Z2.800
G1 X146.000 Y83.750
G1 X145.000 Y83.750 E0.0249 
G92 E0.0000
; segment
G92 E0.0000
G1 F2400.000
G1 Z2.800
G1 X145.000 Y83.750
G1 X131.250 Y83.750 E0.5697 
G1 X131.250 Y83.250 E0.5904 
G1 X145.000 Y83.250 E1.1601 
G92 E0.0000
; segment
G92 E0.0000
G1 F3300.000
G1 Z2.800
G1 X145.000 Y83.250
G1 X154.000 Y83.250 E0.2237 
G92 E0.0000
; segment
G92 E0.0000
G1 F3300.000
G1 Z2.800
G1 X154.000 Y83.250
G1 X155.000 Y83.250 E0.0249 
G92 E0.0000
; segment
G92 E0.0000
G1 F2400.000
G1 Z2.800
G1 X155.000 Y83.250
G1 X168.750 Y83.250 E0.5697 
G1 X168.750 Y82.750 E0.5904 
G1 X155.000 Y82.750 E1.1601 
G92 E0.0000
; segment
G92 E0.0000
G1 F3300.000
G1 Z2.800
G1 X155.000 Y82.750
G1 X146.000 Y82.750 E0.2237 
G92 E0.0000
; segment
G92 E0.0000
G1 F3300.000
G1 Z2.800
G1 X146.000 Y82.750
G1 X145.000 Y82.750 E0.0249 
G92 E0.0000
; segment
G92 E0.0000
G1 F2400.000
G1 Z2.800
G1 X145.000 Y82.750
G1 X131.250 Y82.750 E0.5697 
G1 X131.250 Y82.250 E0.5904 
G1 X145.000 Y82.250 E1.1601 
G92 E0.0000
; segment
G92 E0.0000
G1 F3300.000
G1 Z2.800
G1 X145.000 Y82.250
G1 X154.000 Y82.250 E0.2237 
G92 E0.0000
; segment
G92 E0.0000
G1 F3300.000
G1 Z2.800
G1 X154.000 Y82.250
G1 X155.000 Y82.250 E0.0249 
G92 E0.0000
; segment
G92 E0.0000
G1 F2400.000
G1 Z2.800
G1 X155.000 Y82.250
G1 X168.750 Y82.250 E0.5697 
G1 X168.750 Y81.750 E0.5904 
G1 X155.000 Y81.750 E1.1601 
G92 E0.0000
; segment
G92 E0.0000
G1 F3300.000
G1 Z2.800
G1 X155.000 Y81.750
G1 X146.000 Y81.750 E0.2237 
G92 E0.0000
; segment
G92 E0.0000
G1 F3300.000
G1 Z2.800
G1 X146.000 Y81.750
G1 X145.000 Y81.750 E0.0249 
G92 E0.0000
; segment
G92 E0.0000
G1 F2400.000
G1 Z2.800
G1 X145.000 Y81.750
G1 X131.250 Y81.750 E0.5697 
G1 X131.250 Y81.250 E0.5904 
G1 X145.000 Y81.250 E1.1601 
G92 E0.0000
; segment
G92 E0.0000
G1 F3300.000
G1 Z2.800
G1 X145.000 Y81.250
G1 X154.000 Y81.250 E0.2237 
G92 E0.0000
; segment
G92 E0.0000
G1 F3300.000
G1 Z2.800
G1 X154.000 Y81.250
G1 X155.000 Y81.250 E0.0249 
G92 E0.0000
; segment
G92 E0.0000
G1 F2400.000
G1 Z2.800
G1 X155.000 Y81.250
G1 X168.750 Y81.250 E0.5697 
G1 X168.750 Y80.750 E0.5904 
G1 X155.000 Y80.750 E1.1601 
G92 E0.0000
; segment
G92 E0.0000
G1 F3300.000
G1 Z2.800
G1 X155.000 Y80.750
G1 X146.000 Y80.750 E0.2237 
G92 E0.0000
; segment
G92 E0.0000
G1 F3300.000
G1 Z2.800
G1 X146.000 Y80.750
G1 X145.000 Y80.750 E0.0249 
G92 E0.0000
; segment
G92 E0.0000
G1 F2400.000
G1 Z2.800
G1 X145.000 Y80.750
G1 X131.250 Y80.750 E0.5697 
G1 X131.250 Y80.250 E0.5904 
G1 X145.000 Y80.250 E1.1601 
G92 E0.0000
; segment
G92 E0.0000
G1 F3300.000
G1 Z2.800
G1 X145.000 Y80.250
G1 X154.000 Y80.250 E0.2237 
G92 E0.0000
; segment
G92 E0.0000
G1 F3300.000
G1 Z2.800
G1 X154.000 Y80.250
G1 X155.000 Y80.250 E0.0249 
G92 E0.0000
; segment
G92 E0.0000
G1 F2400.000
G1 Z2.800
G1 X155.000 Y80.250
G1 X168.750 Y80.250 E0.5697 
G1 X168.750 Y79.750 E0.5904 
G1 X155.000 Y79.750 E1.1601 
G92 E0.0000
; segment
G92 E0.0000
G1 F3300.000
G1 Z2.800
G1 X155.000 Y79.750
G1 X146.000 Y79.750 E0.2237 
G92 E0.0000
; segment
G92 E0.0000
G1 F3300.000
G1 Z2.800
G1 X146.000 Y79.750
G1 X145.000 Y79.750 E0.0249 
G92 E0.0000
; segment
G92 E0.0000
G1 F2400.000
G1 Z2.800
G1 X145.000 Y79.750
G1 X131.250 Y79.750 E0.5697 
G1 X131.250 Y79.250 E0.5904 
G1 X145.000 Y79.250 E1.1601 
G92 E0.0000
; segment
G92 E0.0000
G1 F3300.000
G1 Z2.800
G1 X145.000 Y79.250
G1 X154.000 Y79.250 E0.2237 
G92 E0.0000
; segment
G92 E0.0000
G1 F3300.000
G1 Z2.800
G1 X154.000 Y79.250
G1 X155.000 Y79.250 E0.0249 
G92 E0.0000
; segment
G92 E0.0000
G1 F2400.000
G1 Z2.800
G1 X155.000 Y79.250
G1 X168.750 Y79.250 E0.5697 
G1 X168.750 Y78.750 E0.5904 
G1 X155.000 Y78.750 E1.1601 
G92 E0.0000
; segment
G92 E0.0000
G1 F3300.000
G1 Z2.800
G1 X155.000 Y78.750
G1 X146.000 Y78.750 E0.2237 
G92 E0.0000
; segment
G92 E0.0000
G1 F3300.000
G1 Z2.800
G1 X146.000 Y78.750
G1 X145.000 Y78.750 E0.0249 
G92 E0.0000
; segment
G92 E0.0000
G1 F2400.000
G1 Z2.800
G1 X145.000 Y78.750
G1 X131.250 Y78.750 E0.5697 
G1 X131.250 Y78.250 E0.5904 
G1 X145.000 Y78.250 E1.1601 
G92 E0.0000
; segment
G92 E0.0000
G1 F3300.000
G1 Z2.800
G1 X145.000 Y78.250
G1 X154.000 Y78.250 E0.2237 
G92 E0.0000
; segment
G92 E0.0000
G1 F3300.000
G1 Z2.800
G1 X154.000 Y78.250
G1 X155.000 Y78.250 E0.0249 
G92 E0.0000
; segment
G92 E0.0000
G1 F2400.000
G1 Z2.800
G1 X155.000 Y78.250
G1 X168.750 Y78.250 E0.5697 
G1 X168.750 Y77.750 E0.5904 
G1 X155.000 Y77.750 E1.1601 
G92 E0.0000
; segment
G92 E0.0000
G1 F3300.000
G1 Z2.800
G1 X155.000 Y77.750
G1 X146.000 Y77.750 E0.2237 
G92 E0.0000
; segment
G92 E0.0000
G1 F3300.000
G1 Z2.800
G1 X146.000 Y77.750
G1 X145.000 Y77.750 E0.0249 
G92 E0.0000
; segment
G92 E0.0000
G1 F2400.000
G1 Z2.800
G1 X145.000 Y77.750
G1 X131.250 Y77.750 E0.5697 
G1 X131.250 Y77.250 E0.5904 
G1 X145.000 Y77.250 E1.1601 
G92 E0.0000
; segment
G92 E0.0000
G1 F3300.000
G1 Z2.800
G1 X145.000 Y77.250
G1 X154.000 Y77.250 E0.2237 
G92 E0.0000
; segment
G92 E0.0000
G1 F3300.000
G1 Z2.800
G1 X154.000 Y77.250
G1 X155.000 Y77.250 E0.0249 
G92 E0.0000
; segment
G92 E0.0000
G1 F2400.000
G1 Z2.800
G1 X155.000 Y77.250
G1 X168.750 Y77.250 E0.5697 
G1 X168.750 Y76.750 E0.5904 
G1 X155.000 Y76.750 E1.1601 
G92 E0.0000
; segment
G92 E0.0000
G1 F3300.000
G1 Z2.800
G1 X155.000 Y76.750
G1 X146.000 Y76.750 E0.2237 
G92 E0.0000
; segment
G92 E0.0000
G1 F3300.000
G1 Z2.800
G1 X146.000 Y76.750
G1 X145.000 Y76.750 E0.0249 
G92 E0.0000
; segment
G92 E0.0000
G1 F2400.000
G1 Z2.800
G1 X145.000 Y76.750
G1 X131.250 Y76.750 E0.5697 
G1 X131.250 Y76.250 E0.5904 
G1 X145.000 Y76.250 E1.1601 
G92 E0.0000
; segment
G92 E0.0000
G1 F3300.000
G1 Z2.800
G1 X145.000 Y76.250
G1 X154.000 Y76.250 E0.2237 
G92 E0.0000
; segment
G92 E0.0000
G1 F3300.000
G1 Z2.800
G1 X154.000 Y76.250
G1 X155.000 Y76.250 E0.0249 
G92 E0.0000
; segment
G92 E0.0000
G1 F2400.000
G1 Z2.800
G1 X155.000 Y76.250
G1 X168.750 Y76.250 E0.5697 
G92 E0.0000
; jumping
G92 E0.0000
G1 E-0.500 F2400
G1 X169.750 Y25.250 F12000.000
G1 E0 F2400
G92 E0.0000
; segment
G92 E0.0000
G1 F2400.000
G1 Z2.999
G1 X169.750 Y25.250
G1 X155.000 Y25.250 E0.6111 
G92 E0.0000
; segment
G92 E0.0000
G1 F3300.000
G1 Z2.999
G1 X155.000 Y25.250
G1 X146.000 Y25.250 E0.2237 
G92 E0.0000
; segment
G92 E0.0000
G1 F3300.000
G1 Z2.999
G1 X146.000 Y25.250
G1 X145.000 Y25.250 E0.0249 
G92 E0.0000
; segment
G92 E0.0000
G1 F2400.000
G1 Z2.999
G1 X145.000 Y25.250
G1 X130.250 Y25.250 E0.6111 
G1 X130.250 Y34.750 E1.0047 
G1 X145.000 Y34.750 E1.6158 
G92 E0.0000
; segment
G92 E0.0000
G1 F3300.000
G1 Z2.999
G1 X145.000 Y34.750
G1 X154.000 Y34.750 E0.2237 
G92 E0.0000
; segment
G92 E0.0000
G1 F3300.000
G1 Z2.999
G1 X154.000 Y34.750
G1 X155.000 Y34.750 E0.0249 
G92 E0.0000
; segment
G92 E0.0000
G1 F2400.000
G1 Z2.999
G1 X155.000 Y34.750
G1 X169.750 Y34.750 E0.6111 
G1 X169.750 Y25.250 E1.0047 
G92 E0.0000
; segment
G92 E0.0000
G1 F2400.000
G1 Z2.999
G1 X169.250 Y25.750
G1 X155.000 Y25.750 E0.5904 
G92 E0.0000
; segment
G92 E0.0000
G1 F3300.000
G1 Z2.999
G1 X155.000 Y25.750
G1 X146.000 Y25.750 E0.2237 
G92 E0.0000
; segment
G92 E0.0000
G1 F3300.000
G1 Z2.999
G1 X146.000 Y25.750
G1 X145.000 Y25.750 E0.0249 
G92 E0.0000
; segment
G92 E0.0000
G1 F2400.000
G1 Z2.999
G1 X145.000 Y25.750
G1 X130.750 Y25.750 E0.5904 
G1 X130.750 Y34.250 E0.9426 
G1 X145.000 Y34.250 E1.5330 
G92 E0.0000
; segment
G92 E0.0000
G1 F3300.000
G1 Z2.999
G1 X145.000 Y34.250
G1 X154.000 Y34.250 E0.2237 
G92 E0.0000
; segment
G92 E0.0000
G1 F3300.000
G1 Z2.999
G1 X154.000 Y34.250
G1 X155.000 Y34.250 E0.0249 
G92 E0.0000
; segment
G92 E0.0000
G1 F2400.000
G1 Z2.999
G1 X155.000 Y34.250
G1 X169.250 Y34.250 E0.5904 
G1 X169.250 Y25.750 E0.9426 
G92 E0.0000
; jumping
G92 E0.0000
G1 E-0.500 F2400
G1 X169.750 Y50.250 F12000.000
G1 E0 F2400
G92 E0.0000
; segment
G92 E0.0000
G1 F2400.000
G1 Z2.999
G1 X169.750 Y50.250
G1 X155.000 Y50.250 E0.6111 
G92 E0.0000
; segment
G92 E0.0000
G1 F3300.000
G1 Z2.999
G1 X155.000 Y50.250
G1 X146.000 Y50.250 E0.2237 
G92 E0.0000
; segment
G92 E0.0000
G1 F3300.000
G1 Z2.999
G1 X146.000 Y50.250
G1 X145.000 Y50.250 E0.0249 
G92 E0.0000
; segment
G92 E0.0000
G1 F2400.000
G1 Z2.999
G1 X145.000 Y50.250
G1 X130.250 Y50.250 E0.6111 
G1 X130.250 Y59.750 E1.0047 
G1 X145.000 Y59.750 E1.6158 
G92 E0.0000
; segment
G92 E0.0000
G1 F3300.000
G1 Z2.999
G1 X145.000 Y59.750
G1 X154.000 Y59.750 E0.2237 
G92 E0.0000
; segment
G92 E0.0000
G1 F3300.000
G1 Z2.999
G1 X154.000 Y59.750
G1 X155.000 Y59.750 E0.0249 
G92 E0.0000
; segment
G92 E0.0000
G1 F2400.000
G1 Z2.999
G1 X155.000 Y59.750
G1 X169.750 Y59.750 E0.6111 
G1 X169.750 Y50.250 E1.0047 
G92 E0.0000
; segment
G92 E0.0000
G1 F2400.000
G1 Z2.999
G1 X169.250 Y50.750
G1 X155.000 Y50.750 E0.5904 
G92 E0.0000
; segment
G92 E0.0000
G1 F3300.000
G1 Z2.999
G1 X155.000 Y50.750
G1 X146.000 Y50.750 E0.2237 
G92 E0.0000
; segment
G92 E0.0000
G1 F3300.000
G1 Z2.999
G1 X146.000 Y50.750
G1 X145.000 Y50.750 E0.0249 
G92 E0.0000
; segment
G92 E0.0000
G1 F2400.000
G1 Z2.999
G1 X145.000 Y50.750
G1 X130.750 Y50.750 E0.5904 
G1 X130.750 Y59.250 E0.9426 
G1 X145.000 Y59.250 E1.5330 
G92 E0.0000
; segment
G92 E0.0000
G1 F3300.000
G1 Z2.999
G1 X145.000 Y59.250
G1 X154.000 Y59.250 E0.2237 
G92 E0.0000
; segment
G92 E0.0000
G1 F3300.000
G1 Z2.999
G1 X154.000 Y59.250
G1 X155.000 Y59.250 E0.0249 
G92 E0.0000
; segment
G92 E0.0000
G1 F2400.000
G1 Z2.999
G1 X155.000 Y59.250
G1 X169.250 Y59.250 E0.5904 
G1 X169.250 Y50.750 E0.9426 
G92 E0.0000
; jumping
G92 E0.0000
G1 E-0.500 F2400
G1 X169.750 Y75.250 F12000.000
G1 E0 F2400
G92 E0.0000
; segment
G92 E0.0000
G1 F2400.000
G1 Z2.999
G1 X169.750 Y75.250
G1 X155.000 Y75.250 E0.6111 
G92 E0.0000
; segment
G92 E0.0000
G1 F3300.000
G1 Z2.999
G1 X155.000 Y75.250
G1 X146.000 Y75.250 E0.2237 
G92 E0.0000
; segment
G92 E0.0000
G1 F3300.000
G1 Z2.999
G1 X146.000 Y75.250
G1 X145.000 Y75.250 E0.0249 
G92 E0.0000
; segment
G92 E0.0000
G1 F2400.000
G1 Z2.999
G1 X145.000 Y75.250
G1 X130.250 Y75.250 E0.6111 
G1 X130.250 Y84.750 E1.0047 
G1 X145.000 Y84.750 E1.6158 
G92 E0.0000
; segment
G92 E0.0000
G1 F3300.000
G1 Z2.999
G1 X145.000 Y84.750
G1 X154.000 Y84.750 E0.2237 
G92 E0.0000
; segment
G92 E0.0000
G1 F3300.000
G1 Z2.999
G1 X154.000 Y84.750
G1 X155.000 Y84.750 E0.0249 
G92 E0.0000
; segment
G92 E0.0000
G1 F2400.000
G1 Z2.999
G1 X155.000 Y84.750
G1 X169.750 Y84.750 E0.6111 
G1 X169.750 Y75.250 E1.0047 
G92 E0.0000
; segment
G92 E0.0000
G1 F2400.000
G1 Z2.999
G1 X169.250 Y75.750
G1 X155.000 Y75.750 E0.5904 
G92 E0.0000
; segment
G92 E0.0000
G1 F3300.000
G1 Z2.999
G1 X155.000 Y75.750
G1 X146.000 Y75.750 E0.2237 
G92 E0.0000
; segment
G92 E0.0000
G1 F3300.000
G1 Z2.999
G1 X146.000 Y75.750
G1 X145.000 Y75.750 E0.0249 
G92 E0.0000
; segment
G92 E0.0000
G1 F2400.000
G1 Z2.999
G1 X145.000 Y75.750
G1 X130.750 Y75.750 E0.5904 
G1 X130.750 Y84.250 E0.9426 
G1 X145.000 Y84.250 E1.5330 
G92 E0.0000
; segment
G92 E0.0000
G1 F3300.000
G1 Z2.999
G1 X145.000 Y84.250
G1 X154.000 Y84.250 E0.2237 
G92 E0.0000
; segment
G92 E0.0000
G1 F3300.000
G1 Z2.999
G1 X154.000 Y84.250
G1 X155.000 Y84.250 E0.0249 
G92 E0.0000
; segment
G92 E0.0000
G1 F2400.000
G1 Z2.999
G1 X155.000 Y84.250
G1 X169.250 Y84.250 E0.5904 
G1 X169.250 Y75.750 E0.9426 
G92 E0.0000
; jumping
G92 E0.0000
G1 E-0.500 F2400
G1 X168.750 Y26.250 F12000.000
G1 E0 F2400
G92 E0.0000
; segment
G92 E0.0000
G1 F2400.000
G1 Z2.999
G1 X168.750 Y26.250
G1 X155.000 Y26.250 E0.5697 
G92 E0.0000
; segment
G92 E0.0000
G1 F3300.000
G1 Z2.999
G1 X155.000 Y26.250
G1 X146.000 Y26.250 E0.2237 
G92 E0.0000
; segment
G92 E0.0000
G1 F3300.000
G1 Z2.999
G1 X146.000 Y26.250
G1 X145.000 Y26.250 E0.0249 
G92 E0.0000
; segment
G92 E0.0000
G1 F2400.000
G1 Z2.999
G1 X145.000 Y26.250
G1 X131.250 Y26.250 E0.5697 
G1 X131.250 Y26.750 E0.5904 
G1 X145.000 Y26.750 E1.1601 
G92 E0.0000
; segment
G92 E0.0000
G1 F3300.000
G1 Z2.999
G1 X145.000 Y26.750
G1 X154.000 Y26.750 E0.2237 
G92 E0.0000
; segment
G92 E0.0000
G1 F3300.000
G1 Z2.999
G1 X154.000 Y26.750
G1 X155.000 Y26.750 E0.0249 
G92 E0.0000
; segment
G92 E0.0000
G1 F2400.000
G1 Z2.999
G1 X155.000 Y26.750
G1 X168.750 Y26.750 E0.5697 
G1 X168.750 Y27.250 E0.5904 
G1 X155.000 Y27.250 E1.1601 
G92 E0.0000
; segment
G92 E0.0000
G1 F3300.000
G1 Z2.999
G1 X155.000 Y27.250
G1 X146.000 Y27.250 E0.2237 
G92 E0.0000
; segment
G92 E0.0000
G1 F3300.000
G1 Z2.999
G1 X146.000 Y27.250
G1 X145.000 Y27.250 E0.0249 
G92 E0.0000
; segment
G92 E0.0000
G1 F2400.000
G1 Z2.999
G1 X145.000 Y27.250
G1 X131.250 Y27.250 E0.5697 
G1 X131.250 Y27.750 E0.5904 
G1 X145.000 Y27.750 E1.1601 
G92 E0.0000
; segment
G92 E0.0000
G1 F3300.000
G1 Z2.999
G1 X145.000 Y27.750
G1 X154.000 Y27.750 E0.2237 
G92 E0.0000
; segment
G92 E0.0000
G1 F3300.000
G1 Z2.999
G1 X154.000 Y27.750
G1 X155.000 Y27.750 E0.0249 
G92 E0.0000
; segment
G92 E0.0000
G1 F2400.000
G1 Z2.999
G1 X155.000 Y27.750
G1 X168.750 Y27.750 E0.5697 
G1 X168.750 Y28.250 E0.5904 
G1 X155.000 Y28.250 E1.1601 
G92 E0.0000
; segment
G92 E0.0000
G1 F3300.000
G1 Z2.999
G1 X155.000 Y28.250
G1 X146.000 Y28.250 E0.2237 
G92 E0.0000
; segment
G92 E0.0000
G1 F3300.000
G1 Z2.999
G1 X146.000 Y28.250
G1 X145.000 Y28.250 E0.0249 
G92 E0.0000
; segment
G92 E0.0000
G1 F2400.000
G1 Z2.999
G1 X145.000 Y28.250
G1 X131.250 Y28.250 E0.5697 
G1 X131.250 Y28.750 E0.5904 
G1 X145.000 Y28.750 E1.1601 
G92 E0.0000
; segment
G92 E0.0000
G1 F3300.000
G1 Z2.999
G1 X145.000 Y28.750
G1 X154.000 Y28.750 E0.2237 
G92 E0.0000
; segment
G92 E0.0000
G1 F3300.000
G1 Z2.999
G1 X154.000 Y28.750
G1 X155.000 Y28.750 E0.0249 
G92 E0.0000
; segment
G92 E0.0000
G1 F2400.000
G1 Z2.999
G1 X155.000 Y28.750
G1 X168.750 Y28.750 E0.5697 
G1 X168.750 Y29.250 E0.5904 
G1 X155.000 Y29.250 E1.1601 
G92 E0.0000
; segment
G92 E0.0000
G1 F3300.000
G1 Z2.999
G1 X155.000 Y29.250
G1 X146.000 Y29.250 E0.2237 
G92 E0.0000
; segment
G92 E0.0000
G1 F3300.000
G1 Z2.999
G1 X146.000 Y29.250
G1 X145.000 Y29.250 E0.0249 
G92 E0.0000
; segment
G92 E0.0000
G1 F2400.000
G1 Z2.999
G1 X145.000 Y29.250
G1 X131.250 Y29.250 E0.5697 
G1 X131.250 Y29.750 E0.5904 
G1 X145.000 Y29.750 E1.1601 
G92 E0.0000
; segment
G92 E0.0000
G1 F3300.000
G1 Z2.999
G1 X145.000 Y29.750
G1 X154.000 Y29.750 E0.2237 
G92 E0.0000
; segment
G92 E0.0000
G1 F3300.000
G1 Z2.999
G1 X154.000 Y29.750
G1 X155.000 Y29.750 E0.0249 
G92 E0.0000
; segment
G92 E0.0000
G1 F2400.000
G1 Z2.999
G1 X155.000 Y29.750
G1 X168.750 Y29.750 E0.5697 
G1 X168.750 Y30.250 E0.5904 
G1 X155.000 Y30.250 E1.1601 
G92 E0.0000
; segment
G92 E0.0000
G1 F3300.000
G1 Z2.999
G1 X155.000 Y30.250
G1 X146.000 Y30.250 E0.2237 
G92 E0.0000
; segment
G92 E0.0000
G1 F3300.000
G1 Z2.999
G1 X146.000 Y30.250
G1 X145.000 Y30.250 E0.0249 
G92 E0.0000
; segment
G92 E0.0000
G1 F2400.000
G1 Z2.999
G1 X145.000 Y30.250
G1 X131.250 Y30.250 E0.5697 
G1 X131.250 Y30.750 E0.5904 
G1 X145.000 Y30.750 E1.1601 
G92 E0.0000
; segment
G92 E0.0000
G1 F3300.000
G1 Z2.999
G1 X145.000 Y30.750
G1 X154.000 Y30.750 E0.2237 
G92 E0.0000
; segment
G92 E0.0000
G1 F3300.000
G1 Z2.999
G1 X154.000 Y30.750
G1 X155.000 Y30.750 E0.0249 
G92 E0.0000
; segment
G92 E0.0000
G1 F2400.000
G1 Z2.999
G1 X155.000 Y30.750
G1 X168.750 Y30.750 E0.5697 
G1 X168.750 Y31.250 E0.5904 
G1 X155.000 Y31.250 E1.1601 
G92 E0.0000
; segment
G92 E0.0000
G1 F3300.000
G1 Z2.999
G1 X155.000 Y31.250
G1 X146.000 Y31.250 E0.2237 
G92 E0.0000
; segment
G92 E0.0000
G1 F3300.000
G1 Z2.999
G1 X146.000 Y31.250
G1 X145.000 Y31.250 E0.0249 
G92 E0.0000
; segment
G92 E0.0000
G1 F2400.000
G1 Z2.999
G1 X145.000 Y31.250
G1 X131.250 Y31.250 E0.5697 
G1 X131.250 Y31.750 E0.5904 
G1 X145.000 Y31.750 E1.1601 
G92 E0.0000
; segment
G92 E0.0000
G1 F3300.000
G1 Z2.999
G1 X145.000 Y31.750
G1 X154.000 Y31.750 E0.2237 
G92 E0.0000
; segment
G92 E0.0000
G1 F3300.000
G1 Z2.999
G1 X154.000 Y31.750
G1 X155.000 Y31.750 E0.0249 
G92 E0.0000
; segment
G92 E0.0000
G1 F2400.000
G1 Z2.999
G1 X155.000 Y31.750
G1 X168.750 Y31.750 E0.5697 
G1 X168.750 Y32.250 E0.5904 
G1 X155.000 Y32.250 E1.1601 
G92 E0.0000
; segment
G92 E0.0000
G1 F3300.000
G1 Z2.999
G1 X155.000 Y32.250
G1 X146.000 Y32.250 E0.2237 
G92 E0.0000
; segment
G92 E0.0000
G1 F3300.000
G1 Z2.999
G1 X146.000 Y32.250
G1 X145.000 Y32.250 E0.0249 
G92 E0.0000
; segment
G92 E0.0000
G1 F2400.000
G1 Z2.999
G1 X145.000 Y32.250
G1 X131.250 Y32.250 E0.5697 
G1 X131.250 Y32.750 E0.5904 
G1 X145.000 Y32.750 E1.1601 
G92 E0.0000
; segment
G92 E0.0000
G1 F3300.000
G1 Z2.999
G1 X145.000 Y32.750
G1 X154.000 Y32.750 E0.2237 
G92 E0.0000
; segment
G92 E0.0000
G1 F3300.000
G1 Z2.999
G1 X154.000 Y32.750
G1 X155.000 Y32.750 E0.0249 
G92 E0.0000
; segment
G92 E0.0000
G1 F2400.000
G1 Z2.999
G1 X155.000 Y32.750
G1 X168.750 Y32.750 E0.5697 
G1 X168.750 Y33.250 E0.5904 
G1 X155.000 Y33.250 E1.1601 
G92 E0.0000
; segment
G92 E0.0000
G1 F3300.000
G1 Z2.999
G1 X155.000 Y33.250
G1 X146.000 Y33.250 E0.2237 
G92 E0.0000
; segment
G92 E0.0000
G1 F3300.000
G1 Z2.999
G1 X146.000 Y33.250
G1 X145.000 Y33.250 E0.0249 
G92 E0.0000
; segment
G92 E0.0000
G1 F2400.000
G1 Z2.999
G1 X145.000 Y33.250
G1 X131.250 Y33.250 E0.5697 
G1 X131.250 Y33.750 E0.5904 
G1 X145.000 Y33.750 E1.1601 
G92 E0.0000
; segment
G92 E0.0000
G1 F3300.000
G1 Z2.999
G1 X145.000 Y33.750
G1 X154.000 Y33.750 E0.2237 
G92 E0.0000
; segment
G92 E0.0000
G1 F3300.000
G1 Z2.999
G1 X154.000 Y33.750
G1 X155.000 Y33.750 E0.0249 
G92 E0.0000
; segment
G92 E0.0000
G1 F2400.000
G1 Z2.999
G1 X155.000 Y33.750
G1 X168.750 Y33.750 E0.5697 
G92 E0.0000
; jumping
G92 E0.0000
G1 E-0.500 F2400
G1 X168.750 Y51.250 F12000.000
G1 E0 F2400
G92 E0.0000
; segment
G92 E0.0000
G1 F2400.000
G1 Z2.999
G1 X168.750 Y51.250
G1 X155.000 Y51.250 E0.5697 
G92 E0.0000
; segment
G92 E0.0000
G1 F3300.000
G1 Z2.999
G1 X155.000 Y51.250
G1 X146.000 Y51.250 E0.2237 
G92 E0.0000
; segment
G92 E0.0000
G1 F3300.000
G1 Z2.999
G1 X146.000 Y51.250
G1 X145.000 Y51.250 E0.0249 
G92 E0.0000
; segment
G92 E0.0000
G1 F2400.000
G1 Z2.999
G1 X145.000 Y51.250
G1 X131.250 Y51.250 E0.5697 
G1 X131.250 Y51.750 E0.5904 
G1 X145.000 Y51.750 E1.1601 
G92 E0.0000
; segment
G92 E0.0000
G1 F3300.000
G1 Z2.999
G1 X145.000 Y51.750
G1 X154.000 Y51.750 E0.2237 
G92 E0.0000
; segment
G92 E0.0000
G1 F3300.000
G1 Z2.999
G1 X154.000 Y51.750
G1 X155.000 Y51.750 E0.0249 
G92 E0.0000
; segment
G92 E0.0000
G1 F2400.000
G1 Z2.999
G1 X155.000 Y51.750
G1 X168.750 Y51.750 E0.5697 
G1 X168.750 Y52.250 E0.5904 
G1 X155.000 Y52.250 E1.1601 
G92 E0.0000
; segment
G92 E0.0000
G1 F3300.000
G1 Z2.999
G1 X155.000 Y52.250
G1 X146.000 Y52.250 E0.2237 
G92 E0.0000
; segment
G92 E0.0000
G1 F3300.000
G1 Z2.999
G1 X146.000 Y52.250
G1 X145.000 Y52.250 E0.0249 
G92 E0.0000
; segment
G92 E0.0000
G1 F2400.000
G1 Z2.999
G1 X145.000 Y52.250
G1 X131.250 Y52.250 E0.5697 
G1 X131.250 Y52.750 E0.5904 
G1 X145.000 Y52.750 E1.1601 
G92 E0.0000
; segment
G92 E0.0000
G1 F3300.000
G1 Z2.999
G1 X145.000 Y52.750
G1 X154.000 Y52.750 E0.2237 
G92 E0.0000
; segment
G92 E0.0000
G1 F3300.000
G1 Z2.999
G1 X154.000 Y52.750
G1 X155.000 Y52.750 E0.0249 
G92 E0.0000
; segment
G92 E0.0000
G1 F2400.000
G1 Z2.999
G1 X155.000 Y52.750
G1 X168.750 Y52.750 E0.5697 
G1 X168.750 Y53.250 E0.5904 
G1 X155.000 Y53.250 E1.1601 
G92 E0.0000
; segment
G92 E0.0000
G1 F3300.000
G1 Z2.999
G1 X155.000 Y53.250
G1 X146.000 Y53.250 E0.2237 
G92 E0.0000
; segment
G92 E0.0000
G1 F3300.000
G1 Z2.999
G1 X146.000 Y53.250
G1 X145.000 Y53.250 E0.0249 
G92 E0.0000
; segment
G92 E0.0000
G1 F2400.000
G1 Z2.999
G1 X145.000 Y53.250
G1 X131.250 Y53.250 E0.5697 
G1 X131.250 Y53.750 E0.5904 
G1 X145.000 Y53.750 E1.1601 
G92 E0.0000
; segment
G92 E0.0000
G1 F3300.000
G1 Z2.999
G1 X145.000 Y53.750
G1 X154.000 Y53.750 E0.2237 
G92 E0.0000
; segment
G92 E0.0000
G1 F3300.000
G1 Z2.999
G1 X154.000 Y53.750
G1 X155.000 Y53.750 E0.0249 
G92 E0.0000
; segment
G92 E0.0000
G1 F2400.000
G1 Z2.999
G1 X155.000 Y53.750
G1 X168.750 Y53.750 E0.5697 
G1 X168.750 Y54.250 E0.5904 
G1 X155.000 Y54.250 E1.1601 
G92 E0.0000
; segment
G92 E0.0000
G1 F3300.000
G1 Z2.999
G1 X155.000 Y54.250
G1 X146.000 Y54.250 E0.2237 
G92 E0.0000
; segment
G92 E0.0000
G1 F3300.000
G1 Z2.999
G1 X146.000 Y54.250
G1 X145.000 Y54.250 E0.0249 
G92 E0.0000
; segment
G92 E0.0000
G1 F2400.000
G1 Z2.999
G1 X145.000 Y54.250
G1 X131.250 Y54.250 E0.5697 
G1 X131.250 Y54.750 E0.5904 
G1 X145.000 Y54.750 E1.1601 
G92 E0.0000
; segment
G92 E0.0000
G1 F3300.000
G1 Z2.999
G1 X145.000 Y54.750
G1 X154.000 Y54.750 E0.2237 
G92 E0.0000
; segment
G92 E0.0000
G1 F3300.000
G1 Z2.999
G1 X154.000 Y54.750
G1 X155.000 Y54.750 E0.0249 
G92 E0.0000
; segment
G92 E0.0000
G1 F2400.000
G1 Z2.999
G1 X155.000 Y54.750
G1 X168.750 Y54.750 E0.5697 
G1 X168.750 Y55.250 E0.5904 
G1 X155.000 Y55.250 E1.1601 
G92 E0.0000
; segment
G92 E0.0000
G1 F3300.000
G1 Z2.999
G1 X155.000 Y55.250
G1 X146.000 Y55.250 E0.2237 
G92 E0.0000
; segment
G92 E0.0000
G1 F3300.000
G1 Z2.999
G1 X146.000 Y55.250
G1 X145.000 Y55.250 E0.0249 
G92 E0.0000
; segment
G92 E0.0000
G1 F2400.000
G1 Z2.999
G1 X145.000 Y55.250
G1 X131.250 Y55.250 E0.5697 
G1 X131.250 Y55.750 E0.5904 
G1 X145.000 Y55.750 E1.1601 
G92 E0.0000
; segment
G92 E0.0000
G1 F3300.000
G1 Z2.999
G1 X145.000 Y55.750
G1 X154.000 Y55.750 E0.2237 
G92 E0.0000
; segment
G92 E0.0000
G1 F3300.000
G1 Z2.999
G1 X154.000 Y55.750
G1 X155.000 Y55.750 E0.0249 
G92 E0.0000
; segment
G92 E0.0000
G1 F2400.000
G1 Z2.999
G1 X155.000 Y55.750
G1 X168.750 Y55.750 E0.5697 
G1 X168.750 Y56.250 E0.5904 
G1 X155.000 Y56.250 E1.1601 
G92 E0.0000
; segment
G92 E0.0000
G1 F3300.000
G1 Z2.999
G1 X155.000 Y56.250
G1 X146.000 Y56.250 E0.2237 
G92 E0.0000
; segment
G92 E0.0000
G1 F3300.000
G1 Z2.999
G1 X146.000 Y56.250
G1 X145.000 Y56.250 E0.0249 
G92 E0.0000
; segment
G92 E0.0000
G1 F2400.000
G1 Z2.999
G1 X145.000 Y56.250
G1 X131.250 Y56.250 E0.5697 
G1 X131.250 Y56.750 E0.5904 
G1 X145.000 Y56.750 E1.1601 
G92 E0.0000
; segment
G92 E0.0000
G1 F3300.000
G1 Z2.999
G1 X145.000 Y56.750
G1 X154.000 Y56.750 E0.2237 
G92 E0.0000
; segment
G92 E0.0000
G1 F3300.000
G1 Z2.999
G1 X154.000 Y56.750
G1 X155.000 Y56.750 E0.0249 
G92 E0.0000
; segment
G92 E0.0000
G1 F2400.000
G1 Z2.999
G1 X155.000 Y56.750
G1 X168.750 Y56.750 E0.5697 
G1 X168.750 Y57.250 E0.5904 
G1 X155.000 Y57.250 E1.1601 
G92 E0.0000
; segment
G92 E0.0000
G1 F3300.000
G1 Z2.999
G1 X155.000 Y57.250
G1 X146.000 Y57.250 E0.2237 
G92 E0.0000
; segment
G92 E0.0000
G1 F3300.000
G1 Z2.999
G1 X146.000 Y57.250
G1 X145.000 Y57.250 E0.0249 
G92 E0.0000
; segment
G92 E0.0000
G1 F2400.000
G1 Z2.999
G1 X145.000 Y57.250
G1 X131.250 Y57.250 E0.5697 
G1 X131.250 Y57.750 E0.5904 
G1 X145.000 Y57.750 E1.1601 
G92 E0.0000
; segment
G92 E0.0000
G1 F3300.000
G1 Z2.999
G1 X145.000 Y57.750
G1 X154.000 Y57.750 E0.2237 
G92 E0.0000
; segment
G92 E0.0000
G1 F3300.000
G1 Z2.999
G1 X154.000 Y57.750
G1 X155.000 Y57.750 E0.0249 
G92 E0.0000
; segment
G92 E0.0000
G1 F2400.000
G1 Z2.999
G1 X155.000 Y57.750
G1 X168.750 Y57.750 E0.5697 
G1 X168.750 Y58.250 E0.5904 
G1 X155.000 Y58.250 E1.1601 
G92 E0.0000
; segment
G92 E0.0000
G1 F3300.000
G1 Z2.999
G1 X155.000 Y58.250
G1 X146.000 Y58.250 E0.2237 
G92 E0.0000
; segment
G92 E0.0000
G1 F3300.000
G1 Z2.999
G1 X146.000 Y58.250
G1 X145.000 Y58.250 E0.0249 
G92 E0.0000
; segment
G92 E0.0000
G1 F2400.000
G1 Z2.999
G1 X145.000 Y58.250
G1 X131.250 Y58.250 E0.5697 
G1 X131.250 Y58.750 E0.5904 
G1 X145.000 Y58.750 E1.1601 
G92 E0.0000
; segment
G92 E0.0000
G1 F3300.000
G1 Z2.999
G1 X145.000 Y58.750
G1 X154.000 Y58.750 E0.2237 
G92 E0.0000
; segment
G92 E0.0000
G1 F3300.000
G1 Z2.999
G1 X154.000 Y58.750
G1 X155.000 Y58.750 E0.0249 
G92 E0.0000
; segment
G92 E0.0000
G1 F2400.000
G1 Z2.999
G1 X155.000 Y58.750
G1 X168.750 Y58.750 E0.5697 
G92 E0.0000
; jumping
G92 E0.0000
G1 E-0.500 F2400
G1 X168.750 Y76.250 F12000.000
G1 E0 F2400
G92 E0.0000
; segment
G92 E0.0000
G1 F2400.000
G1 Z2.999
G1 X168.750 Y76.250
G1 X155.000 Y76.250 E0.5697 
G92 E0.0000
; segment
G92 E0.0000
G1 F3300.000
G1 Z2.999
G1 X155.000 Y76.250
G1 X146.000 Y76.250 E0.2237 
G92 E0.0000
; segment
G92 E0.0000
G1 F3300.000
G1 Z2.999
G1 X146.000 Y76.250
G1 X145.000 Y76.250 E0.0249 
G92 E0.0000
; segment
G92 E0.0000
G1 F2400.000
G1 Z2.999
G1 X145.000 Y76.250
G1 X131.250 Y76.250 E0.5697 
G1 X131.250 Y76.750 E0.5904 
G1 X145.000 Y76.750 E1.1601 
G92 E0.0000
; segment
G92 E0.0000
G1 F3300.000
G1 Z2.999
G1 X145.000 Y76.750
G1 X154.000 Y76.750 E0.2237 
G92 E0.0000
; segment
G92 E0.0000
G1 F3300.000
G1 Z2.999
G1 X154.000 Y76.750
G1 X155.000 Y76.750 E0.0249 
G92 E0.0000
; segment
G92 E0.0000
G1 F2400.000
G1 Z2.999
G1 X155.000 Y76.750
G1 X168.750 Y76.750 E0.5697 
G1 X168.750 Y77.250 E0.5904 
G1 X155.000 Y77.250 E1.1601 
G92 E0.0000
; segment
G92 E0.0000
G1 F3300.000
G1 Z2.999
G1 X155.000 Y77.250
G1 X146.000 Y77.250 E0.2237 
G92 E0.0000
; segment
G92 E0.0000
G1 F3300.000
G1 Z2.999
G1 X146.000 Y77.250
G1 X145.000 Y77.250 E0.0249 
G92 E0.0000
; segment
G92 E0.0000
G1 F2400.000
G1 Z2.999
G1 X145.000 Y77.250
G1 X131.250 Y77.250 E0.5697 
G1 X131.250 Y77.750 E0.5904 
G1 X145.000 Y77.750 E1.1601 
G92 E0.0000
; segment
G92 E0.0000
G1 F3300.000
G1 Z2.999
G1 X145.000 Y77.750
G1 X154.000 Y77.750 E0.2237 
G92 E0.0000
; segment
G92 E0.0000
G1 F3300.000
G1 Z2.999
G1 X154.000 Y77.750
G1 X155.000 Y77.750 E0.0249 
G92 E0.0000
; segment
G92 E0.0000
G1 F2400.000
G1 Z2.999
G1 X155.000 Y77.750
G1 X168.750 Y77.750 E0.5697 
G1 X168.750 Y78.250 E0.5904 
G1 X155.000 Y78.250 E1.1601 
G92 E0.0000
; segment
G92 E0.0000
G1 F3300.000
G1 Z2.999
G1 X155.000 Y78.250
G1 X146.000 Y78.250 E0.2237 
G92 E0.0000
; segment
G92 E0.0000
G1 F3300.000
G1 Z2.999
G1 X146.000 Y78.250
G1 X145.000 Y78.250 E0.0249 
G92 E0.0000
; segment
G92 E0.0000
G1 F2400.000
G1 Z2.999
G1 X145.000 Y78.250
G1 X131.250 Y78.250 E0.5697 
G1 X131.250 Y78.750 E0.5904 
G1 X145.000 Y78.750 E1.1601 
G92 E0.0000
; segment
G92 E0.0000
G1 F3300.000
G1 Z2.999
G1 X145.000 Y78.750
G1 X154.000 Y78.750 E0.2237 
G92 E0.0000
; segment
G92 E0.0000
G1 F3300.000
G1 Z2.999
G1 X154.000 Y78.750
G1 X155.000 Y78.750 E0.0249 
G92 E0.0000
; segment
G92 E0.0000
G1 F2400.000
G1 Z2.999
G1 X155.000 Y78.750
G1 X168.750 Y78.750 E0.5697 
G1 X168.750 Y79.250 E0.5904 
G1 X155.000 Y79.250 E1.1601 
G92 E0.0000
; segment
G92 E0.0000
G1 F3300.000
G1 Z2.999
G1 X155.000 Y79.250
G1 X146.000 Y79.250 E0.2237 
G92 E0.0000
; segment
G92 E0.0000
G1 F3300.000
G1 Z2.999
G1 X146.000 Y79.250
G1 X145.000 Y79.250 E0.0249 
G92 E0.0000
; segment
G92 E0.0000
G1 F2400.000
G1 Z2.999
G1 X145.000 Y79.250
G1 X131.250 Y79.250 E0.5697 
G1 X131.250 Y79.750 E0.5904 
G1 X145.000 Y79.750 E1.1601 
G92 E0.0000
; segment
G92 E0.0000
G1 F3300.000
G1 Z2.999
G1 X145.000 Y79.750
G1 X154.000 Y79.750 E0.2237 
G92 E0.0000
; segment
G92 E0.0000
G1 F3300.000
G1 Z2.999
G1 X154.000 Y79.750
G1 X155.000 Y79.750 E0.0249 
G92 E0.0000
; segment
G92 E0.0000
G1 F2400.000
G1 Z2.999
G1 X155.000 Y79.750
G1 X168.750 Y79.750 E0.5697 
G1 X168.750 Y80.250 E0.5904 
G1 X155.000 Y80.250 E1.1601 
G92 E0.0000
; segment
G92 E0.0000
G1 F3300.000
G1 Z2.999
G1 X155.000 Y80.250
G1 X146.000 Y80.250 E0.2237 
G92 E0.0000
; segment
G92 E0.0000
G1 F3300.000
G1 Z2.999
G1 X146.000 Y80.250
G1 X145.000 Y80.250 E0.0249 
G92 E0.0000
; segment
G92 E0.0000
G1 F2400.000
G1 Z2.999
G1 X145.000 Y80.250
G1 X131.250 Y80.250 E0.5697 
G1 X131.250 Y80.750 E0.5904 
G1 X145.000 Y80.750 E1.1601 
G92 E0.0000
; segment
G92 E0.0000
G1 F3300.000
G1 Z2.999
G1 X145.000 Y80.750
G1 X154.000 Y80.750 E0.2237 
G92 E0.0000
; segment
G92 E0.0000
G1 F3300.000
G1 Z2.999
G1 X154.000 Y80.750
G1 X155.000 Y80.750 E0.0249 
G92 E0.0000
; segment
G92 E0.0000
G1 F2400.000
G1 Z2.999
G1 X155.000 Y80.750
G1 X168.750 Y80.750 E0.5697 
G1 X168.750 Y81.250 E0.5904 
G1 X155.000 Y81.250 E1.1601 
G92 E0.0000
; segment
G92 E0.0000
G1 F3300.000
G1 Z2.999
G1 X155.000 Y81.250
G1 X146.000 Y81.250 E0.2237 
G92 E0.0000
; segment
G92 E0.0000
G1 F3300.000
G1 Z2.999
G1 X146.000 Y81.250
G1 X145.000 Y81.250 E0.0249 
G92 E0.0000
; segment
G92 E0.0000
G1 F2400.000
G1 Z2.999
G1 X145.000 Y81.250
G1 X131.250 Y81.250 E0.5697 
G1 X131.250 Y81.750 E0.5904 
G1 X145.000 Y81.750 E1.1601 
G92 E0.0000
; segment
G92 E0.0000
G1 F3300.000
G1 Z2.999
G1 X145.000 Y81.750
G1 X154.000 Y81.750 E0.2237 
G92 E0.0000
; segment
G92 E0.0000
G1 F3300.000
G1 Z2.999
G1 X154.000 Y81.750
G1 X155.000 Y81.750 E0.0249 
G92 E0.0000
; segment
G92 E0.0000
G1 F2400.000
G1 Z2.999
G1 X155.000 Y81.750
G1 X168.750 Y81.750 E0.5697 
G1 X168.750 Y82.250 E0.5904 
G1 X155.000 Y82.250 E1.1601 
G92 E0.0000
; segment
G92 E0.0000
G1 F3300.000
G1 Z2.999
G1 X155.000 Y82.250
G1 X146.000 Y82.250 E0.2237 
G92 E0.0000
; segment
G92 E0.0000
G1 F3300.000
G1 Z2.999
G1 X146.000 Y82.250
G1 X145.000 Y82.250 E0.0249 
G92 E0.0000
; segment
G92 E0.0000
G1 F2400.000
G1 Z2.999
G1 X145.000 Y82.250
G1 X131.250 Y82.250 E0.5697 
G1 X131.250 Y82.750 E0.5904 
G1 X145.000 Y82.750 E1.1601 
G92 E0.0000
; segment
G92 E0.0000
G1 F3300.000
G1 Z2.999
G1 X145.000 Y82.750
G1 X154.000 Y82.750 E0.2237 
G92 E0.0000
; segment
G92 E0.0000
G1 F3300.000
G1 Z2.999
G1 X154.000 Y82.750
G1 X155.000 Y82.750 E0.0249 
G92 E0.0000
; segment
G92 E0.0000
G1 F2400.000
G1 Z2.999
G1 X155.000 Y82.750
G1 X168.750 Y82.750 E0.5697 
G1 X168.750 Y83.250 E0.5904 
G1 X155.000 Y83.250 E1.1601 
G92 E0.0000
; segment
G92 E0.0000
G1 F3300.000
G1 Z2.999
G1 X155.000 Y83.250
G1 X146.000 Y83.250 E0.2237 
G92 E0.0000
; segment
G92 E0.0000
G1 F3300.000
G1 Z2.999
G1 X146.000 Y83.250
G1 X145.000 Y83.250 E0.0249 
G92 E0.0000
; segment
G92 E0.0000
G1 F2400.000
G1 Z2.999
G1 X145.000 Y83.250
G1 X131.250 Y83.250 E0.5697 
G1 X131.250 Y83.750 E0.5904 
G1 X145.000 Y83.750 E1.1601 
G92 E0.0000
; segment
G92 E0.0000
G1 F3300.000
G1 Z2.999
G1 X145.000 Y83.750
G1 X154.000 Y83.750 E0.2237 
G92 E0.0000
; segment
G92 E0.0000
G1 F3300.000
G1 Z2.999
G1 X154.000 Y83.750
G1 X155.000 Y83.750 E0.0249 
G92 E0.0000
; segment
G92 E0.0000
G1 F2400.000
G1 Z2.999
G1 X155.000 Y83.750
G1 X168.750 Y83.750 E0.5697 
G92 E0.0000
G1 Z100 F720 ; Move print head up
G1 X0 Y200 F3600 ; park

G4 ; wait
M221 S100 ; reset flow
M900 K0 ; reset LA

M104 S0 ; turn off temperature
M140 S0 ; turn off heatbed
M107 ; turn off fan
M84 ; disable motors