M140 S110
M104 S230

M190 S110
M109 S230
M400
G28 ; HOME GERAL
G29 V4 T ; AUTO NIVELAMENTO
M400
G92 E0; RESETA EXTRUSOR
G1 X0 Y0 Z0.7 F10000; VAI PARA PONTO DE PURGA
G1 E20 F150; FAZ A PURGA
G92 E0;  RESETA EXTRUSOR
G1 E-4; RETIRA PRESSAO DO BICO
G1 Z10; SOBE O BICO
G1 X0 Y30 F10000; MOVIMENTO PRA SOLTAR PURGA
; IMPRIMINDO; jumping
G92 E3.0000
G1 E0 F2400
G1 X172.850 Y47.850 F12000.000
G1 E3 F2400
G92 E0.0000
; segment
G92 E0.0000
G1 F2400.000
G1 Z0.200
G1 X172.850 Y47.850
G1 X172.850 Y62.850 E0.3729 
G1 X167.850 Y62.850 E0.4972 
G1 X167.850 Y124.150 E2.0210 
G1 X172.750 Y124.150 E2.1428 
G1 X172.750 Y139.150 E2.5157 
G1 X187.250 Y139.150 E2.8762 
G1 X187.250 Y124.150 E3.2490 
G1 X192.150 Y124.150 E3.3709 
G1 X192.150 Y62.850 E4.8947 
G1 X187.150 Y62.850 E5.0190 
G1 X187.150 Y47.850 E5.3919 
G1 X172.850 Y47.850 E5.7474 
G92 E0.0000
; segment
G92 E0.0000
G1 F2400.000
G1 Z0.200
G1 X173.250 Y48.250
G1 X173.250 Y63.250 E0.3729 
G1 X168.250 Y63.250 E0.4972 
G1 X168.250 Y123.750 E2.0011 
G1 X173.150 Y123.750 E2.1229 
G1 X173.150 Y138.750 E2.4958 
G1 X186.850 Y138.750 E2.8364 
G1 X186.850 Y123.750 E3.2093 
G1 X191.750 Y123.750 E3.3311 
G1 X191.750 Y63.250 E4.8350 
G1 X186.750 Y63.250 E4.9593 
G1 X186.750 Y48.250 E5.3322 
G1 X173.250 Y48.250 E5.6678 
G92 E0.0000
; segment
G92 E0.0000
G1 F2400.000
G1 Z0.200
G1 X173.650 Y48.650
G1 X173.650 Y63.650 E0.3729 
G1 X168.650 Y63.650 E0.4972 
G1 X168.650 Y123.350 E1.9812 
G1 X173.550 Y123.350 E2.1031 
G1 X173.550 Y138.350 E2.4759 
G1 X186.450 Y138.350 E2.7966 
G1 X186.450 Y123.350 E3.1695 
G1 X191.350 Y123.350 E3.2913 
G1 X191.350 Y63.650 E4.7754 
G1 X186.350 Y63.650 E4.8997 
G1 X186.350 Y48.650 E5.2726 
G1 X173.650 Y48.650 E5.5883 
G92 E0.0000
; segment
G92 E0.0000
G1 F2400.000
G1 Z0.200
G1 X174.050 Y49.050
G1 X174.050 Y64.050 E0.3729 
G1 X169.050 Y64.050 E0.4972 
G1 X169.050 Y122.950 E1.9614 
G1 X173.950 Y122.950 E2.0832 
G1 X173.950 Y137.950 E2.4561 
G1 X186.050 Y137.950 E2.7568 
G1 X186.050 Y122.950 E3.1297 
G1 X190.950 Y122.950 E3.2515 
G1 X190.950 Y64.050 E4.7157 
G1 X185.950 Y64.050 E4.8400 
G1 X185.950 Y49.050 E5.2129 
G1 X174.050 Y49.050 E5.5087 
G92 E0.0000
; segment
G92 E0.0000
G1 F2400.000
G1 Z0.200
G1 X174.450 Y49.450
G1 X174.450 Y64.450 E0.3729 
G1 X169.450 Y64.450 E0.4972 
G1 X169.450 Y122.550 E1.9415 
G1 X174.350 Y122.550 E2.0633 
G1 X174.350 Y137.550 E2.4362 
G1 X185.650 Y137.550 E2.7171 
G1 X185.650 Y122.550 E3.0900 
G1 X190.550 Y122.550 E3.2118 
G1 X190.550 Y64.450 E4.6561 
G1 X185.550 Y64.450 E4.7804 
G1 X185.550 Y49.450 E5.1532 
G1 X174.450 Y49.450 E5.4292 
G92 E0.0000
; segment
G92 E0.0000
G1 F2400.000
G1 Z0.200
G1 X174.850 Y49.850
G1 X174.850 Y64.850 E0.3729 
G1 X169.850 Y64.850 E0.4972 
G1 X169.850 Y122.150 E1.9216 
G1 X174.750 Y122.150 E2.0434 
G1 X174.750 Y137.150 E2.4163 
G1 X185.250 Y137.150 E2.6773 
G1 X185.250 Y122.150 E3.0502 
G1 X190.150 Y122.150 E3.1720 
G1 X190.150 Y64.850 E4.5964 
G1 X185.150 Y64.850 E4.7207 
G1 X185.150 Y49.850 E5.0936 
G1 X174.850 Y49.850 E5.3496 
G92 E0.0000
; segment
G92 E0.0000
G1 F2400.000
G1 Z0.200
G1 X175.250 Y50.250
G1 X175.250 Y65.250 E0.3729 
G1 X170.250 Y65.250 E0.4972 
G1 X170.250 Y75.000 E0.7396 
G92 E0.0000
; segment
G92 E0.0000
G1 F2400.000
G1 Z0.200
G1 X170.250 Y75.000
G1 X170.250 Y108.300 E1.1037 
G92 E0.0000
; segment
G92 E0.0000
G1 F2400.000
G1 Z0.200
G1 X170.250 Y108.300
G1 X170.250 Y112.000 E0.1226 
G92 E0.0000
; segment
G92 E0.0000
G1 F2400.000
G1 Z0.200
G1 X170.250 Y112.000
G1 X170.250 Y121.750 E0.2424 
G1 X175.150 Y121.750 E0.3642 
G1 X175.150 Y136.750 E0.7371 
G1 X184.850 Y136.750 E0.9782 
G1 X184.850 Y121.750 E1.3511 
G1 X189.750 Y121.750 E1.4729 
G1 X189.750 Y112.000 E1.7153 
G92 E0.0000
; segment
G92 E0.0000
G1 F2400.000
G1 Z0.200
G1 X189.750 Y112.000
G1 X189.750 Y78.700 E1.1037 
G92 E0.0000
; segment
G92 E0.0000
G1 F2400.000
G1 Z0.200
G1 X189.750 Y78.700
G1 X189.750 Y75.000 E0.1226 
G92 E0.0000
; segment
G92 E0.0000
G1 F2400.000
G1 Z0.200
G1 X189.750 Y75.000
G1 X189.750 Y65.250 E0.2424 
G1 X184.750 Y65.250 E0.3667 
G1 X184.750 Y50.250 E0.7396 
G1 X175.250 Y50.250 E0.9757 
G92 E0.0000
; segment
G92 E0.0000
G1 F2400.000
G1 Z0.200
G1 X175.750 Y50.750
G1 X175.750 Y65.750 E0.3729 
G1 X170.750 Y65.750 E0.4972 
G1 X170.750 Y75.000 E0.7271 
G92 E0.0000
; segment
G92 E0.0000
G1 F2400.000
G1 Z0.200
G1 X170.750 Y75.000
G1 X170.750 Y108.300 E1.1037 
G92 E0.0000
; segment
G92 E0.0000
G1 F2400.000
G1 Z0.200
G1 X170.750 Y108.300
G1 X170.750 Y112.000 E0.1226 
G92 E0.0000
; segment
G92 E0.0000
G1 F2400.000
G1 Z0.200
G1 X170.750 Y112.000
G1 X170.750 Y121.250 E0.2299 
G1 X175.650 Y121.250 E0.3518 
G1 X175.650 Y136.250 E0.7246 
G1 X184.350 Y136.250 E0.9409 
G1 X184.350 Y121.250 E1.3138 
G1 X189.250 Y121.250 E1.4356 
G1 X189.250 Y112.000 E1.6655 
G92 E0.0000
; segment
G92 E0.0000
G1 F2400.000
G1 Z0.200
G1 X189.250 Y112.000
G1 X189.250 Y78.700 E1.1037 
G92 E0.0000
; segment
G92 E0.0000
G1 F2400.000
G1 Z0.200
G1 X189.250 Y78.700
G1 X189.250 Y75.000 E0.1226 
G92 E0.0000
; segment
G92 E0.0000
G1 F2400.000
G1 Z0.200
G1 X189.250 Y75.000
G1 X189.250 Y65.750 E0.2299 
G1 X184.250 Y65.750 E0.3542 
G1 X184.250 Y50.750 E0.7271 
G1 X175.750 Y50.750 E0.9384 
G92 E0.0000
; jumping
G92 E3.0000
G1 E0 F2400
G1 X183.750 Y51.250 F12000.000
G1 E3 F2400
G92 E0.0000
; segment
G92 E0.0000
G1 F2400.000
G1 Z0.200
G1 X183.750 Y51.250
G1 X183.750 Y75.000 E0.5904 
G92 E0.0000
; segment
G92 E0.0000
G1 F2400.000
G1 Z0.200
G1 X183.750 Y75.000
G1 X183.750 Y108.300 E1.1037 
G92 E0.0000
; segment
G92 E0.0000
G1 F2400.000
G1 Z0.200
G1 X183.750 Y108.300
G1 X183.750 Y112.000 E0.1226 
G92 E0.0000
; segment
G92 E0.0000
G1 F2400.000
G1 Z0.200
G1 X183.750 Y112.000
G1 X183.750 Y135.750 E0.5904 
G1 X183.250 Y135.750 E0.6028 
G1 X183.250 Y112.000 E1.1932 
G92 E0.0000
; segment
G92 E0.0000
G1 F2400.000
G1 Z0.200
G1 X183.250 Y112.000
G1 X183.250 Y78.700 E1.1037 
G92 E0.0000
; segment
G92 E0.0000
G1 F2400.000
G1 Z0.200
G1 X183.250 Y78.700
G1 X183.250 Y75.000 E0.1226 
G92 E0.0000
; segment
G92 E0.0000
G1 F2400.000
G1 Z0.200
G1 X183.250 Y75.000
G1 X183.250 Y51.250 E0.5904 
G1 X182.750 Y51.250 E0.6028 
G1 X182.750 Y75.000 E1.1932 
G92 E0.0000
; segment
G92 E0.0000
G1 F2400.000
G1 Z0.200
G1 X182.750 Y75.000
G1 X182.750 Y108.300 E1.1037 
G92 E0.0000
; segment
G92 E0.0000
G1 F2400.000
G1 Z0.200
G1 X182.750 Y108.300
G1 X182.750 Y112.000 E0.1226 
G92 E0.0000
; segment
G92 E0.0000
G1 F2400.000
G1 Z0.200
G1 X182.750 Y112.000
G1 X182.750 Y135.750 E0.5904 
G1 X182.250 Y135.750 E0.6028 
G1 X182.250 Y112.000 E1.1932 
G92 E0.0000
; segment
G92 E0.0000
G1 F2400.000
G1 Z0.200
G1 X182.250 Y112.000
G1 X182.250 Y78.700 E1.1037 
G92 E0.0000
; segment
G92 E0.0000
G1 F2400.000
G1 Z0.200
G1 X182.250 Y78.700
G1 X182.250 Y75.000 E0.1226 
G92 E0.0000
; segment
G92 E0.0000
G1 F2400.000
G1 Z0.200
G1 X182.250 Y75.000
G1 X182.250 Y51.250 E0.5904 
G1 X181.750 Y51.250 E0.6028 
G1 X181.750 Y75.000 E1.1932 
G92 E0.0000
; segment
G92 E0.0000
G1 F2400.000
G1 Z0.200
G1 X181.750 Y75.000
G1 X181.750 Y108.300 E1.1037 
G92 E0.0000
; segment
G92 E0.0000
G1 F2400.000
G1 Z0.200
G1 X181.750 Y108.300
G1 X181.750 Y112.000 E0.1226 
G92 E0.0000
; segment
G92 E0.0000
G1 F2400.000
G1 Z0.200
G1 X181.750 Y112.000
G1 X181.750 Y135.750 E0.5904 
G1 X181.250 Y135.750 E0.6028 
G1 X181.250 Y112.000 E1.1932 
G92 E0.0000
; segment
G92 E0.0000
G1 F2400.000
G1 Z0.200
G1 X181.250 Y112.000
G1 X181.250 Y78.700 E1.1037 
G92 E0.0000
; segment
G92 E0.0000
G1 F2400.000
G1 Z0.200
G1 X181.250 Y78.700
G1 X181.250 Y75.000 E0.1226 
G92 E0.0000
; segment
G92 E0.0000
G1 F2400.000
G1 Z0.200
G1 X181.250 Y75.000
G1 X181.250 Y51.250 E0.5904 
G1 X180.750 Y51.250 E0.6028 
G1 X180.750 Y75.000 E1.1932 
G92 E0.0000
; segment
G92 E0.0000
G1 F2400.000
G1 Z0.200
G1 X180.750 Y75.000
G1 X180.750 Y108.300 E1.1037 
G92 E0.0000
; segment
G92 E0.0000
G1 F2400.000
G1 Z0.200
G1 X180.750 Y108.300
G1 X180.750 Y112.000 E0.1226 
G92 E0.0000
; segment
G92 E0.0000
G1 F2400.000
G1 Z0.200
G1 X180.750 Y112.000
G1 X180.750 Y135.750 E0.5904 
G1 X180.250 Y135.750 E0.6028 
G1 X180.250 Y112.000 E1.1932 
G92 E0.0000
; segment
G92 E0.0000
G1 F2400.000
G1 Z0.200
G1 X180.250 Y112.000
G1 X180.250 Y78.700 E1.1037 
G92 E0.0000
; segment
G92 E0.0000
G1 F2400.000
G1 Z0.200
G1 X180.250 Y78.700
G1 X180.250 Y75.000 E0.1226 
G92 E0.0000
; segment
G92 E0.0000
G1 F2400.000
G1 Z0.200
G1 X180.250 Y75.000
G1 X180.250 Y51.250 E0.5904 
G1 X179.750 Y51.250 E0.6028 
G1 X179.750 Y75.000 E1.1932 
G92 E0.0000
; segment
G92 E0.0000
G1 F2400.000
G1 Z0.200
G1 X179.750 Y75.000
G1 X179.750 Y108.300 E1.1037 
G92 E0.0000
; segment
G92 E0.0000
G1 F2400.000
G1 Z0.200
G1 X179.750 Y108.300
G1 X179.750 Y112.000 E0.1226 
G92 E0.0000
; segment
G92 E0.0000
G1 F2400.000
G1 Z0.200
G1 X179.750 Y112.000
G1 X179.750 Y135.750 E0.5904 
G1 X179.250 Y135.750 E0.6028 
G1 X179.250 Y112.000 E1.1932 
G92 E0.0000
; segment
G92 E0.0000
G1 F2400.000
G1 Z0.200
G1 X179.250 Y112.000
G1 X179.250 Y78.700 E1.1037 
G92 E0.0000
; segment
G92 E0.0000
G1 F2400.000
G1 Z0.200
G1 X179.250 Y78.700
G1 X179.250 Y75.000 E0.1226 
G92 E0.0000
; segment
G92 E0.0000
G1 F2400.000
G1 Z0.200
G1 X179.250 Y75.000
G1 X179.250 Y51.250 E0.5904 
G1 X178.750 Y51.250 E0.6028 
G1 X178.750 Y75.000 E1.1932 
G92 E0.0000
; segment
G92 E0.0000
G1 F2400.000
G1 Z0.200
G1 X178.750 Y75.000
G1 X178.750 Y108.300 E1.1037 
G92 E0.0000
; segment
G92 E0.0000
G1 F2400.000
G1 Z0.200
G1 X178.750 Y108.300
G1 X178.750 Y112.000 E0.1226 
G92 E0.0000
; segment
G92 E0.0000
G1 F2400.000
G1 Z0.200
G1 X178.750 Y112.000
G1 X178.750 Y135.750 E0.5904 
G1 X178.250 Y135.750 E0.6028 
G1 X178.250 Y112.000 E1.1932 
G92 E0.0000
; segment
G92 E0.0000
G1 F2400.000
G1 Z0.200
G1 X178.250 Y112.000
G1 X178.250 Y78.700 E1.1037 
G92 E0.0000
; segment
G92 E0.0000
G1 F2400.000
G1 Z0.200
G1 X178.250 Y78.700
G1 X178.250 Y75.000 E0.1226 
G92 E0.0000
; segment
G92 E0.0000
G1 F2400.000
G1 Z0.200
G1 X178.250 Y75.000
G1 X178.250 Y51.250 E0.5904 
G1 X177.750 Y51.250 E0.6028 
G1 X177.750 Y75.000 E1.1932 
G92 E0.0000
; segment
G92 E0.0000
G1 F2400.000
G1 Z0.200
G1 X177.750 Y75.000
G1 X177.750 Y108.300 E1.1037 
G92 E0.0000
; segment
G92 E0.0000
G1 F2400.000
G1 Z0.200
G1 X177.750 Y108.300
G1 X177.750 Y112.000 E0.1226 
G92 E0.0000
; segment
G92 E0.0000
G1 F2400.000
G1 Z0.200
G1 X177.750 Y112.000
G1 X177.750 Y135.750 E0.5904 
G1 X177.250 Y135.750 E0.6028 
G1 X177.250 Y112.000 E1.1932 
G92 E0.0000
; segment
G92 E0.0000
G1 F2400.000
G1 Z0.200
G1 X177.250 Y112.000
G1 X177.250 Y78.700 E1.1037 
G92 E0.0000
; segment
G92 E0.0000
G1 F2400.000
G1 Z0.200
G1 X177.250 Y78.700
G1 X177.250 Y75.000 E0.1226 
G92 E0.0000
; segment
G92 E0.0000
G1 F2400.000
G1 Z0.200
G1 X177.250 Y75.000
G1 X177.250 Y51.250 E0.5904 
G1 X176.750 Y51.250 E0.6028 
G1 X176.750 Y75.000 E1.1932 
G92 E0.0000
; segment
G92 E0.0000
G1 F2400.000
G1 Z0.200
G1 X176.750 Y75.000
G1 X176.750 Y108.300 E1.1037 
G92 E0.0000
; segment
G92 E0.0000
G1 F2400.000
G1 Z0.200
G1 X176.750 Y108.300
G1 X176.750 Y112.000 E0.1226 
G92 E0.0000
; segment
G92 E0.0000
G1 F2400.000
G1 Z0.200
G1 X176.750 Y112.000
G1 X176.750 Y135.750 E0.5904 
G1 X176.250 Y135.750 E0.6028 
G1 X176.250 Y112.000 E1.1932 
G92 E0.0000
; segment
G92 E0.0000
G1 F2400.000
G1 Z0.200
G1 X176.250 Y112.000
G1 X176.250 Y78.700 E1.1037 
G92 E0.0000
; segment
G92 E0.0000
G1 F2400.000
G1 Z0.200
G1 X176.250 Y78.700
G1 X176.250 Y75.000 E0.1226 
G92 E0.0000
; segment
G92 E0.0000
G1 F2400.000
G1 Z0.200
G1 X176.250 Y75.000
G1 X176.250 Y66.250 E0.2175 
G1 X175.750 Y66.250 E0.2299 
G1 X175.750 Y75.000 E0.4475 
G92 E0.0000
; segment
G92 E0.0000
G1 F2400.000
G1 Z0.200
G1 X175.750 Y75.000
G1 X175.750 Y108.300 E1.1037 
G92 E0.0000
; segment
G92 E0.0000
G1 F2400.000
G1 Z0.200
G1 X175.750 Y108.300
G1 X175.750 Y112.000 E0.1226 
G92 E0.0000
; segment
G92 E0.0000
G1 F2400.000
G1 Z0.200
G1 X175.750 Y112.000
G1 X175.750 Y120.750 E0.2175 
G1 X175.250 Y120.750 E0.2299 
G1 X175.250 Y112.000 E0.4475 
G92 E0.0000
; segment
G92 E0.0000
G1 F2400.000
G1 Z0.200
G1 X175.250 Y112.000
G1 X175.250 Y78.700 E1.1037 
G92 E0.0000
; segment
G92 E0.0000
G1 F2400.000
G1 Z0.200
G1 X175.250 Y78.700
G1 X175.250 Y75.000 E0.1226 
G92 E0.0000
; segment
G92 E0.0000
G1 F2400.000
G1 Z0.200
G1 X175.250 Y75.000
G1 X175.250 Y66.250 E0.2175 
G1 X174.750 Y66.250 E0.2299 
G1 X174.750 Y75.000 E0.4475 
G92 E0.0000
; segment
G92 E0.0000
G1 F2400.000
G1 Z0.200
G1 X174.750 Y75.000
G1 X174.750 Y108.300 E1.1037 
G92 E0.0000
; segment
G92 E0.0000
G1 F2400.000
G1 Z0.200
G1 X174.750 Y108.300
G1 X174.750 Y112.000 E0.1226 
G92 E0.0000
; segment
G92 E0.0000
G1 F2400.000
G1 Z0.200
G1 X174.750 Y112.000
G1 X174.750 Y120.750 E0.2175 
G1 X174.250 Y120.750 E0.2299 
G1 X174.250 Y112.000 E0.4475 
G92 E0.0000
; segment
G92 E0.0000
G1 F2400.000
G1 Z0.200
G1 X174.250 Y112.000
G1 X174.250 Y78.700 E1.1037 
G92 E0.0000
; segment
G92 E0.0000
G1 F2400.000
G1 Z0.200
G1 X174.250 Y78.700
G1 X174.250 Y75.000 E0.1226 
G92 E0.0000
; segment
G92 E0.0000
G1 F2400.000
G1 Z0.200
G1 X174.250 Y75.000
G1 X174.250 Y66.250 E0.2175 
G1 X173.750 Y66.250 E0.2299 
G1 X173.750 Y75.000 E0.4475 
G92 E0.0000
; segment
G92 E0.0000
G1 F2400.000
G1 Z0.200
G1 X173.750 Y75.000
G1 X173.750 Y108.300 E1.1037 
G92 E0.0000
; segment
G92 E0.0000
G1 F2400.000
G1 Z0.200
G1 X173.750 Y108.300
G1 X173.750 Y112.000 E0.1226 
G92 E0.0000
; segment
G92 E0.0000
G1 F2400.000
G1 Z0.200
G1 X173.750 Y112.000
G1 X173.750 Y120.750 E0.2175 
G1 X173.250 Y120.750 E0.2299 
G1 X173.250 Y112.000 E0.4475 
G92 E0.0000
; segment
G92 E0.0000
G1 F2400.000
G1 Z0.200
G1 X173.250 Y112.000
G1 X173.250 Y78.700 E1.1037 
G92 E0.0000
; segment
G92 E0.0000
G1 F2400.000
G1 Z0.200
G1 X173.250 Y78.700
G1 X173.250 Y75.000 E0.1226 
G92 E0.0000
; segment
G92 E0.0000
G1 F2400.000
G1 Z0.200
G1 X173.250 Y75.000
G1 X173.250 Y66.250 E0.2175 
G1 X172.750 Y66.250 E0.2299 
G1 X172.750 Y75.000 E0.4475 
G92 E0.0000
; segment
G92 E0.0000
G1 F2400.000
G1 Z0.200
G1 X172.750 Y75.000
G1 X172.750 Y108.300 E1.1037 
G92 E0.0000
; segment
G92 E0.0000
G1 F2400.000
G1 Z0.200
G1 X172.750 Y108.300
G1 X172.750 Y112.000 E0.1226 
G92 E0.0000
; segment
G92 E0.0000
G1 F2400.000
G1 Z0.200
G1 X172.750 Y112.000
G1 X172.750 Y120.750 E0.2175 
G1 X172.250 Y120.750 E0.2299 
G1 X172.250 Y112.000 E0.4475 
G92 E0.0000
; segment
G92 E0.0000
G1 F2400.000
G1 Z0.200
G1 X172.250 Y112.000
G1 X172.250 Y78.700 E1.1037 
G92 E0.0000
; segment
G92 E0.0000
G1 F2400.000
G1 Z0.200
G1 X172.250 Y78.700
G1 X172.250 Y75.000 E0.1226 
G92 E0.0000
; segment
G92 E0.0000
G1 F2400.000
G1 Z0.200
G1 X172.250 Y75.000
G1 X172.250 Y66.250 E0.2175 
G1 X171.750 Y66.250 E0.2299 
G1 X171.750 Y75.000 E0.4475 
G92 E0.0000
; segment
G92 E0.0000
G1 F2400.000
G1 Z0.200
G1 X171.750 Y75.000
G1 X171.750 Y108.300 E1.1037 
G92 E0.0000
; segment
G92 E0.0000
G1 F2400.000
G1 Z0.200
G1 X171.750 Y108.300
G1 X171.750 Y112.000 E0.1226 
G92 E0.0000
; segment
G92 E0.0000
G1 F2400.000
G1 Z0.200
G1 X171.750 Y112.000
G1 X171.750 Y120.750 E0.2175 
G1 X171.250 Y120.750 E0.2299 
G1 X171.250 Y112.000 E0.4475 
G92 E0.0000
; segment
G92 E0.0000
G1 F2400.000
G1 Z0.200
G1 X171.250 Y112.000
G1 X171.250 Y78.700 E1.1037 
G92 E0.0000
; segment
G92 E0.0000
G1 F2400.000
G1 Z0.200
G1 X171.250 Y78.700
G1 X171.250 Y75.000 E0.1226 
G92 E0.0000
; segment
G92 E0.0000
G1 F2400.000
G1 Z0.200
G1 X171.250 Y75.000
G1 X171.250 Y66.250 E0.2175 
G92 E0.0000
; jumping
G92 E3.0000
G1 E0 F2400
G1 X188.750 Y66.250 F12000.000
G1 E3 F2400
G92 E0.0000
; segment
G92 E0.0000
G1 F2400.000
G1 Z0.200
G1 X188.750 Y66.250
G1 X188.750 Y75.000 E0.2175 
G92 E0.0000
; segment
G92 E0.0000
G1 F2400.000
G1 Z0.200
G1 X188.750 Y75.000
G1 X188.750 Y108.300 E1.1037 
G92 E0.0000
; segment
G92 E0.0000
G1 F2400.000
G1 Z0.200
G1 X188.750 Y108.300
G1 X188.750 Y112.000 E0.1226 
G92 E0.0000
; segment
G92 E0.0000
G1 F2400.000
G1 Z0.200
G1 X188.750 Y112.000
G1 X188.750 Y120.750 E0.2175 
G1 X188.250 Y120.750 E0.2299 
G1 X188.250 Y112.000 E0.4475 
G92 E0.0000
; segment
G92 E0.0000
G1 F2400.000
G1 Z0.200
G1 X188.250 Y112.000
G1 X188.250 Y78.700 E1.1037 
G92 E0.0000
; segment
G92 E0.0000
G1 F2400.000
G1 Z0.200
G1 X188.250 Y78.700
G1 X188.250 Y75.000 E0.1226 
G92 E0.0000
; segment
G92 E0.0000
G1 F2400.000
G1 Z0.200
G1 X188.250 Y75.000
G1 X188.250 Y66.250 E0.2175 
G1 X187.750 Y66.250 E0.2299 
G1 X187.750 Y75.000 E0.4475 
G92 E0.0000
; segment
G92 E0.0000
G1 F2400.000
G1 Z0.200
G1 X187.750 Y75.000
G1 X187.750 Y108.300 E1.1037 
G92 E0.0000
; segment
G92 E0.0000
G1 F2400.000
G1 Z0.200
G1 X187.750 Y108.300
G1 X187.750 Y112.000 E0.1226 
G92 E0.0000
; segment
G92 E0.0000
G1 F2400.000
G1 Z0.200
G1 X187.750 Y112.000
G1 X187.750 Y120.750 E0.2175 
G1 X187.250 Y120.750 E0.2299 
G1 X187.250 Y112.000 E0.4475 
G92 E0.0000
; segment
G92 E0.0000
G1 F2400.000
G1 Z0.200
G1 X187.250 Y112.000
G1 X187.250 Y78.700 E1.1037 
G92 E0.0000
; segment
G92 E0.0000
G1 F2400.000
G1 Z0.200
G1 X187.250 Y78.700
G1 X187.250 Y75.000 E0.1226 
G92 E0.0000
; segment
G92 E0.0000
G1 F2400.000
G1 Z0.200
G1 X187.250 Y75.000
G1 X187.250 Y66.250 E0.2175 
G1 X186.750 Y66.250 E0.2299 
G1 X186.750 Y75.000 E0.4475 
G92 E0.0000
; segment
G92 E0.0000
G1 F2400.000
G1 Z0.200
G1 X186.750 Y75.000
G1 X186.750 Y108.300 E1.1037 
G92 E0.0000
; segment
G92 E0.0000
G1 F2400.000
G1 Z0.200
G1 X186.750 Y108.300
G1 X186.750 Y112.000 E0.1226 
G92 E0.0000
; segment
G92 E0.0000
G1 F2400.000
G1 Z0.200
G1 X186.750 Y112.000
G1 X186.750 Y120.750 E0.2175 
G1 X186.250 Y120.750 E0.2299 
G1 X186.250 Y112.000 E0.4475 
G92 E0.0000
; segment
G92 E0.0000
G1 F2400.000
G1 Z0.200
G1 X186.250 Y112.000
G1 X186.250 Y78.700 E1.1037 
G92 E0.0000
; segment
G92 E0.0000
G1 F2400.000
G1 Z0.200
G1 X186.250 Y78.700
G1 X186.250 Y75.000 E0.1226 
G92 E0.0000
; segment
G92 E0.0000
G1 F2400.000
G1 Z0.200
G1 X186.250 Y75.000
G1 X186.250 Y66.250 E0.2175 
G1 X185.750 Y66.250 E0.2299 
G1 X185.750 Y75.000 E0.4475 
G92 E0.0000
; segment
G92 E0.0000
G1 F2400.000
G1 Z0.200
G1 X185.750 Y75.000
G1 X185.750 Y108.300 E1.1037 
G92 E0.0000
; segment
G92 E0.0000
G1 F2400.000
G1 Z0.200
G1 X185.750 Y108.300
G1 X185.750 Y112.000 E0.1226 
G92 E0.0000
; segment
G92 E0.0000
G1 F2400.000
G1 Z0.200
G1 X185.750 Y112.000
G1 X185.750 Y120.750 E0.2175 
G1 X185.250 Y120.750 E0.2299 
G1 X185.250 Y112.000 E0.4475 
G92 E0.0000
; segment
G92 E0.0000
G1 F2400.000
G1 Z0.200
G1 X185.250 Y112.000
G1 X185.250 Y78.700 E1.1037 
G92 E0.0000
; segment
G92 E0.0000
G1 F2400.000
G1 Z0.200
G1 X185.250 Y78.700
G1 X185.250 Y75.000 E0.1226 
G92 E0.0000
; segment
G92 E0.0000
G1 F2400.000
G1 Z0.200
G1 X185.250 Y75.000
G1 X185.250 Y66.250 E0.2175 
G1 X184.750 Y66.250 E0.2299 
G1 X184.750 Y75.000 E0.4475 
G92 E0.0000
; segment
G92 E0.0000
G1 F2400.000
G1 Z0.200
G1 X184.750 Y75.000
G1 X184.750 Y108.300 E1.1037 
G92 E0.0000
; segment
G92 E0.0000
G1 F2400.000
G1 Z0.200
G1 X184.750 Y108.300
G1 X184.750 Y112.000 E0.1226 
G92 E0.0000
; segment
G92 E0.0000
G1 F2400.000
G1 Z0.200
G1 X184.750 Y112.000
G1 X184.750 Y120.750 E0.2175 
G1 X184.250 Y120.750 E0.2299 
G1 X184.250 Y112.000 E0.4475 
G92 E0.0000
; segment
G92 E0.0000
G1 F2400.000
G1 Z0.200
G1 X184.250 Y112.000
G1 X184.250 Y78.700 E1.1037 
G92 E0.0000
; segment
G92 E0.0000
G1 F2400.000
G1 Z0.200
G1 X184.250 Y78.700
G1 X184.250 Y75.000 E0.1226 
G92 E0.0000
; segment
G92 E0.0000
G1 F2400.000
G1 Z0.200
G1 X184.250 Y75.000
G1 X184.250 Y66.250 E0.2175 
G1 X183.750 Y66.250 E0.2299 
G92 E0.0000
; jumping
G92 E3.0000
G1 E0 F2400
G1 X184.750 Y65.250 F12000.000
G1 E3 F2400
G92 E0.0000
; segment
G92 E0.0000
G1 F2400.000
G1 Z0.400
G1 X184.750 Y65.250
G1 X184.750 Y50.250 E0.4972 
G1 X175.250 Y50.250 E0.8121 
G1 X175.250 Y65.250 E1.3092 
G1 X170.250 Y65.250 E1.4750 
G1 X170.250 Y75.000 E1.7981 
G92 E0.0000
; segment
G92 E0.0000
G1 F2400.000
G1 Z0.400
G1 X170.250 Y75.000
G1 X170.250 Y108.300 E1.1037 
G92 E0.0000
; segment
G92 E0.0000
G1 F2400.000
G1 Z0.400
G1 X170.250 Y108.300
G1 X170.250 Y112.000 E0.1226 
G92 E0.0000
; segment
G92 E0.0000
G1 F2400.000
G1 Z0.400
G1 X170.250 Y112.000
G1 X170.250 Y121.750 E0.3232 
G1 X175.150 Y121.750 E0.4856 
G1 X175.150 Y136.750 E0.9828 
G1 X184.850 Y136.750 E1.3043 
G1 X184.850 Y121.750 E1.8014 
G1 X189.750 Y121.750 E1.9638 
G1 X189.750 Y112.000 E2.2870 
G92 E0.0000
; segment
G92 E0.0000
G1 F2400.000
G1 Z0.400
G1 X189.750 Y112.000
G1 X189.750 Y78.700 E1.1037 
G92 E0.0000
; segment
G92 E0.0000
G1 F2400.000
G1 Z0.400
G1 X189.750 Y78.700
G1 X189.750 Y75.000 E0.1226 
G92 E0.0000
; segment
G92 E0.0000
G1 F2400.000
G1 Z0.400
G1 X189.750 Y75.000
G1 X189.750 Y65.250 E0.3232 
G1 X184.750 Y65.250 E0.4889 
G92 E0.0000
; segment
G92 E0.0000
G1 F2400.000
G1 Z0.400
G1 X184.250 Y65.750
G1 X184.250 Y50.750 E0.4972 
G1 X175.750 Y50.750 E0.7789 
G1 X175.750 Y65.750 E1.2761 
G1 X170.750 Y65.750 E1.4418 
G1 X170.750 Y75.000 E1.7484 
G92 E0.0000
; segment
G92 E0.0000
G1 F2400.000
G1 Z0.400
G1 X170.750 Y75.000
G1 X170.750 Y108.300 E1.1037 
G92 E0.0000
; segment
G92 E0.0000
G1 F2400.000
G1 Z0.400
G1 X170.750 Y108.300
G1 X170.750 Y112.000 E0.1226 
G92 E0.0000
; segment
G92 E0.0000
G1 F2400.000
G1 Z0.400
G1 X170.750 Y112.000
G1 X170.750 Y121.250 E0.3066 
G1 X175.650 Y121.250 E0.4690 
G1 X175.650 Y136.250 E0.9662 
G1 X184.350 Y136.250 E1.2545 
G1 X184.350 Y121.250 E1.7517 
G1 X189.250 Y121.250 E1.9141 
G1 X189.250 Y112.000 E2.2207 
G92 E0.0000
; segment
G92 E0.0000
G1 F2400.000
G1 Z0.400
G1 X189.250 Y112.000
G1 X189.250 Y78.700 E1.1037 
G92 E0.0000
; segment
G92 E0.0000
G1 F2400.000
G1 Z0.400
G1 X189.250 Y78.700
G1 X189.250 Y75.000 E0.1226 
G92 E0.0000
; segment
G92 E0.0000
G1 F2400.000
G1 Z0.400
G1 X189.250 Y75.000
G1 X189.250 Y65.750 E0.3066 
G1 X184.250 Y65.750 E0.4723 
G92 E0.0000
; segment
G92 E0.0000
G1 F2400.000
G1 Z0.400
G1 X183.750 Y66.250
G1 X184.250 Y66.250 E0.0166 
G1 X184.250 Y75.000 E0.3066 
G92 E0.0000
; segment
G92 E0.0000
G1 F2400.000
G1 Z0.400
G1 X184.250 Y75.000
G1 X184.250 Y108.300 E1.1037 
G92 E0.0000
; segment
G92 E0.0000
G1 F2400.000
G1 Z0.400
G1 X184.250 Y108.300
G1 X184.250 Y112.000 E0.1226 
G92 E0.0000
; segment
G92 E0.0000
G1 F2400.000
G1 Z0.400
G1 X184.250 Y112.000
G1 X184.250 Y120.750 E0.2900 
G1 X184.750 Y120.750 E0.3066 
G1 X184.750 Y112.000 E0.5966 
G92 E0.0000
; segment
G92 E0.0000
G1 F2400.000
G1 Z0.400
G1 X184.750 Y112.000
G1 X184.750 Y78.700 E1.1037 
G92 E0.0000
; segment
G92 E0.0000
G1 F2400.000
G1 Z0.400
G1 X184.750 Y78.700
G1 X184.750 Y75.000 E0.1226 
G92 E0.0000
; segment
G92 E0.0000
G1 F2400.000
G1 Z0.400
G1 X184.750 Y75.000
G1 X184.750 Y66.250 E0.2900 
G1 X185.250 Y66.250 E0.3066 
G1 X185.250 Y75.000 E0.5966 
G92 E0.0000
; segment
G92 E0.0000
G1 F2400.000
G1 Z0.400
G1 X185.250 Y75.000
G1 X185.250 Y108.300 E1.1037 
G92 E0.0000
; segment
G92 E0.0000
G1 F2400.000
G1 Z0.400
G1 X185.250 Y108.300
G1 X185.250 Y112.000 E0.1226 
G92 E0.0000
; segment
G92 E0.0000
G1 F2400.000
G1 Z0.400
G1 X185.250 Y112.000
G1 X185.250 Y120.750 E0.2900 
G1 X185.750 Y120.750 E0.3066 
G1 X185.750 Y112.000 E0.5966 
G92 E0.0000
; segment
G92 E0.0000
G1 F2400.000
G1 Z0.400
G1 X185.750 Y112.000
G1 X185.750 Y78.700 E1.1037 
G92 E0.0000
; segment
G92 E0.0000
G1 F2400.000
G1 Z0.400
G1 X185.750 Y78.700
G1 X185.750 Y75.000 E0.1226 
G92 E0.0000
; segment
G92 E0.0000
G1 F2400.000
G1 Z0.400
G1 X185.750 Y75.000
G1 X185.750 Y66.250 E0.2900 
G1 X186.250 Y66.250 E0.3066 
G1 X186.250 Y75.000 E0.5966 
G92 E0.0000
; segment
G92 E0.0000
G1 F2400.000
G1 Z0.400
G1 X186.250 Y75.000
G1 X186.250 Y108.300 E1.1037 
G92 E0.0000
; segment
G92 E0.0000
G1 F2400.000
G1 Z0.400
G1 X186.250 Y108.300
G1 X186.250 Y112.000 E0.1226 
G92 E0.0000
; segment
G92 E0.0000
G1 F2400.000
G1 Z0.400
G1 X186.250 Y112.000
G1 X186.250 Y120.750 E0.2900 
G1 X186.750 Y120.750 E0.3066 
G1 X186.750 Y112.000 E0.5966 
G92 E0.0000
; segment
G92 E0.0000
G1 F2400.000
G1 Z0.400
G1 X186.750 Y112.000
G1 X186.750 Y78.700 E1.1037 
G92 E0.0000
; segment
G92 E0.0000
G1 F2400.000
G1 Z0.400
G1 X186.750 Y78.700
G1 X186.750 Y75.000 E0.1226 
G92 E0.0000
; segment
G92 E0.0000
G1 F2400.000
G1 Z0.400
G1 X186.750 Y75.000
G1 X186.750 Y66.250 E0.2900 
G1 X187.250 Y66.250 E0.3066 
G1 X187.250 Y75.000 E0.5966 
G92 E0.0000
; segment
G92 E0.0000
G1 F2400.000
G1 Z0.400
G1 X187.250 Y75.000
G1 X187.250 Y108.300 E1.1037 
G92 E0.0000
; segment
G92 E0.0000
G1 F2400.000
G1 Z0.400
G1 X187.250 Y108.300
G1 X187.250 Y112.000 E0.1226 
G92 E0.0000
; segment
G92 E0.0000
G1 F2400.000
G1 Z0.400
G1 X187.250 Y112.000
G1 X187.250 Y120.750 E0.2900 
G1 X187.750 Y120.750 E0.3066 
G1 X187.750 Y112.000 E0.5966 
G92 E0.0000
; segment
G92 E0.0000
G1 F2400.000
G1 Z0.400
G1 X187.750 Y112.000
G1 X187.750 Y78.700 E1.1037 
G92 E0.0000
; segment
G92 E0.0000
G1 F2400.000
G1 Z0.400
G1 X187.750 Y78.700
G1 X187.750 Y75.000 E0.1226 
G92 E0.0000
; segment
G92 E0.0000
G1 F2400.000
G1 Z0.400
G1 X187.750 Y75.000
G1 X187.750 Y66.250 E0.2900 
G1 X188.250 Y66.250 E0.3066 
G1 X188.250 Y75.000 E0.5966 
G92 E0.0000
; segment
G92 E0.0000
G1 F2400.000
G1 Z0.400
G1 X188.250 Y75.000
G1 X188.250 Y108.300 E1.1037 
G92 E0.0000
; segment
G92 E0.0000
G1 F2400.000
G1 Z0.400
G1 X188.250 Y108.300
G1 X188.250 Y112.000 E0.1226 
G92 E0.0000
; segment
G92 E0.0000
G1 F2400.000
G1 Z0.400
G1 X188.250 Y112.000
G1 X188.250 Y120.750 E0.2900 
G1 X188.750 Y120.750 E0.3066 
G1 X188.750 Y112.000 E0.5966 
G92 E0.0000
; segment
G92 E0.0000
G1 F2400.000
G1 Z0.400
G1 X188.750 Y112.000
G1 X188.750 Y78.700 E1.1037 
G92 E0.0000
; segment
G92 E0.0000
G1 F2400.000
G1 Z0.400
G1 X188.750 Y78.700
G1 X188.750 Y75.000 E0.1226 
G92 E0.0000
; segment
G92 E0.0000
G1 F2400.000
G1 Z0.400
G1 X188.750 Y75.000
G1 X188.750 Y66.250 E0.2900 
G92 E0.0000
; jumping
G92 E3.0000
G1 E0 F2400
G1 X183.750 Y51.250 F12000.000
G1 E3 F2400
G92 E0.0000
; segment
G92 E0.0000
G1 F2400.000
G1 Z0.400
G1 X183.750 Y51.250
G1 X183.750 Y75.000 E0.7872 
G92 E0.0000
; segment
G92 E0.0000
G1 F2400.000
G1 Z0.400
G1 X183.750 Y75.000
G1 X183.750 Y108.300 E1.1037 
G92 E0.0000
; segment
G92 E0.0000
G1 F2400.000
G1 Z0.400
G1 X183.750 Y108.300
G1 X183.750 Y112.000 E0.1226 
G92 E0.0000
; segment
G92 E0.0000
G1 F2400.000
G1 Z0.400
G1 X183.750 Y112.000
G1 X183.750 Y135.750 E0.7872 
G1 X183.250 Y135.750 E0.8038 
G1 X183.250 Y112.000 E1.5910 
G92 E0.0000
; segment
G92 E0.0000
G1 F2400.000
G1 Z0.400
G1 X183.250 Y112.000
G1 X183.250 Y78.700 E1.1037 
G92 E0.0000
; segment
G92 E0.0000
G1 F2400.000
G1 Z0.400
G1 X183.250 Y78.700
G1 X183.250 Y75.000 E0.1226 
G92 E0.0000
; segment
G92 E0.0000
G1 F2400.000
G1 Z0.400
G1 X183.250 Y75.000
G1 X183.250 Y51.250 E0.7872 
G1 X182.750 Y51.250 E0.8038 
G1 X182.750 Y75.000 E1.5910 
G92 E0.0000
; segment
G92 E0.0000
G1 F2400.000
G1 Z0.400
G1 X182.750 Y75.000
G1 X182.750 Y108.300 E1.1037 
G92 E0.0000
; segment
G92 E0.0000
G1 F2400.000
G1 Z0.400
G1 X182.750 Y108.300
G1 X182.750 Y112.000 E0.1226 
G92 E0.0000
; segment
G92 E0.0000
G1 F2400.000
G1 Z0.400
G1 X182.750 Y112.000
G1 X182.750 Y135.750 E0.7872 
G1 X182.250 Y135.750 E0.8038 
G1 X182.250 Y112.000 E1.5910 
G92 E0.0000
; segment
G92 E0.0000
G1 F2400.000
G1 Z0.400
G1 X182.250 Y112.000
G1 X182.250 Y78.700 E1.1037 
G92 E0.0000
; segment
G92 E0.0000
G1 F2400.000
G1 Z0.400
G1 X182.250 Y78.700
G1 X182.250 Y75.000 E0.1226 
G92 E0.0000
; segment
G92 E0.0000
G1 F2400.000
G1 Z0.400
G1 X182.250 Y75.000
G1 X182.250 Y51.250 E0.7872 
G1 X181.750 Y51.250 E0.8038 
G1 X181.750 Y75.000 E1.5910 
G92 E0.0000
; segment
G92 E0.0000
G1 F2400.000
G1 Z0.400
G1 X181.750 Y75.000
G1 X181.750 Y108.300 E1.1037 
G92 E0.0000
; segment
G92 E0.0000
G1 F2400.000
G1 Z0.400
G1 X181.750 Y108.300
G1 X181.750 Y112.000 E0.1226 
G92 E0.0000
; segment
G92 E0.0000
G1 F2400.000
G1 Z0.400
G1 X181.750 Y112.000
G1 X181.750 Y135.750 E0.7872 
G1 X181.250 Y135.750 E0.8038 
G1 X181.250 Y112.000 E1.5910 
G92 E0.0000
; segment
G92 E0.0000
G1 F2400.000
G1 Z0.400
G1 X181.250 Y112.000
G1 X181.250 Y78.700 E1.1037 
G92 E0.0000
; segment
G92 E0.0000
G1 F2400.000
G1 Z0.400
G1 X181.250 Y78.700
G1 X181.250 Y75.000 E0.1226 
G92 E0.0000
; segment
G92 E0.0000
G1 F2400.000
G1 Z0.400
G1 X181.250 Y75.000
G1 X181.250 Y51.250 E0.7872 
G1 X180.750 Y51.250 E0.8038 
G1 X180.750 Y75.000 E1.5910 
G92 E0.0000
; segment
G92 E0.0000
G1 F2400.000
G1 Z0.400
G1 X180.750 Y75.000
G1 X180.750 Y108.300 E1.1037 
G92 E0.0000
; segment
G92 E0.0000
G1 F2400.000
G1 Z0.400
G1 X180.750 Y108.300
G1 X180.750 Y112.000 E0.1226 
G92 E0.0000
; segment
G92 E0.0000
G1 F2400.000
G1 Z0.400
G1 X180.750 Y112.000
G1 X180.750 Y135.750 E0.7872 
G1 X180.250 Y135.750 E0.8038 
G1 X180.250 Y112.000 E1.5910 
G92 E0.0000
; segment
G92 E0.0000
G1 F2400.000
G1 Z0.400
G1 X180.250 Y112.000
G1 X180.250 Y78.700 E1.1037 
G92 E0.0000
; segment
G92 E0.0000
G1 F2400.000
G1 Z0.400
G1 X180.250 Y78.700
G1 X180.250 Y75.000 E0.1226 
G92 E0.0000
; segment
G92 E0.0000
G1 F2400.000
G1 Z0.400
G1 X180.250 Y75.000
G1 X180.250 Y51.250 E0.7872 
G1 X179.750 Y51.250 E0.8038 
G1 X179.750 Y75.000 E1.5910 
G92 E0.0000
; segment
G92 E0.0000
G1 F2400.000
G1 Z0.400
G1 X179.750 Y75.000
G1 X179.750 Y108.300 E1.1037 
G92 E0.0000
; segment
G92 E0.0000
G1 F2400.000
G1 Z0.400
G1 X179.750 Y108.300
G1 X179.750 Y112.000 E0.1226 
G92 E0.0000
; segment
G92 E0.0000
G1 F2400.000
G1 Z0.400
G1 X179.750 Y112.000
G1 X179.750 Y135.750 E0.7872 
G1 X179.250 Y135.750 E0.8038 
G1 X179.250 Y112.000 E1.5910 
G92 E0.0000
; segment
G92 E0.0000
G1 F2400.000
G1 Z0.400
G1 X179.250 Y112.000
G1 X179.250 Y78.700 E1.1037 
G92 E0.0000
; segment
G92 E0.0000
G1 F2400.000
G1 Z0.400
G1 X179.250 Y78.700
G1 X179.250 Y75.000 E0.1226 
G92 E0.0000
; segment
G92 E0.0000
G1 F2400.000
G1 Z0.400
G1 X179.250 Y75.000
G1 X179.250 Y51.250 E0.7872 
G1 X178.750 Y51.250 E0.8038 
G1 X178.750 Y75.000 E1.5910 
G92 E0.0000
; segment
G92 E0.0000
G1 F2400.000
G1 Z0.400
G1 X178.750 Y75.000
G1 X178.750 Y108.300 E1.1037 
G92 E0.0000
; segment
G92 E0.0000
G1 F2400.000
G1 Z0.400
G1 X178.750 Y108.300
G1 X178.750 Y112.000 E0.1226 
G92 E0.0000
; segment
G92 E0.0000
G1 F2400.000
G1 Z0.400
G1 X178.750 Y112.000
G1 X178.750 Y135.750 E0.7872 
G1 X178.250 Y135.750 E0.8038 
G1 X178.250 Y112.000 E1.5910 
G92 E0.0000
; segment
G92 E0.0000
G1 F2400.000
G1 Z0.400
G1 X178.250 Y112.000
G1 X178.250 Y78.700 E1.1037 
G92 E0.0000
; segment
G92 E0.0000
G1 F2400.000
G1 Z0.400
G1 X178.250 Y78.700
G1 X178.250 Y75.000 E0.1226 
G92 E0.0000
; segment
G92 E0.0000
G1 F2400.000
G1 Z0.400
G1 X178.250 Y75.000
G1 X178.250 Y51.250 E0.7872 
G1 X177.750 Y51.250 E0.8038 
G1 X177.750 Y75.000 E1.5910 
G92 E0.0000
; segment
G92 E0.0000
G1 F2400.000
G1 Z0.400
G1 X177.750 Y75.000
G1 X177.750 Y108.300 E1.1037 
G92 E0.0000
; segment
G92 E0.0000
G1 F2400.000
G1 Z0.400
G1 X177.750 Y108.300
G1 X177.750 Y112.000 E0.1226 
G92 E0.0000
; segment
G92 E0.0000
G1 F2400.000
G1 Z0.400
G1 X177.750 Y112.000
G1 X177.750 Y135.750 E0.7872 
G1 X177.250 Y135.750 E0.8038 
G1 X177.250 Y112.000 E1.5910 
G92 E0.0000
; segment
G92 E0.0000
G1 F2400.000
G1 Z0.400
G1 X177.250 Y112.000
G1 X177.250 Y78.700 E1.1037 
G92 E0.0000
; segment
G92 E0.0000
G1 F2400.000
G1 Z0.400
G1 X177.250 Y78.700
G1 X177.250 Y75.000 E0.1226 
G92 E0.0000
; segment
G92 E0.0000
G1 F2400.000
G1 Z0.400
G1 X177.250 Y75.000
G1 X177.250 Y51.250 E0.7872 
G1 X176.750 Y51.250 E0.8038 
G1 X176.750 Y75.000 E1.5910 
G92 E0.0000
; segment
G92 E0.0000
G1 F2400.000
G1 Z0.400
G1 X176.750 Y75.000
G1 X176.750 Y108.300 E1.1037 
G92 E0.0000
; segment
G92 E0.0000
G1 F2400.000
G1 Z0.400
G1 X176.750 Y108.300
G1 X176.750 Y112.000 E0.1226 
G92 E0.0000
; segment
G92 E0.0000
G1 F2400.000
G1 Z0.400
G1 X176.750 Y112.000
G1 X176.750 Y135.750 E0.7872 
G1 X176.250 Y135.750 E0.8038 
G1 X176.250 Y112.000 E1.5910 
G92 E0.0000
; segment
G92 E0.0000
G1 F2400.000
G1 Z0.400
G1 X176.250 Y112.000
G1 X176.250 Y78.700 E1.1037 
G92 E0.0000
; segment
G92 E0.0000
G1 F2400.000
G1 Z0.400
G1 X176.250 Y78.700
G1 X176.250 Y75.000 E0.1226 
G92 E0.0000
; segment
G92 E0.0000
G1 F2400.000
G1 Z0.400
G1 X176.250 Y75.000
G1 X176.250 Y66.250 E0.2900 
G1 X175.750 Y66.250 E0.3066 
G1 X175.750 Y75.000 E0.5966 
G92 E0.0000
; segment
G92 E0.0000
G1 F2400.000
G1 Z0.400
G1 X175.750 Y75.000
G1 X175.750 Y108.300 E1.1037 
G92 E0.0000
; segment
G92 E0.0000
G1 F2400.000
G1 Z0.400
G1 X175.750 Y108.300
G1 X175.750 Y112.000 E0.1226 
G92 E0.0000
; segment
G92 E0.0000
G1 F2400.000
G1 Z0.400
G1 X175.750 Y112.000
G1 X175.750 Y120.750 E0.2900 
G1 X175.250 Y120.750 E0.3066 
G1 X175.250 Y112.000 E0.5966 
G92 E0.0000
; segment
G92 E0.0000
G1 F2400.000
G1 Z0.400
G1 X175.250 Y112.000
G1 X175.250 Y78.700 E1.1037 
G92 E0.0000
; segment
G92 E0.0000
G1 F2400.000
G1 Z0.400
G1 X175.250 Y78.700
G1 X175.250 Y75.000 E0.1226 
G92 E0.0000
; segment
G92 E0.0000
G1 F2400.000
G1 Z0.400
G1 X175.250 Y75.000
G1 X175.250 Y66.250 E0.2900 
G1 X174.750 Y66.250 E0.3066 
G1 X174.750 Y75.000 E0.5966 
G92 E0.0000
; segment
G92 E0.0000
G1 F2400.000
G1 Z0.400
G1 X174.750 Y75.000
G1 X174.750 Y108.300 E1.1037 
G92 E0.0000
; segment
G92 E0.0000
G1 F2400.000
G1 Z0.400
G1 X174.750 Y108.300
G1 X174.750 Y112.000 E0.1226 
G92 E0.0000
; segment
G92 E0.0000
G1 F2400.000
G1 Z0.400
G1 X174.750 Y112.000
G1 X174.750 Y120.750 E0.2900 
G1 X174.250 Y120.750 E0.3066 
G1 X174.250 Y112.000 E0.5966 
G92 E0.0000
; segment
G92 E0.0000
G1 F2400.000
G1 Z0.400
G1 X174.250 Y112.000
G1 X174.250 Y78.700 E1.1037 
G92 E0.0000
; segment
G92 E0.0000
G1 F2400.000
G1 Z0.400
G1 X174.250 Y78.700
G1 X174.250 Y75.000 E0.1226 
G92 E0.0000
; segment
G92 E0.0000
G1 F2400.000
G1 Z0.400
G1 X174.250 Y75.000
G1 X174.250 Y66.250 E0.2900 
G1 X173.750 Y66.250 E0.3066 
G1 X173.750 Y75.000 E0.5966 
G92 E0.0000
; segment
G92 E0.0000
G1 F2400.000
G1 Z0.400
G1 X173.750 Y75.000
G1 X173.750 Y108.300 E1.1037 
G92 E0.0000
; segment
G92 E0.0000
G1 F2400.000
G1 Z0.400
G1 X173.750 Y108.300
G1 X173.750 Y112.000 E0.1226 
G92 E0.0000
; segment
G92 E0.0000
G1 F2400.000
G1 Z0.400
G1 X173.750 Y112.000
G1 X173.750 Y120.750 E0.2900 
G1 X173.250 Y120.750 E0.3066 
G1 X173.250 Y112.000 E0.5966 
G92 E0.0000
; segment
G92 E0.0000
G1 F2400.000
G1 Z0.400
G1 X173.250 Y112.000
G1 X173.250 Y78.700 E1.1037 
G92 E0.0000
; segment
G92 E0.0000
G1 F2400.000
G1 Z0.400
G1 X173.250 Y78.700
G1 X173.250 Y75.000 E0.1226 
G92 E0.0000
; segment
G92 E0.0000
G1 F2400.000
G1 Z0.400
G1 X173.250 Y75.000
G1 X173.250 Y66.250 E0.2900 
G1 X172.750 Y66.250 E0.3066 
G1 X172.750 Y75.000 E0.5966 
G92 E0.0000
; segment
G92 E0.0000
G1 F2400.000
G1 Z0.400
G1 X172.750 Y75.000
G1 X172.750 Y108.300 E1.1037 
G92 E0.0000
; segment
G92 E0.0000
G1 F2400.000
G1 Z0.400
G1 X172.750 Y108.300
G1 X172.750 Y112.000 E0.1226 
G92 E0.0000
; segment
G92 E0.0000
G1 F2400.000
G1 Z0.400
G1 X172.750 Y112.000
G1 X172.750 Y120.750 E0.2900 
G1 X172.250 Y120.750 E0.3066 
G1 X172.250 Y112.000 E0.5966 
G92 E0.0000
; segment
G92 E0.0000
G1 F2400.000
G1 Z0.400
G1 X172.250 Y112.000
G1 X172.250 Y78.700 E1.1037 
G92 E0.0000
; segment
G92 E0.0000
G1 F2400.000
G1 Z0.400
G1 X172.250 Y78.700
G1 X172.250 Y75.000 E0.1226 
G92 E0.0000
; segment
G92 E0.0000
G1 F2400.000
G1 Z0.400
G1 X172.250 Y75.000
G1 X172.250 Y66.250 E0.2900 
G1 X171.750 Y66.250 E0.3066 
G1 X171.750 Y75.000 E0.5966 
G92 E0.0000
; segment
G92 E0.0000
G1 F2400.000
G1 Z0.400
G1 X171.750 Y75.000
G1 X171.750 Y108.300 E1.1037 
G92 E0.0000
; segment
G92 E0.0000
G1 F2400.000
G1 Z0.400
G1 X171.750 Y108.300
G1 X171.750 Y112.000 E0.1226 
G92 E0.0000
; segment
G92 E0.0000
G1 F2400.000
G1 Z0.400
G1 X171.750 Y112.000
G1 X171.750 Y120.750 E0.2900 
G1 X171.250 Y120.750 E0.3066 
G1 X171.250 Y112.000 E0.5966 
G92 E0.0000
; segment
G92 E0.0000
G1 F2400.000
G1 Z0.400
G1 X171.250 Y112.000
G1 X171.250 Y78.700 E1.1037 
G92 E0.0000
; segment
G92 E0.0000
G1 F2400.000
G1 Z0.400
G1 X171.250 Y78.700
G1 X171.250 Y75.000 E0.1226 
G92 E0.0000
; segment
G92 E0.0000
G1 F2400.000
G1 Z0.400
G1 X171.250 Y75.000
G1 X171.250 Y66.250 E0.2900 
G92 E0.0000
; jumping
G92 E3.0000
G1 E0 F2400
G1 X170.250 Y65.250 F12000.000
G1 E3 F2400
G92 E0.0000
; segment
G92 E0.0000
G1 F2400.000
G1 Z0.600
G1 X170.250 Y65.250
G1 X170.250 Y75.000 E0.3232 
G92 E0.0000
; segment
G92 E0.0000
G1 F2400.000
G1 Z0.600
G1 X170.250 Y75.000
G1 X170.250 Y108.300 E1.1037 
G92 E0.0000
; segment
G92 E0.0000
G1 F2400.000
G1 Z0.600
G1 X170.250 Y108.300
G1 X170.250 Y112.000 E0.1226 
G92 E0.0000
; segment
G92 E0.0000
G1 F2400.000
G1 Z0.600
G1 X170.250 Y112.000
G1 X170.250 Y121.750 E0.3232 
G1 X175.150 Y121.750 E0.4856 
G1 X175.150 Y136.750 E0.9828 
G1 X184.850 Y136.750 E1.3043 
G1 X184.850 Y121.750 E1.8014 
G1 X189.750 Y121.750 E1.9638 
G1 X189.750 Y112.000 E2.2870 
G92 E0.0000
; segment
G92 E0.0000
G1 F2400.000
G1 Z0.600
G1 X189.750 Y112.000
G1 X189.750 Y78.700 E1.1037 
G92 E0.0000
; segment
G92 E0.0000
G1 F2400.000
G1 Z0.600
G1 X189.750 Y78.700
G1 X189.750 Y75.000 E0.1226 
G92 E0.0000
; segment
G92 E0.0000
G1 F2400.000
G1 Z0.600
G1 X189.750 Y75.000
G1 X189.750 Y65.250 E0.3232 
G1 X184.750 Y65.250 E0.4889 
G1 X184.750 Y50.250 E0.9861 
G1 X175.250 Y50.250 E1.3009 
G1 X175.250 Y65.250 E1.7981 
G1 X170.250 Y65.250 E1.9638 
G92 E0.0000
; segment
G92 E0.0000
G1 F2400.000
G1 Z0.600
G1 X170.750 Y65.750
G1 X170.750 Y75.000 E0.3066 
G92 E0.0000
; segment
G92 E0.0000
G1 F2400.000
G1 Z0.600
G1 X170.750 Y75.000
G1 X170.750 Y108.300 E1.1037 
G92 E0.0000
; segment
G92 E0.0000
G1 F2400.000
G1 Z0.600
G1 X170.750 Y108.300
G1 X170.750 Y112.000 E0.1226 
G92 E0.0000
; segment
G92 E0.0000
G1 F2400.000
G1 Z0.600
G1 X170.750 Y112.000
G1 X170.750 Y121.250 E0.3066 
G1 X175.650 Y121.250 E0.4690 
G1 X175.650 Y136.250 E0.9662 
G1 X184.350 Y136.250 E1.2545 
G1 X184.350 Y121.250 E1.7517 
G1 X189.250 Y121.250 E1.9141 
G1 X189.250 Y112.000 E2.2207 
G92 E0.0000
; segment
G92 E0.0000
G1 F2400.000
G1 Z0.600
G1 X189.250 Y112.000
G1 X189.250 Y78.700 E1.1037 
G92 E0.0000
; segment
G92 E0.0000
G1 F2400.000
G1 Z0.600
G1 X189.250 Y78.700
G1 X189.250 Y75.000 E0.1226 
G92 E0.0000
; segment
G92 E0.0000
G1 F2400.000
G1 Z0.600
G1 X189.250 Y75.000
G1 X189.250 Y65.750 E0.3066 
G1 X184.250 Y65.750 E0.4723 
G1 X184.250 Y50.750 E0.9695 
G1 X175.750 Y50.750 E1.2512 
G1 X175.750 Y65.750 E1.7484 
G1 X170.750 Y65.750 E1.9141 
G92 E0.0000
; segment
G92 E0.0000
G1 F2400.000
G1 Z0.600
G1 X171.250 Y66.250
G1 X171.250 Y75.000 E0.2900 
G92 E0.0000
; segment
G92 E0.0000
G1 F2400.000
G1 Z0.600
G1 X171.250 Y75.000
G1 X171.250 Y108.300 E1.1037 
G92 E0.0000
; segment
G92 E0.0000
G1 F2400.000
G1 Z0.600
G1 X171.250 Y108.300
G1 X171.250 Y112.000 E0.1226 
G92 E0.0000
; segment
G92 E0.0000
G1 F2400.000
G1 Z0.600
G1 X171.250 Y112.000
G1 X171.250 Y120.750 E0.2900 
G1 X171.750 Y120.750 E0.3066 
G1 X171.750 Y112.000 E0.5966 
G92 E0.0000
; segment
G92 E0.0000
G1 F2400.000
G1 Z0.600
G1 X171.750 Y112.000
G1 X171.750 Y78.700 E1.1037 
G92 E0.0000
; segment
G92 E0.0000
G1 F2400.000
G1 Z0.600
G1 X171.750 Y78.700
G1 X171.750 Y75.000 E0.1226 
G92 E0.0000
; segment
G92 E0.0000
G1 F2400.000
G1 Z0.600
G1 X171.750 Y75.000
G1 X171.750 Y66.250 E0.2900 
G1 X172.250 Y66.250 E0.3066 
G1 X172.250 Y75.000 E0.5966 
G92 E0.0000
; segment
G92 E0.0000
G1 F2400.000
G1 Z0.600
G1 X172.250 Y75.000
G1 X172.250 Y108.300 E1.1037 
G92 E0.0000
; segment
G92 E0.0000
G1 F2400.000
G1 Z0.600
G1 X172.250 Y108.300
G1 X172.250 Y112.000 E0.1226 
G92 E0.0000
; segment
G92 E0.0000
G1 F2400.000
G1 Z0.600
G1 X172.250 Y112.000
G1 X172.250 Y120.750 E0.2900 
G1 X172.750 Y120.750 E0.3066 
G1 X172.750 Y112.000 E0.5966 
G92 E0.0000
; segment
G92 E0.0000
G1 F2400.000
G1 Z0.600
G1 X172.750 Y112.000
G1 X172.750 Y78.700 E1.1037 
G92 E0.0000
; segment
G92 E0.0000
G1 F2400.000
G1 Z0.600
G1 X172.750 Y78.700
G1 X172.750 Y75.000 E0.1226 
G92 E0.0000
; segment
G92 E0.0000
G1 F2400.000
G1 Z0.600
G1 X172.750 Y75.000
G1 X172.750 Y66.250 E0.2900 
G1 X173.250 Y66.250 E0.3066 
G1 X173.250 Y75.000 E0.5966 
G92 E0.0000
; segment
G92 E0.0000
G1 F2400.000
G1 Z0.600
G1 X173.250 Y75.000
G1 X173.250 Y108.300 E1.1037 
G92 E0.0000
; segment
G92 E0.0000
G1 F2400.000
G1 Z0.600
G1 X173.250 Y108.300
G1 X173.250 Y112.000 E0.1226 
G92 E0.0000
; segment
G92 E0.0000
G1 F2400.000
G1 Z0.600
G1 X173.250 Y112.000
G1 X173.250 Y120.750 E0.2900 
G1 X173.750 Y120.750 E0.3066 
G1 X173.750 Y112.000 E0.5966 
G92 E0.0000
; segment
G92 E0.0000
G1 F2400.000
G1 Z0.600
G1 X173.750 Y112.000
G1 X173.750 Y78.700 E1.1037 
G92 E0.0000
; segment
G92 E0.0000
G1 F2400.000
G1 Z0.600
G1 X173.750 Y78.700
G1 X173.750 Y75.000 E0.1226 
G92 E0.0000
; segment
G92 E0.0000
G1 F2400.000
G1 Z0.600
G1 X173.750 Y75.000
G1 X173.750 Y66.250 E0.2900 
G1 X174.250 Y66.250 E0.3066 
G1 X174.250 Y75.000 E0.5966 
G92 E0.0000
; segment
G92 E0.0000
G1 F2400.000
G1 Z0.600
G1 X174.250 Y75.000
G1 X174.250 Y108.300 E1.1037 
G92 E0.0000
; segment
G92 E0.0000
G1 F2400.000
G1 Z0.600
G1 X174.250 Y108.300
G1 X174.250 Y112.000 E0.1226 
G92 E0.0000
; segment
G92 E0.0000
G1 F2400.000
G1 Z0.600
G1 X174.250 Y112.000
G1 X174.250 Y120.750 E0.2900 
G1 X174.750 Y120.750 E0.3066 
G1 X174.750 Y112.000 E0.5966 
G92 E0.0000
; segment
G92 E0.0000
G1 F2400.000
G1 Z0.600
G1 X174.750 Y112.000
G1 X174.750 Y78.700 E1.1037 
G92 E0.0000
; segment
G92 E0.0000
G1 F2400.000
G1 Z0.600
G1 X174.750 Y78.700
G1 X174.750 Y75.000 E0.1226 
G92 E0.0000
; segment
G92 E0.0000
G1 F2400.000
G1 Z0.600
G1 X174.750 Y75.000
G1 X174.750 Y66.250 E0.2900 
G1 X175.250 Y66.250 E0.3066 
G1 X175.250 Y75.000 E0.5966 
G92 E0.0000
; segment
G92 E0.0000
G1 F2400.000
G1 Z0.600
G1 X175.250 Y75.000
G1 X175.250 Y108.300 E1.1037 
G92 E0.0000
; segment
G92 E0.0000
G1 F2400.000
G1 Z0.600
G1 X175.250 Y108.300
G1 X175.250 Y112.000 E0.1226 
G92 E0.0000
; segment
G92 E0.0000
G1 F2400.000
G1 Z0.600
G1 X175.250 Y112.000
G1 X175.250 Y120.750 E0.2900 
G1 X175.750 Y120.750 E0.3066 
G1 X175.750 Y112.000 E0.5966 
G92 E0.0000
; segment
G92 E0.0000
G1 F2400.000
G1 Z0.600
G1 X175.750 Y112.000
G1 X175.750 Y78.700 E1.1037 
G92 E0.0000
; segment
G92 E0.0000
G1 F2400.000
G1 Z0.600
G1 X175.750 Y78.700
G1 X175.750 Y75.000 E0.1226 
G92 E0.0000
; segment
G92 E0.0000
G1 F2400.000
G1 Z0.600
G1 X175.750 Y75.000
G1 X175.750 Y66.250 E0.2900 
G1 X176.250 Y66.250 E0.3066 
G1 X176.250 Y75.000 E0.5966 
G92 E0.0000
; segment
G92 E0.0000
G1 F2400.000
G1 Z0.600
G1 X176.250 Y75.000
G1 X176.250 Y108.300 E1.1037 
G92 E0.0000
; segment
G92 E0.0000
G1 F2400.000
G1 Z0.600
G1 X176.250 Y108.300
G1 X176.250 Y112.000 E0.1226 
G92 E0.0000
; segment
G92 E0.0000
G1 F2400.000
G1 Z0.600
G1 X176.250 Y112.000
G1 X176.250 Y135.750 E0.7872 
G1 X176.750 Y135.750 E0.8038 
G1 X176.750 Y112.000 E1.5910 
G92 E0.0000
; segment
G92 E0.0000
G1 F2400.000
G1 Z0.600
G1 X176.750 Y112.000
G1 X176.750 Y78.700 E1.1037 
G92 E0.0000
; segment
G92 E0.0000
G1 F2400.000
G1 Z0.600
G1 X176.750 Y78.700
G1 X176.750 Y75.000 E0.1226 
G92 E0.0000
; segment
G92 E0.0000
G1 F2400.000
G1 Z0.600
G1 X176.750 Y75.000
G1 X176.750 Y51.250 E0.7872 
G1 X177.250 Y51.250 E0.8038 
G1 X177.250 Y75.000 E1.5910 
G92 E0.0000
; segment
G92 E0.0000
G1 F2400.000
G1 Z0.600
G1 X177.250 Y75.000
G1 X177.250 Y108.300 E1.1037 
G92 E0.0000
; segment
G92 E0.0000
G1 F2400.000
G1 Z0.600
G1 X177.250 Y108.300
G1 X177.250 Y112.000 E0.1226 
G92 E0.0000
; segment
G92 E0.0000
G1 F2400.000
G1 Z0.600
G1 X177.250 Y112.000
G1 X177.250 Y135.750 E0.7872 
G1 X177.750 Y135.750 E0.8038 
G1 X177.750 Y112.000 E1.5910 
G92 E0.0000
; segment
G92 E0.0000
G1 F2400.000
G1 Z0.600
G1 X177.750 Y112.000
G1 X177.750 Y78.700 E1.1037 
G92 E0.0000
; segment
G92 E0.0000
G1 F2400.000
G1 Z0.600
G1 X177.750 Y78.700
G1 X177.750 Y75.000 E0.1226 
G92 E0.0000
; segment
G92 E0.0000
G1 F2400.000
G1 Z0.600
G1 X177.750 Y75.000
G1 X177.750 Y51.250 E0.7872 
G1 X178.250 Y51.250 E0.8038 
G1 X178.250 Y75.000 E1.5910 
G92 E0.0000
; segment
G92 E0.0000
G1 F2400.000
G1 Z0.600
G1 X178.250 Y75.000
G1 X178.250 Y108.300 E1.1037 
G92 E0.0000
; segment
G92 E0.0000
G1 F2400.000
G1 Z0.600
G1 X178.250 Y108.300
G1 X178.250 Y112.000 E0.1226 
G92 E0.0000
; segment
G92 E0.0000
G1 F2400.000
G1 Z0.600
G1 X178.250 Y112.000
G1 X178.250 Y135.750 E0.7872 
G1 X178.750 Y135.750 E0.8038 
G1 X178.750 Y112.000 E1.5910 
G92 E0.0000
; segment
G92 E0.0000
G1 F2400.000
G1 Z0.600
G1 X178.750 Y112.000
G1 X178.750 Y78.700 E1.1037 
G92 E0.0000
; segment
G92 E0.0000
G1 F2400.000
G1 Z0.600
G1 X178.750 Y78.700
G1 X178.750 Y75.000 E0.1226 
G92 E0.0000
; segment
G92 E0.0000
G1 F2400.000
G1 Z0.600
G1 X178.750 Y75.000
G1 X178.750 Y51.250 E0.7872 
G1 X179.250 Y51.250 E0.8038 
G1 X179.250 Y75.000 E1.5910 
G92 E0.0000
; segment
G92 E0.0000
G1 F2400.000
G1 Z0.600
G1 X179.250 Y75.000
G1 X179.250 Y108.300 E1.1037 
G92 E0.0000
; segment
G92 E0.0000
G1 F2400.000
G1 Z0.600
G1 X179.250 Y108.300
G1 X179.250 Y112.000 E0.1226 
G92 E0.0000
; segment
G92 E0.0000
G1 F2400.000
G1 Z0.600
G1 X179.250 Y112.000
G1 X179.250 Y135.750 E0.7872 
G1 X179.750 Y135.750 E0.8038 
G1 X179.750 Y112.000 E1.5910 
G92 E0.0000
; segment
G92 E0.0000
G1 F2400.000
G1 Z0.600
G1 X179.750 Y112.000
G1 X179.750 Y78.700 E1.1037 
G92 E0.0000
; segment
G92 E0.0000
G1 F2400.000
G1 Z0.600
G1 X179.750 Y78.700
G1 X179.750 Y75.000 E0.1226 
G92 E0.0000
; segment
G92 E0.0000
G1 F2400.000
G1 Z0.600
G1 X179.750 Y75.000
G1 X179.750 Y51.250 E0.7872 
G1 X180.250 Y51.250 E0.8038 
G1 X180.250 Y75.000 E1.5910 
G92 E0.0000
; segment
G92 E0.0000
G1 F2400.000
G1 Z0.600
G1 X180.250 Y75.000
G1 X180.250 Y108.300 E1.1037 
G92 E0.0000
; segment
G92 E0.0000
G1 F2400.000
G1 Z0.600
G1 X180.250 Y108.300
G1 X180.250 Y112.000 E0.1226 
G92 E0.0000
; segment
G92 E0.0000
G1 F2400.000
G1 Z0.600
G1 X180.250 Y112.000
G1 X180.250 Y135.750 E0.7872 
G1 X180.750 Y135.750 E0.8038 
G1 X180.750 Y112.000 E1.5910 
G92 E0.0000
; segment
G92 E0.0000
G1 F2400.000
G1 Z0.600
G1 X180.750 Y112.000
G1 X180.750 Y78.700 E1.1037 
G92 E0.0000
; segment
G92 E0.0000
G1 F2400.000
G1 Z0.600
G1 X180.750 Y78.700
G1 X180.750 Y75.000 E0.1226 
G92 E0.0000
; segment
G92 E0.0000
G1 F2400.000
G1 Z0.600
G1 X180.750 Y75.000
G1 X180.750 Y51.250 E0.7872 
G1 X181.250 Y51.250 E0.8038 
G1 X181.250 Y75.000 E1.5910 
G92 E0.0000
; segment
G92 E0.0000
G1 F2400.000
G1 Z0.600
G1 X181.250 Y75.000
G1 X181.250 Y108.300 E1.1037 
G92 E0.0000
; segment
G92 E0.0000
G1 F2400.000
G1 Z0.600
G1 X181.250 Y108.300
G1 X181.250 Y112.000 E0.1226 
G92 E0.0000
; segment
G92 E0.0000
G1 F2400.000
G1 Z0.600
G1 X181.250 Y112.000
G1 X181.250 Y135.750 E0.7872 
G1 X181.750 Y135.750 E0.8038 
G1 X181.750 Y112.000 E1.5910 
G92 E0.0000
; segment
G92 E0.0000
G1 F2400.000
G1 Z0.600
G1 X181.750 Y112.000
G1 X181.750 Y78.700 E1.1037 
G92 E0.0000
; segment
G92 E0.0000
G1 F2400.000
G1 Z0.600
G1 X181.750 Y78.700
G1 X181.750 Y75.000 E0.1226 
G92 E0.0000
; segment
G92 E0.0000
G1 F2400.000
G1 Z0.600
G1 X181.750 Y75.000
G1 X181.750 Y51.250 E0.7872 
G1 X182.250 Y51.250 E0.8038 
G1 X182.250 Y75.000 E1.5910 
G92 E0.0000
; segment
G92 E0.0000
G1 F2400.000
G1 Z0.600
G1 X182.250 Y75.000
G1 X182.250 Y108.300 E1.1037 
G92 E0.0000
; segment
G92 E0.0000
G1 F2400.000
G1 Z0.600
G1 X182.250 Y108.300
G1 X182.250 Y112.000 E0.1226 
G92 E0.0000
; segment
G92 E0.0000
G1 F2400.000
G1 Z0.600
G1 X182.250 Y112.000
G1 X182.250 Y135.750 E0.7872 
G1 X182.750 Y135.750 E0.8038 
G1 X182.750 Y112.000 E1.5910 
G92 E0.0000
; segment
G92 E0.0000
G1 F2400.000
G1 Z0.600
G1 X182.750 Y112.000
G1 X182.750 Y78.700 E1.1037 
G92 E0.0000
; segment
G92 E0.0000
G1 F2400.000
G1 Z0.600
G1 X182.750 Y78.700
G1 X182.750 Y75.000 E0.1226 
G92 E0.0000
; segment
G92 E0.0000
G1 F2400.000
G1 Z0.600
G1 X182.750 Y75.000
G1 X182.750 Y51.250 E0.7872 
G1 X183.250 Y51.250 E0.8038 
G1 X183.250 Y75.000 E1.5910 
G92 E0.0000
; segment
G92 E0.0000
G1 F2400.000
G1 Z0.600
G1 X183.250 Y75.000
G1 X183.250 Y108.300 E1.1037 
G92 E0.0000
; segment
G92 E0.0000
G1 F2400.000
G1 Z0.600
G1 X183.250 Y108.300
G1 X183.250 Y112.000 E0.1226 
G92 E0.0000
; segment
G92 E0.0000
G1 F2400.000
G1 Z0.600
G1 X183.250 Y112.000
G1 X183.250 Y135.750 E0.7872 
G1 X183.750 Y135.750 E0.8038 
G1 X183.750 Y112.000 E1.5910 
G92 E0.0000
; segment
G92 E0.0000
G1 F2400.000
G1 Z0.600
G1 X183.750 Y112.000
G1 X183.750 Y78.700 E1.1037 
G92 E0.0000
; segment
G92 E0.0000
G1 F2400.000
G1 Z0.600
G1 X183.750 Y78.700
G1 X183.750 Y75.000 E0.1226 
G92 E0.0000
; segment
G92 E0.0000
G1 F2400.000
G1 Z0.600
G1 X183.750 Y75.000
G1 X183.750 Y51.250 E0.7872 
G92 E0.0000
; jumping
G92 E3.0000
G1 E0 F2400
G1 X188.750 Y66.250 F12000.000
G1 E3 F2400
G92 E0.0000
; segment
G92 E0.0000
G1 F2400.000
G1 Z0.600
G1 X188.750 Y66.250
G1 X188.750 Y75.000 E0.2900 
G92 E0.0000
; segment
G92 E0.0000
G1 F2400.000
G1 Z0.600
G1 X188.750 Y75.000
G1 X188.750 Y108.300 E1.1037 
G92 E0.0000
; segment
G92 E0.0000
G1 F2400.000
G1 Z0.600
G1 X188.750 Y108.300
G1 X188.750 Y112.000 E0.1226 
G92 E0.0000
; segment
G92 E0.0000
G1 F2400.000
G1 Z0.600
G1 X188.750 Y112.000
G1 X188.750 Y120.750 E0.2900 
G1 X188.250 Y120.750 E0.3066 
G1 X188.250 Y112.000 E0.5966 
G92 E0.0000
; segment
G92 E0.0000
G1 F2400.000
G1 Z0.600
G1 X188.250 Y112.000
G1 X188.250 Y78.700 E1.1037 
G92 E0.0000
; segment
G92 E0.0000
G1 F2400.000
G1 Z0.600
G1 X188.250 Y78.700
G1 X188.250 Y75.000 E0.1226 
G92 E0.0000
; segment
G92 E0.0000
G1 F2400.000
G1 Z0.600
G1 X188.250 Y75.000
G1 X188.250 Y66.250 E0.2900 
G1 X187.750 Y66.250 E0.3066 
G1 X187.750 Y75.000 E0.5966 
G92 E0.0000
; segment
G92 E0.0000
G1 F2400.000
G1 Z0.600
G1 X187.750 Y75.000
G1 X187.750 Y108.300 E1.1037 
G92 E0.0000
; segment
G92 E0.0000
G1 F2400.000
G1 Z0.600
G1 X187.750 Y108.300
G1 X187.750 Y112.000 E0.1226 
G92 E0.0000
; segment
G92 E0.0000
G1 F2400.000
G1 Z0.600
G1 X187.750 Y112.000
G1 X187.750 Y120.750 E0.2900 
G1 X187.250 Y120.750 E0.3066 
G1 X187.250 Y112.000 E0.5966 
G92 E0.0000
; segment
G92 E0.0000
G1 F2400.000
G1 Z0.600
G1 X187.250 Y112.000
G1 X187.250 Y78.700 E1.1037 
G92 E0.0000
; segment
G92 E0.0000
G1 F2400.000
G1 Z0.600
G1 X187.250 Y78.700
G1 X187.250 Y75.000 E0.1226 
G92 E0.0000
; segment
G92 E0.0000
G1 F2400.000
G1 Z0.600
G1 X187.250 Y75.000
G1 X187.250 Y66.250 E0.2900 
G1 X186.750 Y66.250 E0.3066 
G1 X186.750 Y75.000 E0.5966 
G92 E0.0000
; segment
G92 E0.0000
G1 F2400.000
G1 Z0.600
G1 X186.750 Y75.000
G1 X186.750 Y108.300 E1.1037 
G92 E0.0000
; segment
G92 E0.0000
G1 F2400.000
G1 Z0.600
G1 X186.750 Y108.300
G1 X186.750 Y112.000 E0.1226 
G92 E0.0000
; segment
G92 E0.0000
G1 F2400.000
G1 Z0.600
G1 X186.750 Y112.000
G1 X186.750 Y120.750 E0.2900 
G1 X186.250 Y120.750 E0.3066 
G1 X186.250 Y112.000 E0.5966 
G92 E0.0000
; segment
G92 E0.0000
G1 F2400.000
G1 Z0.600
G1 X186.250 Y112.000
G1 X186.250 Y78.700 E1.1037 
G92 E0.0000
; segment
G92 E0.0000
G1 F2400.000
G1 Z0.600
G1 X186.250 Y78.700
G1 X186.250 Y75.000 E0.1226 
G92 E0.0000
; segment
G92 E0.0000
G1 F2400.000
G1 Z0.600
G1 X186.250 Y75.000
G1 X186.250 Y66.250 E0.2900 
G1 X185.750 Y66.250 E0.3066 
G1 X185.750 Y75.000 E0.5966 
G92 E0.0000
; segment
G92 E0.0000
G1 F2400.000
G1 Z0.600
G1 X185.750 Y75.000
G1 X185.750 Y108.300 E1.1037 
G92 E0.0000
; segment
G92 E0.0000
G1 F2400.000
G1 Z0.600
G1 X185.750 Y108.300
G1 X185.750 Y112.000 E0.1226 
G92 E0.0000
; segment
G92 E0.0000
G1 F2400.000
G1 Z0.600
G1 X185.750 Y112.000
G1 X185.750 Y120.750 E0.2900 
G1 X185.250 Y120.750 E0.3066 
G1 X185.250 Y112.000 E0.5966 
G92 E0.0000
; segment
G92 E0.0000
G1 F2400.000
G1 Z0.600
G1 X185.250 Y112.000
G1 X185.250 Y78.700 E1.1037 
G92 E0.0000
; segment
G92 E0.0000
G1 F2400.000
G1 Z0.600
G1 X185.250 Y78.700
G1 X185.250 Y75.000 E0.1226 
G92 E0.0000
; segment
G92 E0.0000
G1 F2400.000
G1 Z0.600
G1 X185.250 Y75.000
G1 X185.250 Y66.250 E0.2900 
G1 X184.750 Y66.250 E0.3066 
G1 X184.750 Y75.000 E0.5966 
G92 E0.0000
; segment
G92 E0.0000
G1 F2400.000
G1 Z0.600
G1 X184.750 Y75.000
G1 X184.750 Y108.300 E1.1037 
G92 E0.0000
; segment
G92 E0.0000
G1 F2400.000
G1 Z0.600
G1 X184.750 Y108.300
G1 X184.750 Y112.000 E0.1226 
G92 E0.0000
; segment
G92 E0.0000
G1 F2400.000
G1 Z0.600
G1 X184.750 Y112.000
G1 X184.750 Y120.750 E0.2900 
G1 X184.250 Y120.750 E0.3066 
G1 X184.250 Y112.000 E0.5966 
G92 E0.0000
; segment
G92 E0.0000
G1 F2400.000
G1 Z0.600
G1 X184.250 Y112.000
G1 X184.250 Y78.700 E1.1037 
G92 E0.0000
; segment
G92 E0.0000
G1 F2400.000
G1 Z0.600
G1 X184.250 Y78.700
G1 X184.250 Y75.000 E0.1226 
G92 E0.0000
; segment
G92 E0.0000
G1 F2400.000
G1 Z0.600
G1 X184.250 Y75.000
G1 X184.250 Y66.250 E0.2900 
G1 X183.750 Y66.250 E0.3066 
G92 E0.0000
; jumping
G92 E3.0000
G1 E0 F2400
G1 X184.750 Y65.250 F12000.000
G1 E3 F2400
G92 E0.0000
; segment
G92 E0.0000
G1 F2400.000
G1 Z0.800
G1 X184.750 Y65.250
G1 X184.750 Y50.250 E0.4972 
G1 X175.250 Y50.250 E0.8121 
G1 X175.250 Y65.250 E1.3092 
G1 X170.250 Y65.250 E1.4750 
G1 X170.250 Y75.000 E1.7981 
G92 E0.0000
; segment
G92 E0.0000
G1 F2400.000
G1 Z0.800
G1 X170.250 Y75.000
G1 X170.250 Y108.300 E1.1037 
G92 E0.0000
; segment
G92 E0.0000
G1 F2400.000
G1 Z0.800
G1 X170.250 Y108.300
G1 X170.250 Y112.000 E0.1226 
G92 E0.0000
; segment
G92 E0.0000
G1 F2400.000
G1 Z0.800
G1 X170.250 Y112.000
G1 X170.250 Y121.750 E0.3232 
G1 X175.150 Y121.750 E0.4856 
G1 X175.150 Y136.750 E0.9828 
G1 X184.850 Y136.750 E1.3043 
G1 X184.850 Y121.750 E1.8014 
G1 X189.750 Y121.750 E1.9638 
G1 X189.750 Y112.000 E2.2870 
G92 E0.0000
; segment
G92 E0.0000
G1 F2400.000
G1 Z0.800
G1 X189.750 Y112.000
G1 X189.750 Y78.700 E1.1037 
G92 E0.0000
; segment
G92 E0.0000
G1 F2400.000
G1 Z0.800
G1 X189.750 Y78.700
G1 X189.750 Y75.000 E0.1226 
G92 E0.0000
; segment
G92 E0.0000
G1 F2400.000
G1 Z0.800
G1 X189.750 Y75.000
G1 X189.750 Y65.250 E0.3232 
G1 X184.750 Y65.250 E0.4889 
G92 E0.0000
; segment
G92 E0.0000
G1 F2400.000
G1 Z0.800
G1 X184.250 Y65.750
G1 X184.250 Y50.750 E0.4972 
G1 X175.750 Y50.750 E0.7789 
G1 X175.750 Y65.750 E1.2761 
G1 X170.750 Y65.750 E1.4418 
G1 X170.750 Y75.000 E1.7484 
G92 E0.0000
; segment
G92 E0.0000
G1 F2400.000
G1 Z0.800
G1 X170.750 Y75.000
G1 X170.750 Y108.300 E1.1037 
G92 E0.0000
; segment
G92 E0.0000
G1 F2400.000
G1 Z0.800
G1 X170.750 Y108.300
G1 X170.750 Y112.000 E0.1226 
G92 E0.0000
; segment
G92 E0.0000
G1 F2400.000
G1 Z0.800
G1 X170.750 Y112.000
G1 X170.750 Y121.250 E0.3066 
G1 X175.650 Y121.250 E0.4690 
G1 X175.650 Y136.250 E0.9662 
G1 X184.350 Y136.250 E1.2545 
G1 X184.350 Y121.250 E1.7517 
G1 X189.250 Y121.250 E1.9141 
G1 X189.250 Y112.000 E2.2207 
G92 E0.0000
; segment
G92 E0.0000
G1 F2400.000
G1 Z0.800
G1 X189.250 Y112.000
G1 X189.250 Y78.700 E1.1037 
G92 E0.0000
; segment
G92 E0.0000
G1 F2400.000
G1 Z0.800
G1 X189.250 Y78.700
G1 X189.250 Y75.000 E0.1226 
G92 E0.0000
; segment
G92 E0.0000
G1 F2400.000
G1 Z0.800
G1 X189.250 Y75.000
G1 X189.250 Y65.750 E0.3066 
G1 X184.250 Y65.750 E0.4723 
G92 E0.0000
; segment
G92 E0.0000
G1 F2400.000
G1 Z0.800
G1 X183.750 Y66.250
G1 X184.250 Y66.250 E0.0166 
G1 X184.250 Y75.000 E0.3066 
G92 E0.0000
; segment
G92 E0.0000
G1 F2400.000
G1 Z0.800
G1 X184.250 Y75.000
G1 X184.250 Y108.300 E1.1037 
G92 E0.0000
; segment
G92 E0.0000
G1 F2400.000
G1 Z0.800
G1 X184.250 Y108.300
G1 X184.250 Y112.000 E0.1226 
G92 E0.0000
; segment
G92 E0.0000
G1 F2400.000
G1 Z0.800
G1 X184.250 Y112.000
G1 X184.250 Y120.750 E0.2900 
G1 X184.750 Y120.750 E0.3066 
G1 X184.750 Y112.000 E0.5966 
G92 E0.0000
; segment
G92 E0.0000
G1 F2400.000
G1 Z0.800
G1 X184.750 Y112.000
G1 X184.750 Y78.700 E1.1037 
G92 E0.0000
; segment
G92 E0.0000
G1 F2400.000
G1 Z0.800
G1 X184.750 Y78.700
G1 X184.750 Y75.000 E0.1226 
G92 E0.0000
; segment
G92 E0.0000
G1 F2400.000
G1 Z0.800
G1 X184.750 Y75.000
G1 X184.750 Y66.250 E0.2900 
G1 X185.250 Y66.250 E0.3066 
G1 X185.250 Y75.000 E0.5966 
G92 E0.0000
; segment
G92 E0.0000
G1 F2400.000
G1 Z0.800
G1 X185.250 Y75.000
G1 X185.250 Y108.300 E1.1037 
G92 E0.0000
; segment
G92 E0.0000
G1 F2400.000
G1 Z0.800
G1 X185.250 Y108.300
G1 X185.250 Y112.000 E0.1226 
G92 E0.0000
; segment
G92 E0.0000
G1 F2400.000
G1 Z0.800
G1 X185.250 Y112.000
G1 X185.250 Y120.750 E0.2900 
G1 X185.750 Y120.750 E0.3066 
G1 X185.750 Y112.000 E0.5966 
G92 E0.0000
; segment
G92 E0.0000
G1 F2400.000
G1 Z0.800
G1 X185.750 Y112.000
G1 X185.750 Y78.700 E1.1037 
G92 E0.0000
; segment
G92 E0.0000
G1 F2400.000
G1 Z0.800
G1 X185.750 Y78.700
G1 X185.750 Y75.000 E0.1226 
G92 E0.0000
; segment
G92 E0.0000
G1 F2400.000
G1 Z0.800
G1 X185.750 Y75.000
G1 X185.750 Y66.250 E0.2900 
G1 X186.250 Y66.250 E0.3066 
G1 X186.250 Y75.000 E0.5966 
G92 E0.0000
; segment
G92 E0.0000
G1 F2400.000
G1 Z0.800
G1 X186.250 Y75.000
G1 X186.250 Y108.300 E1.1037 
G92 E0.0000
; segment
G92 E0.0000
G1 F2400.000
G1 Z0.800
G1 X186.250 Y108.300
G1 X186.250 Y112.000 E0.1226 
G92 E0.0000
; segment
G92 E0.0000
G1 F2400.000
G1 Z0.800
G1 X186.250 Y112.000
G1 X186.250 Y120.750 E0.2900 
G1 X186.750 Y120.750 E0.3066 
G1 X186.750 Y112.000 E0.5966 
G92 E0.0000
; segment
G92 E0.0000
G1 F2400.000
G1 Z0.800
G1 X186.750 Y112.000
G1 X186.750 Y78.700 E1.1037 
G92 E0.0000
; segment
G92 E0.0000
G1 F2400.000
G1 Z0.800
G1 X186.750 Y78.700
G1 X186.750 Y75.000 E0.1226 
G92 E0.0000
; segment
G92 E0.0000
G1 F2400.000
G1 Z0.800
G1 X186.750 Y75.000
G1 X186.750 Y66.250 E0.2900 
G1 X187.250 Y66.250 E0.3066 
G1 X187.250 Y75.000 E0.5966 
G92 E0.0000
; segment
G92 E0.0000
G1 F2400.000
G1 Z0.800
G1 X187.250 Y75.000
G1 X187.250 Y108.300 E1.1037 
G92 E0.0000
; segment
G92 E0.0000
G1 F2400.000
G1 Z0.800
G1 X187.250 Y108.300
G1 X187.250 Y112.000 E0.1226 
G92 E0.0000
; segment
G92 E0.0000
G1 F2400.000
G1 Z0.800
G1 X187.250 Y112.000
G1 X187.250 Y120.750 E0.2900 
G1 X187.750 Y120.750 E0.3066 
G1 X187.750 Y112.000 E0.5966 
G92 E0.0000
; segment
G92 E0.0000
G1 F2400.000
G1 Z0.800
G1 X187.750 Y112.000
G1 X187.750 Y78.700 E1.1037 
G92 E0.0000
; segment
G92 E0.0000
G1 F2400.000
G1 Z0.800
G1 X187.750 Y78.700
G1 X187.750 Y75.000 E0.1226 
G92 E0.0000
; segment
G92 E0.0000
G1 F2400.000
G1 Z0.800
G1 X187.750 Y75.000
G1 X187.750 Y66.250 E0.2900 
G1 X188.250 Y66.250 E0.3066 
G1 X188.250 Y75.000 E0.5966 
G92 E0.0000
; segment
G92 E0.0000
G1 F2400.000
G1 Z0.800
G1 X188.250 Y75.000
G1 X188.250 Y108.300 E1.1037 
G92 E0.0000
; segment
G92 E0.0000
G1 F2400.000
G1 Z0.800
G1 X188.250 Y108.300
G1 X188.250 Y112.000 E0.1226 
G92 E0.0000
; segment
G92 E0.0000
G1 F2400.000
G1 Z0.800
G1 X188.250 Y112.000
G1 X188.250 Y120.750 E0.2900 
G1 X188.750 Y120.750 E0.3066 
G1 X188.750 Y112.000 E0.5966 
G92 E0.0000
; segment
G92 E0.0000
G1 F2400.000
G1 Z0.800
G1 X188.750 Y112.000
G1 X188.750 Y78.700 E1.1037 
G92 E0.0000
; segment
G92 E0.0000
G1 F2400.000
G1 Z0.800
G1 X188.750 Y78.700
G1 X188.750 Y75.000 E0.1226 
G92 E0.0000
; segment
G92 E0.0000
G1 F2400.000
G1 Z0.800
G1 X188.750 Y75.000
G1 X188.750 Y66.250 E0.2900 
G92 E0.0000
; jumping
G92 E3.0000
G1 E0 F2400
G1 X183.750 Y51.250 F12000.000
G1 E3 F2400
G92 E0.0000
; segment
G92 E0.0000
G1 F2400.000
G1 Z0.800
G1 X183.750 Y51.250
G1 X183.750 Y75.000 E0.7872 
G92 E0.0000
; segment
G92 E0.0000
G1 F2400.000
G1 Z0.800
G1 X183.750 Y75.000
G1 X183.750 Y108.300 E1.1037 
G92 E0.0000
; segment
G92 E0.0000
G1 F2400.000
G1 Z0.800
G1 X183.750 Y108.300
G1 X183.750 Y112.000 E0.1226 
G92 E0.0000
; segment
G92 E0.0000
G1 F2400.000
G1 Z0.800
G1 X183.750 Y112.000
G1 X183.750 Y135.750 E0.7872 
G1 X183.250 Y135.750 E0.8038 
G1 X183.250 Y112.000 E1.5910 
G92 E0.0000
; segment
G92 E0.0000
G1 F2400.000
G1 Z0.800
G1 X183.250 Y112.000
G1 X183.250 Y78.700 E1.1037 
G92 E0.0000
; segment
G92 E0.0000
G1 F2400.000
G1 Z0.800
G1 X183.250 Y78.700
G1 X183.250 Y75.000 E0.1226 
G92 E0.0000
; segment
G92 E0.0000
G1 F2400.000
G1 Z0.800
G1 X183.250 Y75.000
G1 X183.250 Y51.250 E0.7872 
G1 X182.750 Y51.250 E0.8038 
G1 X182.750 Y75.000 E1.5910 
G92 E0.0000
; segment
G92 E0.0000
G1 F2400.000
G1 Z0.800
G1 X182.750 Y75.000
G1 X182.750 Y108.300 E1.1037 
G92 E0.0000
; segment
G92 E0.0000
G1 F2400.000
G1 Z0.800
G1 X182.750 Y108.300
G1 X182.750 Y112.000 E0.1226 
G92 E0.0000
; segment
G92 E0.0000
G1 F2400.000
G1 Z0.800
G1 X182.750 Y112.000
G1 X182.750 Y135.750 E0.7872 
G1 X182.250 Y135.750 E0.8038 
G1 X182.250 Y112.000 E1.5910 
G92 E0.0000
; segment
G92 E0.0000
G1 F2400.000
G1 Z0.800
G1 X182.250 Y112.000
G1 X182.250 Y78.700 E1.1037 
G92 E0.0000
; segment
G92 E0.0000
G1 F2400.000
G1 Z0.800
G1 X182.250 Y78.700
G1 X182.250 Y75.000 E0.1226 
G92 E0.0000
; segment
G92 E0.0000
G1 F2400.000
G1 Z0.800
G1 X182.250 Y75.000
G1 X182.250 Y51.250 E0.7872 
G1 X181.750 Y51.250 E0.8038 
G1 X181.750 Y75.000 E1.5910 
G92 E0.0000
; segment
G92 E0.0000
G1 F2400.000
G1 Z0.800
G1 X181.750 Y75.000
G1 X181.750 Y108.300 E1.1037 
G92 E0.0000
; segment
G92 E0.0000
G1 F2400.000
G1 Z0.800
G1 X181.750 Y108.300
G1 X181.750 Y112.000 E0.1226 
G92 E0.0000
; segment
G92 E0.0000
G1 F2400.000
G1 Z0.800
G1 X181.750 Y112.000
G1 X181.750 Y135.750 E0.7872 
G1 X181.250 Y135.750 E0.8038 
G1 X181.250 Y112.000 E1.5910 
G92 E0.0000
; segment
G92 E0.0000
G1 F2400.000
G1 Z0.800
G1 X181.250 Y112.000
G1 X181.250 Y78.700 E1.1037 
G92 E0.0000
; segment
G92 E0.0000
G1 F2400.000
G1 Z0.800
G1 X181.250 Y78.700
G1 X181.250 Y75.000 E0.1226 
G92 E0.0000
; segment
G92 E0.0000
G1 F2400.000
G1 Z0.800
G1 X181.250 Y75.000
G1 X181.250 Y51.250 E0.7872 
G1 X180.750 Y51.250 E0.8038 
G1 X180.750 Y75.000 E1.5910 
G92 E0.0000
; segment
G92 E0.0000
G1 F2400.000
G1 Z0.800
G1 X180.750 Y75.000
G1 X180.750 Y108.300 E1.1037 
G92 E0.0000
; segment
G92 E0.0000
G1 F2400.000
G1 Z0.800
G1 X180.750 Y108.300
G1 X180.750 Y112.000 E0.1226 
G92 E0.0000
; segment
G92 E0.0000
G1 F2400.000
G1 Z0.800
G1 X180.750 Y112.000
G1 X180.750 Y135.750 E0.7872 
G1 X180.250 Y135.750 E0.8038 
G1 X180.250 Y112.000 E1.5910 
G92 E0.0000
; segment
G92 E0.0000
G1 F2400.000
G1 Z0.800
G1 X180.250 Y112.000
G1 X180.250 Y78.700 E1.1037 
G92 E0.0000
; segment
G92 E0.0000
G1 F2400.000
G1 Z0.800
G1 X180.250 Y78.700
G1 X180.250 Y75.000 E0.1226 
G92 E0.0000
; segment
G92 E0.0000
G1 F2400.000
G1 Z0.800
G1 X180.250 Y75.000
G1 X180.250 Y51.250 E0.7872 
G1 X179.750 Y51.250 E0.8038 
G1 X179.750 Y75.000 E1.5910 
G92 E0.0000
; segment
G92 E0.0000
G1 F2400.000
G1 Z0.800
G1 X179.750 Y75.000
G1 X179.750 Y108.300 E1.1037 
G92 E0.0000
; segment
G92 E0.0000
G1 F2400.000
G1 Z0.800
G1 X179.750 Y108.300
G1 X179.750 Y112.000 E0.1226 
G92 E0.0000
; segment
G92 E0.0000
G1 F2400.000
G1 Z0.800
G1 X179.750 Y112.000
G1 X179.750 Y135.750 E0.7872 
G1 X179.250 Y135.750 E0.8038 
G1 X179.250 Y112.000 E1.5910 
G92 E0.0000
; segment
G92 E0.0000
G1 F2400.000
G1 Z0.800
G1 X179.250 Y112.000
G1 X179.250 Y78.700 E1.1037 
G92 E0.0000
; segment
G92 E0.0000
G1 F2400.000
G1 Z0.800
G1 X179.250 Y78.700
G1 X179.250 Y75.000 E0.1226 
G92 E0.0000
; segment
G92 E0.0000
G1 F2400.000
G1 Z0.800
G1 X179.250 Y75.000
G1 X179.250 Y51.250 E0.7872 
G1 X178.750 Y51.250 E0.8038 
G1 X178.750 Y75.000 E1.5910 
G92 E0.0000
; segment
G92 E0.0000
G1 F2400.000
G1 Z0.800
G1 X178.750 Y75.000
G1 X178.750 Y108.300 E1.1037 
G92 E0.0000
; segment
G92 E0.0000
G1 F2400.000
G1 Z0.800
G1 X178.750 Y108.300
G1 X178.750 Y112.000 E0.1226 
G92 E0.0000
; segment
G92 E0.0000
G1 F2400.000
G1 Z0.800
G1 X178.750 Y112.000
G1 X178.750 Y135.750 E0.7872 
G1 X178.250 Y135.750 E0.8038 
G1 X178.250 Y112.000 E1.5910 
G92 E0.0000
; segment
G92 E0.0000
G1 F2400.000
G1 Z0.800
G1 X178.250 Y112.000
G1 X178.250 Y78.700 E1.1037 
G92 E0.0000
; segment
G92 E0.0000
G1 F2400.000
G1 Z0.800
G1 X178.250 Y78.700
G1 X178.250 Y75.000 E0.1226 
G92 E0.0000
; segment
G92 E0.0000
G1 F2400.000
G1 Z0.800
G1 X178.250 Y75.000
G1 X178.250 Y51.250 E0.7872 
G1 X177.750 Y51.250 E0.8038 
G1 X177.750 Y75.000 E1.5910 
G92 E0.0000
; segment
G92 E0.0000
G1 F2400.000
G1 Z0.800
G1 X177.750 Y75.000
G1 X177.750 Y108.300 E1.1037 
G92 E0.0000
; segment
G92 E0.0000
G1 F2400.000
G1 Z0.800
G1 X177.750 Y108.300
G1 X177.750 Y112.000 E0.1226 
G92 E0.0000
; segment
G92 E0.0000
G1 F2400.000
G1 Z0.800
G1 X177.750 Y112.000
G1 X177.750 Y135.750 E0.7872 
G1 X177.250 Y135.750 E0.8038 
G1 X177.250 Y112.000 E1.5910 
G92 E0.0000
; segment
G92 E0.0000
G1 F2400.000
G1 Z0.800
G1 X177.250 Y112.000
G1 X177.250 Y78.700 E1.1037 
G92 E0.0000
; segment
G92 E0.0000
G1 F2400.000
G1 Z0.800
G1 X177.250 Y78.700
G1 X177.250 Y75.000 E0.1226 
G92 E0.0000
; segment
G92 E0.0000
G1 F2400.000
G1 Z0.800
G1 X177.250 Y75.000
G1 X177.250 Y51.250 E0.7872 
G1 X176.750 Y51.250 E0.8038 
G1 X176.750 Y75.000 E1.5910 
G92 E0.0000
; segment
G92 E0.0000
G1 F2400.000
G1 Z0.800
G1 X176.750 Y75.000
G1 X176.750 Y108.300 E1.1037 
G92 E0.0000
; segment
G92 E0.0000
G1 F2400.000
G1 Z0.800
G1 X176.750 Y108.300
G1 X176.750 Y112.000 E0.1226 
G92 E0.0000
; segment
G92 E0.0000
G1 F2400.000
G1 Z0.800
G1 X176.750 Y112.000
G1 X176.750 Y135.750 E0.7872 
G1 X176.250 Y135.750 E0.8038 
G1 X176.250 Y112.000 E1.5910 
G92 E0.0000
; segment
G92 E0.0000
G1 F2400.000
G1 Z0.800
G1 X176.250 Y112.000
G1 X176.250 Y78.700 E1.1037 
G92 E0.0000
; segment
G92 E0.0000
G1 F2400.000
G1 Z0.800
G1 X176.250 Y78.700
G1 X176.250 Y75.000 E0.1226 
G92 E0.0000
; segment
G92 E0.0000
G1 F2400.000
G1 Z0.800
G1 X176.250 Y75.000
G1 X176.250 Y66.250 E0.2900 
G1 X175.750 Y66.250 E0.3066 
G1 X175.750 Y75.000 E0.5966 
G92 E0.0000
; segment
G92 E0.0000
G1 F2400.000
G1 Z0.800
G1 X175.750 Y75.000
G1 X175.750 Y108.300 E1.1037 
G92 E0.0000
; segment
G92 E0.0000
G1 F2400.000
G1 Z0.800
G1 X175.750 Y108.300
G1 X175.750 Y112.000 E0.1226 
G92 E0.0000
; segment
G92 E0.0000
G1 F2400.000
G1 Z0.800
G1 X175.750 Y112.000
G1 X175.750 Y120.750 E0.2900 
G1 X175.250 Y120.750 E0.3066 
G1 X175.250 Y112.000 E0.5966 
G92 E0.0000
; segment
G92 E0.0000
G1 F2400.000
G1 Z0.800
G1 X175.250 Y112.000
G1 X175.250 Y78.700 E1.1037 
G92 E0.0000
; segment
G92 E0.0000
G1 F2400.000
G1 Z0.800
G1 X175.250 Y78.700
G1 X175.250 Y75.000 E0.1226 
G92 E0.0000
; segment
G92 E0.0000
G1 F2400.000
G1 Z0.800
G1 X175.250 Y75.000
G1 X175.250 Y66.250 E0.2900 
G1 X174.750 Y66.250 E0.3066 
G1 X174.750 Y75.000 E0.5966 
G92 E0.0000
; segment
G92 E0.0000
G1 F2400.000
G1 Z0.800
G1 X174.750 Y75.000
G1 X174.750 Y108.300 E1.1037 
G92 E0.0000
; segment
G92 E0.0000
G1 F2400.000
G1 Z0.800
G1 X174.750 Y108.300
G1 X174.750 Y112.000 E0.1226 
G92 E0.0000
; segment
G92 E0.0000
G1 F2400.000
G1 Z0.800
G1 X174.750 Y112.000
G1 X174.750 Y120.750 E0.2900 
G1 X174.250 Y120.750 E0.3066 
G1 X174.250 Y112.000 E0.5966 
G92 E0.0000
; segment
G92 E0.0000
G1 F2400.000
G1 Z0.800
G1 X174.250 Y112.000
G1 X174.250 Y78.700 E1.1037 
G92 E0.0000
; segment
G92 E0.0000
G1 F2400.000
G1 Z0.800
G1 X174.250 Y78.700
G1 X174.250 Y75.000 E0.1226 
G92 E0.0000
; segment
G92 E0.0000
G1 F2400.000
G1 Z0.800
G1 X174.250 Y75.000
G1 X174.250 Y66.250 E0.2900 
G1 X173.750 Y66.250 E0.3066 
G1 X173.750 Y75.000 E0.5966 
G92 E0.0000
; segment
G92 E0.0000
G1 F2400.000
G1 Z0.800
G1 X173.750 Y75.000
G1 X173.750 Y108.300 E1.1037 
G92 E0.0000
; segment
G92 E0.0000
G1 F2400.000
G1 Z0.800
G1 X173.750 Y108.300
G1 X173.750 Y112.000 E0.1226 
G92 E0.0000
; segment
G92 E0.0000
G1 F2400.000
G1 Z0.800
G1 X173.750 Y112.000
G1 X173.750 Y120.750 E0.2900 
G1 X173.250 Y120.750 E0.3066 
G1 X173.250 Y112.000 E0.5966 
G92 E0.0000
; segment
G92 E0.0000
G1 F2400.000
G1 Z0.800
G1 X173.250 Y112.000
G1 X173.250 Y78.700 E1.1037 
G92 E0.0000
; segment
G92 E0.0000
G1 F2400.000
G1 Z0.800
G1 X173.250 Y78.700
G1 X173.250 Y75.000 E0.1226 
G92 E0.0000
; segment
G92 E0.0000
G1 F2400.000
G1 Z0.800
G1 X173.250 Y75.000
G1 X173.250 Y66.250 E0.2900 
G1 X172.750 Y66.250 E0.3066 
G1 X172.750 Y75.000 E0.5966 
G92 E0.0000
; segment
G92 E0.0000
G1 F2400.000
G1 Z0.800
G1 X172.750 Y75.000
G1 X172.750 Y108.300 E1.1037 
G92 E0.0000
; segment
G92 E0.0000
G1 F2400.000
G1 Z0.800
G1 X172.750 Y108.300
G1 X172.750 Y112.000 E0.1226 
G92 E0.0000
; segment
G92 E0.0000
G1 F2400.000
G1 Z0.800
G1 X172.750 Y112.000
G1 X172.750 Y120.750 E0.2900 
G1 X172.250 Y120.750 E0.3066 
G1 X172.250 Y112.000 E0.5966 
G92 E0.0000
; segment
G92 E0.0000
G1 F2400.000
G1 Z0.800
G1 X172.250 Y112.000
G1 X172.250 Y78.700 E1.1037 
G92 E0.0000
; segment
G92 E0.0000
G1 F2400.000
G1 Z0.800
G1 X172.250 Y78.700
G1 X172.250 Y75.000 E0.1226 
G92 E0.0000
; segment
G92 E0.0000
G1 F2400.000
G1 Z0.800
G1 X172.250 Y75.000
G1 X172.250 Y66.250 E0.2900 
G1 X171.750 Y66.250 E0.3066 
G1 X171.750 Y75.000 E0.5966 
G92 E0.0000
; segment
G92 E0.0000
G1 F2400.000
G1 Z0.800
G1 X171.750 Y75.000
G1 X171.750 Y108.300 E1.1037 
G92 E0.0000
; segment
G92 E0.0000
G1 F2400.000
G1 Z0.800
G1 X171.750 Y108.300
G1 X171.750 Y112.000 E0.1226 
G92 E0.0000
; segment
G92 E0.0000
G1 F2400.000
G1 Z0.800
G1 X171.750 Y112.000
G1 X171.750 Y120.750 E0.2900 
G1 X171.250 Y120.750 E0.3066 
G1 X171.250 Y112.000 E0.5966 
G92 E0.0000
; segment
G92 E0.0000
G1 F2400.000
G1 Z0.800
G1 X171.250 Y112.000
G1 X171.250 Y78.700 E1.1037 
G92 E0.0000
; segment
G92 E0.0000
G1 F2400.000
G1 Z0.800
G1 X171.250 Y78.700
G1 X171.250 Y75.000 E0.1226 
G92 E0.0000
; segment
G92 E0.0000
G1 F2400.000
G1 Z0.800
G1 X171.250 Y75.000
G1 X171.250 Y66.250 E0.2900 
G92 E0.0000
; jumping
G92 E3.0000
G1 E0 F2400
G1 X170.250 Y65.250 F12000.000
G1 E3 F2400
G92 E0.0000
; segment
G92 E0.0000
G1 F2400.000
G1 Z1.000
G1 X170.250 Y65.250
G1 X170.250 Y75.000 E0.3232 
G92 E0.0000
; segment
G92 E0.0000
G1 F2400.000
G1 Z1.000
G1 X170.250 Y75.000
G1 X170.250 Y108.300 E1.1037 
G92 E0.0000
; segment
G92 E0.0000
G1 F2400.000
G1 Z1.000
G1 X170.250 Y108.300
G1 X170.250 Y112.000 E0.1226 
G92 E0.0000
; segment
G92 E0.0000
G1 F2400.000
G1 Z1.000
G1 X170.250 Y112.000
G1 X170.250 Y121.750 E0.3232 
G1 X175.150 Y121.750 E0.4856 
G1 X175.150 Y136.750 E0.9828 
G1 X184.850 Y136.750 E1.3043 
G1 X184.850 Y121.750 E1.8014 
G1 X189.750 Y121.750 E1.9638 
G1 X189.750 Y112.000 E2.2870 
G92 E0.0000
; segment
G92 E0.0000
G1 F2400.000
G1 Z1.000
G1 X189.750 Y112.000
G1 X189.750 Y78.700 E1.1037 
G92 E0.0000
; segment
G92 E0.0000
G1 F2400.000
G1 Z1.000
G1 X189.750 Y78.700
G1 X189.750 Y75.000 E0.1226 
G92 E0.0000
; segment
G92 E0.0000
G1 F2400.000
G1 Z1.000
G1 X189.750 Y75.000
G1 X189.750 Y65.250 E0.3232 
G1 X184.750 Y65.250 E0.4889 
G1 X184.750 Y50.250 E0.9861 
G1 X175.250 Y50.250 E1.3009 
G1 X175.250 Y65.250 E1.7981 
G1 X170.250 Y65.250 E1.9638 
G92 E0.0000
; segment
G92 E0.0000
G1 F2400.000
G1 Z1.000
G1 X170.750 Y65.750
G1 X170.750 Y75.000 E0.3066 
G92 E0.0000
; segment
G92 E0.0000
G1 F2400.000
G1 Z1.000
G1 X170.750 Y75.000
G1 X170.750 Y108.300 E1.1037 
G92 E0.0000
; segment
G92 E0.0000
G1 F2400.000
G1 Z1.000
G1 X170.750 Y108.300
G1 X170.750 Y112.000 E0.1226 
G92 E0.0000
; segment
G92 E0.0000
G1 F2400.000
G1 Z1.000
G1 X170.750 Y112.000
G1 X170.750 Y121.250 E0.3066 
G1 X175.650 Y121.250 E0.4690 
G1 X175.650 Y136.250 E0.9662 
G1 X184.350 Y136.250 E1.2545 
G1 X184.350 Y121.250 E1.7517 
G1 X189.250 Y121.250 E1.9141 
G1 X189.250 Y112.000 E2.2207 
G92 E0.0000
; segment
G92 E0.0000
G1 F2400.000
G1 Z1.000
G1 X189.250 Y112.000
G1 X189.250 Y78.700 E1.1037 
G92 E0.0000
; segment
G92 E0.0000
G1 F2400.000
G1 Z1.000
G1 X189.250 Y78.700
G1 X189.250 Y75.000 E0.1226 
G92 E0.0000
; segment
G92 E0.0000
G1 F2400.000
G1 Z1.000
G1 X189.250 Y75.000
G1 X189.250 Y65.750 E0.3066 
G1 X184.250 Y65.750 E0.4723 
G1 X184.250 Y50.750 E0.9695 
G1 X175.750 Y50.750 E1.2512 
G1 X175.750 Y65.750 E1.7484 
G1 X170.750 Y65.750 E1.9141 
G92 E0.0000
; segment
G92 E0.0000
G1 F2400.000
G1 Z1.000
G1 X171.250 Y66.250
G1 X171.250 Y75.000 E0.2900 
G92 E0.0000
; segment
G92 E0.0000
G1 F2400.000
G1 Z1.000
G1 X171.250 Y75.000
G1 X171.250 Y108.300 E1.1037 
G92 E0.0000
; segment
G92 E0.0000
G1 F2400.000
G1 Z1.000
G1 X171.250 Y108.300
G1 X171.250 Y112.000 E0.1226 
G92 E0.0000
; segment
G92 E0.0000
G1 F2400.000
G1 Z1.000
G1 X171.250 Y112.000
G1 X171.250 Y120.750 E0.2900 
G1 X171.750 Y120.750 E0.3066 
G1 X171.750 Y112.000 E0.5966 
G92 E0.0000
; segment
G92 E0.0000
G1 F2400.000
G1 Z1.000
G1 X171.750 Y112.000
G1 X171.750 Y78.700 E1.1037 
G92 E0.0000
; segment
G92 E0.0000
G1 F2400.000
G1 Z1.000
G1 X171.750 Y78.700
G1 X171.750 Y75.000 E0.1226 
G92 E0.0000
; segment
G92 E0.0000
G1 F2400.000
G1 Z1.000
G1 X171.750 Y75.000
G1 X171.750 Y66.250 E0.2900 
G1 X172.250 Y66.250 E0.3066 
G1 X172.250 Y75.000 E0.5966 
G92 E0.0000
; segment
G92 E0.0000
G1 F2400.000
G1 Z1.000
G1 X172.250 Y75.000
G1 X172.250 Y108.300 E1.1037 
G92 E0.0000
; segment
G92 E0.0000
G1 F2400.000
G1 Z1.000
G1 X172.250 Y108.300
G1 X172.250 Y112.000 E0.1226 
G92 E0.0000
; segment
G92 E0.0000
G1 F2400.000
G1 Z1.000
G1 X172.250 Y112.000
G1 X172.250 Y120.750 E0.2900 
G1 X172.750 Y120.750 E0.3066 
G1 X172.750 Y112.000 E0.5966 
G92 E0.0000
; segment
G92 E0.0000
G1 F2400.000
G1 Z1.000
G1 X172.750 Y112.000
G1 X172.750 Y78.700 E1.1037 
G92 E0.0000
; segment
G92 E0.0000
G1 F2400.000
G1 Z1.000
G1 X172.750 Y78.700
G1 X172.750 Y75.000 E0.1226 
G92 E0.0000
; segment
G92 E0.0000
G1 F2400.000
G1 Z1.000
G1 X172.750 Y75.000
G1 X172.750 Y66.250 E0.2900 
G1 X173.250 Y66.250 E0.3066 
G1 X173.250 Y75.000 E0.5966 
G92 E0.0000
; segment
G92 E0.0000
G1 F2400.000
G1 Z1.000
G1 X173.250 Y75.000
G1 X173.250 Y108.300 E1.1037 
G92 E0.0000
; segment
G92 E0.0000
G1 F2400.000
G1 Z1.000
G1 X173.250 Y108.300
G1 X173.250 Y112.000 E0.1226 
G92 E0.0000
; segment
G92 E0.0000
G1 F2400.000
G1 Z1.000
G1 X173.250 Y112.000
G1 X173.250 Y120.750 E0.2900 
G1 X173.750 Y120.750 E0.3066 
G1 X173.750 Y112.000 E0.5966 
G92 E0.0000
; segment
G92 E0.0000
G1 F2400.000
G1 Z1.000
G1 X173.750 Y112.000
G1 X173.750 Y78.700 E1.1037 
G92 E0.0000
; segment
G92 E0.0000
G1 F2400.000
G1 Z1.000
G1 X173.750 Y78.700
G1 X173.750 Y75.000 E0.1226 
G92 E0.0000
; segment
G92 E0.0000
G1 F2400.000
G1 Z1.000
G1 X173.750 Y75.000
G1 X173.750 Y66.250 E0.2900 
G1 X174.250 Y66.250 E0.3066 
G1 X174.250 Y75.000 E0.5966 
G92 E0.0000
; segment
G92 E0.0000
G1 F2400.000
G1 Z1.000
G1 X174.250 Y75.000
G1 X174.250 Y108.300 E1.1037 
G92 E0.0000
; segment
G92 E0.0000
G1 F2400.000
G1 Z1.000
G1 X174.250 Y108.300
G1 X174.250 Y112.000 E0.1226 
G92 E0.0000
; segment
G92 E0.0000
G1 F2400.000
G1 Z1.000
G1 X174.250 Y112.000
G1 X174.250 Y120.750 E0.2900 
G1 X174.750 Y120.750 E0.3066 
G1 X174.750 Y112.000 E0.5966 
G92 E0.0000
; segment
G92 E0.0000
G1 F2400.000
G1 Z1.000
G1 X174.750 Y112.000
G1 X174.750 Y78.700 E1.1037 
G92 E0.0000
; segment
G92 E0.0000
G1 F2400.000
G1 Z1.000
G1 X174.750 Y78.700
G1 X174.750 Y75.000 E0.1226 
G92 E0.0000
; segment
G92 E0.0000
G1 F2400.000
G1 Z1.000
G1 X174.750 Y75.000
G1 X174.750 Y66.250 E0.2900 
G1 X175.250 Y66.250 E0.3066 
G1 X175.250 Y75.000 E0.5966 
G92 E0.0000
; segment
G92 E0.0000
G1 F2400.000
G1 Z1.000
G1 X175.250 Y75.000
G1 X175.250 Y108.300 E1.1037 
G92 E0.0000
; segment
G92 E0.0000
G1 F2400.000
G1 Z1.000
G1 X175.250 Y108.300
G1 X175.250 Y112.000 E0.1226 
G92 E0.0000
; segment
G92 E0.0000
G1 F2400.000
G1 Z1.000
G1 X175.250 Y112.000
G1 X175.250 Y120.750 E0.2900 
G1 X175.750 Y120.750 E0.3066 
G1 X175.750 Y112.000 E0.5966 
G92 E0.0000
; segment
G92 E0.0000
G1 F2400.000
G1 Z1.000
G1 X175.750 Y112.000
G1 X175.750 Y78.700 E1.1037 
G92 E0.0000
; segment
G92 E0.0000
G1 F2400.000
G1 Z1.000
G1 X175.750 Y78.700
G1 X175.750 Y75.000 E0.1226 
G92 E0.0000
; segment
G92 E0.0000
G1 F2400.000
G1 Z1.000
G1 X175.750 Y75.000
G1 X175.750 Y66.250 E0.2900 
G1 X176.250 Y66.250 E0.3066 
G1 X176.250 Y75.000 E0.5966 
G92 E0.0000
; segment
G92 E0.0000
G1 F2400.000
G1 Z1.000
G1 X176.250 Y75.000
G1 X176.250 Y108.300 E1.1037 
G92 E0.0000
; segment
G92 E0.0000
G1 F2400.000
G1 Z1.000
G1 X176.250 Y108.300
G1 X176.250 Y112.000 E0.1226 
G92 E0.0000
; segment
G92 E0.0000
G1 F2400.000
G1 Z1.000
G1 X176.250 Y112.000
G1 X176.250 Y135.750 E0.7872 
G1 X176.750 Y135.750 E0.8038 
G1 X176.750 Y112.000 E1.5910 
G92 E0.0000
; segment
G92 E0.0000
G1 F2400.000
G1 Z1.000
G1 X176.750 Y112.000
G1 X176.750 Y78.700 E1.1037 
G92 E0.0000
; segment
G92 E0.0000
G1 F2400.000
G1 Z1.000
G1 X176.750 Y78.700
G1 X176.750 Y75.000 E0.1226 
G92 E0.0000
; segment
G92 E0.0000
G1 F2400.000
G1 Z1.000
G1 X176.750 Y75.000
G1 X176.750 Y51.250 E0.7872 
G1 X177.250 Y51.250 E0.8038 
G1 X177.250 Y75.000 E1.5910 
G92 E0.0000
; segment
G92 E0.0000
G1 F2400.000
G1 Z1.000
G1 X177.250 Y75.000
G1 X177.250 Y108.300 E1.1037 
G92 E0.0000
; segment
G92 E0.0000
G1 F2400.000
G1 Z1.000
G1 X177.250 Y108.300
G1 X177.250 Y112.000 E0.1226 
G92 E0.0000
; segment
G92 E0.0000
G1 F2400.000
G1 Z1.000
G1 X177.250 Y112.000
G1 X177.250 Y135.750 E0.7872 
G1 X177.750 Y135.750 E0.8038 
G1 X177.750 Y112.000 E1.5910 
G92 E0.0000
; segment
G92 E0.0000
G1 F2400.000
G1 Z1.000
G1 X177.750 Y112.000
G1 X177.750 Y78.700 E1.1037 
G92 E0.0000
; segment
G92 E0.0000
G1 F2400.000
G1 Z1.000
G1 X177.750 Y78.700
G1 X177.750 Y75.000 E0.1226 
G92 E0.0000
; segment
G92 E0.0000
G1 F2400.000
G1 Z1.000
G1 X177.750 Y75.000
G1 X177.750 Y51.250 E0.7872 
G1 X178.250 Y51.250 E0.8038 
G1 X178.250 Y75.000 E1.5910 
G92 E0.0000
; segment
G92 E0.0000
G1 F2400.000
G1 Z1.000
G1 X178.250 Y75.000
G1 X178.250 Y108.300 E1.1037 
G92 E0.0000
; segment
G92 E0.0000
G1 F2400.000
G1 Z1.000
G1 X178.250 Y108.300
G1 X178.250 Y112.000 E0.1226 
G92 E0.0000
; segment
G92 E0.0000
G1 F2400.000
G1 Z1.000
G1 X178.250 Y112.000
G1 X178.250 Y135.750 E0.7872 
G1 X178.750 Y135.750 E0.8038 
G1 X178.750 Y112.000 E1.5910 
G92 E0.0000
; segment
G92 E0.0000
G1 F2400.000
G1 Z1.000
G1 X178.750 Y112.000
G1 X178.750 Y78.700 E1.1037 
G92 E0.0000
; segment
G92 E0.0000
G1 F2400.000
G1 Z1.000
G1 X178.750 Y78.700
G1 X178.750 Y75.000 E0.1226 
G92 E0.0000
; segment
G92 E0.0000
G1 F2400.000
G1 Z1.000
G1 X178.750 Y75.000
G1 X178.750 Y51.250 E0.7872 
G1 X179.250 Y51.250 E0.8038 
G1 X179.250 Y75.000 E1.5910 
G92 E0.0000
; segment
G92 E0.0000
G1 F2400.000
G1 Z1.000
G1 X179.250 Y75.000
G1 X179.250 Y108.300 E1.1037 
G92 E0.0000
; segment
G92 E0.0000
G1 F2400.000
G1 Z1.000
G1 X179.250 Y108.300
G1 X179.250 Y112.000 E0.1226 
G92 E0.0000
; segment
G92 E0.0000
G1 F2400.000
G1 Z1.000
G1 X179.250 Y112.000
G1 X179.250 Y135.750 E0.7872 
G1 X179.750 Y135.750 E0.8038 
G1 X179.750 Y112.000 E1.5910 
G92 E0.0000
; segment
G92 E0.0000
G1 F2400.000
G1 Z1.000
G1 X179.750 Y112.000
G1 X179.750 Y78.700 E1.1037 
G92 E0.0000
; segment
G92 E0.0000
G1 F2400.000
G1 Z1.000
G1 X179.750 Y78.700
G1 X179.750 Y75.000 E0.1226 
G92 E0.0000
; segment
G92 E0.0000
G1 F2400.000
G1 Z1.000
G1 X179.750 Y75.000
G1 X179.750 Y51.250 E0.7872 
G1 X180.250 Y51.250 E0.8038 
G1 X180.250 Y75.000 E1.5910 
G92 E0.0000
; segment
G92 E0.0000
G1 F2400.000
G1 Z1.000
G1 X180.250 Y75.000
G1 X180.250 Y108.300 E1.1037 
G92 E0.0000
; segment
G92 E0.0000
G1 F2400.000
G1 Z1.000
G1 X180.250 Y108.300
G1 X180.250 Y112.000 E0.1226 
G92 E0.0000
; segment
G92 E0.0000
G1 F2400.000
G1 Z1.000
G1 X180.250 Y112.000
G1 X180.250 Y135.750 E0.7872 
G1 X180.750 Y135.750 E0.8038 
G1 X180.750 Y112.000 E1.5910 
G92 E0.0000
; segment
G92 E0.0000
G1 F2400.000
G1 Z1.000
G1 X180.750 Y112.000
G1 X180.750 Y78.700 E1.1037 
G92 E0.0000
; segment
G92 E0.0000
G1 F2400.000
G1 Z1.000
G1 X180.750 Y78.700
G1 X180.750 Y75.000 E0.1226 
G92 E0.0000
; segment
G92 E0.0000
G1 F2400.000
G1 Z1.000
G1 X180.750 Y75.000
G1 X180.750 Y51.250 E0.7872 
G1 X181.250 Y51.250 E0.8038 
G1 X181.250 Y75.000 E1.5910 
G92 E0.0000
; segment
G92 E0.0000
G1 F2400.000
G1 Z1.000
G1 X181.250 Y75.000
G1 X181.250 Y108.300 E1.1037 
G92 E0.0000
; segment
G92 E0.0000
G1 F2400.000
G1 Z1.000
G1 X181.250 Y108.300
G1 X181.250 Y112.000 E0.1226 
G92 E0.0000
; segment
G92 E0.0000
G1 F2400.000
G1 Z1.000
G1 X181.250 Y112.000
G1 X181.250 Y135.750 E0.7872 
G1 X181.750 Y135.750 E0.8038 
G1 X181.750 Y112.000 E1.5910 
G92 E0.0000
; segment
G92 E0.0000
G1 F2400.000
G1 Z1.000
G1 X181.750 Y112.000
G1 X181.750 Y78.700 E1.1037 
G92 E0.0000
; segment
G92 E0.0000
G1 F2400.000
G1 Z1.000
G1 X181.750 Y78.700
G1 X181.750 Y75.000 E0.1226 
G92 E0.0000
; segment
G92 E0.0000
G1 F2400.000
G1 Z1.000
G1 X181.750 Y75.000
G1 X181.750 Y51.250 E0.7872 
G1 X182.250 Y51.250 E0.8038 
G1 X182.250 Y75.000 E1.5910 
G92 E0.0000
; segment
G92 E0.0000
G1 F2400.000
G1 Z1.000
G1 X182.250 Y75.000
G1 X182.250 Y108.300 E1.1037 
G92 E0.0000
; segment
G92 E0.0000
G1 F2400.000
G1 Z1.000
G1 X182.250 Y108.300
G1 X182.250 Y112.000 E0.1226 
G92 E0.0000
; segment
G92 E0.0000
G1 F2400.000
G1 Z1.000
G1 X182.250 Y112.000
G1 X182.250 Y135.750 E0.7872 
G1 X182.750 Y135.750 E0.8038 
G1 X182.750 Y112.000 E1.5910 
G92 E0.0000
; segment
G92 E0.0000
G1 F2400.000
G1 Z1.000
G1 X182.750 Y112.000
G1 X182.750 Y78.700 E1.1037 
G92 E0.0000
; segment
G92 E0.0000
G1 F2400.000
G1 Z1.000
G1 X182.750 Y78.700
G1 X182.750 Y75.000 E0.1226 
G92 E0.0000
; segment
G92 E0.0000
G1 F2400.000
G1 Z1.000
G1 X182.750 Y75.000
G1 X182.750 Y51.250 E0.7872 
G1 X183.250 Y51.250 E0.8038 
G1 X183.250 Y75.000 E1.5910 
G92 E0.0000
; segment
G92 E0.0000
G1 F2400.000
G1 Z1.000
G1 X183.250 Y75.000
G1 X183.250 Y108.300 E1.1037 
G92 E0.0000
; segment
G92 E0.0000
G1 F2400.000
G1 Z1.000
G1 X183.250 Y108.300
G1 X183.250 Y112.000 E0.1226 
G92 E0.0000
; segment
G92 E0.0000
G1 F2400.000
G1 Z1.000
G1 X183.250 Y112.000
G1 X183.250 Y135.750 E0.7872 
G1 X183.750 Y135.750 E0.8038 
G1 X183.750 Y112.000 E1.5910 
G92 E0.0000
; segment
G92 E0.0000
G1 F2400.000
G1 Z1.000
G1 X183.750 Y112.000
G1 X183.750 Y78.700 E1.1037 
G92 E0.0000
; segment
G92 E0.0000
G1 F2400.000
G1 Z1.000
G1 X183.750 Y78.700
G1 X183.750 Y75.000 E0.1226 
G92 E0.0000
; segment
G92 E0.0000
G1 F2400.000
G1 Z1.000
G1 X183.750 Y75.000
G1 X183.750 Y51.250 E0.7872 
G92 E0.0000
; jumping
G92 E3.0000
G1 E0 F2400
G1 X188.750 Y66.250 F12000.000
G1 E3 F2400
G92 E0.0000
; segment
G92 E0.0000
G1 F2400.000
G1 Z1.000
G1 X188.750 Y66.250
G1 X188.750 Y75.000 E0.2900 
G92 E0.0000
; segment
G92 E0.0000
G1 F2400.000
G1 Z1.000
G1 X188.750 Y75.000
G1 X188.750 Y108.300 E1.1037 
G92 E0.0000
; segment
G92 E0.0000
G1 F2400.000
G1 Z1.000
G1 X188.750 Y108.300
G1 X188.750 Y112.000 E0.1226 
G92 E0.0000
; segment
G92 E0.0000
G1 F2400.000
G1 Z1.000
G1 X188.750 Y112.000
G1 X188.750 Y120.750 E0.2900 
G1 X188.250 Y120.750 E0.3066 
G1 X188.250 Y112.000 E0.5966 
G92 E0.0000
; segment
G92 E0.0000
G1 F2400.000
G1 Z1.000
G1 X188.250 Y112.000
G1 X188.250 Y78.700 E1.1037 
G92 E0.0000
; segment
G92 E0.0000
G1 F2400.000
G1 Z1.000
G1 X188.250 Y78.700
G1 X188.250 Y75.000 E0.1226 
G92 E0.0000
; segment
G92 E0.0000
G1 F2400.000
G1 Z1.000
G1 X188.250 Y75.000
G1 X188.250 Y66.250 E0.2900 
G1 X187.750 Y66.250 E0.3066 
G1 X187.750 Y75.000 E0.5966 
G92 E0.0000
; segment
G92 E0.0000
G1 F2400.000
G1 Z1.000
G1 X187.750 Y75.000
G1 X187.750 Y108.300 E1.1037 
G92 E0.0000
; segment
G92 E0.0000
G1 F2400.000
G1 Z1.000
G1 X187.750 Y108.300
G1 X187.750 Y112.000 E0.1226 
G92 E0.0000
; segment
G92 E0.0000
G1 F2400.000
G1 Z1.000
G1 X187.750 Y112.000
G1 X187.750 Y120.750 E0.2900 
G1 X187.250 Y120.750 E0.3066 
G1 X187.250 Y112.000 E0.5966 
G92 E0.0000
; segment
G92 E0.0000
G1 F2400.000
G1 Z1.000
G1 X187.250 Y112.000
G1 X187.250 Y78.700 E1.1037 
G92 E0.0000
; segment
G92 E0.0000
G1 F2400.000
G1 Z1.000
G1 X187.250 Y78.700
G1 X187.250 Y75.000 E0.1226 
G92 E0.0000
; segment
G92 E0.0000
G1 F2400.000
G1 Z1.000
G1 X187.250 Y75.000
G1 X187.250 Y66.250 E0.2900 
G1 X186.750 Y66.250 E0.3066 
G1 X186.750 Y75.000 E0.5966 
G92 E0.0000
; segment
G92 E0.0000
G1 F2400.000
G1 Z1.000
G1 X186.750 Y75.000
G1 X186.750 Y108.300 E1.1037 
G92 E0.0000
; segment
G92 E0.0000
G1 F2400.000
G1 Z1.000
G1 X186.750 Y108.300
G1 X186.750 Y112.000 E0.1226 
G92 E0.0000
; segment
G92 E0.0000
G1 F2400.000
G1 Z1.000
G1 X186.750 Y112.000
G1 X186.750 Y120.750 E0.2900 
G1 X186.250 Y120.750 E0.3066 
G1 X186.250 Y112.000 E0.5966 
G92 E0.0000
; segment
G92 E0.0000
G1 F2400.000
G1 Z1.000
G1 X186.250 Y112.000
G1 X186.250 Y78.700 E1.1037 
G92 E0.0000
; segment
G92 E0.0000
G1 F2400.000
G1 Z1.000
G1 X186.250 Y78.700
G1 X186.250 Y75.000 E0.1226 
G92 E0.0000
; segment
G92 E0.0000
G1 F2400.000
G1 Z1.000
G1 X186.250 Y75.000
G1 X186.250 Y66.250 E0.2900 
G1 X185.750 Y66.250 E0.3066 
G1 X185.750 Y75.000 E0.5966 
G92 E0.0000
; segment
G92 E0.0000
G1 F2400.000
G1 Z1.000
G1 X185.750 Y75.000
G1 X185.750 Y108.300 E1.1037 
G92 E0.0000
; segment
G92 E0.0000
G1 F2400.000
G1 Z1.000
G1 X185.750 Y108.300
G1 X185.750 Y112.000 E0.1226 
G92 E0.0000
; segment
G92 E0.0000
G1 F2400.000
G1 Z1.000
G1 X185.750 Y112.000
G1 X185.750 Y120.750 E0.2900 
G1 X185.250 Y120.750 E0.3066 
G1 X185.250 Y112.000 E0.5966 
G92 E0.0000
; segment
G92 E0.0000
G1 F2400.000
G1 Z1.000
G1 X185.250 Y112.000
G1 X185.250 Y78.700 E1.1037 
G92 E0.0000
; segment
G92 E0.0000
G1 F2400.000
G1 Z1.000
G1 X185.250 Y78.700
G1 X185.250 Y75.000 E0.1226 
G92 E0.0000
; segment
G92 E0.0000
G1 F2400.000
G1 Z1.000
G1 X185.250 Y75.000
G1 X185.250 Y66.250 E0.2900 
G1 X184.750 Y66.250 E0.3066 
G1 X184.750 Y75.000 E0.5966 
G92 E0.0000
; segment
G92 E0.0000
G1 F2400.000
G1 Z1.000
G1 X184.750 Y75.000
G1 X184.750 Y108.300 E1.1037 
G92 E0.0000
; segment
G92 E0.0000
G1 F2400.000
G1 Z1.000
G1 X184.750 Y108.300
G1 X184.750 Y112.000 E0.1226 
G92 E0.0000
; segment
G92 E0.0000
G1 F2400.000
G1 Z1.000
G1 X184.750 Y112.000
G1 X184.750 Y120.750 E0.2900 
G1 X184.250 Y120.750 E0.3066 
G1 X184.250 Y112.000 E0.5966 
G92 E0.0000
; segment
G92 E0.0000
G1 F2400.000
G1 Z1.000
G1 X184.250 Y112.000
G1 X184.250 Y78.700 E1.1037 
G92 E0.0000
; segment
G92 E0.0000
G1 F2400.000
G1 Z1.000
G1 X184.250 Y78.700
G1 X184.250 Y75.000 E0.1226 
G92 E0.0000
; segment
G92 E0.0000
G1 F2400.000
G1 Z1.000
G1 X184.250 Y75.000
G1 X184.250 Y66.250 E0.2900 
G1 X183.750 Y66.250 E0.3066 
G92 E0.0000
; jumping
G92 E3.0000
G1 E0 F2400
G1 X184.750 Y65.250 F12000.000
G1 E3 F2400
G92 E0.0000
; segment
G92 E0.0000
G1 F2400.000
G1 Z1.200
G1 X184.750 Y65.250
G1 X184.750 Y50.250 E0.4972 
G1 X175.250 Y50.250 E0.8121 
G1 X175.250 Y65.250 E1.3092 
G1 X170.250 Y65.250 E1.4750 
G1 X170.250 Y75.000 E1.7981 
G92 E0.0000
; segment
G92 E0.0000
G1 F2400.000
G1 Z1.200
G1 X170.250 Y75.000
G1 X170.250 Y108.300 E1.1037 
G92 E0.0000
; segment
G92 E0.0000
G1 F2400.000
G1 Z1.200
G1 X170.250 Y108.300
G1 X170.250 Y112.000 E0.1226 
G92 E0.0000
; segment
G92 E0.0000
G1 F2400.000
G1 Z1.200
G1 X170.250 Y112.000
G1 X170.250 Y121.750 E0.3232 
G1 X175.150 Y121.750 E0.4856 
G1 X175.150 Y136.750 E0.9828 
G1 X184.850 Y136.750 E1.3043 
G1 X184.850 Y121.750 E1.8014 
G1 X189.750 Y121.750 E1.9638 
G1 X189.750 Y112.000 E2.2870 
G92 E0.0000
; segment
G92 E0.0000
G1 F2400.000
G1 Z1.200
G1 X189.750 Y112.000
G1 X189.750 Y78.700 E1.1037 
G92 E0.0000
; segment
G92 E0.0000
G1 F2400.000
G1 Z1.200
G1 X189.750 Y78.700
G1 X189.750 Y75.000 E0.1226 
G92 E0.0000
; segment
G92 E0.0000
G1 F2400.000
G1 Z1.200
G1 X189.750 Y75.000
G1 X189.750 Y65.250 E0.3232 
G1 X184.750 Y65.250 E0.4889 
G92 E0.0000
; segment
G92 E0.0000
G1 F2400.000
G1 Z1.200
G1 X184.250 Y65.750
G1 X184.250 Y50.750 E0.4972 
G1 X175.750 Y50.750 E0.7789 
G1 X175.750 Y65.750 E1.2761 
G1 X170.750 Y65.750 E1.4418 
G1 X170.750 Y75.000 E1.7484 
G92 E0.0000
; segment
G92 E0.0000
G1 F2400.000
G1 Z1.200
G1 X170.750 Y75.000
G1 X170.750 Y108.300 E1.1037 
G92 E0.0000
; segment
G92 E0.0000
G1 F2400.000
G1 Z1.200
G1 X170.750 Y108.300
G1 X170.750 Y112.000 E0.1226 
G92 E0.0000
; segment
G92 E0.0000
G1 F2400.000
G1 Z1.200
G1 X170.750 Y112.000
G1 X170.750 Y121.250 E0.3066 
G1 X175.650 Y121.250 E0.4690 
G1 X175.650 Y136.250 E0.9662 
G1 X184.350 Y136.250 E1.2545 
G1 X184.350 Y121.250 E1.7517 
G1 X189.250 Y121.250 E1.9141 
G1 X189.250 Y112.000 E2.2207 
G92 E0.0000
; segment
G92 E0.0000
G1 F2400.000
G1 Z1.200
G1 X189.250 Y112.000
G1 X189.250 Y78.700 E1.1037 
G92 E0.0000
; segment
G92 E0.0000
G1 F2400.000
G1 Z1.200
G1 X189.250 Y78.700
G1 X189.250 Y75.000 E0.1226 
G92 E0.0000
; segment
G92 E0.0000
G1 F2400.000
G1 Z1.200
G1 X189.250 Y75.000
G1 X189.250 Y65.750 E0.3066 
G1 X184.250 Y65.750 E0.4723 
G92 E0.0000
; segment
G92 E0.0000
G1 F2400.000
G1 Z1.200
G1 X183.750 Y66.250
G1 X184.250 Y66.250 E0.0166 
G1 X184.250 Y75.000 E0.3066 
G92 E0.0000
; segment
G92 E0.0000
G1 F2400.000
G1 Z1.200
G1 X184.250 Y75.000
G1 X184.250 Y108.300 E1.1037 
G92 E0.0000
; segment
G92 E0.0000
G1 F2400.000
G1 Z1.200
G1 X184.250 Y108.300
G1 X184.250 Y112.000 E0.1226 
G92 E0.0000
; segment
G92 E0.0000
G1 F2400.000
G1 Z1.200
G1 X184.250 Y112.000
G1 X184.250 Y120.750 E0.2900 
G1 X184.750 Y120.750 E0.3066 
G1 X184.750 Y112.000 E0.5966 
G92 E0.0000
; segment
G92 E0.0000
G1 F2400.000
G1 Z1.200
G1 X184.750 Y112.000
G1 X184.750 Y78.700 E1.1037 
G92 E0.0000
; segment
G92 E0.0000
G1 F2400.000
G1 Z1.200
G1 X184.750 Y78.700
G1 X184.750 Y75.000 E0.1226 
G92 E0.0000
; segment
G92 E0.0000
G1 F2400.000
G1 Z1.200
G1 X184.750 Y75.000
G1 X184.750 Y66.250 E0.2900 
G1 X185.250 Y66.250 E0.3066 
G1 X185.250 Y75.000 E0.5966 
G92 E0.0000
; segment
G92 E0.0000
G1 F2400.000
G1 Z1.200
G1 X185.250 Y75.000
G1 X185.250 Y108.300 E1.1037 
G92 E0.0000
; segment
G92 E0.0000
G1 F2400.000
G1 Z1.200
G1 X185.250 Y108.300
G1 X185.250 Y112.000 E0.1226 
G92 E0.0000
; segment
G92 E0.0000
G1 F2400.000
G1 Z1.200
G1 X185.250 Y112.000
G1 X185.250 Y120.750 E0.2900 
G1 X185.750 Y120.750 E0.3066 
G1 X185.750 Y112.000 E0.5966 
G92 E0.0000
; segment
G92 E0.0000
G1 F2400.000
G1 Z1.200
G1 X185.750 Y112.000
G1 X185.750 Y78.700 E1.1037 
G92 E0.0000
; segment
G92 E0.0000
G1 F2400.000
G1 Z1.200
G1 X185.750 Y78.700
G1 X185.750 Y75.000 E0.1226 
G92 E0.0000
; segment
G92 E0.0000
G1 F2400.000
G1 Z1.200
G1 X185.750 Y75.000
G1 X185.750 Y66.250 E0.2900 
G1 X186.250 Y66.250 E0.3066 
G1 X186.250 Y75.000 E0.5966 
G92 E0.0000
; segment
G92 E0.0000
G1 F2400.000
G1 Z1.200
G1 X186.250 Y75.000
G1 X186.250 Y108.300 E1.1037 
G92 E0.0000
; segment
G92 E0.0000
G1 F2400.000
G1 Z1.200
G1 X186.250 Y108.300
G1 X186.250 Y112.000 E0.1226 
G92 E0.0000
; segment
G92 E0.0000
G1 F2400.000
G1 Z1.200
G1 X186.250 Y112.000
G1 X186.250 Y120.750 E0.2900 
G1 X186.750 Y120.750 E0.3066 
G1 X186.750 Y112.000 E0.5966 
G92 E0.0000
; segment
G92 E0.0000
G1 F2400.000
G1 Z1.200
G1 X186.750 Y112.000
G1 X186.750 Y78.700 E1.1037 
G92 E0.0000
; segment
G92 E0.0000
G1 F2400.000
G1 Z1.200
G1 X186.750 Y78.700
G1 X186.750 Y75.000 E0.1226 
G92 E0.0000
; segment
G92 E0.0000
G1 F2400.000
G1 Z1.200
G1 X186.750 Y75.000
G1 X186.750 Y66.250 E0.2900 
G1 X187.250 Y66.250 E0.3066 
G1 X187.250 Y75.000 E0.5966 
G92 E0.0000
; segment
G92 E0.0000
G1 F2400.000
G1 Z1.200
G1 X187.250 Y75.000
G1 X187.250 Y108.300 E1.1037 
G92 E0.0000
; segment
G92 E0.0000
G1 F2400.000
G1 Z1.200
G1 X187.250 Y108.300
G1 X187.250 Y112.000 E0.1226 
G92 E0.0000
; segment
G92 E0.0000
G1 F2400.000
G1 Z1.200
G1 X187.250 Y112.000
G1 X187.250 Y120.750 E0.2900 
G1 X187.750 Y120.750 E0.3066 
G1 X187.750 Y112.000 E0.5966 
G92 E0.0000
; segment
G92 E0.0000
G1 F2400.000
G1 Z1.200
G1 X187.750 Y112.000
G1 X187.750 Y78.700 E1.1037 
G92 E0.0000
; segment
G92 E0.0000
G1 F2400.000
G1 Z1.200
G1 X187.750 Y78.700
G1 X187.750 Y75.000 E0.1226 
G92 E0.0000
; segment
G92 E0.0000
G1 F2400.000
G1 Z1.200
G1 X187.750 Y75.000
G1 X187.750 Y66.250 E0.2900 
G1 X188.250 Y66.250 E0.3066 
G1 X188.250 Y75.000 E0.5966 
G92 E0.0000
; segment
G92 E0.0000
G1 F2400.000
G1 Z1.200
G1 X188.250 Y75.000
G1 X188.250 Y108.300 E1.1037 
G92 E0.0000
; segment
G92 E0.0000
G1 F2400.000
G1 Z1.200
G1 X188.250 Y108.300
G1 X188.250 Y112.000 E0.1226 
G92 E0.0000
; segment
G92 E0.0000
G1 F2400.000
G1 Z1.200
G1 X188.250 Y112.000
G1 X188.250 Y120.750 E0.2900 
G1 X188.750 Y120.750 E0.3066 
G1 X188.750 Y112.000 E0.5966 
G92 E0.0000
; segment
G92 E0.0000
G1 F2400.000
G1 Z1.200
G1 X188.750 Y112.000
G1 X188.750 Y78.700 E1.1037 
G92 E0.0000
; segment
G92 E0.0000
G1 F2400.000
G1 Z1.200
G1 X188.750 Y78.700
G1 X188.750 Y75.000 E0.1226 
G92 E0.0000
; segment
G92 E0.0000
G1 F2400.000
G1 Z1.200
G1 X188.750 Y75.000
G1 X188.750 Y66.250 E0.2900 
G92 E0.0000
; jumping
G92 E3.0000
G1 E0 F2400
G1 X183.750 Y51.250 F12000.000
G1 E3 F2400
G92 E0.0000
; segment
G92 E0.0000
G1 F2400.000
G1 Z1.200
G1 X183.750 Y51.250
G1 X183.750 Y75.000 E0.7872 
G92 E0.0000
; segment
G92 E0.0000
G1 F2400.000
G1 Z1.200
G1 X183.750 Y75.000
G1 X183.750 Y108.300 E1.1037 
G92 E0.0000
; segment
G92 E0.0000
G1 F2400.000
G1 Z1.200
G1 X183.750 Y108.300
G1 X183.750 Y112.000 E0.1226 
G92 E0.0000
; segment
G92 E0.0000
G1 F2400.000
G1 Z1.200
G1 X183.750 Y112.000
G1 X183.750 Y135.750 E0.7872 
G1 X183.250 Y135.750 E0.8038 
G1 X183.250 Y112.000 E1.5910 
G92 E0.0000
; segment
G92 E0.0000
G1 F2400.000
G1 Z1.200
G1 X183.250 Y112.000
G1 X183.250 Y78.700 E1.1037 
G92 E0.0000
; segment
G92 E0.0000
G1 F2400.000
G1 Z1.200
G1 X183.250 Y78.700
G1 X183.250 Y75.000 E0.1226 
G92 E0.0000
; segment
G92 E0.0000
G1 F2400.000
G1 Z1.200
G1 X183.250 Y75.000
G1 X183.250 Y51.250 E0.7872 
G1 X182.750 Y51.250 E0.8038 
G1 X182.750 Y75.000 E1.5910 
G92 E0.0000
; segment
G92 E0.0000
G1 F2400.000
G1 Z1.200
G1 X182.750 Y75.000
G1 X182.750 Y108.300 E1.1037 
G92 E0.0000
; segment
G92 E0.0000
G1 F2400.000
G1 Z1.200
G1 X182.750 Y108.300
G1 X182.750 Y112.000 E0.1226 
G92 E0.0000
; segment
G92 E0.0000
G1 F2400.000
G1 Z1.200
G1 X182.750 Y112.000
G1 X182.750 Y135.750 E0.7872 
G1 X182.250 Y135.750 E0.8038 
G1 X182.250 Y112.000 E1.5910 
G92 E0.0000
; segment
G92 E0.0000
G1 F2400.000
G1 Z1.200
G1 X182.250 Y112.000
G1 X182.250 Y78.700 E1.1037 
G92 E0.0000
; segment
G92 E0.0000
G1 F2400.000
G1 Z1.200
G1 X182.250 Y78.700
G1 X182.250 Y75.000 E0.1226 
G92 E0.0000
; segment
G92 E0.0000
G1 F2400.000
G1 Z1.200
G1 X182.250 Y75.000
G1 X182.250 Y51.250 E0.7872 
G1 X181.750 Y51.250 E0.8038 
G1 X181.750 Y75.000 E1.5910 
G92 E0.0000
; segment
G92 E0.0000
G1 F2400.000
G1 Z1.200
G1 X181.750 Y75.000
G1 X181.750 Y108.300 E1.1037 
G92 E0.0000
; segment
G92 E0.0000
G1 F2400.000
G1 Z1.200
G1 X181.750 Y108.300
G1 X181.750 Y112.000 E0.1226 
G92 E0.0000
; segment
G92 E0.0000
G1 F2400.000
G1 Z1.200
G1 X181.750 Y112.000
G1 X181.750 Y135.750 E0.7872 
G1 X181.250 Y135.750 E0.8038 
G1 X181.250 Y112.000 E1.5910 
G92 E0.0000
; segment
G92 E0.0000
G1 F2400.000
G1 Z1.200
G1 X181.250 Y112.000
G1 X181.250 Y78.700 E1.1037 
G92 E0.0000
; segment
G92 E0.0000
G1 F2400.000
G1 Z1.200
G1 X181.250 Y78.700
G1 X181.250 Y75.000 E0.1226 
G92 E0.0000
; segment
G92 E0.0000
G1 F2400.000
G1 Z1.200
G1 X181.250 Y75.000
G1 X181.250 Y51.250 E0.7872 
G1 X180.750 Y51.250 E0.8038 
G1 X180.750 Y75.000 E1.5910 
G92 E0.0000
; segment
G92 E0.0000
G1 F2400.000
G1 Z1.200
G1 X180.750 Y75.000
G1 X180.750 Y108.300 E1.1037 
G92 E0.0000
; segment
G92 E0.0000
G1 F2400.000
G1 Z1.200
G1 X180.750 Y108.300
G1 X180.750 Y112.000 E0.1226 
G92 E0.0000
; segment
G92 E0.0000
G1 F2400.000
G1 Z1.200
G1 X180.750 Y112.000
G1 X180.750 Y135.750 E0.7872 
G1 X180.250 Y135.750 E0.8038 
G1 X180.250 Y112.000 E1.5910 
G92 E0.0000
; segment
G92 E0.0000
G1 F2400.000
G1 Z1.200
G1 X180.250 Y112.000
G1 X180.250 Y78.700 E1.1037 
G92 E0.0000
; segment
G92 E0.0000
G1 F2400.000
G1 Z1.200
G1 X180.250 Y78.700
G1 X180.250 Y75.000 E0.1226 
G92 E0.0000
; segment
G92 E0.0000
G1 F2400.000
G1 Z1.200
G1 X180.250 Y75.000
G1 X180.250 Y51.250 E0.7872 
G1 X179.750 Y51.250 E0.8038 
G1 X179.750 Y75.000 E1.5910 
G92 E0.0000
; segment
G92 E0.0000
G1 F2400.000
G1 Z1.200
G1 X179.750 Y75.000
G1 X179.750 Y108.300 E1.1037 
G92 E0.0000
; segment
G92 E0.0000
G1 F2400.000
G1 Z1.200
G1 X179.750 Y108.300
G1 X179.750 Y112.000 E0.1226 
G92 E0.0000
; segment
G92 E0.0000
G1 F2400.000
G1 Z1.200
G1 X179.750 Y112.000
G1 X179.750 Y135.750 E0.7872 
G1 X179.250 Y135.750 E0.8038 
G1 X179.250 Y112.000 E1.5910 
G92 E0.0000
; segment
G92 E0.0000
G1 F2400.000
G1 Z1.200
G1 X179.250 Y112.000
G1 X179.250 Y78.700 E1.1037 
G92 E0.0000
; segment
G92 E0.0000
G1 F2400.000
G1 Z1.200
G1 X179.250 Y78.700
G1 X179.250 Y75.000 E0.1226 
G92 E0.0000
; segment
G92 E0.0000
G1 F2400.000
G1 Z1.200
G1 X179.250 Y75.000
G1 X179.250 Y51.250 E0.7872 
G1 X178.750 Y51.250 E0.8038 
G1 X178.750 Y75.000 E1.5910 
G92 E0.0000
; segment
G92 E0.0000
G1 F2400.000
G1 Z1.200
G1 X178.750 Y75.000
G1 X178.750 Y108.300 E1.1037 
G92 E0.0000
; segment
G92 E0.0000
G1 F2400.000
G1 Z1.200
G1 X178.750 Y108.300
G1 X178.750 Y112.000 E0.1226 
G92 E0.0000
; segment
G92 E0.0000
G1 F2400.000
G1 Z1.200
G1 X178.750 Y112.000
G1 X178.750 Y135.750 E0.7872 
G1 X178.250 Y135.750 E0.8038 
G1 X178.250 Y112.000 E1.5910 
G92 E0.0000
; segment
G92 E0.0000
G1 F2400.000
G1 Z1.200
G1 X178.250 Y112.000
G1 X178.250 Y78.700 E1.1037 
G92 E0.0000
; segment
G92 E0.0000
G1 F2400.000
G1 Z1.200
G1 X178.250 Y78.700
G1 X178.250 Y75.000 E0.1226 
G92 E0.0000
; segment
G92 E0.0000
G1 F2400.000
G1 Z1.200
G1 X178.250 Y75.000
G1 X178.250 Y51.250 E0.7872 
G1 X177.750 Y51.250 E0.8038 
G1 X177.750 Y75.000 E1.5910 
G92 E0.0000
; segment
G92 E0.0000
G1 F2400.000
G1 Z1.200
G1 X177.750 Y75.000
G1 X177.750 Y108.300 E1.1037 
G92 E0.0000
; segment
G92 E0.0000
G1 F2400.000
G1 Z1.200
G1 X177.750 Y108.300
G1 X177.750 Y112.000 E0.1226 
G92 E0.0000
; segment
G92 E0.0000
G1 F2400.000
G1 Z1.200
G1 X177.750 Y112.000
G1 X177.750 Y135.750 E0.7872 
G1 X177.250 Y135.750 E0.8038 
G1 X177.250 Y112.000 E1.5910 
G92 E0.0000
; segment
G92 E0.0000
G1 F2400.000
G1 Z1.200
G1 X177.250 Y112.000
G1 X177.250 Y78.700 E1.1037 
G92 E0.0000
; segment
G92 E0.0000
G1 F2400.000
G1 Z1.200
G1 X177.250 Y78.700
G1 X177.250 Y75.000 E0.1226 
G92 E0.0000
; segment
G92 E0.0000
G1 F2400.000
G1 Z1.200
G1 X177.250 Y75.000
G1 X177.250 Y51.250 E0.7872 
G1 X176.750 Y51.250 E0.8038 
G1 X176.750 Y75.000 E1.5910 
G92 E0.0000
; segment
G92 E0.0000
G1 F2400.000
G1 Z1.200
G1 X176.750 Y75.000
G1 X176.750 Y108.300 E1.1037 
G92 E0.0000
; segment
G92 E0.0000
G1 F2400.000
G1 Z1.200
G1 X176.750 Y108.300
G1 X176.750 Y112.000 E0.1226 
G92 E0.0000
; segment
G92 E0.0000
G1 F2400.000
G1 Z1.200
G1 X176.750 Y112.000
G1 X176.750 Y135.750 E0.7872 
G1 X176.250 Y135.750 E0.8038 
G1 X176.250 Y112.000 E1.5910 
G92 E0.0000
; segment
G92 E0.0000
G1 F2400.000
G1 Z1.200
G1 X176.250 Y112.000
G1 X176.250 Y78.700 E1.1037 
G92 E0.0000
; segment
G92 E0.0000
G1 F2400.000
G1 Z1.200
G1 X176.250 Y78.700
G1 X176.250 Y75.000 E0.1226 
G92 E0.0000
; segment
G92 E0.0000
G1 F2400.000
G1 Z1.200
G1 X176.250 Y75.000
G1 X176.250 Y66.250 E0.2900 
G1 X175.750 Y66.250 E0.3066 
G1 X175.750 Y75.000 E0.5966 
G92 E0.0000
; segment
G92 E0.0000
G1 F2400.000
G1 Z1.200
G1 X175.750 Y75.000
G1 X175.750 Y108.300 E1.1037 
G92 E0.0000
; segment
G92 E0.0000
G1 F2400.000
G1 Z1.200
G1 X175.750 Y108.300
G1 X175.750 Y112.000 E0.1226 
G92 E0.0000
; segment
G92 E0.0000
G1 F2400.000
G1 Z1.200
G1 X175.750 Y112.000
G1 X175.750 Y120.750 E0.2900 
G1 X175.250 Y120.750 E0.3066 
G1 X175.250 Y112.000 E0.5966 
G92 E0.0000
; segment
G92 E0.0000
G1 F2400.000
G1 Z1.200
G1 X175.250 Y112.000
G1 X175.250 Y78.700 E1.1037 
G92 E0.0000
; segment
G92 E0.0000
G1 F2400.000
G1 Z1.200
G1 X175.250 Y78.700
G1 X175.250 Y75.000 E0.1226 
G92 E0.0000
; segment
G92 E0.0000
G1 F2400.000
G1 Z1.200
G1 X175.250 Y75.000
G1 X175.250 Y66.250 E0.2900 
G1 X174.750 Y66.250 E0.3066 
G1 X174.750 Y75.000 E0.5966 
G92 E0.0000
; segment
G92 E0.0000
G1 F2400.000
G1 Z1.200
G1 X174.750 Y75.000
G1 X174.750 Y108.300 E1.1037 
G92 E0.0000
; segment
G92 E0.0000
G1 F2400.000
G1 Z1.200
G1 X174.750 Y108.300
G1 X174.750 Y112.000 E0.1226 
G92 E0.0000
; segment
G92 E0.0000
G1 F2400.000
G1 Z1.200
G1 X174.750 Y112.000
G1 X174.750 Y120.750 E0.2900 
G1 X174.250 Y120.750 E0.3066 
G1 X174.250 Y112.000 E0.5966 
G92 E0.0000
; segment
G92 E0.0000
G1 F2400.000
G1 Z1.200
G1 X174.250 Y112.000
G1 X174.250 Y78.700 E1.1037 
G92 E0.0000
; segment
G92 E0.0000
G1 F2400.000
G1 Z1.200
G1 X174.250 Y78.700
G1 X174.250 Y75.000 E0.1226 
G92 E0.0000
; segment
G92 E0.0000
G1 F2400.000
G1 Z1.200
G1 X174.250 Y75.000
G1 X174.250 Y66.250 E0.2900 
G1 X173.750 Y66.250 E0.3066 
G1 X173.750 Y75.000 E0.5966 
G92 E0.0000
; segment
G92 E0.0000
G1 F2400.000
G1 Z1.200
G1 X173.750 Y75.000
G1 X173.750 Y108.300 E1.1037 
G92 E0.0000
; segment
G92 E0.0000
G1 F2400.000
G1 Z1.200
G1 X173.750 Y108.300
G1 X173.750 Y112.000 E0.1226 
G92 E0.0000
; segment
G92 E0.0000
G1 F2400.000
G1 Z1.200
G1 X173.750 Y112.000
G1 X173.750 Y120.750 E0.2900 
G1 X173.250 Y120.750 E0.3066 
G1 X173.250 Y112.000 E0.5966 
G92 E0.0000
; segment
G92 E0.0000
G1 F2400.000
G1 Z1.200
G1 X173.250 Y112.000
G1 X173.250 Y78.700 E1.1037 
G92 E0.0000
; segment
G92 E0.0000
G1 F2400.000
G1 Z1.200
G1 X173.250 Y78.700
G1 X173.250 Y75.000 E0.1226 
G92 E0.0000
; segment
G92 E0.0000
G1 F2400.000
G1 Z1.200
G1 X173.250 Y75.000
G1 X173.250 Y66.250 E0.2900 
G1 X172.750 Y66.250 E0.3066 
G1 X172.750 Y75.000 E0.5966 
G92 E0.0000
; segment
G92 E0.0000
G1 F2400.000
G1 Z1.200
G1 X172.750 Y75.000
G1 X172.750 Y108.300 E1.1037 
G92 E0.0000
; segment
G92 E0.0000
G1 F2400.000
G1 Z1.200
G1 X172.750 Y108.300
G1 X172.750 Y112.000 E0.1226 
G92 E0.0000
; segment
G92 E0.0000
G1 F2400.000
G1 Z1.200
G1 X172.750 Y112.000
G1 X172.750 Y120.750 E0.2900 
G1 X172.250 Y120.750 E0.3066 
G1 X172.250 Y112.000 E0.5966 
G92 E0.0000
; segment
G92 E0.0000
G1 F2400.000
G1 Z1.200
G1 X172.250 Y112.000
G1 X172.250 Y78.700 E1.1037 
G92 E0.0000
; segment
G92 E0.0000
G1 F2400.000
G1 Z1.200
G1 X172.250 Y78.700
G1 X172.250 Y75.000 E0.1226 
G92 E0.0000
; segment
G92 E0.0000
G1 F2400.000
G1 Z1.200
G1 X172.250 Y75.000
G1 X172.250 Y66.250 E0.2900 
G1 X171.750 Y66.250 E0.3066 
G1 X171.750 Y75.000 E0.5966 
G92 E0.0000
; segment
G92 E0.0000
G1 F2400.000
G1 Z1.200
G1 X171.750 Y75.000
G1 X171.750 Y108.300 E1.1037 
G92 E0.0000
; segment
G92 E0.0000
G1 F2400.000
G1 Z1.200
G1 X171.750 Y108.300
G1 X171.750 Y112.000 E0.1226 
G92 E0.0000
; segment
G92 E0.0000
G1 F2400.000
G1 Z1.200
G1 X171.750 Y112.000
G1 X171.750 Y120.750 E0.2900 
G1 X171.250 Y120.750 E0.3066 
G1 X171.250 Y112.000 E0.5966 
G92 E0.0000
; segment
G92 E0.0000
G1 F2400.000
G1 Z1.200
G1 X171.250 Y112.000
G1 X171.250 Y78.700 E1.1037 
G92 E0.0000
; segment
G92 E0.0000
G1 F2400.000
G1 Z1.200
G1 X171.250 Y78.700
G1 X171.250 Y75.000 E0.1226 
G92 E0.0000
; segment
G92 E0.0000
G1 F2400.000
G1 Z1.200
G1 X171.250 Y75.000
G1 X171.250 Y66.250 E0.2900 
G92 E0.0000
; jumping
G92 E3.0000
G1 E0 F2400
G1 X170.250 Y65.250 F12000.000
G1 E3 F2400
G92 E0.0000
; segment
G92 E0.0000
G1 F2400.000
G1 Z1.400
G1 X170.250 Y65.250
G1 X170.250 Y75.000 E0.3232 
G92 E0.0000
; segment
G92 E0.0000
G1 F2400.000
G1 Z1.400
G1 X170.250 Y75.000
G1 X170.250 Y108.300 E1.1037 
G92 E0.0000
; segment
G92 E0.0000
G1 F2400.000
G1 Z1.400
G1 X170.250 Y108.300
G1 X170.250 Y112.000 E0.1226 
G92 E0.0000
; segment
G92 E0.0000
G1 F2400.000
G1 Z1.400
G1 X170.250 Y112.000
G1 X170.250 Y121.750 E0.3232 
G1 X175.150 Y121.750 E0.4856 
G1 X175.150 Y136.750 E0.9828 
G1 X184.850 Y136.750 E1.3043 
G1 X184.850 Y121.750 E1.8014 
G1 X189.750 Y121.750 E1.9638 
G1 X189.750 Y112.000 E2.2870 
G92 E0.0000
; segment
G92 E0.0000
G1 F2400.000
G1 Z1.400
G1 X189.750 Y112.000
G1 X189.750 Y78.700 E1.1037 
G92 E0.0000
; segment
G92 E0.0000
G1 F2400.000
G1 Z1.400
G1 X189.750 Y78.700
G1 X189.750 Y75.000 E0.1226 
G92 E0.0000
; segment
G92 E0.0000
G1 F2400.000
G1 Z1.400
G1 X189.750 Y75.000
G1 X189.750 Y65.250 E0.3232 
G1 X184.750 Y65.250 E0.4889 
G1 X184.750 Y50.250 E0.9861 
G1 X175.250 Y50.250 E1.3009 
G1 X175.250 Y65.250 E1.7981 
G1 X170.250 Y65.250 E1.9638 
G92 E0.0000
; segment
G92 E0.0000
G1 F2400.000
G1 Z1.400
G1 X170.750 Y65.750
G1 X170.750 Y75.000 E0.3066 
G92 E0.0000
; segment
G92 E0.0000
G1 F2400.000
G1 Z1.400
G1 X170.750 Y75.000
G1 X170.750 Y108.300 E1.1037 
G92 E0.0000
; segment
G92 E0.0000
G1 F2400.000
G1 Z1.400
G1 X170.750 Y108.300
G1 X170.750 Y112.000 E0.1226 
G92 E0.0000
; segment
G92 E0.0000
G1 F2400.000
G1 Z1.400
G1 X170.750 Y112.000
G1 X170.750 Y121.250 E0.3066 
G1 X175.650 Y121.250 E0.4690 
G1 X175.650 Y136.250 E0.9662 
G1 X184.350 Y136.250 E1.2545 
G1 X184.350 Y121.250 E1.7517 
G1 X189.250 Y121.250 E1.9141 
G1 X189.250 Y112.000 E2.2207 
G92 E0.0000
; segment
G92 E0.0000
G1 F2400.000
G1 Z1.400
G1 X189.250 Y112.000
G1 X189.250 Y78.700 E1.1037 
G92 E0.0000
; segment
G92 E0.0000
G1 F2400.000
G1 Z1.400
G1 X189.250 Y78.700
G1 X189.250 Y75.000 E0.1226 
G92 E0.0000
; segment
G92 E0.0000
G1 F2400.000
G1 Z1.400
G1 X189.250 Y75.000
G1 X189.250 Y65.750 E0.3066 
G1 X184.250 Y65.750 E0.4723 
G1 X184.250 Y50.750 E0.9695 
G1 X175.750 Y50.750 E1.2512 
G1 X175.750 Y65.750 E1.7484 
G1 X170.750 Y65.750 E1.9141 
G92 E0.0000
; segment
G92 E0.0000
G1 F2400.000
G1 Z1.400
G1 X171.250 Y66.250
G1 X171.250 Y75.000 E0.2900 
G92 E0.0000
; segment
G92 E0.0000
G1 F2400.000
G1 Z1.400
G1 X171.250 Y75.000
G1 X171.250 Y108.300 E1.1037 
G92 E0.0000
; segment
G92 E0.0000
G1 F2400.000
G1 Z1.400
G1 X171.250 Y108.300
G1 X171.250 Y112.000 E0.1226 
G92 E0.0000
; segment
G92 E0.0000
G1 F2400.000
G1 Z1.400
G1 X171.250 Y112.000
G1 X171.250 Y120.750 E0.2900 
G1 X171.750 Y120.750 E0.3066 
G1 X171.750 Y112.000 E0.5966 
G92 E0.0000
; segment
G92 E0.0000
G1 F2400.000
G1 Z1.400
G1 X171.750 Y112.000
G1 X171.750 Y78.700 E1.1037 
G92 E0.0000
; segment
G92 E0.0000
G1 F2400.000
G1 Z1.400
G1 X171.750 Y78.700
G1 X171.750 Y75.000 E0.1226 
G92 E0.0000
; segment
G92 E0.0000
G1 F2400.000
G1 Z1.400
G1 X171.750 Y75.000
G1 X171.750 Y66.250 E0.2900 
G1 X172.250 Y66.250 E0.3066 
G1 X172.250 Y75.000 E0.5966 
G92 E0.0000
; segment
G92 E0.0000
G1 F2400.000
G1 Z1.400
G1 X172.250 Y75.000
G1 X172.250 Y108.300 E1.1037 
G92 E0.0000
; segment
G92 E0.0000
G1 F2400.000
G1 Z1.400
G1 X172.250 Y108.300
G1 X172.250 Y112.000 E0.1226 
G92 E0.0000
; segment
G92 E0.0000
G1 F2400.000
G1 Z1.400
G1 X172.250 Y112.000
G1 X172.250 Y120.750 E0.2900 
G1 X172.750 Y120.750 E0.3066 
G1 X172.750 Y112.000 E0.5966 
G92 E0.0000
; segment
G92 E0.0000
G1 F2400.000
G1 Z1.400
G1 X172.750 Y112.000
G1 X172.750 Y78.700 E1.1037 
G92 E0.0000
; segment
G92 E0.0000
G1 F2400.000
G1 Z1.400
G1 X172.750 Y78.700
G1 X172.750 Y75.000 E0.1226 
G92 E0.0000
; segment
G92 E0.0000
G1 F2400.000
G1 Z1.400
G1 X172.750 Y75.000
G1 X172.750 Y66.250 E0.2900 
G1 X173.250 Y66.250 E0.3066 
G1 X173.250 Y75.000 E0.5966 
G92 E0.0000
; segment
G92 E0.0000
G1 F2400.000
G1 Z1.400
G1 X173.250 Y75.000
G1 X173.250 Y108.300 E1.1037 
G92 E0.0000
; segment
G92 E0.0000
G1 F2400.000
G1 Z1.400
G1 X173.250 Y108.300
G1 X173.250 Y112.000 E0.1226 
G92 E0.0000
; segment
G92 E0.0000
G1 F2400.000
G1 Z1.400
G1 X173.250 Y112.000
G1 X173.250 Y120.750 E0.2900 
G1 X173.750 Y120.750 E0.3066 
G1 X173.750 Y112.000 E0.5966 
G92 E0.0000
; segment
G92 E0.0000
G1 F2400.000
G1 Z1.400
G1 X173.750 Y112.000
G1 X173.750 Y78.700 E1.1037 
G92 E0.0000
; segment
G92 E0.0000
G1 F2400.000
G1 Z1.400
G1 X173.750 Y78.700
G1 X173.750 Y75.000 E0.1226 
G92 E0.0000
; segment
G92 E0.0000
G1 F2400.000
G1 Z1.400
G1 X173.750 Y75.000
G1 X173.750 Y66.250 E0.2900 
G1 X174.250 Y66.250 E0.3066 
G1 X174.250 Y75.000 E0.5966 
G92 E0.0000
; segment
G92 E0.0000
G1 F2400.000
G1 Z1.400
G1 X174.250 Y75.000
G1 X174.250 Y108.300 E1.1037 
G92 E0.0000
; segment
G92 E0.0000
G1 F2400.000
G1 Z1.400
G1 X174.250 Y108.300
G1 X174.250 Y112.000 E0.1226 
G92 E0.0000
; segment
G92 E0.0000
G1 F2400.000
G1 Z1.400
G1 X174.250 Y112.000
G1 X174.250 Y120.750 E0.2900 
G1 X174.750 Y120.750 E0.3066 
G1 X174.750 Y112.000 E0.5966 
G92 E0.0000
; segment
G92 E0.0000
G1 F2400.000
G1 Z1.400
G1 X174.750 Y112.000
G1 X174.750 Y78.700 E1.1037 
G92 E0.0000
; segment
G92 E0.0000
G1 F2400.000
G1 Z1.400
G1 X174.750 Y78.700
G1 X174.750 Y75.000 E0.1226 
G92 E0.0000
; segment
G92 E0.0000
G1 F2400.000
G1 Z1.400
G1 X174.750 Y75.000
G1 X174.750 Y66.250 E0.2900 
G1 X175.250 Y66.250 E0.3066 
G1 X175.250 Y75.000 E0.5966 
G92 E0.0000
; segment
G92 E0.0000
G1 F2400.000
G1 Z1.400
G1 X175.250 Y75.000
G1 X175.250 Y108.300 E1.1037 
G92 E0.0000
; segment
G92 E0.0000
G1 F2400.000
G1 Z1.400
G1 X175.250 Y108.300
G1 X175.250 Y112.000 E0.1226 
G92 E0.0000
; segment
G92 E0.0000
G1 F2400.000
G1 Z1.400
G1 X175.250 Y112.000
G1 X175.250 Y120.750 E0.2900 
G1 X175.750 Y120.750 E0.3066 
G1 X175.750 Y112.000 E0.5966 
G92 E0.0000
; segment
G92 E0.0000
G1 F2400.000
G1 Z1.400
G1 X175.750 Y112.000
G1 X175.750 Y78.700 E1.1037 
G92 E0.0000
; segment
G92 E0.0000
G1 F2400.000
G1 Z1.400
G1 X175.750 Y78.700
G1 X175.750 Y75.000 E0.1226 
G92 E0.0000
; segment
G92 E0.0000
G1 F2400.000
G1 Z1.400
G1 X175.750 Y75.000
G1 X175.750 Y66.250 E0.2900 
G1 X176.250 Y66.250 E0.3066 
G1 X176.250 Y75.000 E0.5966 
G92 E0.0000
; segment
G92 E0.0000
G1 F2400.000
G1 Z1.400
G1 X176.250 Y75.000
G1 X176.250 Y108.300 E1.1037 
G92 E0.0000
; segment
G92 E0.0000
G1 F2400.000
G1 Z1.400
G1 X176.250 Y108.300
G1 X176.250 Y112.000 E0.1226 
G92 E0.0000
; segment
G92 E0.0000
G1 F2400.000
G1 Z1.400
G1 X176.250 Y112.000
G1 X176.250 Y135.750 E0.7872 
G1 X176.750 Y135.750 E0.8038 
G1 X176.750 Y112.000 E1.5910 
G92 E0.0000
; segment
G92 E0.0000
G1 F2400.000
G1 Z1.400
G1 X176.750 Y112.000
G1 X176.750 Y78.700 E1.1037 
G92 E0.0000
; segment
G92 E0.0000
G1 F2400.000
G1 Z1.400
G1 X176.750 Y78.700
G1 X176.750 Y75.000 E0.1226 
G92 E0.0000
; segment
G92 E0.0000
G1 F2400.000
G1 Z1.400
G1 X176.750 Y75.000
G1 X176.750 Y51.250 E0.7872 
G1 X177.250 Y51.250 E0.8038 
G1 X177.250 Y75.000 E1.5910 
G92 E0.0000
; segment
G92 E0.0000
G1 F2400.000
G1 Z1.400
G1 X177.250 Y75.000
G1 X177.250 Y108.300 E1.1037 
G92 E0.0000
; segment
G92 E0.0000
G1 F2400.000
G1 Z1.400
G1 X177.250 Y108.300
G1 X177.250 Y112.000 E0.1226 
G92 E0.0000
; segment
G92 E0.0000
G1 F2400.000
G1 Z1.400
G1 X177.250 Y112.000
G1 X177.250 Y135.750 E0.7872 
G1 X177.750 Y135.750 E0.8038 
G1 X177.750 Y112.000 E1.5910 
G92 E0.0000
; segment
G92 E0.0000
G1 F2400.000
G1 Z1.400
G1 X177.750 Y112.000
G1 X177.750 Y78.700 E1.1037 
G92 E0.0000
; segment
G92 E0.0000
G1 F2400.000
G1 Z1.400
G1 X177.750 Y78.700
G1 X177.750 Y75.000 E0.1226 
G92 E0.0000
; segment
G92 E0.0000
G1 F2400.000
G1 Z1.400
G1 X177.750 Y75.000
G1 X177.750 Y51.250 E0.7872 
G1 X178.250 Y51.250 E0.8038 
G1 X178.250 Y75.000 E1.5910 
G92 E0.0000
; segment
G92 E0.0000
G1 F2400.000
G1 Z1.400
G1 X178.250 Y75.000
G1 X178.250 Y108.300 E1.1037 
G92 E0.0000
; segment
G92 E0.0000
G1 F2400.000
G1 Z1.400
G1 X178.250 Y108.300
G1 X178.250 Y112.000 E0.1226 
G92 E0.0000
; segment
G92 E0.0000
G1 F2400.000
G1 Z1.400
G1 X178.250 Y112.000
G1 X178.250 Y135.750 E0.7872 
G1 X178.750 Y135.750 E0.8038 
G1 X178.750 Y112.000 E1.5910 
G92 E0.0000
; segment
G92 E0.0000
G1 F2400.000
G1 Z1.400
G1 X178.750 Y112.000
G1 X178.750 Y78.700 E1.1037 
G92 E0.0000
; segment
G92 E0.0000
G1 F2400.000
G1 Z1.400
G1 X178.750 Y78.700
G1 X178.750 Y75.000 E0.1226 
G92 E0.0000
; segment
G92 E0.0000
G1 F2400.000
G1 Z1.400
G1 X178.750 Y75.000
G1 X178.750 Y51.250 E0.7872 
G1 X179.250 Y51.250 E0.8038 
G1 X179.250 Y75.000 E1.5910 
G92 E0.0000
; segment
G92 E0.0000
G1 F2400.000
G1 Z1.400
G1 X179.250 Y75.000
G1 X179.250 Y108.300 E1.1037 
G92 E0.0000
; segment
G92 E0.0000
G1 F2400.000
G1 Z1.400
G1 X179.250 Y108.300
G1 X179.250 Y112.000 E0.1226 
G92 E0.0000
; segment
G92 E0.0000
G1 F2400.000
G1 Z1.400
G1 X179.250 Y112.000
G1 X179.250 Y135.750 E0.7872 
G1 X179.750 Y135.750 E0.8038 
G1 X179.750 Y112.000 E1.5910 
G92 E0.0000
; segment
G92 E0.0000
G1 F2400.000
G1 Z1.400
G1 X179.750 Y112.000
G1 X179.750 Y78.700 E1.1037 
G92 E0.0000
; segment
G92 E0.0000
G1 F2400.000
G1 Z1.400
G1 X179.750 Y78.700
G1 X179.750 Y75.000 E0.1226 
G92 E0.0000
; segment
G92 E0.0000
G1 F2400.000
G1 Z1.400
G1 X179.750 Y75.000
G1 X179.750 Y51.250 E0.7872 
G1 X180.250 Y51.250 E0.8038 
G1 X180.250 Y75.000 E1.5910 
G92 E0.0000
; segment
G92 E0.0000
G1 F2400.000
G1 Z1.400
G1 X180.250 Y75.000
G1 X180.250 Y108.300 E1.1037 
G92 E0.0000
; segment
G92 E0.0000
G1 F2400.000
G1 Z1.400
G1 X180.250 Y108.300
G1 X180.250 Y112.000 E0.1226 
G92 E0.0000
; segment
G92 E0.0000
G1 F2400.000
G1 Z1.400
G1 X180.250 Y112.000
G1 X180.250 Y135.750 E0.7872 
G1 X180.750 Y135.750 E0.8038 
G1 X180.750 Y112.000 E1.5910 
G92 E0.0000
; segment
G92 E0.0000
G1 F2400.000
G1 Z1.400
G1 X180.750 Y112.000
G1 X180.750 Y78.700 E1.1037 
G92 E0.0000
; segment
G92 E0.0000
G1 F2400.000
G1 Z1.400
G1 X180.750 Y78.700
G1 X180.750 Y75.000 E0.1226 
G92 E0.0000
; segment
G92 E0.0000
G1 F2400.000
G1 Z1.400
G1 X180.750 Y75.000
G1 X180.750 Y51.250 E0.7872 
G1 X181.250 Y51.250 E0.8038 
G1 X181.250 Y75.000 E1.5910 
G92 E0.0000
; segment
G92 E0.0000
G1 F2400.000
G1 Z1.400
G1 X181.250 Y75.000
G1 X181.250 Y108.300 E1.1037 
G92 E0.0000
; segment
G92 E0.0000
G1 F2400.000
G1 Z1.400
G1 X181.250 Y108.300
G1 X181.250 Y112.000 E0.1226 
G92 E0.0000
; segment
G92 E0.0000
G1 F2400.000
G1 Z1.400
G1 X181.250 Y112.000
G1 X181.250 Y135.750 E0.7872 
G1 X181.750 Y135.750 E0.8038 
G1 X181.750 Y112.000 E1.5910 
G92 E0.0000
; segment
G92 E0.0000
G1 F2400.000
G1 Z1.400
G1 X181.750 Y112.000
G1 X181.750 Y78.700 E1.1037 
G92 E0.0000
; segment
G92 E0.0000
G1 F2400.000
G1 Z1.400
G1 X181.750 Y78.700
G1 X181.750 Y75.000 E0.1226 
G92 E0.0000
; segment
G92 E0.0000
G1 F2400.000
G1 Z1.400
G1 X181.750 Y75.000
G1 X181.750 Y51.250 E0.7872 
G1 X182.250 Y51.250 E0.8038 
G1 X182.250 Y75.000 E1.5910 
G92 E0.0000
; segment
G92 E0.0000
G1 F2400.000
G1 Z1.400
G1 X182.250 Y75.000
G1 X182.250 Y108.300 E1.1037 
G92 E0.0000
; segment
G92 E0.0000
G1 F2400.000
G1 Z1.400
G1 X182.250 Y108.300
G1 X182.250 Y112.000 E0.1226 
G92 E0.0000
; segment
G92 E0.0000
G1 F2400.000
G1 Z1.400
G1 X182.250 Y112.000
G1 X182.250 Y135.750 E0.7872 
G1 X182.750 Y135.750 E0.8038 
G1 X182.750 Y112.000 E1.5910 
G92 E0.0000
; segment
G92 E0.0000
G1 F2400.000
G1 Z1.400
G1 X182.750 Y112.000
G1 X182.750 Y78.700 E1.1037 
G92 E0.0000
; segment
G92 E0.0000
G1 F2400.000
G1 Z1.400
G1 X182.750 Y78.700
G1 X182.750 Y75.000 E0.1226 
G92 E0.0000
; segment
G92 E0.0000
G1 F2400.000
G1 Z1.400
G1 X182.750 Y75.000
G1 X182.750 Y51.250 E0.7872 
G1 X183.250 Y51.250 E0.8038 
G1 X183.250 Y75.000 E1.5910 
G92 E0.0000
; segment
G92 E0.0000
G1 F2400.000
G1 Z1.400
G1 X183.250 Y75.000
G1 X183.250 Y108.300 E1.1037 
G92 E0.0000
; segment
G92 E0.0000
G1 F2400.000
G1 Z1.400
G1 X183.250 Y108.300
G1 X183.250 Y112.000 E0.1226 
G92 E0.0000
; segment
G92 E0.0000
G1 F2400.000
G1 Z1.400
G1 X183.250 Y112.000
G1 X183.250 Y135.750 E0.7872 
G1 X183.750 Y135.750 E0.8038 
G1 X183.750 Y112.000 E1.5910 
G92 E0.0000
; segment
G92 E0.0000
G1 F2400.000
G1 Z1.400
G1 X183.750 Y112.000
G1 X183.750 Y78.700 E1.1037 
G92 E0.0000
; segment
G92 E0.0000
G1 F2400.000
G1 Z1.400
G1 X183.750 Y78.700
G1 X183.750 Y75.000 E0.1226 
G92 E0.0000
; segment
G92 E0.0000
G1 F2400.000
G1 Z1.400
G1 X183.750 Y75.000
G1 X183.750 Y51.250 E0.7872 
G92 E0.0000
; jumping
G92 E3.0000
G1 E0 F2400
G1 X188.750 Y66.250 F12000.000
G1 E3 F2400
G92 E0.0000
; segment
G92 E0.0000
G1 F2400.000
G1 Z1.400
G1 X188.750 Y66.250
G1 X188.750 Y75.000 E0.2900 
G92 E0.0000
; segment
G92 E0.0000
G1 F2400.000
G1 Z1.400
G1 X188.750 Y75.000
G1 X188.750 Y108.300 E1.1037 
G92 E0.0000
; segment
G92 E0.0000
G1 F2400.000
G1 Z1.400
G1 X188.750 Y108.300
G1 X188.750 Y112.000 E0.1226 
G92 E0.0000
; segment
G92 E0.0000
G1 F2400.000
G1 Z1.400
G1 X188.750 Y112.000
G1 X188.750 Y120.750 E0.2900 
G1 X188.250 Y120.750 E0.3066 
G1 X188.250 Y112.000 E0.5966 
G92 E0.0000
; segment
G92 E0.0000
G1 F2400.000
G1 Z1.400
G1 X188.250 Y112.000
G1 X188.250 Y78.700 E1.1037 
G92 E0.0000
; segment
G92 E0.0000
G1 F2400.000
G1 Z1.400
G1 X188.250 Y78.700
G1 X188.250 Y75.000 E0.1226 
G92 E0.0000
; segment
G92 E0.0000
G1 F2400.000
G1 Z1.400
G1 X188.250 Y75.000
G1 X188.250 Y66.250 E0.2900 
G1 X187.750 Y66.250 E0.3066 
G1 X187.750 Y75.000 E0.5966 
G92 E0.0000
; segment
G92 E0.0000
G1 F2400.000
G1 Z1.400
G1 X187.750 Y75.000
G1 X187.750 Y108.300 E1.1037 
G92 E0.0000
; segment
G92 E0.0000
G1 F2400.000
G1 Z1.400
G1 X187.750 Y108.300
G1 X187.750 Y112.000 E0.1226 
G92 E0.0000
; segment
G92 E0.0000
G1 F2400.000
G1 Z1.400
G1 X187.750 Y112.000
G1 X187.750 Y120.750 E0.2900 
G1 X187.250 Y120.750 E0.3066 
G1 X187.250 Y112.000 E0.5966 
G92 E0.0000
; segment
G92 E0.0000
G1 F2400.000
G1 Z1.400
G1 X187.250 Y112.000
G1 X187.250 Y78.700 E1.1037 
G92 E0.0000
; segment
G92 E0.0000
G1 F2400.000
G1 Z1.400
G1 X187.250 Y78.700
G1 X187.250 Y75.000 E0.1226 
G92 E0.0000
; segment
G92 E0.0000
G1 F2400.000
G1 Z1.400
G1 X187.250 Y75.000
G1 X187.250 Y66.250 E0.2900 
G1 X186.750 Y66.250 E0.3066 
G1 X186.750 Y75.000 E0.5966 
G92 E0.0000
; segment
G92 E0.0000
G1 F2400.000
G1 Z1.400
G1 X186.750 Y75.000
G1 X186.750 Y108.300 E1.1037 
G92 E0.0000
; segment
G92 E0.0000
G1 F2400.000
G1 Z1.400
G1 X186.750 Y108.300
G1 X186.750 Y112.000 E0.1226 
G92 E0.0000
; segment
G92 E0.0000
G1 F2400.000
G1 Z1.400
G1 X186.750 Y112.000
G1 X186.750 Y120.750 E0.2900 
G1 X186.250 Y120.750 E0.3066 
G1 X186.250 Y112.000 E0.5966 
G92 E0.0000
; segment
G92 E0.0000
G1 F2400.000
G1 Z1.400
G1 X186.250 Y112.000
G1 X186.250 Y78.700 E1.1037 
G92 E0.0000
; segment
G92 E0.0000
G1 F2400.000
G1 Z1.400
G1 X186.250 Y78.700
G1 X186.250 Y75.000 E0.1226 
G92 E0.0000
; segment
G92 E0.0000
G1 F2400.000
G1 Z1.400
G1 X186.250 Y75.000
G1 X186.250 Y66.250 E0.2900 
G1 X185.750 Y66.250 E0.3066 
G1 X185.750 Y75.000 E0.5966 
G92 E0.0000
; segment
G92 E0.0000
G1 F2400.000
G1 Z1.400
G1 X185.750 Y75.000
G1 X185.750 Y108.300 E1.1037 
G92 E0.0000
; segment
G92 E0.0000
G1 F2400.000
G1 Z1.400
G1 X185.750 Y108.300
G1 X185.750 Y112.000 E0.1226 
G92 E0.0000
; segment
G92 E0.0000
G1 F2400.000
G1 Z1.400
G1 X185.750 Y112.000
G1 X185.750 Y120.750 E0.2900 
G1 X185.250 Y120.750 E0.3066 
G1 X185.250 Y112.000 E0.5966 
G92 E0.0000
; segment
G92 E0.0000
G1 F2400.000
G1 Z1.400
G1 X185.250 Y112.000
G1 X185.250 Y78.700 E1.1037 
G92 E0.0000
; segment
G92 E0.0000
G1 F2400.000
G1 Z1.400
G1 X185.250 Y78.700
G1 X185.250 Y75.000 E0.1226 
G92 E0.0000
; segment
G92 E0.0000
G1 F2400.000
G1 Z1.400
G1 X185.250 Y75.000
G1 X185.250 Y66.250 E0.2900 
G1 X184.750 Y66.250 E0.3066 
G1 X184.750 Y75.000 E0.5966 
G92 E0.0000
; segment
G92 E0.0000
G1 F2400.000
G1 Z1.400
G1 X184.750 Y75.000
G1 X184.750 Y108.300 E1.1037 
G92 E0.0000
; segment
G92 E0.0000
G1 F2400.000
G1 Z1.400
G1 X184.750 Y108.300
G1 X184.750 Y112.000 E0.1226 
G92 E0.0000
; segment
G92 E0.0000
G1 F2400.000
G1 Z1.400
G1 X184.750 Y112.000
G1 X184.750 Y120.750 E0.2900 
G1 X184.250 Y120.750 E0.3066 
G1 X184.250 Y112.000 E0.5966 
G92 E0.0000
; segment
G92 E0.0000
G1 F2400.000
G1 Z1.400
G1 X184.250 Y112.000
G1 X184.250 Y78.700 E1.1037 
G92 E0.0000
; segment
G92 E0.0000
G1 F2400.000
G1 Z1.400
G1 X184.250 Y78.700
G1 X184.250 Y75.000 E0.1226 
G92 E0.0000
; segment
G92 E0.0000
G1 F2400.000
G1 Z1.400
G1 X184.250 Y75.000
G1 X184.250 Y66.250 E0.2900 
G1 X183.750 Y66.250 E0.3066 
G92 E0.0000
; jumping
G92 E3.0000
G1 E0 F2400
G1 X184.750 Y65.250 F12000.000
G1 E3 F2400
G92 E0.0000
; segment
G92 E0.0000
G1 F2400.000
G1 Z1.600
G1 X184.750 Y65.250
G1 X184.750 Y50.250 E0.4972 
G1 X175.250 Y50.250 E0.8121 
G1 X175.250 Y65.250 E1.3092 
G1 X170.250 Y65.250 E1.4750 
G1 X170.250 Y75.000 E1.7981 
G92 E0.0000
; segment
G92 E0.0000
G1 F2400.000
G1 Z1.600
G1 X170.250 Y75.000
G1 X170.250 Y108.300 E1.1037 
G92 E0.0000
; segment
G92 E0.0000
G1 F2400.000
G1 Z1.600
G1 X170.250 Y108.300
G1 X170.250 Y112.000 E0.1226 
G92 E0.0000
; segment
G92 E0.0000
G1 F2400.000
G1 Z1.600
G1 X170.250 Y112.000
G1 X170.250 Y121.750 E0.3232 
G1 X175.150 Y121.750 E0.4856 
G1 X175.150 Y136.750 E0.9828 
G1 X184.850 Y136.750 E1.3043 
G1 X184.850 Y121.750 E1.8014 
G1 X189.750 Y121.750 E1.9638 
G1 X189.750 Y112.000 E2.2870 
G92 E0.0000
; segment
G92 E0.0000
G1 F2400.000
G1 Z1.600
G1 X189.750 Y112.000
G1 X189.750 Y78.700 E1.1037 
G92 E0.0000
; segment
G92 E0.0000
G1 F2400.000
G1 Z1.600
G1 X189.750 Y78.700
G1 X189.750 Y75.000 E0.1226 
G92 E0.0000
; segment
G92 E0.0000
G1 F2400.000
G1 Z1.600
G1 X189.750 Y75.000
G1 X189.750 Y65.250 E0.3232 
G1 X184.750 Y65.250 E0.4889 
G92 E0.0000
; segment
G92 E0.0000
G1 F2400.000
G1 Z1.600
G1 X184.250 Y65.750
G1 X184.250 Y50.750 E0.4972 
G1 X175.750 Y50.750 E0.7789 
G1 X175.750 Y65.750 E1.2761 
G1 X170.750 Y65.750 E1.4418 
G1 X170.750 Y75.000 E1.7484 
G92 E0.0000
; segment
G92 E0.0000
G1 F2400.000
G1 Z1.600
G1 X170.750 Y75.000
G1 X170.750 Y108.300 E1.1037 
G92 E0.0000
; segment
G92 E0.0000
G1 F2400.000
G1 Z1.600
G1 X170.750 Y108.300
G1 X170.750 Y112.000 E0.1226 
G92 E0.0000
; segment
G92 E0.0000
G1 F2400.000
G1 Z1.600
G1 X170.750 Y112.000
G1 X170.750 Y121.250 E0.3066 
G1 X175.650 Y121.250 E0.4690 
G1 X175.650 Y136.250 E0.9662 
G1 X184.350 Y136.250 E1.2545 
G1 X184.350 Y121.250 E1.7517 
G1 X189.250 Y121.250 E1.9141 
G1 X189.250 Y112.000 E2.2207 
G92 E0.0000
; segment
G92 E0.0000
G1 F2400.000
G1 Z1.600
G1 X189.250 Y112.000
G1 X189.250 Y78.700 E1.1037 
G92 E0.0000
; segment
G92 E0.0000
G1 F2400.000
G1 Z1.600
G1 X189.250 Y78.700
G1 X189.250 Y75.000 E0.1226 
G92 E0.0000
; segment
G92 E0.0000
G1 F2400.000
G1 Z1.600
G1 X189.250 Y75.000
G1 X189.250 Y65.750 E0.3066 
G1 X184.250 Y65.750 E0.4723 
G92 E0.0000
; segment
G92 E0.0000
G1 F2400.000
G1 Z1.600
G1 X183.750 Y66.250
G1 X184.250 Y66.250 E0.0166 
G1 X184.250 Y75.000 E0.3066 
G92 E0.0000
; segment
G92 E0.0000
G1 F2400.000
G1 Z1.600
G1 X184.250 Y75.000
G1 X184.250 Y108.300 E1.1037 
G92 E0.0000
; segment
G92 E0.0000
G1 F2400.000
G1 Z1.600
G1 X184.250 Y108.300
G1 X184.250 Y112.000 E0.1226 
G92 E0.0000
; segment
G92 E0.0000
G1 F2400.000
G1 Z1.600
G1 X184.250 Y112.000
G1 X184.250 Y120.750 E0.2900 
G1 X184.750 Y120.750 E0.3066 
G1 X184.750 Y112.000 E0.5966 
G92 E0.0000
; segment
G92 E0.0000
G1 F2400.000
G1 Z1.600
G1 X184.750 Y112.000
G1 X184.750 Y78.700 E1.1037 
G92 E0.0000
; segment
G92 E0.0000
G1 F2400.000
G1 Z1.600
G1 X184.750 Y78.700
G1 X184.750 Y75.000 E0.1226 
G92 E0.0000
; segment
G92 E0.0000
G1 F2400.000
G1 Z1.600
G1 X184.750 Y75.000
G1 X184.750 Y66.250 E0.2900 
G1 X185.250 Y66.250 E0.3066 
G1 X185.250 Y75.000 E0.5966 
G92 E0.0000
; segment
G92 E0.0000
G1 F2400.000
G1 Z1.600
G1 X185.250 Y75.000
G1 X185.250 Y108.300 E1.1037 
G92 E0.0000
; segment
G92 E0.0000
G1 F2400.000
G1 Z1.600
G1 X185.250 Y108.300
G1 X185.250 Y112.000 E0.1226 
G92 E0.0000
; segment
G92 E0.0000
G1 F2400.000
G1 Z1.600
G1 X185.250 Y112.000
G1 X185.250 Y120.750 E0.2900 
G1 X185.750 Y120.750 E0.3066 
G1 X185.750 Y112.000 E0.5966 
G92 E0.0000
; segment
G92 E0.0000
G1 F2400.000
G1 Z1.600
G1 X185.750 Y112.000
G1 X185.750 Y78.700 E1.1037 
G92 E0.0000
; segment
G92 E0.0000
G1 F2400.000
G1 Z1.600
G1 X185.750 Y78.700
G1 X185.750 Y75.000 E0.1226 
G92 E0.0000
; segment
G92 E0.0000
G1 F2400.000
G1 Z1.600
G1 X185.750 Y75.000
G1 X185.750 Y66.250 E0.2900 
G1 X186.250 Y66.250 E0.3066 
G1 X186.250 Y75.000 E0.5966 
G92 E0.0000
; segment
G92 E0.0000
G1 F2400.000
G1 Z1.600
G1 X186.250 Y75.000
G1 X186.250 Y108.300 E1.1037 
G92 E0.0000
; segment
G92 E0.0000
G1 F2400.000
G1 Z1.600
G1 X186.250 Y108.300
G1 X186.250 Y112.000 E0.1226 
G92 E0.0000
; segment
G92 E0.0000
G1 F2400.000
G1 Z1.600
G1 X186.250 Y112.000
G1 X186.250 Y120.750 E0.2900 
G1 X186.750 Y120.750 E0.3066 
G1 X186.750 Y112.000 E0.5966 
G92 E0.0000
; segment
G92 E0.0000
G1 F2400.000
G1 Z1.600
G1 X186.750 Y112.000
G1 X186.750 Y78.700 E1.1037 
G92 E0.0000
; segment
G92 E0.0000
G1 F2400.000
G1 Z1.600
G1 X186.750 Y78.700
G1 X186.750 Y75.000 E0.1226 
G92 E0.0000
; segment
G92 E0.0000
G1 F2400.000
G1 Z1.600
G1 X186.750 Y75.000
G1 X186.750 Y66.250 E0.2900 
G1 X187.250 Y66.250 E0.3066 
G1 X187.250 Y75.000 E0.5966 
G92 E0.0000
; segment
G92 E0.0000
G1 F2400.000
G1 Z1.600
G1 X187.250 Y75.000
G1 X187.250 Y108.300 E1.1037 
G92 E0.0000
; segment
G92 E0.0000
G1 F2400.000
G1 Z1.600
G1 X187.250 Y108.300
G1 X187.250 Y112.000 E0.1226 
G92 E0.0000
; segment
G92 E0.0000
G1 F2400.000
G1 Z1.600
G1 X187.250 Y112.000
G1 X187.250 Y120.750 E0.2900 
G1 X187.750 Y120.750 E0.3066 
G1 X187.750 Y112.000 E0.5966 
G92 E0.0000
; segment
G92 E0.0000
G1 F2400.000
G1 Z1.600
G1 X187.750 Y112.000
G1 X187.750 Y78.700 E1.1037 
G92 E0.0000
; segment
G92 E0.0000
G1 F2400.000
G1 Z1.600
G1 X187.750 Y78.700
G1 X187.750 Y75.000 E0.1226 
G92 E0.0000
; segment
G92 E0.0000
G1 F2400.000
G1 Z1.600
G1 X187.750 Y75.000
G1 X187.750 Y66.250 E0.2900 
G1 X188.250 Y66.250 E0.3066 
G1 X188.250 Y75.000 E0.5966 
G92 E0.0000
; segment
G92 E0.0000
G1 F2400.000
G1 Z1.600
G1 X188.250 Y75.000
G1 X188.250 Y108.300 E1.1037 
G92 E0.0000
; segment
G92 E0.0000
G1 F2400.000
G1 Z1.600
G1 X188.250 Y108.300
G1 X188.250 Y112.000 E0.1226 
G92 E0.0000
; segment
G92 E0.0000
G1 F2400.000
G1 Z1.600
G1 X188.250 Y112.000
G1 X188.250 Y120.750 E0.2900 
G1 X188.750 Y120.750 E0.3066 
G1 X188.750 Y112.000 E0.5966 
G92 E0.0000
; segment
G92 E0.0000
G1 F2400.000
G1 Z1.600
G1 X188.750 Y112.000
G1 X188.750 Y78.700 E1.1037 
G92 E0.0000
; segment
G92 E0.0000
G1 F2400.000
G1 Z1.600
G1 X188.750 Y78.700
G1 X188.750 Y75.000 E0.1226 
G92 E0.0000
; segment
G92 E0.0000
G1 F2400.000
G1 Z1.600
G1 X188.750 Y75.000
G1 X188.750 Y66.250 E0.2900 
G92 E0.0000
; jumping
G92 E3.0000
G1 E0 F2400
G1 X183.750 Y51.250 F12000.000
G1 E3 F2400
G92 E0.0000
; segment
G92 E0.0000
G1 F2400.000
G1 Z1.600
G1 X183.750 Y51.250
G1 X183.750 Y75.000 E0.7872 
G92 E0.0000
; segment
G92 E0.0000
G1 F2400.000
G1 Z1.600
G1 X183.750 Y75.000
G1 X183.750 Y108.300 E1.1037 
G92 E0.0000
; segment
G92 E0.0000
G1 F2400.000
G1 Z1.600
G1 X183.750 Y108.300
G1 X183.750 Y112.000 E0.1226 
G92 E0.0000
; segment
G92 E0.0000
G1 F2400.000
G1 Z1.600
G1 X183.750 Y112.000
G1 X183.750 Y135.750 E0.7872 
G1 X183.250 Y135.750 E0.8038 
G1 X183.250 Y112.000 E1.5910 
G92 E0.0000
; segment
G92 E0.0000
G1 F2400.000
G1 Z1.600
G1 X183.250 Y112.000
G1 X183.250 Y78.700 E1.1037 
G92 E0.0000
; segment
G92 E0.0000
G1 F2400.000
G1 Z1.600
G1 X183.250 Y78.700
G1 X183.250 Y75.000 E0.1226 
G92 E0.0000
; segment
G92 E0.0000
G1 F2400.000
G1 Z1.600
G1 X183.250 Y75.000
G1 X183.250 Y51.250 E0.7872 
G1 X182.750 Y51.250 E0.8038 
G1 X182.750 Y75.000 E1.5910 
G92 E0.0000
; segment
G92 E0.0000
G1 F2400.000
G1 Z1.600
G1 X182.750 Y75.000
G1 X182.750 Y108.300 E1.1037 
G92 E0.0000
; segment
G92 E0.0000
G1 F2400.000
G1 Z1.600
G1 X182.750 Y108.300
G1 X182.750 Y112.000 E0.1226 
G92 E0.0000
; segment
G92 E0.0000
G1 F2400.000
G1 Z1.600
G1 X182.750 Y112.000
G1 X182.750 Y135.750 E0.7872 
G1 X182.250 Y135.750 E0.8038 
G1 X182.250 Y112.000 E1.5910 
G92 E0.0000
; segment
G92 E0.0000
G1 F2400.000
G1 Z1.600
G1 X182.250 Y112.000
G1 X182.250 Y78.700 E1.1037 
G92 E0.0000
; segment
G92 E0.0000
G1 F2400.000
G1 Z1.600
G1 X182.250 Y78.700
G1 X182.250 Y75.000 E0.1226 
G92 E0.0000
; segment
G92 E0.0000
G1 F2400.000
G1 Z1.600
G1 X182.250 Y75.000
G1 X182.250 Y51.250 E0.7872 
G1 X181.750 Y51.250 E0.8038 
G1 X181.750 Y75.000 E1.5910 
G92 E0.0000
; segment
G92 E0.0000
G1 F2400.000
G1 Z1.600
G1 X181.750 Y75.000
G1 X181.750 Y108.300 E1.1037 
G92 E0.0000
; segment
G92 E0.0000
G1 F2400.000
G1 Z1.600
G1 X181.750 Y108.300
G1 X181.750 Y112.000 E0.1226 
G92 E0.0000
; segment
G92 E0.0000
G1 F2400.000
G1 Z1.600
G1 X181.750 Y112.000
G1 X181.750 Y135.750 E0.7872 
G1 X181.250 Y135.750 E0.8038 
G1 X181.250 Y112.000 E1.5910 
G92 E0.0000
; segment
G92 E0.0000
G1 F2400.000
G1 Z1.600
G1 X181.250 Y112.000
G1 X181.250 Y78.700 E1.1037 
G92 E0.0000
; segment
G92 E0.0000
G1 F2400.000
G1 Z1.600
G1 X181.250 Y78.700
G1 X181.250 Y75.000 E0.1226 
G92 E0.0000
; segment
G92 E0.0000
G1 F2400.000
G1 Z1.600
G1 X181.250 Y75.000
G1 X181.250 Y51.250 E0.7872 
G1 X180.750 Y51.250 E0.8038 
G1 X180.750 Y75.000 E1.5910 
G92 E0.0000
; segment
G92 E0.0000
G1 F2400.000
G1 Z1.600
G1 X180.750 Y75.000
G1 X180.750 Y108.300 E1.1037 
G92 E0.0000
; segment
G92 E0.0000
G1 F2400.000
G1 Z1.600
G1 X180.750 Y108.300
G1 X180.750 Y112.000 E0.1226 
G92 E0.0000
; segment
G92 E0.0000
G1 F2400.000
G1 Z1.600
G1 X180.750 Y112.000
G1 X180.750 Y135.750 E0.7872 
G1 X180.250 Y135.750 E0.8038 
G1 X180.250 Y112.000 E1.5910 
G92 E0.0000
; segment
G92 E0.0000
G1 F2400.000
G1 Z1.600
G1 X180.250 Y112.000
G1 X180.250 Y78.700 E1.1037 
G92 E0.0000
; segment
G92 E0.0000
G1 F2400.000
G1 Z1.600
G1 X180.250 Y78.700
G1 X180.250 Y75.000 E0.1226 
G92 E0.0000
; segment
G92 E0.0000
G1 F2400.000
G1 Z1.600
G1 X180.250 Y75.000
G1 X180.250 Y51.250 E0.7872 
G1 X179.750 Y51.250 E0.8038 
G1 X179.750 Y75.000 E1.5910 
G92 E0.0000
; segment
G92 E0.0000
G1 F2400.000
G1 Z1.600
G1 X179.750 Y75.000
G1 X179.750 Y108.300 E1.1037 
G92 E0.0000
; segment
G92 E0.0000
G1 F2400.000
G1 Z1.600
G1 X179.750 Y108.300
G1 X179.750 Y112.000 E0.1226 
G92 E0.0000
; segment
G92 E0.0000
G1 F2400.000
G1 Z1.600
G1 X179.750 Y112.000
G1 X179.750 Y135.750 E0.7872 
G1 X179.250 Y135.750 E0.8038 
G1 X179.250 Y112.000 E1.5910 
G92 E0.0000
; segment
G92 E0.0000
G1 F2400.000
G1 Z1.600
G1 X179.250 Y112.000
G1 X179.250 Y78.700 E1.1037 
G92 E0.0000
; segment
G92 E0.0000
G1 F2400.000
G1 Z1.600
G1 X179.250 Y78.700
G1 X179.250 Y75.000 E0.1226 
G92 E0.0000
; segment
G92 E0.0000
G1 F2400.000
G1 Z1.600
G1 X179.250 Y75.000
G1 X179.250 Y51.250 E0.7872 
G1 X178.750 Y51.250 E0.8038 
G1 X178.750 Y75.000 E1.5910 
G92 E0.0000
; segment
G92 E0.0000
G1 F2400.000
G1 Z1.600
G1 X178.750 Y75.000
G1 X178.750 Y108.300 E1.1037 
G92 E0.0000
; segment
G92 E0.0000
G1 F2400.000
G1 Z1.600
G1 X178.750 Y108.300
G1 X178.750 Y112.000 E0.1226 
G92 E0.0000
; segment
G92 E0.0000
G1 F2400.000
G1 Z1.600
G1 X178.750 Y112.000
G1 X178.750 Y135.750 E0.7872 
G1 X178.250 Y135.750 E0.8038 
G1 X178.250 Y112.000 E1.5910 
G92 E0.0000
; segment
G92 E0.0000
G1 F2400.000
G1 Z1.600
G1 X178.250 Y112.000
G1 X178.250 Y78.700 E1.1037 
G92 E0.0000
; segment
G92 E0.0000
G1 F2400.000
G1 Z1.600
G1 X178.250 Y78.700
G1 X178.250 Y75.000 E0.1226 
G92 E0.0000
; segment
G92 E0.0000
G1 F2400.000
G1 Z1.600
G1 X178.250 Y75.000
G1 X178.250 Y51.250 E0.7872 
G1 X177.750 Y51.250 E0.8038 
G1 X177.750 Y75.000 E1.5910 
G92 E0.0000
; segment
G92 E0.0000
G1 F2400.000
G1 Z1.600
G1 X177.750 Y75.000
G1 X177.750 Y108.300 E1.1037 
G92 E0.0000
; segment
G92 E0.0000
G1 F2400.000
G1 Z1.600
G1 X177.750 Y108.300
G1 X177.750 Y112.000 E0.1226 
G92 E0.0000
; segment
G92 E0.0000
G1 F2400.000
G1 Z1.600
G1 X177.750 Y112.000
G1 X177.750 Y135.750 E0.7872 
G1 X177.250 Y135.750 E0.8038 
G1 X177.250 Y112.000 E1.5910 
G92 E0.0000
; segment
G92 E0.0000
G1 F2400.000
G1 Z1.600
G1 X177.250 Y112.000
G1 X177.250 Y78.700 E1.1037 
G92 E0.0000
; segment
G92 E0.0000
G1 F2400.000
G1 Z1.600
G1 X177.250 Y78.700
G1 X177.250 Y75.000 E0.1226 
G92 E0.0000
; segment
G92 E0.0000
G1 F2400.000
G1 Z1.600
G1 X177.250 Y75.000
G1 X177.250 Y51.250 E0.7872 
G1 X176.750 Y51.250 E0.8038 
G1 X176.750 Y75.000 E1.5910 
G92 E0.0000
; segment
G92 E0.0000
G1 F2400.000
G1 Z1.600
G1 X176.750 Y75.000
G1 X176.750 Y108.300 E1.1037 
G92 E0.0000
; segment
G92 E0.0000
G1 F2400.000
G1 Z1.600
G1 X176.750 Y108.300
G1 X176.750 Y112.000 E0.1226 
G92 E0.0000
; segment
G92 E0.0000
G1 F2400.000
G1 Z1.600
G1 X176.750 Y112.000
G1 X176.750 Y135.750 E0.7872 
G1 X176.250 Y135.750 E0.8038 
G1 X176.250 Y112.000 E1.5910 
G92 E0.0000
; segment
G92 E0.0000
G1 F2400.000
G1 Z1.600
G1 X176.250 Y112.000
G1 X176.250 Y78.700 E1.1037 
G92 E0.0000
; segment
G92 E0.0000
G1 F2400.000
G1 Z1.600
G1 X176.250 Y78.700
G1 X176.250 Y75.000 E0.1226 
G92 E0.0000
; segment
G92 E0.0000
G1 F2400.000
G1 Z1.600
G1 X176.250 Y75.000
G1 X176.250 Y66.250 E0.2900 
G1 X175.750 Y66.250 E0.3066 
G1 X175.750 Y75.000 E0.5966 
G92 E0.0000
; segment
G92 E0.0000
G1 F2400.000
G1 Z1.600
G1 X175.750 Y75.000
G1 X175.750 Y108.300 E1.1037 
G92 E0.0000
; segment
G92 E0.0000
G1 F2400.000
G1 Z1.600
G1 X175.750 Y108.300
G1 X175.750 Y112.000 E0.1226 
G92 E0.0000
; segment
G92 E0.0000
G1 F2400.000
G1 Z1.600
G1 X175.750 Y112.000
G1 X175.750 Y120.750 E0.2900 
G1 X175.250 Y120.750 E0.3066 
G1 X175.250 Y112.000 E0.5966 
G92 E0.0000
; segment
G92 E0.0000
G1 F2400.000
G1 Z1.600
G1 X175.250 Y112.000
G1 X175.250 Y78.700 E1.1037 
G92 E0.0000
; segment
G92 E0.0000
G1 F2400.000
G1 Z1.600
G1 X175.250 Y78.700
G1 X175.250 Y75.000 E0.1226 
G92 E0.0000
; segment
G92 E0.0000
G1 F2400.000
G1 Z1.600
G1 X175.250 Y75.000
G1 X175.250 Y66.250 E0.2900 
G1 X174.750 Y66.250 E0.3066 
G1 X174.750 Y75.000 E0.5966 
G92 E0.0000
; segment
G92 E0.0000
G1 F2400.000
G1 Z1.600
G1 X174.750 Y75.000
G1 X174.750 Y108.300 E1.1037 
G92 E0.0000
; segment
G92 E0.0000
G1 F2400.000
G1 Z1.600
G1 X174.750 Y108.300
G1 X174.750 Y112.000 E0.1226 
G92 E0.0000
; segment
G92 E0.0000
G1 F2400.000
G1 Z1.600
G1 X174.750 Y112.000
G1 X174.750 Y120.750 E0.2900 
G1 X174.250 Y120.750 E0.3066 
G1 X174.250 Y112.000 E0.5966 
G92 E0.0000
; segment
G92 E0.0000
G1 F2400.000
G1 Z1.600
G1 X174.250 Y112.000
G1 X174.250 Y78.700 E1.1037 
G92 E0.0000
; segment
G92 E0.0000
G1 F2400.000
G1 Z1.600
G1 X174.250 Y78.700
G1 X174.250 Y75.000 E0.1226 
G92 E0.0000
; segment
G92 E0.0000
G1 F2400.000
G1 Z1.600
G1 X174.250 Y75.000
G1 X174.250 Y66.250 E0.2900 
G1 X173.750 Y66.250 E0.3066 
G1 X173.750 Y75.000 E0.5966 
G92 E0.0000
; segment
G92 E0.0000
G1 F2400.000
G1 Z1.600
G1 X173.750 Y75.000
G1 X173.750 Y108.300 E1.1037 
G92 E0.0000
; segment
G92 E0.0000
G1 F2400.000
G1 Z1.600
G1 X173.750 Y108.300
G1 X173.750 Y112.000 E0.1226 
G92 E0.0000
; segment
G92 E0.0000
G1 F2400.000
G1 Z1.600
G1 X173.750 Y112.000
G1 X173.750 Y120.750 E0.2900 
G1 X173.250 Y120.750 E0.3066 
G1 X173.250 Y112.000 E0.5966 
G92 E0.0000
; segment
G92 E0.0000
G1 F2400.000
G1 Z1.600
G1 X173.250 Y112.000
G1 X173.250 Y78.700 E1.1037 
G92 E0.0000
; segment
G92 E0.0000
G1 F2400.000
G1 Z1.600
G1 X173.250 Y78.700
G1 X173.250 Y75.000 E0.1226 
G92 E0.0000
; segment
G92 E0.0000
G1 F2400.000
G1 Z1.600
G1 X173.250 Y75.000
G1 X173.250 Y66.250 E0.2900 
G1 X172.750 Y66.250 E0.3066 
G1 X172.750 Y75.000 E0.5966 
G92 E0.0000
; segment
G92 E0.0000
G1 F2400.000
G1 Z1.600
G1 X172.750 Y75.000
G1 X172.750 Y108.300 E1.1037 
G92 E0.0000
; segment
G92 E0.0000
G1 F2400.000
G1 Z1.600
G1 X172.750 Y108.300
G1 X172.750 Y112.000 E0.1226 
G92 E0.0000
; segment
G92 E0.0000
G1 F2400.000
G1 Z1.600
G1 X172.750 Y112.000
G1 X172.750 Y120.750 E0.2900 
G1 X172.250 Y120.750 E0.3066 
G1 X172.250 Y112.000 E0.5966 
G92 E0.0000
; segment
G92 E0.0000
G1 F2400.000
G1 Z1.600
G1 X172.250 Y112.000
G1 X172.250 Y78.700 E1.1037 
G92 E0.0000
; segment
G92 E0.0000
G1 F2400.000
G1 Z1.600
G1 X172.250 Y78.700
G1 X172.250 Y75.000 E0.1226 
G92 E0.0000
; segment
G92 E0.0000
G1 F2400.000
G1 Z1.600
G1 X172.250 Y75.000
G1 X172.250 Y66.250 E0.2900 
G1 X171.750 Y66.250 E0.3066 
G1 X171.750 Y75.000 E0.5966 
G92 E0.0000
; segment
G92 E0.0000
G1 F2400.000
G1 Z1.600
G1 X171.750 Y75.000
G1 X171.750 Y108.300 E1.1037 
G92 E0.0000
; segment
G92 E0.0000
G1 F2400.000
G1 Z1.600
G1 X171.750 Y108.300
G1 X171.750 Y112.000 E0.1226 
G92 E0.0000
; segment
G92 E0.0000
G1 F2400.000
G1 Z1.600
G1 X171.750 Y112.000
G1 X171.750 Y120.750 E0.2900 
G1 X171.250 Y120.750 E0.3066 
G1 X171.250 Y112.000 E0.5966 
G92 E0.0000
; segment
G92 E0.0000
G1 F2400.000
G1 Z1.600
G1 X171.250 Y112.000
G1 X171.250 Y78.700 E1.1037 
G92 E0.0000
; segment
G92 E0.0000
G1 F2400.000
G1 Z1.600
G1 X171.250 Y78.700
G1 X171.250 Y75.000 E0.1226 
G92 E0.0000
; segment
G92 E0.0000
G1 F2400.000
G1 Z1.600
G1 X171.250 Y75.000
G1 X171.250 Y66.250 E0.2900 
G92 E0.0000
; jumping
G92 E3.0000
G1 E0 F2400
G1 X170.250 Y65.250 F12000.000
G1 E3 F2400
G92 E0.0000
; segment
G92 E0.0000
G1 F2400.000
G1 Z1.800
G1 X170.250 Y65.250
G1 X170.250 Y75.000 E0.3232 
G92 E0.0000
; segment
G92 E0.0000
G1 F2400.000
G1 Z1.800
G1 X170.250 Y75.000
G1 X170.250 Y108.300 E1.1037 
G92 E0.0000
; segment
G92 E0.0000
G1 F2400.000
G1 Z1.800
G1 X170.250 Y108.300
G1 X170.250 Y112.000 E0.1226 
G92 E0.0000
; segment
G92 E0.0000
G1 F2400.000
G1 Z1.800
G1 X170.250 Y112.000
G1 X170.250 Y121.750 E0.3232 
G1 X175.150 Y121.750 E0.4856 
G1 X175.150 Y136.750 E0.9828 
G1 X184.850 Y136.750 E1.3043 
G1 X184.850 Y121.750 E1.8014 
G1 X189.750 Y121.750 E1.9638 
G1 X189.750 Y112.000 E2.2870 
G92 E0.0000
; segment
G92 E0.0000
G1 F2400.000
G1 Z1.800
G1 X189.750 Y112.000
G1 X189.750 Y78.700 E1.1037 
G92 E0.0000
; segment
G92 E0.0000
G1 F2400.000
G1 Z1.800
G1 X189.750 Y78.700
G1 X189.750 Y75.000 E0.1226 
G92 E0.0000
; segment
G92 E0.0000
G1 F2400.000
G1 Z1.800
G1 X189.750 Y75.000
G1 X189.750 Y65.250 E0.3232 
G1 X184.750 Y65.250 E0.4889 
G1 X184.750 Y50.250 E0.9861 
G1 X175.250 Y50.250 E1.3009 
G1 X175.250 Y65.250 E1.7981 
G1 X170.250 Y65.250 E1.9638 
G92 E0.0000
; segment
G92 E0.0000
G1 F2400.000
G1 Z1.800
G1 X170.750 Y65.750
G1 X170.750 Y75.000 E0.3066 
G92 E0.0000
; segment
G92 E0.0000
G1 F2400.000
G1 Z1.800
G1 X170.750 Y75.000
G1 X170.750 Y108.300 E1.1037 
G92 E0.0000
; segment
G92 E0.0000
G1 F2400.000
G1 Z1.800
G1 X170.750 Y108.300
G1 X170.750 Y112.000 E0.1226 
G92 E0.0000
; segment
G92 E0.0000
G1 F2400.000
G1 Z1.800
G1 X170.750 Y112.000
G1 X170.750 Y121.250 E0.3066 
G1 X175.650 Y121.250 E0.4690 
G1 X175.650 Y136.250 E0.9662 
G1 X184.350 Y136.250 E1.2545 
G1 X184.350 Y121.250 E1.7517 
G1 X189.250 Y121.250 E1.9141 
G1 X189.250 Y112.000 E2.2207 
G92 E0.0000
; segment
G92 E0.0000
G1 F2400.000
G1 Z1.800
G1 X189.250 Y112.000
G1 X189.250 Y78.700 E1.1037 
G92 E0.0000
; segment
G92 E0.0000
G1 F2400.000
G1 Z1.800
G1 X189.250 Y78.700
G1 X189.250 Y75.000 E0.1226 
G92 E0.0000
; segment
G92 E0.0000
G1 F2400.000
G1 Z1.800
G1 X189.250 Y75.000
G1 X189.250 Y65.750 E0.3066 
G1 X184.250 Y65.750 E0.4723 
G1 X184.250 Y50.750 E0.9695 
G1 X175.750 Y50.750 E1.2512 
G1 X175.750 Y65.750 E1.7484 
G1 X170.750 Y65.750 E1.9141 
G92 E0.0000
; segment
G92 E0.0000
G1 F2400.000
G1 Z1.800
G1 X171.250 Y66.250
G1 X171.250 Y75.000 E0.2900 
G92 E0.0000
; segment
G92 E0.0000
G1 F2400.000
G1 Z1.800
G1 X171.250 Y75.000
G1 X171.250 Y108.300 E1.1037 
G92 E0.0000
; segment
G92 E0.0000
G1 F2400.000
G1 Z1.800
G1 X171.250 Y108.300
G1 X171.250 Y112.000 E0.1226 
G92 E0.0000
; segment
G92 E0.0000
G1 F2400.000
G1 Z1.800
G1 X171.250 Y112.000
G1 X171.250 Y120.750 E0.2900 
G1 X171.750 Y120.750 E0.3066 
G1 X171.750 Y112.000 E0.5966 
G92 E0.0000
; segment
G92 E0.0000
G1 F2400.000
G1 Z1.800
G1 X171.750 Y112.000
G1 X171.750 Y78.700 E1.1037 
G92 E0.0000
; segment
G92 E0.0000
G1 F2400.000
G1 Z1.800
G1 X171.750 Y78.700
G1 X171.750 Y75.000 E0.1226 
G92 E0.0000
; segment
G92 E0.0000
G1 F2400.000
G1 Z1.800
G1 X171.750 Y75.000
G1 X171.750 Y66.250 E0.2900 
G1 X172.250 Y66.250 E0.3066 
G1 X172.250 Y75.000 E0.5966 
G92 E0.0000
; segment
G92 E0.0000
G1 F2400.000
G1 Z1.800
G1 X172.250 Y75.000
G1 X172.250 Y108.300 E1.1037 
G92 E0.0000
; segment
G92 E0.0000
G1 F2400.000
G1 Z1.800
G1 X172.250 Y108.300
G1 X172.250 Y112.000 E0.1226 
G92 E0.0000
; segment
G92 E0.0000
G1 F2400.000
G1 Z1.800
G1 X172.250 Y112.000
G1 X172.250 Y120.750 E0.2900 
G1 X172.750 Y120.750 E0.3066 
G1 X172.750 Y112.000 E0.5966 
G92 E0.0000
; segment
G92 E0.0000
G1 F2400.000
G1 Z1.800
G1 X172.750 Y112.000
G1 X172.750 Y78.700 E1.1037 
G92 E0.0000
; segment
G92 E0.0000
G1 F2400.000
G1 Z1.800
G1 X172.750 Y78.700
G1 X172.750 Y75.000 E0.1226 
G92 E0.0000
; segment
G92 E0.0000
G1 F2400.000
G1 Z1.800
G1 X172.750 Y75.000
G1 X172.750 Y66.250 E0.2900 
G1 X173.250 Y66.250 E0.3066 
G1 X173.250 Y75.000 E0.5966 
G92 E0.0000
; segment
G92 E0.0000
G1 F2400.000
G1 Z1.800
G1 X173.250 Y75.000
G1 X173.250 Y108.300 E1.1037 
G92 E0.0000
; segment
G92 E0.0000
G1 F2400.000
G1 Z1.800
G1 X173.250 Y108.300
G1 X173.250 Y112.000 E0.1226 
G92 E0.0000
; segment
G92 E0.0000
G1 F2400.000
G1 Z1.800
G1 X173.250 Y112.000
G1 X173.250 Y120.750 E0.2900 
G1 X173.750 Y120.750 E0.3066 
G1 X173.750 Y112.000 E0.5966 
G92 E0.0000
; segment
G92 E0.0000
G1 F2400.000
G1 Z1.800
G1 X173.750 Y112.000
G1 X173.750 Y78.700 E1.1037 
G92 E0.0000
; segment
G92 E0.0000
G1 F2400.000
G1 Z1.800
G1 X173.750 Y78.700
G1 X173.750 Y75.000 E0.1226 
G92 E0.0000
; segment
G92 E0.0000
G1 F2400.000
G1 Z1.800
G1 X173.750 Y75.000
G1 X173.750 Y66.250 E0.2900 
G1 X174.250 Y66.250 E0.3066 
G1 X174.250 Y75.000 E0.5966 
G92 E0.0000
; segment
G92 E0.0000
G1 F2400.000
G1 Z1.800
G1 X174.250 Y75.000
G1 X174.250 Y108.300 E1.1037 
G92 E0.0000
; segment
G92 E0.0000
G1 F2400.000
G1 Z1.800
G1 X174.250 Y108.300
G1 X174.250 Y112.000 E0.1226 
G92 E0.0000
; segment
G92 E0.0000
G1 F2400.000
G1 Z1.800
G1 X174.250 Y112.000
G1 X174.250 Y120.750 E0.2900 
G1 X174.750 Y120.750 E0.3066 
G1 X174.750 Y112.000 E0.5966 
G92 E0.0000
; segment
G92 E0.0000
G1 F2400.000
G1 Z1.800
G1 X174.750 Y112.000
G1 X174.750 Y78.700 E1.1037 
G92 E0.0000
; segment
G92 E0.0000
G1 F2400.000
G1 Z1.800
G1 X174.750 Y78.700
G1 X174.750 Y75.000 E0.1226 
G92 E0.0000
; segment
G92 E0.0000
G1 F2400.000
G1 Z1.800
G1 X174.750 Y75.000
G1 X174.750 Y66.250 E0.2900 
G1 X175.250 Y66.250 E0.3066 
G1 X175.250 Y75.000 E0.5966 
G92 E0.0000
; segment
G92 E0.0000
G1 F2400.000
G1 Z1.800
G1 X175.250 Y75.000
G1 X175.250 Y108.300 E1.1037 
G92 E0.0000
; segment
G92 E0.0000
G1 F2400.000
G1 Z1.800
G1 X175.250 Y108.300
G1 X175.250 Y112.000 E0.1226 
G92 E0.0000
; segment
G92 E0.0000
G1 F2400.000
G1 Z1.800
G1 X175.250 Y112.000
G1 X175.250 Y120.750 E0.2900 
G1 X175.750 Y120.750 E0.3066 
G1 X175.750 Y112.000 E0.5966 
G92 E0.0000
; segment
G92 E0.0000
G1 F2400.000
G1 Z1.800
G1 X175.750 Y112.000
G1 X175.750 Y78.700 E1.1037 
G92 E0.0000
; segment
G92 E0.0000
G1 F2400.000
G1 Z1.800
G1 X175.750 Y78.700
G1 X175.750 Y75.000 E0.1226 
G92 E0.0000
; segment
G92 E0.0000
G1 F2400.000
G1 Z1.800
G1 X175.750 Y75.000
G1 X175.750 Y66.250 E0.2900 
G1 X176.250 Y66.250 E0.3066 
G1 X176.250 Y75.000 E0.5966 
G92 E0.0000
; segment
G92 E0.0000
G1 F2400.000
G1 Z1.800
G1 X176.250 Y75.000
G1 X176.250 Y108.300 E1.1037 
G92 E0.0000
; segment
G92 E0.0000
G1 F2400.000
G1 Z1.800
G1 X176.250 Y108.300
G1 X176.250 Y112.000 E0.1226 
G92 E0.0000
; segment
G92 E0.0000
G1 F2400.000
G1 Z1.800
G1 X176.250 Y112.000
G1 X176.250 Y135.750 E0.7872 
G1 X176.750 Y135.750 E0.8038 
G1 X176.750 Y112.000 E1.5910 
G92 E0.0000
; segment
G92 E0.0000
G1 F2400.000
G1 Z1.800
G1 X176.750 Y112.000
G1 X176.750 Y78.700 E1.1037 
G92 E0.0000
; segment
G92 E0.0000
G1 F2400.000
G1 Z1.800
G1 X176.750 Y78.700
G1 X176.750 Y75.000 E0.1226 
G92 E0.0000
; segment
G92 E0.0000
G1 F2400.000
G1 Z1.800
G1 X176.750 Y75.000
G1 X176.750 Y51.250 E0.7872 
G1 X177.250 Y51.250 E0.8038 
G1 X177.250 Y75.000 E1.5910 
G92 E0.0000
; segment
G92 E0.0000
G1 F2400.000
G1 Z1.800
G1 X177.250 Y75.000
G1 X177.250 Y108.300 E1.1037 
G92 E0.0000
; segment
G92 E0.0000
G1 F2400.000
G1 Z1.800
G1 X177.250 Y108.300
G1 X177.250 Y112.000 E0.1226 
G92 E0.0000
; segment
G92 E0.0000
G1 F2400.000
G1 Z1.800
G1 X177.250 Y112.000
G1 X177.250 Y135.750 E0.7872 
G1 X177.750 Y135.750 E0.8038 
G1 X177.750 Y112.000 E1.5910 
G92 E0.0000
; segment
G92 E0.0000
G1 F2400.000
G1 Z1.800
G1 X177.750 Y112.000
G1 X177.750 Y78.700 E1.1037 
G92 E0.0000
; segment
G92 E0.0000
G1 F2400.000
G1 Z1.800
G1 X177.750 Y78.700
G1 X177.750 Y75.000 E0.1226 
G92 E0.0000
; segment
G92 E0.0000
G1 F2400.000
G1 Z1.800
G1 X177.750 Y75.000
G1 X177.750 Y51.250 E0.7872 
G1 X178.250 Y51.250 E0.8038 
G1 X178.250 Y75.000 E1.5910 
G92 E0.0000
; segment
G92 E0.0000
G1 F2400.000
G1 Z1.800
G1 X178.250 Y75.000
G1 X178.250 Y108.300 E1.1037 
G92 E0.0000
; segment
G92 E0.0000
G1 F2400.000
G1 Z1.800
G1 X178.250 Y108.300
G1 X178.250 Y112.000 E0.1226 
G92 E0.0000
; segment
G92 E0.0000
G1 F2400.000
G1 Z1.800
G1 X178.250 Y112.000
G1 X178.250 Y135.750 E0.7872 
G1 X178.750 Y135.750 E0.8038 
G1 X178.750 Y112.000 E1.5910 
G92 E0.0000
; segment
G92 E0.0000
G1 F2400.000
G1 Z1.800
G1 X178.750 Y112.000
G1 X178.750 Y78.700 E1.1037 
G92 E0.0000
; segment
G92 E0.0000
G1 F2400.000
G1 Z1.800
G1 X178.750 Y78.700
G1 X178.750 Y75.000 E0.1226 
G92 E0.0000
; segment
G92 E0.0000
G1 F2400.000
G1 Z1.800
G1 X178.750 Y75.000
G1 X178.750 Y51.250 E0.7872 
G1 X179.250 Y51.250 E0.8038 
G1 X179.250 Y75.000 E1.5910 
G92 E0.0000
; segment
G92 E0.0000
G1 F2400.000
G1 Z1.800
G1 X179.250 Y75.000
G1 X179.250 Y108.300 E1.1037 
G92 E0.0000
; segment
G92 E0.0000
G1 F2400.000
G1 Z1.800
G1 X179.250 Y108.300
G1 X179.250 Y112.000 E0.1226 
G92 E0.0000
; segment
G92 E0.0000
G1 F2400.000
G1 Z1.800
G1 X179.250 Y112.000
G1 X179.250 Y135.750 E0.7872 
G1 X179.750 Y135.750 E0.8038 
G1 X179.750 Y112.000 E1.5910 
G92 E0.0000
; segment
G92 E0.0000
G1 F2400.000
G1 Z1.800
G1 X179.750 Y112.000
G1 X179.750 Y78.700 E1.1037 
G92 E0.0000
; segment
G92 E0.0000
G1 F2400.000
G1 Z1.800
G1 X179.750 Y78.700
G1 X179.750 Y75.000 E0.1226 
G92 E0.0000
; segment
G92 E0.0000
G1 F2400.000
G1 Z1.800
G1 X179.750 Y75.000
G1 X179.750 Y51.250 E0.7872 
G1 X180.250 Y51.250 E0.8038 
G1 X180.250 Y75.000 E1.5910 
G92 E0.0000
; segment
G92 E0.0000
G1 F2400.000
G1 Z1.800
G1 X180.250 Y75.000
G1 X180.250 Y108.300 E1.1037 
G92 E0.0000
; segment
G92 E0.0000
G1 F2400.000
G1 Z1.800
G1 X180.250 Y108.300
G1 X180.250 Y112.000 E0.1226 
G92 E0.0000
; segment
G92 E0.0000
G1 F2400.000
G1 Z1.800
G1 X180.250 Y112.000
G1 X180.250 Y135.750 E0.7872 
G1 X180.750 Y135.750 E0.8038 
G1 X180.750 Y112.000 E1.5910 
G92 E0.0000
; segment
G92 E0.0000
G1 F2400.000
G1 Z1.800
G1 X180.750 Y112.000
G1 X180.750 Y78.700 E1.1037 
G92 E0.0000
; segment
G92 E0.0000
G1 F2400.000
G1 Z1.800
G1 X180.750 Y78.700
G1 X180.750 Y75.000 E0.1226 
G92 E0.0000
; segment
G92 E0.0000
G1 F2400.000
G1 Z1.800
G1 X180.750 Y75.000
G1 X180.750 Y51.250 E0.7872 
G1 X181.250 Y51.250 E0.8038 
G1 X181.250 Y75.000 E1.5910 
G92 E0.0000
; segment
G92 E0.0000
G1 F2400.000
G1 Z1.800
G1 X181.250 Y75.000
G1 X181.250 Y108.300 E1.1037 
G92 E0.0000
; segment
G92 E0.0000
G1 F2400.000
G1 Z1.800
G1 X181.250 Y108.300
G1 X181.250 Y112.000 E0.1226 
G92 E0.0000
; segment
G92 E0.0000
G1 F2400.000
G1 Z1.800
G1 X181.250 Y112.000
G1 X181.250 Y135.750 E0.7872 
G1 X181.750 Y135.750 E0.8038 
G1 X181.750 Y112.000 E1.5910 
G92 E0.0000
; segment
G92 E0.0000
G1 F2400.000
G1 Z1.800
G1 X181.750 Y112.000
G1 X181.750 Y78.700 E1.1037 
G92 E0.0000
; segment
G92 E0.0000
G1 F2400.000
G1 Z1.800
G1 X181.750 Y78.700
G1 X181.750 Y75.000 E0.1226 
G92 E0.0000
; segment
G92 E0.0000
G1 F2400.000
G1 Z1.800
G1 X181.750 Y75.000
G1 X181.750 Y51.250 E0.7872 
G1 X182.250 Y51.250 E0.8038 
G1 X182.250 Y75.000 E1.5910 
G92 E0.0000
; segment
G92 E0.0000
G1 F2400.000
G1 Z1.800
G1 X182.250 Y75.000
G1 X182.250 Y108.300 E1.1037 
G92 E0.0000
; segment
G92 E0.0000
G1 F2400.000
G1 Z1.800
G1 X182.250 Y108.300
G1 X182.250 Y112.000 E0.1226 
G92 E0.0000
; segment
G92 E0.0000
G1 F2400.000
G1 Z1.800
G1 X182.250 Y112.000
G1 X182.250 Y135.750 E0.7872 
G1 X182.750 Y135.750 E0.8038 
G1 X182.750 Y112.000 E1.5910 
G92 E0.0000
; segment
G92 E0.0000
G1 F2400.000
G1 Z1.800
G1 X182.750 Y112.000
G1 X182.750 Y78.700 E1.1037 
G92 E0.0000
; segment
G92 E0.0000
G1 F2400.000
G1 Z1.800
G1 X182.750 Y78.700
G1 X182.750 Y75.000 E0.1226 
G92 E0.0000
; segment
G92 E0.0000
G1 F2400.000
G1 Z1.800
G1 X182.750 Y75.000
G1 X182.750 Y51.250 E0.7872 
G1 X183.250 Y51.250 E0.8038 
G1 X183.250 Y75.000 E1.5910 
G92 E0.0000
; segment
G92 E0.0000
G1 F2400.000
G1 Z1.800
G1 X183.250 Y75.000
G1 X183.250 Y108.300 E1.1037 
G92 E0.0000
; segment
G92 E0.0000
G1 F2400.000
G1 Z1.800
G1 X183.250 Y108.300
G1 X183.250 Y112.000 E0.1226 
G92 E0.0000
; segment
G92 E0.0000
G1 F2400.000
G1 Z1.800
G1 X183.250 Y112.000
G1 X183.250 Y135.750 E0.7872 
G1 X183.750 Y135.750 E0.8038 
G1 X183.750 Y112.000 E1.5910 
G92 E0.0000
; segment
G92 E0.0000
G1 F2400.000
G1 Z1.800
G1 X183.750 Y112.000
G1 X183.750 Y78.700 E1.1037 
G92 E0.0000
; segment
G92 E0.0000
G1 F2400.000
G1 Z1.800
G1 X183.750 Y78.700
G1 X183.750 Y75.000 E0.1226 
G92 E0.0000
; segment
G92 E0.0000
G1 F2400.000
G1 Z1.800
G1 X183.750 Y75.000
G1 X183.750 Y51.250 E0.7872 
G92 E0.0000
; jumping
G92 E3.0000
G1 E0 F2400
G1 X188.750 Y66.250 F12000.000
G1 E3 F2400
G92 E0.0000
; segment
G92 E0.0000
G1 F2400.000
G1 Z1.800
G1 X188.750 Y66.250
G1 X188.750 Y75.000 E0.2900 
G92 E0.0000
; segment
G92 E0.0000
G1 F2400.000
G1 Z1.800
G1 X188.750 Y75.000
G1 X188.750 Y108.300 E1.1037 
G92 E0.0000
; segment
G92 E0.0000
G1 F2400.000
G1 Z1.800
G1 X188.750 Y108.300
G1 X188.750 Y112.000 E0.1226 
G92 E0.0000
; segment
G92 E0.0000
G1 F2400.000
G1 Z1.800
G1 X188.750 Y112.000
G1 X188.750 Y120.750 E0.2900 
G1 X188.250 Y120.750 E0.3066 
G1 X188.250 Y112.000 E0.5966 
G92 E0.0000
; segment
G92 E0.0000
G1 F2400.000
G1 Z1.800
G1 X188.250 Y112.000
G1 X188.250 Y78.700 E1.1037 
G92 E0.0000
; segment
G92 E0.0000
G1 F2400.000
G1 Z1.800
G1 X188.250 Y78.700
G1 X188.250 Y75.000 E0.1226 
G92 E0.0000
; segment
G92 E0.0000
G1 F2400.000
G1 Z1.800
G1 X188.250 Y75.000
G1 X188.250 Y66.250 E0.2900 
G1 X187.750 Y66.250 E0.3066 
G1 X187.750 Y75.000 E0.5966 
G92 E0.0000
; segment
G92 E0.0000
G1 F2400.000
G1 Z1.800
G1 X187.750 Y75.000
G1 X187.750 Y108.300 E1.1037 
G92 E0.0000
; segment
G92 E0.0000
G1 F2400.000
G1 Z1.800
G1 X187.750 Y108.300
G1 X187.750 Y112.000 E0.1226 
G92 E0.0000
; segment
G92 E0.0000
G1 F2400.000
G1 Z1.800
G1 X187.750 Y112.000
G1 X187.750 Y120.750 E0.2900 
G1 X187.250 Y120.750 E0.3066 
G1 X187.250 Y112.000 E0.5966 
G92 E0.0000
; segment
G92 E0.0000
G1 F2400.000
G1 Z1.800
G1 X187.250 Y112.000
G1 X187.250 Y78.700 E1.1037 
G92 E0.0000
; segment
G92 E0.0000
G1 F2400.000
G1 Z1.800
G1 X187.250 Y78.700
G1 X187.250 Y75.000 E0.1226 
G92 E0.0000
; segment
G92 E0.0000
G1 F2400.000
G1 Z1.800
G1 X187.250 Y75.000
G1 X187.250 Y66.250 E0.2900 
G1 X186.750 Y66.250 E0.3066 
G1 X186.750 Y75.000 E0.5966 
G92 E0.0000
; segment
G92 E0.0000
G1 F2400.000
G1 Z1.800
G1 X186.750 Y75.000
G1 X186.750 Y108.300 E1.1037 
G92 E0.0000
; segment
G92 E0.0000
G1 F2400.000
G1 Z1.800
G1 X186.750 Y108.300
G1 X186.750 Y112.000 E0.1226 
G92 E0.0000
; segment
G92 E0.0000
G1 F2400.000
G1 Z1.800
G1 X186.750 Y112.000
G1 X186.750 Y120.750 E0.2900 
G1 X186.250 Y120.750 E0.3066 
G1 X186.250 Y112.000 E0.5966 
G92 E0.0000
; segment
G92 E0.0000
G1 F2400.000
G1 Z1.800
G1 X186.250 Y112.000
G1 X186.250 Y78.700 E1.1037 
G92 E0.0000
; segment
G92 E0.0000
G1 F2400.000
G1 Z1.800
G1 X186.250 Y78.700
G1 X186.250 Y75.000 E0.1226 
G92 E0.0000
; segment
G92 E0.0000
G1 F2400.000
G1 Z1.800
G1 X186.250 Y75.000
G1 X186.250 Y66.250 E0.2900 
G1 X185.750 Y66.250 E0.3066 
G1 X185.750 Y75.000 E0.5966 
G92 E0.0000
; segment
G92 E0.0000
G1 F2400.000
G1 Z1.800
G1 X185.750 Y75.000
G1 X185.750 Y108.300 E1.1037 
G92 E0.0000
; segment
G92 E0.0000
G1 F2400.000
G1 Z1.800
G1 X185.750 Y108.300
G1 X185.750 Y112.000 E0.1226 
G92 E0.0000
; segment
G92 E0.0000
G1 F2400.000
G1 Z1.800
G1 X185.750 Y112.000
G1 X185.750 Y120.750 E0.2900 
G1 X185.250 Y120.750 E0.3066 
G1 X185.250 Y112.000 E0.5966 
G92 E0.0000
; segment
G92 E0.0000
G1 F2400.000
G1 Z1.800
G1 X185.250 Y112.000
G1 X185.250 Y78.700 E1.1037 
G92 E0.0000
; segment
G92 E0.0000
G1 F2400.000
G1 Z1.800
G1 X185.250 Y78.700
G1 X185.250 Y75.000 E0.1226 
G92 E0.0000
; segment
G92 E0.0000
G1 F2400.000
G1 Z1.800
G1 X185.250 Y75.000
G1 X185.250 Y66.250 E0.2900 
G1 X184.750 Y66.250 E0.3066 
G1 X184.750 Y75.000 E0.5966 
G92 E0.0000
; segment
G92 E0.0000
G1 F2400.000
G1 Z1.800
G1 X184.750 Y75.000
G1 X184.750 Y108.300 E1.1037 
G92 E0.0000
; segment
G92 E0.0000
G1 F2400.000
G1 Z1.800
G1 X184.750 Y108.300
G1 X184.750 Y112.000 E0.1226 
G92 E0.0000
; segment
G92 E0.0000
G1 F2400.000
G1 Z1.800
G1 X184.750 Y112.000
G1 X184.750 Y120.750 E0.2900 
G1 X184.250 Y120.750 E0.3066 
G1 X184.250 Y112.000 E0.5966 
G92 E0.0000
; segment
G92 E0.0000
G1 F2400.000
G1 Z1.800
G1 X184.250 Y112.000
G1 X184.250 Y78.700 E1.1037 
G92 E0.0000
; segment
G92 E0.0000
G1 F2400.000
G1 Z1.800
G1 X184.250 Y78.700
G1 X184.250 Y75.000 E0.1226 
G92 E0.0000
; segment
G92 E0.0000
G1 F2400.000
G1 Z1.800
G1 X184.250 Y75.000
G1 X184.250 Y66.250 E0.2900 
G1 X183.750 Y66.250 E0.3066 
G92 E0.0000
; jumping
G92 E3.0000
G1 E0 F2400
G1 X184.750 Y65.250 F12000.000
G1 E3 F2400
G92 E0.0000
; segment
G92 E0.0000
G1 F2400.000
G1 Z2.000
G1 X184.750 Y65.250
G1 X184.750 Y50.250 E0.4972 
G1 X175.250 Y50.250 E0.8121 
G1 X175.250 Y65.250 E1.3092 
G1 X170.250 Y65.250 E1.4750 
G1 X170.250 Y75.000 E1.7981 
G92 E0.0000
; segment
G92 E0.0000
G1 F2400.000
G1 Z2.000
G1 X170.250 Y75.000
G1 X170.250 Y108.300 E1.1037 
G92 E0.0000
; segment
G92 E0.0000
G1 F2400.000
G1 Z2.000
G1 X170.250 Y108.300
G1 X170.250 Y112.000 E0.1226 
G92 E0.0000
; segment
G92 E0.0000
G1 F2400.000
G1 Z2.000
G1 X170.250 Y112.000
G1 X170.250 Y121.750 E0.3232 
G1 X175.150 Y121.750 E0.4856 
G1 X175.150 Y136.750 E0.9828 
G1 X184.850 Y136.750 E1.3043 
G1 X184.850 Y121.750 E1.8014 
G1 X189.750 Y121.750 E1.9638 
G1 X189.750 Y112.000 E2.2870 
G92 E0.0000
; segment
G92 E0.0000
G1 F2400.000
G1 Z2.000
G1 X189.750 Y112.000
G1 X189.750 Y78.700 E1.1037 
G92 E0.0000
; segment
G92 E0.0000
G1 F2400.000
G1 Z2.000
G1 X189.750 Y78.700
G1 X189.750 Y75.000 E0.1226 
G92 E0.0000
; segment
G92 E0.0000
G1 F2400.000
G1 Z2.000
G1 X189.750 Y75.000
G1 X189.750 Y65.250 E0.3232 
G1 X184.750 Y65.250 E0.4889 
G92 E0.0000
; segment
G92 E0.0000
G1 F2400.000
G1 Z2.000
G1 X184.250 Y65.750
G1 X184.250 Y50.750 E0.4972 
G1 X175.750 Y50.750 E0.7789 
G1 X175.750 Y65.750 E1.2761 
G1 X170.750 Y65.750 E1.4418 
G1 X170.750 Y75.000 E1.7484 
G92 E0.0000
; segment
G92 E0.0000
G1 F2400.000
G1 Z2.000
G1 X170.750 Y75.000
G1 X170.750 Y108.300 E1.1037 
G92 E0.0000
; segment
G92 E0.0000
G1 F2400.000
G1 Z2.000
G1 X170.750 Y108.300
G1 X170.750 Y112.000 E0.1226 
G92 E0.0000
; segment
G92 E0.0000
G1 F2400.000
G1 Z2.000
G1 X170.750 Y112.000
G1 X170.750 Y121.250 E0.3066 
G1 X175.650 Y121.250 E0.4690 
G1 X175.650 Y136.250 E0.9662 
G1 X184.350 Y136.250 E1.2545 
G1 X184.350 Y121.250 E1.7517 
G1 X189.250 Y121.250 E1.9141 
G1 X189.250 Y112.000 E2.2207 
G92 E0.0000
; segment
G92 E0.0000
G1 F2400.000
G1 Z2.000
G1 X189.250 Y112.000
G1 X189.250 Y78.700 E1.1037 
G92 E0.0000
; segment
G92 E0.0000
G1 F2400.000
G1 Z2.000
G1 X189.250 Y78.700
G1 X189.250 Y75.000 E0.1226 
G92 E0.0000
; segment
G92 E0.0000
G1 F2400.000
G1 Z2.000
G1 X189.250 Y75.000
G1 X189.250 Y65.750 E0.3066 
G1 X184.250 Y65.750 E0.4723 
G92 E0.0000
; segment
G92 E0.0000
G1 F2400.000
G1 Z2.000
G1 X183.750 Y66.250
G1 X184.250 Y66.250 E0.0166 
G1 X184.250 Y75.000 E0.3066 
G92 E0.0000
; segment
G92 E0.0000
G1 F2400.000
G1 Z2.000
G1 X184.250 Y75.000
G1 X184.250 Y108.300 E1.1037 
G92 E0.0000
; segment
G92 E0.0000
G1 F2400.000
G1 Z2.000
G1 X184.250 Y108.300
G1 X184.250 Y112.000 E0.1226 
G92 E0.0000
; segment
G92 E0.0000
G1 F2400.000
G1 Z2.000
G1 X184.250 Y112.000
G1 X184.250 Y120.750 E0.2900 
G1 X184.750 Y120.750 E0.3066 
G1 X184.750 Y112.000 E0.5966 
G92 E0.0000
; segment
G92 E0.0000
G1 F2400.000
G1 Z2.000
G1 X184.750 Y112.000
G1 X184.750 Y78.700 E1.1037 
G92 E0.0000
; segment
G92 E0.0000
G1 F2400.000
G1 Z2.000
G1 X184.750 Y78.700
G1 X184.750 Y75.000 E0.1226 
G92 E0.0000
; segment
G92 E0.0000
G1 F2400.000
G1 Z2.000
G1 X184.750 Y75.000
G1 X184.750 Y66.250 E0.2900 
G1 X185.250 Y66.250 E0.3066 
G1 X185.250 Y75.000 E0.5966 
G92 E0.0000
; segment
G92 E0.0000
G1 F2400.000
G1 Z2.000
G1 X185.250 Y75.000
G1 X185.250 Y108.300 E1.1037 
G92 E0.0000
; segment
G92 E0.0000
G1 F2400.000
G1 Z2.000
G1 X185.250 Y108.300
G1 X185.250 Y112.000 E0.1226 
G92 E0.0000
; segment
G92 E0.0000
G1 F2400.000
G1 Z2.000
G1 X185.250 Y112.000
G1 X185.250 Y120.750 E0.2900 
G1 X185.750 Y120.750 E0.3066 
G1 X185.750 Y112.000 E0.5966 
G92 E0.0000
; segment
G92 E0.0000
G1 F2400.000
G1 Z2.000
G1 X185.750 Y112.000
G1 X185.750 Y78.700 E1.1037 
G92 E0.0000
; segment
G92 E0.0000
G1 F2400.000
G1 Z2.000
G1 X185.750 Y78.700
G1 X185.750 Y75.000 E0.1226 
G92 E0.0000
; segment
G92 E0.0000
G1 F2400.000
G1 Z2.000
G1 X185.750 Y75.000
G1 X185.750 Y66.250 E0.2900 
G1 X186.250 Y66.250 E0.3066 
G1 X186.250 Y75.000 E0.5966 
G92 E0.0000
; segment
G92 E0.0000
G1 F2400.000
G1 Z2.000
G1 X186.250 Y75.000
G1 X186.250 Y108.300 E1.1037 
G92 E0.0000
; segment
G92 E0.0000
G1 F2400.000
G1 Z2.000
G1 X186.250 Y108.300
G1 X186.250 Y112.000 E0.1226 
G92 E0.0000
; segment
G92 E0.0000
G1 F2400.000
G1 Z2.000
G1 X186.250 Y112.000
G1 X186.250 Y120.750 E0.2900 
G1 X186.750 Y120.750 E0.3066 
G1 X186.750 Y112.000 E0.5966 
G92 E0.0000
; segment
G92 E0.0000
G1 F2400.000
G1 Z2.000
G1 X186.750 Y112.000
G1 X186.750 Y78.700 E1.1037 
G92 E0.0000
; segment
G92 E0.0000
G1 F2400.000
G1 Z2.000
G1 X186.750 Y78.700
G1 X186.750 Y75.000 E0.1226 
G92 E0.0000
; segment
G92 E0.0000
G1 F2400.000
G1 Z2.000
G1 X186.750 Y75.000
G1 X186.750 Y66.250 E0.2900 
G1 X187.250 Y66.250 E0.3066 
G1 X187.250 Y75.000 E0.5966 
G92 E0.0000
; segment
G92 E0.0000
G1 F2400.000
G1 Z2.000
G1 X187.250 Y75.000
G1 X187.250 Y108.300 E1.1037 
G92 E0.0000
; segment
G92 E0.0000
G1 F2400.000
G1 Z2.000
G1 X187.250 Y108.300
G1 X187.250 Y112.000 E0.1226 
G92 E0.0000
; segment
G92 E0.0000
G1 F2400.000
G1 Z2.000
G1 X187.250 Y112.000
G1 X187.250 Y120.750 E0.2900 
G1 X187.750 Y120.750 E0.3066 
G1 X187.750 Y112.000 E0.5966 
G92 E0.0000
; segment
G92 E0.0000
G1 F2400.000
G1 Z2.000
G1 X187.750 Y112.000
G1 X187.750 Y78.700 E1.1037 
G92 E0.0000
; segment
G92 E0.0000
G1 F2400.000
G1 Z2.000
G1 X187.750 Y78.700
G1 X187.750 Y75.000 E0.1226 
G92 E0.0000
; segment
G92 E0.0000
G1 F2400.000
G1 Z2.000
G1 X187.750 Y75.000
G1 X187.750 Y66.250 E0.2900 
G1 X188.250 Y66.250 E0.3066 
G1 X188.250 Y75.000 E0.5966 
G92 E0.0000
; segment
G92 E0.0000
G1 F2400.000
G1 Z2.000
G1 X188.250 Y75.000
G1 X188.250 Y108.300 E1.1037 
G92 E0.0000
; segment
G92 E0.0000
G1 F2400.000
G1 Z2.000
G1 X188.250 Y108.300
G1 X188.250 Y112.000 E0.1226 
G92 E0.0000
; segment
G92 E0.0000
G1 F2400.000
G1 Z2.000
G1 X188.250 Y112.000
G1 X188.250 Y120.750 E0.2900 
G1 X188.750 Y120.750 E0.3066 
G1 X188.750 Y112.000 E0.5966 
G92 E0.0000
; segment
G92 E0.0000
G1 F2400.000
G1 Z2.000
G1 X188.750 Y112.000
G1 X188.750 Y78.700 E1.1037 
G92 E0.0000
; segment
G92 E0.0000
G1 F2400.000
G1 Z2.000
G1 X188.750 Y78.700
G1 X188.750 Y75.000 E0.1226 
G92 E0.0000
; segment
G92 E0.0000
G1 F2400.000
G1 Z2.000
G1 X188.750 Y75.000
G1 X188.750 Y66.250 E0.2900 
G92 E0.0000
; jumping
G92 E3.0000
G1 E0 F2400
G1 X183.750 Y51.250 F12000.000
G1 E3 F2400
G92 E0.0000
; segment
G92 E0.0000
G1 F2400.000
G1 Z2.000
G1 X183.750 Y51.250
G1 X183.750 Y75.000 E0.7872 
G92 E0.0000
; segment
G92 E0.0000
G1 F2400.000
G1 Z2.000
G1 X183.750 Y75.000
G1 X183.750 Y108.300 E1.1037 
G92 E0.0000
; segment
G92 E0.0000
G1 F2400.000
G1 Z2.000
G1 X183.750 Y108.300
G1 X183.750 Y112.000 E0.1226 
G92 E0.0000
; segment
G92 E0.0000
G1 F2400.000
G1 Z2.000
G1 X183.750 Y112.000
G1 X183.750 Y135.750 E0.7872 
G1 X183.250 Y135.750 E0.8038 
G1 X183.250 Y112.000 E1.5910 
G92 E0.0000
; segment
G92 E0.0000
G1 F2400.000
G1 Z2.000
G1 X183.250 Y112.000
G1 X183.250 Y78.700 E1.1037 
G92 E0.0000
; segment
G92 E0.0000
G1 F2400.000
G1 Z2.000
G1 X183.250 Y78.700
G1 X183.250 Y75.000 E0.1226 
G92 E0.0000
; segment
G92 E0.0000
G1 F2400.000
G1 Z2.000
G1 X183.250 Y75.000
G1 X183.250 Y51.250 E0.7872 
G1 X182.750 Y51.250 E0.8038 
G1 X182.750 Y75.000 E1.5910 
G92 E0.0000
; segment
G92 E0.0000
G1 F2400.000
G1 Z2.000
G1 X182.750 Y75.000
G1 X182.750 Y108.300 E1.1037 
G92 E0.0000
; segment
G92 E0.0000
G1 F2400.000
G1 Z2.000
G1 X182.750 Y108.300
G1 X182.750 Y112.000 E0.1226 
G92 E0.0000
; segment
G92 E0.0000
G1 F2400.000
G1 Z2.000
G1 X182.750 Y112.000
G1 X182.750 Y135.750 E0.7872 
G1 X182.250 Y135.750 E0.8038 
G1 X182.250 Y112.000 E1.5910 
G92 E0.0000
; segment
G92 E0.0000
G1 F2400.000
G1 Z2.000
G1 X182.250 Y112.000
G1 X182.250 Y78.700 E1.1037 
G92 E0.0000
; segment
G92 E0.0000
G1 F2400.000
G1 Z2.000
G1 X182.250 Y78.700
G1 X182.250 Y75.000 E0.1226 
G92 E0.0000
; segment
G92 E0.0000
G1 F2400.000
G1 Z2.000
G1 X182.250 Y75.000
G1 X182.250 Y51.250 E0.7872 
G1 X181.750 Y51.250 E0.8038 
G1 X181.750 Y75.000 E1.5910 
G92 E0.0000
; segment
G92 E0.0000
G1 F2400.000
G1 Z2.000
G1 X181.750 Y75.000
G1 X181.750 Y108.300 E1.1037 
G92 E0.0000
; segment
G92 E0.0000
G1 F2400.000
G1 Z2.000
G1 X181.750 Y108.300
G1 X181.750 Y112.000 E0.1226 
G92 E0.0000
; segment
G92 E0.0000
G1 F2400.000
G1 Z2.000
G1 X181.750 Y112.000
G1 X181.750 Y135.750 E0.7872 
G1 X181.250 Y135.750 E0.8038 
G1 X181.250 Y112.000 E1.5910 
G92 E0.0000
; segment
G92 E0.0000
G1 F2400.000
G1 Z2.000
G1 X181.250 Y112.000
G1 X181.250 Y78.700 E1.1037 
G92 E0.0000
; segment
G92 E0.0000
G1 F2400.000
G1 Z2.000
G1 X181.250 Y78.700
G1 X181.250 Y75.000 E0.1226 
G92 E0.0000
; segment
G92 E0.0000
G1 F2400.000
G1 Z2.000
G1 X181.250 Y75.000
G1 X181.250 Y51.250 E0.7872 
G1 X180.750 Y51.250 E0.8038 
G1 X180.750 Y75.000 E1.5910 
G92 E0.0000
; segment
G92 E0.0000
G1 F2400.000
G1 Z2.000
G1 X180.750 Y75.000
G1 X180.750 Y108.300 E1.1037 
G92 E0.0000
; segment
G92 E0.0000
G1 F2400.000
G1 Z2.000
G1 X180.750 Y108.300
G1 X180.750 Y112.000 E0.1226 
G92 E0.0000
; segment
G92 E0.0000
G1 F2400.000
G1 Z2.000
G1 X180.750 Y112.000
G1 X180.750 Y135.750 E0.7872 
G1 X180.250 Y135.750 E0.8038 
G1 X180.250 Y112.000 E1.5910 
G92 E0.0000
; segment
G92 E0.0000
G1 F2400.000
G1 Z2.000
G1 X180.250 Y112.000
G1 X180.250 Y78.700 E1.1037 
G92 E0.0000
; segment
G92 E0.0000
G1 F2400.000
G1 Z2.000
G1 X180.250 Y78.700
G1 X180.250 Y75.000 E0.1226 
G92 E0.0000
; segment
G92 E0.0000
G1 F2400.000
G1 Z2.000
G1 X180.250 Y75.000
G1 X180.250 Y51.250 E0.7872 
G1 X179.750 Y51.250 E0.8038 
G1 X179.750 Y75.000 E1.5910 
G92 E0.0000
; segment
G92 E0.0000
G1 F2400.000
G1 Z2.000
G1 X179.750 Y75.000
G1 X179.750 Y108.300 E1.1037 
G92 E0.0000
; segment
G92 E0.0000
G1 F2400.000
G1 Z2.000
G1 X179.750 Y108.300
G1 X179.750 Y112.000 E0.1226 
G92 E0.0000
; segment
G92 E0.0000
G1 F2400.000
G1 Z2.000
G1 X179.750 Y112.000
G1 X179.750 Y135.750 E0.7872 
G1 X179.250 Y135.750 E0.8038 
G1 X179.250 Y112.000 E1.5910 
G92 E0.0000
; segment
G92 E0.0000
G1 F2400.000
G1 Z2.000
G1 X179.250 Y112.000
G1 X179.250 Y78.700 E1.1037 
G92 E0.0000
; segment
G92 E0.0000
G1 F2400.000
G1 Z2.000
G1 X179.250 Y78.700
G1 X179.250 Y75.000 E0.1226 
G92 E0.0000
; segment
G92 E0.0000
G1 F2400.000
G1 Z2.000
G1 X179.250 Y75.000
G1 X179.250 Y51.250 E0.7872 
G1 X178.750 Y51.250 E0.8038 
G1 X178.750 Y75.000 E1.5910 
G92 E0.0000
; segment
G92 E0.0000
G1 F2400.000
G1 Z2.000
G1 X178.750 Y75.000
G1 X178.750 Y108.300 E1.1037 
G92 E0.0000
; segment
G92 E0.0000
G1 F2400.000
G1 Z2.000
G1 X178.750 Y108.300
G1 X178.750 Y112.000 E0.1226 
G92 E0.0000
; segment
G92 E0.0000
G1 F2400.000
G1 Z2.000
G1 X178.750 Y112.000
G1 X178.750 Y135.750 E0.7872 
G1 X178.250 Y135.750 E0.8038 
G1 X178.250 Y112.000 E1.5910 
G92 E0.0000
; segment
G92 E0.0000
G1 F2400.000
G1 Z2.000
G1 X178.250 Y112.000
G1 X178.250 Y78.700 E1.1037 
G92 E0.0000
; segment
G92 E0.0000
G1 F2400.000
G1 Z2.000
G1 X178.250 Y78.700
G1 X178.250 Y75.000 E0.1226 
G92 E0.0000
; segment
G92 E0.0000
G1 F2400.000
G1 Z2.000
G1 X178.250 Y75.000
G1 X178.250 Y51.250 E0.7872 
G1 X177.750 Y51.250 E0.8038 
G1 X177.750 Y75.000 E1.5910 
G92 E0.0000
; segment
G92 E0.0000
G1 F2400.000
G1 Z2.000
G1 X177.750 Y75.000
G1 X177.750 Y108.300 E1.1037 
G92 E0.0000
; segment
G92 E0.0000
G1 F2400.000
G1 Z2.000
G1 X177.750 Y108.300
G1 X177.750 Y112.000 E0.1226 
G92 E0.0000
; segment
G92 E0.0000
G1 F2400.000
G1 Z2.000
G1 X177.750 Y112.000
G1 X177.750 Y135.750 E0.7872 
G1 X177.250 Y135.750 E0.8038 
G1 X177.250 Y112.000 E1.5910 
G92 E0.0000
; segment
G92 E0.0000
G1 F2400.000
G1 Z2.000
G1 X177.250 Y112.000
G1 X177.250 Y78.700 E1.1037 
G92 E0.0000
; segment
G92 E0.0000
G1 F2400.000
G1 Z2.000
G1 X177.250 Y78.700
G1 X177.250 Y75.000 E0.1226 
G92 E0.0000
; segment
G92 E0.0000
G1 F2400.000
G1 Z2.000
G1 X177.250 Y75.000
G1 X177.250 Y51.250 E0.7872 
G1 X176.750 Y51.250 E0.8038 
G1 X176.750 Y75.000 E1.5910 
G92 E0.0000
; segment
G92 E0.0000
G1 F2400.000
G1 Z2.000
G1 X176.750 Y75.000
G1 X176.750 Y108.300 E1.1037 
G92 E0.0000
; segment
G92 E0.0000
G1 F2400.000
G1 Z2.000
G1 X176.750 Y108.300
G1 X176.750 Y112.000 E0.1226 
G92 E0.0000
; segment
G92 E0.0000
G1 F2400.000
G1 Z2.000
G1 X176.750 Y112.000
G1 X176.750 Y135.750 E0.7872 
G1 X176.250 Y135.750 E0.8038 
G1 X176.250 Y112.000 E1.5910 
G92 E0.0000
; segment
G92 E0.0000
G1 F2400.000
G1 Z2.000
G1 X176.250 Y112.000
G1 X176.250 Y78.700 E1.1037 
G92 E0.0000
; segment
G92 E0.0000
G1 F2400.000
G1 Z2.000
G1 X176.250 Y78.700
G1 X176.250 Y75.000 E0.1226 
G92 E0.0000
; segment
G92 E0.0000
G1 F2400.000
G1 Z2.000
G1 X176.250 Y75.000
G1 X176.250 Y66.250 E0.2900 
G1 X175.750 Y66.250 E0.3066 
G1 X175.750 Y75.000 E0.5966 
G92 E0.0000
; segment
G92 E0.0000
G1 F2400.000
G1 Z2.000
G1 X175.750 Y75.000
G1 X175.750 Y108.300 E1.1037 
G92 E0.0000
; segment
G92 E0.0000
G1 F2400.000
G1 Z2.000
G1 X175.750 Y108.300
G1 X175.750 Y112.000 E0.1226 
G92 E0.0000
; segment
G92 E0.0000
G1 F2400.000
G1 Z2.000
G1 X175.750 Y112.000
G1 X175.750 Y120.750 E0.2900 
G1 X175.250 Y120.750 E0.3066 
G1 X175.250 Y112.000 E0.5966 
G92 E0.0000
; segment
G92 E0.0000
G1 F2400.000
G1 Z2.000
G1 X175.250 Y112.000
G1 X175.250 Y78.700 E1.1037 
G92 E0.0000
; segment
G92 E0.0000
G1 F2400.000
G1 Z2.000
G1 X175.250 Y78.700
G1 X175.250 Y75.000 E0.1226 
G92 E0.0000
; segment
G92 E0.0000
G1 F2400.000
G1 Z2.000
G1 X175.250 Y75.000
G1 X175.250 Y66.250 E0.2900 
G1 X174.750 Y66.250 E0.3066 
G1 X174.750 Y75.000 E0.5966 
G92 E0.0000
; segment
G92 E0.0000
G1 F2400.000
G1 Z2.000
G1 X174.750 Y75.000
G1 X174.750 Y108.300 E1.1037 
G92 E0.0000
; segment
G92 E0.0000
G1 F2400.000
G1 Z2.000
G1 X174.750 Y108.300
G1 X174.750 Y112.000 E0.1226 
G92 E0.0000
; segment
G92 E0.0000
G1 F2400.000
G1 Z2.000
G1 X174.750 Y112.000
G1 X174.750 Y120.750 E0.2900 
G1 X174.250 Y120.750 E0.3066 
G1 X174.250 Y112.000 E0.5966 
G92 E0.0000
; segment
G92 E0.0000
G1 F2400.000
G1 Z2.000
G1 X174.250 Y112.000
G1 X174.250 Y78.700 E1.1037 
G92 E0.0000
; segment
G92 E0.0000
G1 F2400.000
G1 Z2.000
G1 X174.250 Y78.700
G1 X174.250 Y75.000 E0.1226 
G92 E0.0000
; segment
G92 E0.0000
G1 F2400.000
G1 Z2.000
G1 X174.250 Y75.000
G1 X174.250 Y66.250 E0.2900 
G1 X173.750 Y66.250 E0.3066 
G1 X173.750 Y75.000 E0.5966 
G92 E0.0000
; segment
G92 E0.0000
G1 F2400.000
G1 Z2.000
G1 X173.750 Y75.000
G1 X173.750 Y108.300 E1.1037 
G92 E0.0000
; segment
G92 E0.0000
G1 F2400.000
G1 Z2.000
G1 X173.750 Y108.300
G1 X173.750 Y112.000 E0.1226 
G92 E0.0000
; segment
G92 E0.0000
G1 F2400.000
G1 Z2.000
G1 X173.750 Y112.000
G1 X173.750 Y120.750 E0.2900 
G1 X173.250 Y120.750 E0.3066 
G1 X173.250 Y112.000 E0.5966 
G92 E0.0000
; segment
G92 E0.0000
G1 F2400.000
G1 Z2.000
G1 X173.250 Y112.000
G1 X173.250 Y78.700 E1.1037 
G92 E0.0000
; segment
G92 E0.0000
G1 F2400.000
G1 Z2.000
G1 X173.250 Y78.700
G1 X173.250 Y75.000 E0.1226 
G92 E0.0000
; segment
G92 E0.0000
G1 F2400.000
G1 Z2.000
G1 X173.250 Y75.000
G1 X173.250 Y66.250 E0.2900 
G1 X172.750 Y66.250 E0.3066 
G1 X172.750 Y75.000 E0.5966 
G92 E0.0000
; segment
G92 E0.0000
G1 F2400.000
G1 Z2.000
G1 X172.750 Y75.000
G1 X172.750 Y108.300 E1.1037 
G92 E0.0000
; segment
G92 E0.0000
G1 F2400.000
G1 Z2.000
G1 X172.750 Y108.300
G1 X172.750 Y112.000 E0.1226 
G92 E0.0000
; segment
G92 E0.0000
G1 F2400.000
G1 Z2.000
G1 X172.750 Y112.000
G1 X172.750 Y120.750 E0.2900 
G1 X172.250 Y120.750 E0.3066 
G1 X172.250 Y112.000 E0.5966 
G92 E0.0000
; segment
G92 E0.0000
G1 F2400.000
G1 Z2.000
G1 X172.250 Y112.000
G1 X172.250 Y78.700 E1.1037 
G92 E0.0000
; segment
G92 E0.0000
G1 F2400.000
G1 Z2.000
G1 X172.250 Y78.700
G1 X172.250 Y75.000 E0.1226 
G92 E0.0000
; segment
G92 E0.0000
G1 F2400.000
G1 Z2.000
G1 X172.250 Y75.000
G1 X172.250 Y66.250 E0.2900 
G1 X171.750 Y66.250 E0.3066 
G1 X171.750 Y75.000 E0.5966 
G92 E0.0000
; segment
G92 E0.0000
G1 F2400.000
G1 Z2.000
G1 X171.750 Y75.000
G1 X171.750 Y108.300 E1.1037 
G92 E0.0000
; segment
G92 E0.0000
G1 F2400.000
G1 Z2.000
G1 X171.750 Y108.300
G1 X171.750 Y112.000 E0.1226 
G92 E0.0000
; segment
G92 E0.0000
G1 F2400.000
G1 Z2.000
G1 X171.750 Y112.000
G1 X171.750 Y120.750 E0.2900 
G1 X171.250 Y120.750 E0.3066 
G1 X171.250 Y112.000 E0.5966 
G92 E0.0000
; segment
G92 E0.0000
G1 F2400.000
G1 Z2.000
G1 X171.250 Y112.000
G1 X171.250 Y78.700 E1.1037 
G92 E0.0000
; segment
G92 E0.0000
G1 F2400.000
G1 Z2.000
G1 X171.250 Y78.700
G1 X171.250 Y75.000 E0.1226 
G92 E0.0000
; segment
G92 E0.0000
G1 F2400.000
G1 Z2.000
G1 X171.250 Y75.000
G1 X171.250 Y66.250 E0.2900 
G92 E0.0000
; jumping
G92 E3.0000
G1 E0 F2400
G1 X170.250 Y65.250 F12000.000
G1 E3 F2400
G92 E0.0000
; segment
G92 E0.0000
G1 F2400.000
G1 Z2.200
G1 X170.250 Y65.250
G1 X170.250 Y75.000 E0.3232 
G92 E0.0000
; segment
G92 E0.0000
G1 F2400.000
G1 Z2.200
G1 X170.250 Y75.000
G1 X170.250 Y108.300 E1.1037 
G92 E0.0000
; segment
G92 E0.0000
G1 F2400.000
G1 Z2.200
G1 X170.250 Y108.300
G1 X170.250 Y112.000 E0.1226 
G92 E0.0000
; segment
G92 E0.0000
G1 F2400.000
G1 Z2.200
G1 X170.250 Y112.000
G1 X170.250 Y121.750 E0.3232 
G1 X175.150 Y121.750 E0.4856 
G1 X175.150 Y136.750 E0.9828 
G1 X184.850 Y136.750 E1.3043 
G1 X184.850 Y121.750 E1.8014 
G1 X189.750 Y121.750 E1.9638 
G1 X189.750 Y112.000 E2.2870 
G92 E0.0000
; segment
G92 E0.0000
G1 F2400.000
G1 Z2.200
G1 X189.750 Y112.000
G1 X189.750 Y78.700 E1.1037 
G92 E0.0000
; segment
G92 E0.0000
G1 F2400.000
G1 Z2.200
G1 X189.750 Y78.700
G1 X189.750 Y75.000 E0.1226 
G92 E0.0000
; segment
G92 E0.0000
G1 F2400.000
G1 Z2.200
G1 X189.750 Y75.000
G1 X189.750 Y65.250 E0.3232 
G1 X184.750 Y65.250 E0.4889 
G1 X184.750 Y50.250 E0.9861 
G1 X175.250 Y50.250 E1.3009 
G1 X175.250 Y65.250 E1.7981 
G1 X170.250 Y65.250 E1.9638 
G92 E0.0000
; segment
G92 E0.0000
G1 F2400.000
G1 Z2.200
G1 X170.750 Y65.750
G1 X170.750 Y75.000 E0.3066 
G92 E0.0000
; segment
G92 E0.0000
G1 F2400.000
G1 Z2.200
G1 X170.750 Y75.000
G1 X170.750 Y108.300 E1.1037 
G92 E0.0000
; segment
G92 E0.0000
G1 F2400.000
G1 Z2.200
G1 X170.750 Y108.300
G1 X170.750 Y112.000 E0.1226 
G92 E0.0000
; segment
G92 E0.0000
G1 F2400.000
G1 Z2.200
G1 X170.750 Y112.000
G1 X170.750 Y121.250 E0.3066 
G1 X175.650 Y121.250 E0.4690 
G1 X175.650 Y136.250 E0.9662 
G1 X184.350 Y136.250 E1.2545 
G1 X184.350 Y121.250 E1.7517 
G1 X189.250 Y121.250 E1.9141 
G1 X189.250 Y112.000 E2.2207 
G92 E0.0000
; segment
G92 E0.0000
G1 F2400.000
G1 Z2.200
G1 X189.250 Y112.000
G1 X189.250 Y78.700 E1.1037 
G92 E0.0000
; segment
G92 E0.0000
G1 F2400.000
G1 Z2.200
G1 X189.250 Y78.700
G1 X189.250 Y75.000 E0.1226 
G92 E0.0000
; segment
G92 E0.0000
G1 F2400.000
G1 Z2.200
G1 X189.250 Y75.000
G1 X189.250 Y65.750 E0.3066 
G1 X184.250 Y65.750 E0.4723 
G1 X184.250 Y50.750 E0.9695 
G1 X175.750 Y50.750 E1.2512 
G1 X175.750 Y65.750 E1.7484 
G1 X170.750 Y65.750 E1.9141 
G92 E0.0000
; segment
G92 E0.0000
G1 F2400.000
G1 Z2.200
G1 X171.250 Y66.250
G1 X171.250 Y75.000 E0.2900 
G92 E0.0000
; segment
G92 E0.0000
G1 F2400.000
G1 Z2.200
G1 X171.250 Y75.000
G1 X171.250 Y108.300 E1.1037 
G92 E0.0000
; segment
G92 E0.0000
G1 F2400.000
G1 Z2.200
G1 X171.250 Y108.300
G1 X171.250 Y112.000 E0.1226 
G92 E0.0000
; segment
G92 E0.0000
G1 F2400.000
G1 Z2.200
G1 X171.250 Y112.000
G1 X171.250 Y120.750 E0.2900 
G1 X171.750 Y120.750 E0.3066 
G1 X171.750 Y112.000 E0.5966 
G92 E0.0000
; segment
G92 E0.0000
G1 F2400.000
G1 Z2.200
G1 X171.750 Y112.000
G1 X171.750 Y78.700 E1.1037 
G92 E0.0000
; segment
G92 E0.0000
G1 F2400.000
G1 Z2.200
G1 X171.750 Y78.700
G1 X171.750 Y75.000 E0.1226 
G92 E0.0000
; segment
G92 E0.0000
G1 F2400.000
G1 Z2.200
G1 X171.750 Y75.000
G1 X171.750 Y66.250 E0.2900 
G1 X172.250 Y66.250 E0.3066 
G1 X172.250 Y75.000 E0.5966 
G92 E0.0000
; segment
G92 E0.0000
G1 F2400.000
G1 Z2.200
G1 X172.250 Y75.000
G1 X172.250 Y108.300 E1.1037 
G92 E0.0000
; segment
G92 E0.0000
G1 F2400.000
G1 Z2.200
G1 X172.250 Y108.300
G1 X172.250 Y112.000 E0.1226 
G92 E0.0000
; segment
G92 E0.0000
G1 F2400.000
G1 Z2.200
G1 X172.250 Y112.000
G1 X172.250 Y120.750 E0.2900 
G1 X172.750 Y120.750 E0.3066 
G1 X172.750 Y112.000 E0.5966 
G92 E0.0000
; segment
G92 E0.0000
G1 F2400.000
G1 Z2.200
G1 X172.750 Y112.000
G1 X172.750 Y78.700 E1.1037 
G92 E0.0000
; segment
G92 E0.0000
G1 F2400.000
G1 Z2.200
G1 X172.750 Y78.700
G1 X172.750 Y75.000 E0.1226 
G92 E0.0000
; segment
G92 E0.0000
G1 F2400.000
G1 Z2.200
G1 X172.750 Y75.000
G1 X172.750 Y66.250 E0.2900 
G1 X173.250 Y66.250 E0.3066 
G1 X173.250 Y75.000 E0.5966 
G92 E0.0000
; segment
G92 E0.0000
G1 F2400.000
G1 Z2.200
G1 X173.250 Y75.000
G1 X173.250 Y108.300 E1.1037 
G92 E0.0000
; segment
G92 E0.0000
G1 F2400.000
G1 Z2.200
G1 X173.250 Y108.300
G1 X173.250 Y112.000 E0.1226 
G92 E0.0000
; segment
G92 E0.0000
G1 F2400.000
G1 Z2.200
G1 X173.250 Y112.000
G1 X173.250 Y120.750 E0.2900 
G1 X173.750 Y120.750 E0.3066 
G1 X173.750 Y112.000 E0.5966 
G92 E0.0000
; segment
G92 E0.0000
G1 F2400.000
G1 Z2.200
G1 X173.750 Y112.000
G1 X173.750 Y78.700 E1.1037 
G92 E0.0000
; segment
G92 E0.0000
G1 F2400.000
G1 Z2.200
G1 X173.750 Y78.700
G1 X173.750 Y75.000 E0.1226 
G92 E0.0000
; segment
G92 E0.0000
G1 F2400.000
G1 Z2.200
G1 X173.750 Y75.000
G1 X173.750 Y66.250 E0.2900 
G1 X174.250 Y66.250 E0.3066 
G1 X174.250 Y75.000 E0.5966 
G92 E0.0000
; segment
G92 E0.0000
G1 F2400.000
G1 Z2.200
G1 X174.250 Y75.000
G1 X174.250 Y108.300 E1.1037 
G92 E0.0000
; segment
G92 E0.0000
G1 F2400.000
G1 Z2.200
G1 X174.250 Y108.300
G1 X174.250 Y112.000 E0.1226 
G92 E0.0000
; segment
G92 E0.0000
G1 F2400.000
G1 Z2.200
G1 X174.250 Y112.000
G1 X174.250 Y120.750 E0.2900 
G1 X174.750 Y120.750 E0.3066 
G1 X174.750 Y112.000 E0.5966 
G92 E0.0000
; segment
G92 E0.0000
G1 F2400.000
G1 Z2.200
G1 X174.750 Y112.000
G1 X174.750 Y78.700 E1.1037 
G92 E0.0000
; segment
G92 E0.0000
G1 F2400.000
G1 Z2.200
G1 X174.750 Y78.700
G1 X174.750 Y75.000 E0.1226 
G92 E0.0000
; segment
G92 E0.0000
G1 F2400.000
G1 Z2.200
G1 X174.750 Y75.000
G1 X174.750 Y66.250 E0.2900 
G1 X175.250 Y66.250 E0.3066 
G1 X175.250 Y75.000 E0.5966 
G92 E0.0000
; segment
G92 E0.0000
G1 F2400.000
G1 Z2.200
G1 X175.250 Y75.000
G1 X175.250 Y108.300 E1.1037 
G92 E0.0000
; segment
G92 E0.0000
G1 F2400.000
G1 Z2.200
G1 X175.250 Y108.300
G1 X175.250 Y112.000 E0.1226 
G92 E0.0000
; segment
G92 E0.0000
G1 F2400.000
G1 Z2.200
G1 X175.250 Y112.000
G1 X175.250 Y120.750 E0.2900 
G1 X175.750 Y120.750 E0.3066 
G1 X175.750 Y112.000 E0.5966 
G92 E0.0000
; segment
G92 E0.0000
G1 F2400.000
G1 Z2.200
G1 X175.750 Y112.000
G1 X175.750 Y78.700 E1.1037 
G92 E0.0000
; segment
G92 E0.0000
G1 F2400.000
G1 Z2.200
G1 X175.750 Y78.700
G1 X175.750 Y75.000 E0.1226 
G92 E0.0000
; segment
G92 E0.0000
G1 F2400.000
G1 Z2.200
G1 X175.750 Y75.000
G1 X175.750 Y66.250 E0.2900 
G1 X176.250 Y66.250 E0.3066 
G1 X176.250 Y75.000 E0.5966 
G92 E0.0000
; segment
G92 E0.0000
G1 F2400.000
G1 Z2.200
G1 X176.250 Y75.000
G1 X176.250 Y108.300 E1.1037 
G92 E0.0000
; segment
G92 E0.0000
G1 F2400.000
G1 Z2.200
G1 X176.250 Y108.300
G1 X176.250 Y112.000 E0.1226 
G92 E0.0000
; segment
G92 E0.0000
G1 F2400.000
G1 Z2.200
G1 X176.250 Y112.000
G1 X176.250 Y135.750 E0.7872 
G1 X176.750 Y135.750 E0.8038 
G1 X176.750 Y112.000 E1.5910 
G92 E0.0000
; segment
G92 E0.0000
G1 F2400.000
G1 Z2.200
G1 X176.750 Y112.000
G1 X176.750 Y78.700 E1.1037 
G92 E0.0000
; segment
G92 E0.0000
G1 F2400.000
G1 Z2.200
G1 X176.750 Y78.700
G1 X176.750 Y75.000 E0.1226 
G92 E0.0000
; segment
G92 E0.0000
G1 F2400.000
G1 Z2.200
G1 X176.750 Y75.000
G1 X176.750 Y51.250 E0.7872 
G1 X177.250 Y51.250 E0.8038 
G1 X177.250 Y75.000 E1.5910 
G92 E0.0000
; segment
G92 E0.0000
G1 F2400.000
G1 Z2.200
G1 X177.250 Y75.000
G1 X177.250 Y108.300 E1.1037 
G92 E0.0000
; segment
G92 E0.0000
G1 F2400.000
G1 Z2.200
G1 X177.250 Y108.300
G1 X177.250 Y112.000 E0.1226 
G92 E0.0000
; segment
G92 E0.0000
G1 F2400.000
G1 Z2.200
G1 X177.250 Y112.000
G1 X177.250 Y135.750 E0.7872 
G1 X177.750 Y135.750 E0.8038 
G1 X177.750 Y112.000 E1.5910 
G92 E0.0000
; segment
G92 E0.0000
G1 F2400.000
G1 Z2.200
G1 X177.750 Y112.000
G1 X177.750 Y78.700 E1.1037 
G92 E0.0000
; segment
G92 E0.0000
G1 F2400.000
G1 Z2.200
G1 X177.750 Y78.700
G1 X177.750 Y75.000 E0.1226 
G92 E0.0000
; segment
G92 E0.0000
G1 F2400.000
G1 Z2.200
G1 X177.750 Y75.000
G1 X177.750 Y51.250 E0.7872 
G1 X178.250 Y51.250 E0.8038 
G1 X178.250 Y75.000 E1.5910 
G92 E0.0000
; segment
G92 E0.0000
G1 F2400.000
G1 Z2.200
G1 X178.250 Y75.000
G1 X178.250 Y108.300 E1.1037 
G92 E0.0000
; segment
G92 E0.0000
G1 F2400.000
G1 Z2.200
G1 X178.250 Y108.300
G1 X178.250 Y112.000 E0.1226 
G92 E0.0000
; segment
G92 E0.0000
G1 F2400.000
G1 Z2.200
G1 X178.250 Y112.000
G1 X178.250 Y135.750 E0.7872 
G1 X178.750 Y135.750 E0.8038 
G1 X178.750 Y112.000 E1.5910 
G92 E0.0000
; segment
G92 E0.0000
G1 F2400.000
G1 Z2.200
G1 X178.750 Y112.000
G1 X178.750 Y78.700 E1.1037 
G92 E0.0000
; segment
G92 E0.0000
G1 F2400.000
G1 Z2.200
G1 X178.750 Y78.700
G1 X178.750 Y75.000 E0.1226 
G92 E0.0000
; segment
G92 E0.0000
G1 F2400.000
G1 Z2.200
G1 X178.750 Y75.000
G1 X178.750 Y51.250 E0.7872 
G1 X179.250 Y51.250 E0.8038 
G1 X179.250 Y75.000 E1.5910 
G92 E0.0000
; segment
G92 E0.0000
G1 F2400.000
G1 Z2.200
G1 X179.250 Y75.000
G1 X179.250 Y108.300 E1.1037 
G92 E0.0000
; segment
G92 E0.0000
G1 F2400.000
G1 Z2.200
G1 X179.250 Y108.300
G1 X179.250 Y112.000 E0.1226 
G92 E0.0000
; segment
G92 E0.0000
G1 F2400.000
G1 Z2.200
G1 X179.250 Y112.000
G1 X179.250 Y135.750 E0.7872 
G1 X179.750 Y135.750 E0.8038 
G1 X179.750 Y112.000 E1.5910 
G92 E0.0000
; segment
G92 E0.0000
G1 F2400.000
G1 Z2.200
G1 X179.750 Y112.000
G1 X179.750 Y78.700 E1.1037 
G92 E0.0000
; segment
G92 E0.0000
G1 F2400.000
G1 Z2.200
G1 X179.750 Y78.700
G1 X179.750 Y75.000 E0.1226 
G92 E0.0000
; segment
G92 E0.0000
G1 F2400.000
G1 Z2.200
G1 X179.750 Y75.000
G1 X179.750 Y51.250 E0.7872 
G1 X180.250 Y51.250 E0.8038 
G1 X180.250 Y75.000 E1.5910 
G92 E0.0000
; segment
G92 E0.0000
G1 F2400.000
G1 Z2.200
G1 X180.250 Y75.000
G1 X180.250 Y108.300 E1.1037 
G92 E0.0000
; segment
G92 E0.0000
G1 F2400.000
G1 Z2.200
G1 X180.250 Y108.300
G1 X180.250 Y112.000 E0.1226 
G92 E0.0000
; segment
G92 E0.0000
G1 F2400.000
G1 Z2.200
G1 X180.250 Y112.000
G1 X180.250 Y135.750 E0.7872 
G1 X180.750 Y135.750 E0.8038 
G1 X180.750 Y112.000 E1.5910 
G92 E0.0000
; segment
G92 E0.0000
G1 F2400.000
G1 Z2.200
G1 X180.750 Y112.000
G1 X180.750 Y78.700 E1.1037 
G92 E0.0000
; segment
G92 E0.0000
G1 F2400.000
G1 Z2.200
G1 X180.750 Y78.700
G1 X180.750 Y75.000 E0.1226 
G92 E0.0000
; segment
G92 E0.0000
G1 F2400.000
G1 Z2.200
G1 X180.750 Y75.000
G1 X180.750 Y51.250 E0.7872 
G1 X181.250 Y51.250 E0.8038 
G1 X181.250 Y75.000 E1.5910 
G92 E0.0000
; segment
G92 E0.0000
G1 F2400.000
G1 Z2.200
G1 X181.250 Y75.000
G1 X181.250 Y108.300 E1.1037 
G92 E0.0000
; segment
G92 E0.0000
G1 F2400.000
G1 Z2.200
G1 X181.250 Y108.300
G1 X181.250 Y112.000 E0.1226 
G92 E0.0000
; segment
G92 E0.0000
G1 F2400.000
G1 Z2.200
G1 X181.250 Y112.000
G1 X181.250 Y135.750 E0.7872 
G1 X181.750 Y135.750 E0.8038 
G1 X181.750 Y112.000 E1.5910 
G92 E0.0000
; segment
G92 E0.0000
G1 F2400.000
G1 Z2.200
G1 X181.750 Y112.000
G1 X181.750 Y78.700 E1.1037 
G92 E0.0000
; segment
G92 E0.0000
G1 F2400.000
G1 Z2.200
G1 X181.750 Y78.700
G1 X181.750 Y75.000 E0.1226 
G92 E0.0000
; segment
G92 E0.0000
G1 F2400.000
G1 Z2.200
G1 X181.750 Y75.000
G1 X181.750 Y51.250 E0.7872 
G1 X182.250 Y51.250 E0.8038 
G1 X182.250 Y75.000 E1.5910 
G92 E0.0000
; segment
G92 E0.0000
G1 F2400.000
G1 Z2.200
G1 X182.250 Y75.000
G1 X182.250 Y108.300 E1.1037 
G92 E0.0000
; segment
G92 E0.0000
G1 F2400.000
G1 Z2.200
G1 X182.250 Y108.300
G1 X182.250 Y112.000 E0.1226 
G92 E0.0000
; segment
G92 E0.0000
G1 F2400.000
G1 Z2.200
G1 X182.250 Y112.000
G1 X182.250 Y135.750 E0.7872 
G1 X182.750 Y135.750 E0.8038 
G1 X182.750 Y112.000 E1.5910 
G92 E0.0000
; segment
G92 E0.0000
G1 F2400.000
G1 Z2.200
G1 X182.750 Y112.000
G1 X182.750 Y78.700 E1.1037 
G92 E0.0000
; segment
G92 E0.0000
G1 F2400.000
G1 Z2.200
G1 X182.750 Y78.700
G1 X182.750 Y75.000 E0.1226 
G92 E0.0000
; segment
G92 E0.0000
G1 F2400.000
G1 Z2.200
G1 X182.750 Y75.000
G1 X182.750 Y51.250 E0.7872 
G1 X183.250 Y51.250 E0.8038 
G1 X183.250 Y75.000 E1.5910 
G92 E0.0000
; segment
G92 E0.0000
G1 F2400.000
G1 Z2.200
G1 X183.250 Y75.000
G1 X183.250 Y108.300 E1.1037 
G92 E0.0000
; segment
G92 E0.0000
G1 F2400.000
G1 Z2.200
G1 X183.250 Y108.300
G1 X183.250 Y112.000 E0.1226 
G92 E0.0000
; segment
G92 E0.0000
G1 F2400.000
G1 Z2.200
G1 X183.250 Y112.000
G1 X183.250 Y135.750 E0.7872 
G1 X183.750 Y135.750 E0.8038 
G1 X183.750 Y112.000 E1.5910 
G92 E0.0000
; segment
G92 E0.0000
G1 F2400.000
G1 Z2.200
G1 X183.750 Y112.000
G1 X183.750 Y78.700 E1.1037 
G92 E0.0000
; segment
G92 E0.0000
G1 F2400.000
G1 Z2.200
G1 X183.750 Y78.700
G1 X183.750 Y75.000 E0.1226 
G92 E0.0000
; segment
G92 E0.0000
G1 F2400.000
G1 Z2.200
G1 X183.750 Y75.000
G1 X183.750 Y51.250 E0.7872 
G92 E0.0000
; jumping
G92 E3.0000
G1 E0 F2400
G1 X188.750 Y66.250 F12000.000
G1 E3 F2400
G92 E0.0000
; segment
G92 E0.0000
G1 F2400.000
G1 Z2.200
G1 X188.750 Y66.250
G1 X188.750 Y75.000 E0.2900 
G92 E0.0000
; segment
G92 E0.0000
G1 F2400.000
G1 Z2.200
G1 X188.750 Y75.000
G1 X188.750 Y108.300 E1.1037 
G92 E0.0000
; segment
G92 E0.0000
G1 F2400.000
G1 Z2.200
G1 X188.750 Y108.300
G1 X188.750 Y112.000 E0.1226 
G92 E0.0000
; segment
G92 E0.0000
G1 F2400.000
G1 Z2.200
G1 X188.750 Y112.000
G1 X188.750 Y120.750 E0.2900 
G1 X188.250 Y120.750 E0.3066 
G1 X188.250 Y112.000 E0.5966 
G92 E0.0000
; segment
G92 E0.0000
G1 F2400.000
G1 Z2.200
G1 X188.250 Y112.000
G1 X188.250 Y78.700 E1.1037 
G92 E0.0000
; segment
G92 E0.0000
G1 F2400.000
G1 Z2.200
G1 X188.250 Y78.700
G1 X188.250 Y75.000 E0.1226 
G92 E0.0000
; segment
G92 E0.0000
G1 F2400.000
G1 Z2.200
G1 X188.250 Y75.000
G1 X188.250 Y66.250 E0.2900 
G1 X187.750 Y66.250 E0.3066 
G1 X187.750 Y75.000 E0.5966 
G92 E0.0000
; segment
G92 E0.0000
G1 F2400.000
G1 Z2.200
G1 X187.750 Y75.000
G1 X187.750 Y108.300 E1.1037 
G92 E0.0000
; segment
G92 E0.0000
G1 F2400.000
G1 Z2.200
G1 X187.750 Y108.300
G1 X187.750 Y112.000 E0.1226 
G92 E0.0000
; segment
G92 E0.0000
G1 F2400.000
G1 Z2.200
G1 X187.750 Y112.000
G1 X187.750 Y120.750 E0.2900 
G1 X187.250 Y120.750 E0.3066 
G1 X187.250 Y112.000 E0.5966 
G92 E0.0000
; segment
G92 E0.0000
G1 F2400.000
G1 Z2.200
G1 X187.250 Y112.000
G1 X187.250 Y78.700 E1.1037 
G92 E0.0000
; segment
G92 E0.0000
G1 F2400.000
G1 Z2.200
G1 X187.250 Y78.700
G1 X187.250 Y75.000 E0.1226 
G92 E0.0000
; segment
G92 E0.0000
G1 F2400.000
G1 Z2.200
G1 X187.250 Y75.000
G1 X187.250 Y66.250 E0.2900 
G1 X186.750 Y66.250 E0.3066 
G1 X186.750 Y75.000 E0.5966 
G92 E0.0000
; segment
G92 E0.0000
G1 F2400.000
G1 Z2.200
G1 X186.750 Y75.000
G1 X186.750 Y108.300 E1.1037 
G92 E0.0000
; segment
G92 E0.0000
G1 F2400.000
G1 Z2.200
G1 X186.750 Y108.300
G1 X186.750 Y112.000 E0.1226 
G92 E0.0000
; segment
G92 E0.0000
G1 F2400.000
G1 Z2.200
G1 X186.750 Y112.000
G1 X186.750 Y120.750 E0.2900 
G1 X186.250 Y120.750 E0.3066 
G1 X186.250 Y112.000 E0.5966 
G92 E0.0000
; segment
G92 E0.0000
G1 F2400.000
G1 Z2.200
G1 X186.250 Y112.000
G1 X186.250 Y78.700 E1.1037 
G92 E0.0000
; segment
G92 E0.0000
G1 F2400.000
G1 Z2.200
G1 X186.250 Y78.700
G1 X186.250 Y75.000 E0.1226 
G92 E0.0000
; segment
G92 E0.0000
G1 F2400.000
G1 Z2.200
G1 X186.250 Y75.000
G1 X186.250 Y66.250 E0.2900 
G1 X185.750 Y66.250 E0.3066 
G1 X185.750 Y75.000 E0.5966 
G92 E0.0000
; segment
G92 E0.0000
G1 F2400.000
G1 Z2.200
G1 X185.750 Y75.000
G1 X185.750 Y108.300 E1.1037 
G92 E0.0000
; segment
G92 E0.0000
G1 F2400.000
G1 Z2.200
G1 X185.750 Y108.300
G1 X185.750 Y112.000 E0.1226 
G92 E0.0000
; segment
G92 E0.0000
G1 F2400.000
G1 Z2.200
G1 X185.750 Y112.000
G1 X185.750 Y120.750 E0.2900 
G1 X185.250 Y120.750 E0.3066 
G1 X185.250 Y112.000 E0.5966 
G92 E0.0000
; segment
G92 E0.0000
G1 F2400.000
G1 Z2.200
G1 X185.250 Y112.000
G1 X185.250 Y78.700 E1.1037 
G92 E0.0000
; segment
G92 E0.0000
G1 F2400.000
G1 Z2.200
G1 X185.250 Y78.700
G1 X185.250 Y75.000 E0.1226 
G92 E0.0000
; segment
G92 E0.0000
G1 F2400.000
G1 Z2.200
G1 X185.250 Y75.000
G1 X185.250 Y66.250 E0.2900 
G1 X184.750 Y66.250 E0.3066 
G1 X184.750 Y75.000 E0.5966 
G92 E0.0000
; segment
G92 E0.0000
G1 F2400.000
G1 Z2.200
G1 X184.750 Y75.000
G1 X184.750 Y108.300 E1.1037 
G92 E0.0000
; segment
G92 E0.0000
G1 F2400.000
G1 Z2.200
G1 X184.750 Y108.300
G1 X184.750 Y112.000 E0.1226 
G92 E0.0000
; segment
G92 E0.0000
G1 F2400.000
G1 Z2.200
G1 X184.750 Y112.000
G1 X184.750 Y120.750 E0.2900 
G1 X184.250 Y120.750 E0.3066 
G1 X184.250 Y112.000 E0.5966 
G92 E0.0000
; segment
G92 E0.0000
G1 F2400.000
G1 Z2.200
G1 X184.250 Y112.000
G1 X184.250 Y78.700 E1.1037 
G92 E0.0000
; segment
G92 E0.0000
G1 F2400.000
G1 Z2.200
G1 X184.250 Y78.700
G1 X184.250 Y75.000 E0.1226 
G92 E0.0000
; segment
G92 E0.0000
G1 F2400.000
G1 Z2.200
G1 X184.250 Y75.000
G1 X184.250 Y66.250 E0.2900 
G1 X183.750 Y66.250 E0.3066 
G92 E0.0000
; jumping
G92 E3.0000
G1 E0 F2400
G1 X184.750 Y65.250 F12000.000
G1 E3 F2400
G92 E0.0000
; segment
G92 E0.0000
G1 F2400.000
G1 Z2.400
G1 X184.750 Y65.250
G1 X184.750 Y50.250 E0.4972 
G1 X175.250 Y50.250 E0.8121 
G1 X175.250 Y65.250 E1.3092 
G1 X170.250 Y65.250 E1.4750 
G1 X170.250 Y75.000 E1.7981 
G92 E0.0000
; segment
G92 E0.0000
G1 F2400.000
G1 Z2.400
G1 X170.250 Y75.000
G1 X170.250 Y108.300 E1.1037 
G92 E0.0000
; segment
G92 E0.0000
G1 F2400.000
G1 Z2.400
G1 X170.250 Y108.300
G1 X170.250 Y112.000 E0.1226 
G92 E0.0000
; segment
G92 E0.0000
G1 F2400.000
G1 Z2.400
G1 X170.250 Y112.000
G1 X170.250 Y121.750 E0.3232 
G1 X175.150 Y121.750 E0.4856 
G1 X175.150 Y136.750 E0.9828 
G1 X184.850 Y136.750 E1.3043 
G1 X184.850 Y121.750 E1.8014 
G1 X189.750 Y121.750 E1.9638 
G1 X189.750 Y112.000 E2.2870 
G92 E0.0000
; segment
G92 E0.0000
G1 F2400.000
G1 Z2.400
G1 X189.750 Y112.000
G1 X189.750 Y78.700 E1.1037 
G92 E0.0000
; segment
G92 E0.0000
G1 F2400.000
G1 Z2.400
G1 X189.750 Y78.700
G1 X189.750 Y75.000 E0.1226 
G92 E0.0000
; segment
G92 E0.0000
G1 F2400.000
G1 Z2.400
G1 X189.750 Y75.000
G1 X189.750 Y65.250 E0.3232 
G1 X184.750 Y65.250 E0.4889 
G92 E0.0000
; segment
G92 E0.0000
G1 F2400.000
G1 Z2.400
G1 X184.250 Y65.750
G1 X184.250 Y50.750 E0.4972 
G1 X175.750 Y50.750 E0.7789 
G1 X175.750 Y65.750 E1.2761 
G1 X170.750 Y65.750 E1.4418 
G1 X170.750 Y75.000 E1.7484 
G92 E0.0000
; segment
G92 E0.0000
G1 F2400.000
G1 Z2.400
G1 X170.750 Y75.000
G1 X170.750 Y108.300 E1.1037 
G92 E0.0000
; segment
G92 E0.0000
G1 F2400.000
G1 Z2.400
G1 X170.750 Y108.300
G1 X170.750 Y112.000 E0.1226 
G92 E0.0000
; segment
G92 E0.0000
G1 F2400.000
G1 Z2.400
G1 X170.750 Y112.000
G1 X170.750 Y121.250 E0.3066 
G1 X175.650 Y121.250 E0.4690 
G1 X175.650 Y136.250 E0.9662 
G1 X184.350 Y136.250 E1.2545 
G1 X184.350 Y121.250 E1.7517 
G1 X189.250 Y121.250 E1.9141 
G1 X189.250 Y112.000 E2.2207 
G92 E0.0000
; segment
G92 E0.0000
G1 F2400.000
G1 Z2.400
G1 X189.250 Y112.000
G1 X189.250 Y78.700 E1.1037 
G92 E0.0000
; segment
G92 E0.0000
G1 F2400.000
G1 Z2.400
G1 X189.250 Y78.700
G1 X189.250 Y75.000 E0.1226 
G92 E0.0000
; segment
G92 E0.0000
G1 F2400.000
G1 Z2.400
G1 X189.250 Y75.000
G1 X189.250 Y65.750 E0.3066 
G1 X184.250 Y65.750 E0.4723 
G92 E0.0000
; segment
G92 E0.0000
G1 F2400.000
G1 Z2.400
G1 X183.750 Y66.250
G1 X184.250 Y66.250 E0.0166 
G1 X184.250 Y75.000 E0.3066 
G92 E0.0000
; segment
G92 E0.0000
G1 F2400.000
G1 Z2.400
G1 X184.250 Y75.000
G1 X184.250 Y108.300 E1.1037 
G92 E0.0000
; segment
G92 E0.0000
G1 F2400.000
G1 Z2.400
G1 X184.250 Y108.300
G1 X184.250 Y112.000 E0.1226 
G92 E0.0000
; segment
G92 E0.0000
G1 F2400.000
G1 Z2.400
G1 X184.250 Y112.000
G1 X184.250 Y120.750 E0.2900 
G1 X184.750 Y120.750 E0.3066 
G1 X184.750 Y112.000 E0.5966 
G92 E0.0000
; segment
G92 E0.0000
G1 F2400.000
G1 Z2.400
G1 X184.750 Y112.000
G1 X184.750 Y78.700 E1.1037 
G92 E0.0000
; segment
G92 E0.0000
G1 F2400.000
G1 Z2.400
G1 X184.750 Y78.700
G1 X184.750 Y75.000 E0.1226 
G92 E0.0000
; segment
G92 E0.0000
G1 F2400.000
G1 Z2.400
G1 X184.750 Y75.000
G1 X184.750 Y66.250 E0.2900 
G1 X185.250 Y66.250 E0.3066 
G1 X185.250 Y75.000 E0.5966 
G92 E0.0000
; segment
G92 E0.0000
G1 F2400.000
G1 Z2.400
G1 X185.250 Y75.000
G1 X185.250 Y108.300 E1.1037 
G92 E0.0000
; segment
G92 E0.0000
G1 F2400.000
G1 Z2.400
G1 X185.250 Y108.300
G1 X185.250 Y112.000 E0.1226 
G92 E0.0000
; segment
G92 E0.0000
G1 F2400.000
G1 Z2.400
G1 X185.250 Y112.000
G1 X185.250 Y120.750 E0.2900 
G1 X185.750 Y120.750 E0.3066 
G1 X185.750 Y112.000 E0.5966 
G92 E0.0000
; segment
G92 E0.0000
G1 F2400.000
G1 Z2.400
G1 X185.750 Y112.000
G1 X185.750 Y78.700 E1.1037 
G92 E0.0000
; segment
G92 E0.0000
G1 F2400.000
G1 Z2.400
G1 X185.750 Y78.700
G1 X185.750 Y75.000 E0.1226 
G92 E0.0000
; segment
G92 E0.0000
G1 F2400.000
G1 Z2.400
G1 X185.750 Y75.000
G1 X185.750 Y66.250 E0.2900 
G1 X186.250 Y66.250 E0.3066 
G1 X186.250 Y75.000 E0.5966 
G92 E0.0000
; segment
G92 E0.0000
G1 F2400.000
G1 Z2.400
G1 X186.250 Y75.000
G1 X186.250 Y108.300 E1.1037 
G92 E0.0000
; segment
G92 E0.0000
G1 F2400.000
G1 Z2.400
G1 X186.250 Y108.300
G1 X186.250 Y112.000 E0.1226 
G92 E0.0000
; segment
G92 E0.0000
G1 F2400.000
G1 Z2.400
G1 X186.250 Y112.000
G1 X186.250 Y120.750 E0.2900 
G1 X186.750 Y120.750 E0.3066 
G1 X186.750 Y112.000 E0.5966 
G92 E0.0000
; segment
G92 E0.0000
G1 F2400.000
G1 Z2.400
G1 X186.750 Y112.000
G1 X186.750 Y78.700 E1.1037 
G92 E0.0000
; segment
G92 E0.0000
G1 F2400.000
G1 Z2.400
G1 X186.750 Y78.700
G1 X186.750 Y75.000 E0.1226 
G92 E0.0000
; segment
G92 E0.0000
G1 F2400.000
G1 Z2.400
G1 X186.750 Y75.000
G1 X186.750 Y66.250 E0.2900 
G1 X187.250 Y66.250 E0.3066 
G1 X187.250 Y75.000 E0.5966 
G92 E0.0000
; segment
G92 E0.0000
G1 F2400.000
G1 Z2.400
G1 X187.250 Y75.000
G1 X187.250 Y108.300 E1.1037 
G92 E0.0000
; segment
G92 E0.0000
G1 F2400.000
G1 Z2.400
G1 X187.250 Y108.300
G1 X187.250 Y112.000 E0.1226 
G92 E0.0000
; segment
G92 E0.0000
G1 F2400.000
G1 Z2.400
G1 X187.250 Y112.000
G1 X187.250 Y120.750 E0.2900 
G1 X187.750 Y120.750 E0.3066 
G1 X187.750 Y112.000 E0.5966 
G92 E0.0000
; segment
G92 E0.0000
G1 F2400.000
G1 Z2.400
G1 X187.750 Y112.000
G1 X187.750 Y78.700 E1.1037 
G92 E0.0000
; segment
G92 E0.0000
G1 F2400.000
G1 Z2.400
G1 X187.750 Y78.700
G1 X187.750 Y75.000 E0.1226 
G92 E0.0000
; segment
G92 E0.0000
G1 F2400.000
G1 Z2.400
G1 X187.750 Y75.000
G1 X187.750 Y66.250 E0.2900 
G1 X188.250 Y66.250 E0.3066 
G1 X188.250 Y75.000 E0.5966 
G92 E0.0000
; segment
G92 E0.0000
G1 F2400.000
G1 Z2.400
G1 X188.250 Y75.000
G1 X188.250 Y108.300 E1.1037 
G92 E0.0000
; segment
G92 E0.0000
G1 F2400.000
G1 Z2.400
G1 X188.250 Y108.300
G1 X188.250 Y112.000 E0.1226 
G92 E0.0000
; segment
G92 E0.0000
G1 F2400.000
G1 Z2.400
G1 X188.250 Y112.000
G1 X188.250 Y120.750 E0.2900 
G1 X188.750 Y120.750 E0.3066 
G1 X188.750 Y112.000 E0.5966 
G92 E0.0000
; segment
G92 E0.0000
G1 F2400.000
G1 Z2.400
G1 X188.750 Y112.000
G1 X188.750 Y78.700 E1.1037 
G92 E0.0000
; segment
G92 E0.0000
G1 F2400.000
G1 Z2.400
G1 X188.750 Y78.700
G1 X188.750 Y75.000 E0.1226 
G92 E0.0000
; segment
G92 E0.0000
G1 F2400.000
G1 Z2.400
G1 X188.750 Y75.000
G1 X188.750 Y66.250 E0.2900 
G92 E0.0000
; jumping
G92 E3.0000
G1 E0 F2400
G1 X183.750 Y51.250 F12000.000
G1 E3 F2400
G92 E0.0000
; segment
G92 E0.0000
G1 F2400.000
G1 Z2.400
G1 X183.750 Y51.250
G1 X183.750 Y75.000 E0.7872 
G92 E0.0000
; segment
G92 E0.0000
G1 F2400.000
G1 Z2.400
G1 X183.750 Y75.000
G1 X183.750 Y108.300 E1.1037 
G92 E0.0000
; segment
G92 E0.0000
G1 F2400.000
G1 Z2.400
G1 X183.750 Y108.300
G1 X183.750 Y112.000 E0.1226 
G92 E0.0000
; segment
G92 E0.0000
G1 F2400.000
G1 Z2.400
G1 X183.750 Y112.000
G1 X183.750 Y135.750 E0.7872 
G1 X183.250 Y135.750 E0.8038 
G1 X183.250 Y112.000 E1.5910 
G92 E0.0000
; segment
G92 E0.0000
G1 F2400.000
G1 Z2.400
G1 X183.250 Y112.000
G1 X183.250 Y78.700 E1.1037 
G92 E0.0000
; segment
G92 E0.0000
G1 F2400.000
G1 Z2.400
G1 X183.250 Y78.700
G1 X183.250 Y75.000 E0.1226 
G92 E0.0000
; segment
G92 E0.0000
G1 F2400.000
G1 Z2.400
G1 X183.250 Y75.000
G1 X183.250 Y51.250 E0.7872 
G1 X182.750 Y51.250 E0.8038 
G1 X182.750 Y75.000 E1.5910 
G92 E0.0000
; segment
G92 E0.0000
G1 F2400.000
G1 Z2.400
G1 X182.750 Y75.000
G1 X182.750 Y108.300 E1.1037 
G92 E0.0000
; segment
G92 E0.0000
G1 F2400.000
G1 Z2.400
G1 X182.750 Y108.300
G1 X182.750 Y112.000 E0.1226 
G92 E0.0000
; segment
G92 E0.0000
G1 F2400.000
G1 Z2.400
G1 X182.750 Y112.000
G1 X182.750 Y135.750 E0.7872 
G1 X182.250 Y135.750 E0.8038 
G1 X182.250 Y112.000 E1.5910 
G92 E0.0000
; segment
G92 E0.0000
G1 F2400.000
G1 Z2.400
G1 X182.250 Y112.000
G1 X182.250 Y78.700 E1.1037 
G92 E0.0000
; segment
G92 E0.0000
G1 F2400.000
G1 Z2.400
G1 X182.250 Y78.700
G1 X182.250 Y75.000 E0.1226 
G92 E0.0000
; segment
G92 E0.0000
G1 F2400.000
G1 Z2.400
G1 X182.250 Y75.000
G1 X182.250 Y51.250 E0.7872 
G1 X181.750 Y51.250 E0.8038 
G1 X181.750 Y75.000 E1.5910 
G92 E0.0000
; segment
G92 E0.0000
G1 F2400.000
G1 Z2.400
G1 X181.750 Y75.000
G1 X181.750 Y108.300 E1.1037 
G92 E0.0000
; segment
G92 E0.0000
G1 F2400.000
G1 Z2.400
G1 X181.750 Y108.300
G1 X181.750 Y112.000 E0.1226 
G92 E0.0000
; segment
G92 E0.0000
G1 F2400.000
G1 Z2.400
G1 X181.750 Y112.000
G1 X181.750 Y135.750 E0.7872 
G1 X181.250 Y135.750 E0.8038 
G1 X181.250 Y112.000 E1.5910 
G92 E0.0000
; segment
G92 E0.0000
G1 F2400.000
G1 Z2.400
G1 X181.250 Y112.000
G1 X181.250 Y78.700 E1.1037 
G92 E0.0000
; segment
G92 E0.0000
G1 F2400.000
G1 Z2.400
G1 X181.250 Y78.700
G1 X181.250 Y75.000 E0.1226 
G92 E0.0000
; segment
G92 E0.0000
G1 F2400.000
G1 Z2.400
G1 X181.250 Y75.000
G1 X181.250 Y51.250 E0.7872 
G1 X180.750 Y51.250 E0.8038 
G1 X180.750 Y75.000 E1.5910 
G92 E0.0000
; segment
G92 E0.0000
G1 F2400.000
G1 Z2.400
G1 X180.750 Y75.000
G1 X180.750 Y108.300 E1.1037 
G92 E0.0000
; segment
G92 E0.0000
G1 F2400.000
G1 Z2.400
G1 X180.750 Y108.300
G1 X180.750 Y112.000 E0.1226 
G92 E0.0000
; segment
G92 E0.0000
G1 F2400.000
G1 Z2.400
G1 X180.750 Y112.000
G1 X180.750 Y135.750 E0.7872 
G1 X180.250 Y135.750 E0.8038 
G1 X180.250 Y112.000 E1.5910 
G92 E0.0000
; segment
G92 E0.0000
G1 F2400.000
G1 Z2.400
G1 X180.250 Y112.000
G1 X180.250 Y78.700 E1.1037 
G92 E0.0000
; segment
G92 E0.0000
G1 F2400.000
G1 Z2.400
G1 X180.250 Y78.700
G1 X180.250 Y75.000 E0.1226 
G92 E0.0000
; segment
G92 E0.0000
G1 F2400.000
G1 Z2.400
G1 X180.250 Y75.000
G1 X180.250 Y51.250 E0.7872 
G1 X179.750 Y51.250 E0.8038 
G1 X179.750 Y75.000 E1.5910 
G92 E0.0000
; segment
G92 E0.0000
G1 F2400.000
G1 Z2.400
G1 X179.750 Y75.000
G1 X179.750 Y108.300 E1.1037 
G92 E0.0000
; segment
G92 E0.0000
G1 F2400.000
G1 Z2.400
G1 X179.750 Y108.300
G1 X179.750 Y112.000 E0.1226 
G92 E0.0000
; segment
G92 E0.0000
G1 F2400.000
G1 Z2.400
G1 X179.750 Y112.000
G1 X179.750 Y135.750 E0.7872 
G1 X179.250 Y135.750 E0.8038 
G1 X179.250 Y112.000 E1.5910 
G92 E0.0000
; segment
G92 E0.0000
G1 F2400.000
G1 Z2.400
G1 X179.250 Y112.000
G1 X179.250 Y78.700 E1.1037 
G92 E0.0000
; segment
G92 E0.0000
G1 F2400.000
G1 Z2.400
G1 X179.250 Y78.700
G1 X179.250 Y75.000 E0.1226 
G92 E0.0000
; segment
G92 E0.0000
G1 F2400.000
G1 Z2.400
G1 X179.250 Y75.000
G1 X179.250 Y51.250 E0.7872 
G1 X178.750 Y51.250 E0.8038 
G1 X178.750 Y75.000 E1.5910 
G92 E0.0000
; segment
G92 E0.0000
G1 F2400.000
G1 Z2.400
G1 X178.750 Y75.000
G1 X178.750 Y108.300 E1.1037 
G92 E0.0000
; segment
G92 E0.0000
G1 F2400.000
G1 Z2.400
G1 X178.750 Y108.300
G1 X178.750 Y112.000 E0.1226 
G92 E0.0000
; segment
G92 E0.0000
G1 F2400.000
G1 Z2.400
G1 X178.750 Y112.000
G1 X178.750 Y135.750 E0.7872 
G1 X178.250 Y135.750 E0.8038 
G1 X178.250 Y112.000 E1.5910 
G92 E0.0000
; segment
G92 E0.0000
G1 F2400.000
G1 Z2.400
G1 X178.250 Y112.000
G1 X178.250 Y78.700 E1.1037 
G92 E0.0000
; segment
G92 E0.0000
G1 F2400.000
G1 Z2.400
G1 X178.250 Y78.700
G1 X178.250 Y75.000 E0.1226 
G92 E0.0000
; segment
G92 E0.0000
G1 F2400.000
G1 Z2.400
G1 X178.250 Y75.000
G1 X178.250 Y51.250 E0.7872 
G1 X177.750 Y51.250 E0.8038 
G1 X177.750 Y75.000 E1.5910 
G92 E0.0000
; segment
G92 E0.0000
G1 F2400.000
G1 Z2.400
G1 X177.750 Y75.000
G1 X177.750 Y108.300 E1.1037 
G92 E0.0000
; segment
G92 E0.0000
G1 F2400.000
G1 Z2.400
G1 X177.750 Y108.300
G1 X177.750 Y112.000 E0.1226 
G92 E0.0000
; segment
G92 E0.0000
G1 F2400.000
G1 Z2.400
G1 X177.750 Y112.000
G1 X177.750 Y135.750 E0.7872 
G1 X177.250 Y135.750 E0.8038 
G1 X177.250 Y112.000 E1.5910 
G92 E0.0000
; segment
G92 E0.0000
G1 F2400.000
G1 Z2.400
G1 X177.250 Y112.000
G1 X177.250 Y78.700 E1.1037 
G92 E0.0000
; segment
G92 E0.0000
G1 F2400.000
G1 Z2.400
G1 X177.250 Y78.700
G1 X177.250 Y75.000 E0.1226 
G92 E0.0000
; segment
G92 E0.0000
G1 F2400.000
G1 Z2.400
G1 X177.250 Y75.000
G1 X177.250 Y51.250 E0.7872 
G1 X176.750 Y51.250 E0.8038 
G1 X176.750 Y75.000 E1.5910 
G92 E0.0000
; segment
G92 E0.0000
G1 F2400.000
G1 Z2.400
G1 X176.750 Y75.000
G1 X176.750 Y108.300 E1.1037 
G92 E0.0000
; segment
G92 E0.0000
G1 F2400.000
G1 Z2.400
G1 X176.750 Y108.300
G1 X176.750 Y112.000 E0.1226 
G92 E0.0000
; segment
G92 E0.0000
G1 F2400.000
G1 Z2.400
G1 X176.750 Y112.000
G1 X176.750 Y135.750 E0.7872 
G1 X176.250 Y135.750 E0.8038 
G1 X176.250 Y112.000 E1.5910 
G92 E0.0000
; segment
G92 E0.0000
G1 F2400.000
G1 Z2.400
G1 X176.250 Y112.000
G1 X176.250 Y78.700 E1.1037 
G92 E0.0000
; segment
G92 E0.0000
G1 F2400.000
G1 Z2.400
G1 X176.250 Y78.700
G1 X176.250 Y75.000 E0.1226 
G92 E0.0000
; segment
G92 E0.0000
G1 F2400.000
G1 Z2.400
G1 X176.250 Y75.000
G1 X176.250 Y66.250 E0.2900 
G1 X175.750 Y66.250 E0.3066 
G1 X175.750 Y75.000 E0.5966 
G92 E0.0000
; segment
G92 E0.0000
G1 F2400.000
G1 Z2.400
G1 X175.750 Y75.000
G1 X175.750 Y108.300 E1.1037 
G92 E0.0000
; segment
G92 E0.0000
G1 F2400.000
G1 Z2.400
G1 X175.750 Y108.300
G1 X175.750 Y112.000 E0.1226 
G92 E0.0000
; segment
G92 E0.0000
G1 F2400.000
G1 Z2.400
G1 X175.750 Y112.000
G1 X175.750 Y120.750 E0.2900 
G1 X175.250 Y120.750 E0.3066 
G1 X175.250 Y112.000 E0.5966 
G92 E0.0000
; segment
G92 E0.0000
G1 F2400.000
G1 Z2.400
G1 X175.250 Y112.000
G1 X175.250 Y78.700 E1.1037 
G92 E0.0000
; segment
G92 E0.0000
G1 F2400.000
G1 Z2.400
G1 X175.250 Y78.700
G1 X175.250 Y75.000 E0.1226 
G92 E0.0000
; segment
G92 E0.0000
G1 F2400.000
G1 Z2.400
G1 X175.250 Y75.000
G1 X175.250 Y66.250 E0.2900 
G1 X174.750 Y66.250 E0.3066 
G1 X174.750 Y75.000 E0.5966 
G92 E0.0000
; segment
G92 E0.0000
G1 F2400.000
G1 Z2.400
G1 X174.750 Y75.000
G1 X174.750 Y108.300 E1.1037 
G92 E0.0000
; segment
G92 E0.0000
G1 F2400.000
G1 Z2.400
G1 X174.750 Y108.300
G1 X174.750 Y112.000 E0.1226 
G92 E0.0000
; segment
G92 E0.0000
G1 F2400.000
G1 Z2.400
G1 X174.750 Y112.000
G1 X174.750 Y120.750 E0.2900 
G1 X174.250 Y120.750 E0.3066 
G1 X174.250 Y112.000 E0.5966 
G92 E0.0000
; segment
G92 E0.0000
G1 F2400.000
G1 Z2.400
G1 X174.250 Y112.000
G1 X174.250 Y78.700 E1.1037 
G92 E0.0000
; segment
G92 E0.0000
G1 F2400.000
G1 Z2.400
G1 X174.250 Y78.700
G1 X174.250 Y75.000 E0.1226 
G92 E0.0000
; segment
G92 E0.0000
G1 F2400.000
G1 Z2.400
G1 X174.250 Y75.000
G1 X174.250 Y66.250 E0.2900 
G1 X173.750 Y66.250 E0.3066 
G1 X173.750 Y75.000 E0.5966 
G92 E0.0000
; segment
G92 E0.0000
G1 F2400.000
G1 Z2.400
G1 X173.750 Y75.000
G1 X173.750 Y108.300 E1.1037 
G92 E0.0000
; segment
G92 E0.0000
G1 F2400.000
G1 Z2.400
G1 X173.750 Y108.300
G1 X173.750 Y112.000 E0.1226 
G92 E0.0000
; segment
G92 E0.0000
G1 F2400.000
G1 Z2.400
G1 X173.750 Y112.000
G1 X173.750 Y120.750 E0.2900 
G1 X173.250 Y120.750 E0.3066 
G1 X173.250 Y112.000 E0.5966 
G92 E0.0000
; segment
G92 E0.0000
G1 F2400.000
G1 Z2.400
G1 X173.250 Y112.000
G1 X173.250 Y78.700 E1.1037 
G92 E0.0000
; segment
G92 E0.0000
G1 F2400.000
G1 Z2.400
G1 X173.250 Y78.700
G1 X173.250 Y75.000 E0.1226 
G92 E0.0000
; segment
G92 E0.0000
G1 F2400.000
G1 Z2.400
G1 X173.250 Y75.000
G1 X173.250 Y66.250 E0.2900 
G1 X172.750 Y66.250 E0.3066 
G1 X172.750 Y75.000 E0.5966 
G92 E0.0000
; segment
G92 E0.0000
G1 F2400.000
G1 Z2.400
G1 X172.750 Y75.000
G1 X172.750 Y108.300 E1.1037 
G92 E0.0000
; segment
G92 E0.0000
G1 F2400.000
G1 Z2.400
G1 X172.750 Y108.300
G1 X172.750 Y112.000 E0.1226 
G92 E0.0000
; segment
G92 E0.0000
G1 F2400.000
G1 Z2.400
G1 X172.750 Y112.000
G1 X172.750 Y120.750 E0.2900 
G1 X172.250 Y120.750 E0.3066 
G1 X172.250 Y112.000 E0.5966 
G92 E0.0000
; segment
G92 E0.0000
G1 F2400.000
G1 Z2.400
G1 X172.250 Y112.000
G1 X172.250 Y78.700 E1.1037 
G92 E0.0000
; segment
G92 E0.0000
G1 F2400.000
G1 Z2.400
G1 X172.250 Y78.700
G1 X172.250 Y75.000 E0.1226 
G92 E0.0000
; segment
G92 E0.0000
G1 F2400.000
G1 Z2.400
G1 X172.250 Y75.000
G1 X172.250 Y66.250 E0.2900 
G1 X171.750 Y66.250 E0.3066 
G1 X171.750 Y75.000 E0.5966 
G92 E0.0000
; segment
G92 E0.0000
G1 F2400.000
G1 Z2.400
G1 X171.750 Y75.000
G1 X171.750 Y108.300 E1.1037 
G92 E0.0000
; segment
G92 E0.0000
G1 F2400.000
G1 Z2.400
G1 X171.750 Y108.300
G1 X171.750 Y112.000 E0.1226 
G92 E0.0000
; segment
G92 E0.0000
G1 F2400.000
G1 Z2.400
G1 X171.750 Y112.000
G1 X171.750 Y120.750 E0.2900 
G1 X171.250 Y120.750 E0.3066 
G1 X171.250 Y112.000 E0.5966 
G92 E0.0000
; segment
G92 E0.0000
G1 F2400.000
G1 Z2.400
G1 X171.250 Y112.000
G1 X171.250 Y78.700 E1.1037 
G92 E0.0000
; segment
G92 E0.0000
G1 F2400.000
G1 Z2.400
G1 X171.250 Y78.700
G1 X171.250 Y75.000 E0.1226 
G92 E0.0000
; segment
G92 E0.0000
G1 F2400.000
G1 Z2.400
G1 X171.250 Y75.000
G1 X171.250 Y66.250 E0.2900 
G92 E0.0000
; jumping
G92 E3.0000
G1 E0 F2400
G1 X170.250 Y65.250 F12000.000
G1 E3 F2400
G92 E0.0000
; segment
G92 E0.0000
G1 F2400.000
G1 Z2.600
G1 X170.250 Y65.250
G1 X170.250 Y75.000 E0.3232 
G92 E0.0000
; segment
G92 E0.0000
G1 F2400.000
G1 Z2.600
G1 X170.250 Y75.000
G1 X170.250 Y108.300 E1.1037 
G92 E0.0000
; segment
G92 E0.0000
G1 F2400.000
G1 Z2.600
G1 X170.250 Y108.300
G1 X170.250 Y112.000 E0.1226 
G92 E0.0000
; segment
G92 E0.0000
G1 F2400.000
G1 Z2.600
G1 X170.250 Y112.000
G1 X170.250 Y121.750 E0.3232 
G1 X175.150 Y121.750 E0.4856 
G1 X175.150 Y136.750 E0.9828 
G1 X184.850 Y136.750 E1.3043 
G1 X184.850 Y121.750 E1.8014 
G1 X189.750 Y121.750 E1.9638 
G1 X189.750 Y112.000 E2.2870 
G92 E0.0000
; segment
G92 E0.0000
G1 F2400.000
G1 Z2.600
G1 X189.750 Y112.000
G1 X189.750 Y78.700 E1.1037 
G92 E0.0000
; segment
G92 E0.0000
G1 F2400.000
G1 Z2.600
G1 X189.750 Y78.700
G1 X189.750 Y75.000 E0.1226 
G92 E0.0000
; segment
G92 E0.0000
G1 F2400.000
G1 Z2.600
G1 X189.750 Y75.000
G1 X189.750 Y65.250 E0.3232 
G1 X184.750 Y65.250 E0.4889 
G1 X184.750 Y50.250 E0.9861 
G1 X175.250 Y50.250 E1.3009 
G1 X175.250 Y65.250 E1.7981 
G1 X170.250 Y65.250 E1.9638 
G92 E0.0000
; segment
G92 E0.0000
G1 F2400.000
G1 Z2.600
G1 X170.750 Y65.750
G1 X170.750 Y75.000 E0.3066 
G92 E0.0000
; segment
G92 E0.0000
G1 F2400.000
G1 Z2.600
G1 X170.750 Y75.000
G1 X170.750 Y108.300 E1.1037 
G92 E0.0000
; segment
G92 E0.0000
G1 F2400.000
G1 Z2.600
G1 X170.750 Y108.300
G1 X170.750 Y112.000 E0.1226 
G92 E0.0000
; segment
G92 E0.0000
G1 F2400.000
G1 Z2.600
G1 X170.750 Y112.000
G1 X170.750 Y121.250 E0.3066 
G1 X175.650 Y121.250 E0.4690 
G1 X175.650 Y136.250 E0.9662 
G1 X184.350 Y136.250 E1.2545 
G1 X184.350 Y121.250 E1.7517 
G1 X189.250 Y121.250 E1.9141 
G1 X189.250 Y112.000 E2.2207 
G92 E0.0000
; segment
G92 E0.0000
G1 F2400.000
G1 Z2.600
G1 X189.250 Y112.000
G1 X189.250 Y78.700 E1.1037 
G92 E0.0000
; segment
G92 E0.0000
G1 F2400.000
G1 Z2.600
G1 X189.250 Y78.700
G1 X189.250 Y75.000 E0.1226 
G92 E0.0000
; segment
G92 E0.0000
G1 F2400.000
G1 Z2.600
G1 X189.250 Y75.000
G1 X189.250 Y65.750 E0.3066 
G1 X184.250 Y65.750 E0.4723 
G1 X184.250 Y50.750 E0.9695 
G1 X175.750 Y50.750 E1.2512 
G1 X175.750 Y65.750 E1.7484 
G1 X170.750 Y65.750 E1.9141 
G92 E0.0000
; segment
G92 E0.0000
G1 F2400.000
G1 Z2.600
G1 X171.250 Y66.250
G1 X171.250 Y75.000 E0.2900 
G92 E0.0000
; segment
G92 E0.0000
G1 F2400.000
G1 Z2.600
G1 X171.250 Y75.000
G1 X171.250 Y108.300 E1.1037 
G92 E0.0000
; segment
G92 E0.0000
G1 F2400.000
G1 Z2.600
G1 X171.250 Y108.300
G1 X171.250 Y112.000 E0.1226 
G92 E0.0000
; segment
G92 E0.0000
G1 F2400.000
G1 Z2.600
G1 X171.250 Y112.000
G1 X171.250 Y120.750 E0.2900 
G1 X171.750 Y120.750 E0.3066 
G1 X171.750 Y112.000 E0.5966 
G92 E0.0000
; segment
G92 E0.0000
G1 F2400.000
G1 Z2.600
G1 X171.750 Y112.000
G1 X171.750 Y78.700 E1.1037 
G92 E0.0000
; segment
G92 E0.0000
G1 F2400.000
G1 Z2.600
G1 X171.750 Y78.700
G1 X171.750 Y75.000 E0.1226 
G92 E0.0000
; segment
G92 E0.0000
G1 F2400.000
G1 Z2.600
G1 X171.750 Y75.000
G1 X171.750 Y66.250 E0.2900 
G1 X172.250 Y66.250 E0.3066 
G1 X172.250 Y75.000 E0.5966 
G92 E0.0000
; segment
G92 E0.0000
G1 F2400.000
G1 Z2.600
G1 X172.250 Y75.000
G1 X172.250 Y108.300 E1.1037 
G92 E0.0000
; segment
G92 E0.0000
G1 F2400.000
G1 Z2.600
G1 X172.250 Y108.300
G1 X172.250 Y112.000 E0.1226 
G92 E0.0000
; segment
G92 E0.0000
G1 F2400.000
G1 Z2.600
G1 X172.250 Y112.000
G1 X172.250 Y120.750 E0.2900 
G1 X172.750 Y120.750 E0.3066 
G1 X172.750 Y112.000 E0.5966 
G92 E0.0000
; segment
G92 E0.0000
G1 F2400.000
G1 Z2.600
G1 X172.750 Y112.000
G1 X172.750 Y78.700 E1.1037 
G92 E0.0000
; segment
G92 E0.0000
G1 F2400.000
G1 Z2.600
G1 X172.750 Y78.700
G1 X172.750 Y75.000 E0.1226 
G92 E0.0000
; segment
G92 E0.0000
G1 F2400.000
G1 Z2.600
G1 X172.750 Y75.000
G1 X172.750 Y66.250 E0.2900 
G1 X173.250 Y66.250 E0.3066 
G1 X173.250 Y75.000 E0.5966 
G92 E0.0000
; segment
G92 E0.0000
G1 F2400.000
G1 Z2.600
G1 X173.250 Y75.000
G1 X173.250 Y108.300 E1.1037 
G92 E0.0000
; segment
G92 E0.0000
G1 F2400.000
G1 Z2.600
G1 X173.250 Y108.300
G1 X173.250 Y112.000 E0.1226 
G92 E0.0000
; segment
G92 E0.0000
G1 F2400.000
G1 Z2.600
G1 X173.250 Y112.000
G1 X173.250 Y120.750 E0.2900 
G1 X173.750 Y120.750 E0.3066 
G1 X173.750 Y112.000 E0.5966 
G92 E0.0000
; segment
G92 E0.0000
G1 F2400.000
G1 Z2.600
G1 X173.750 Y112.000
G1 X173.750 Y78.700 E1.1037 
G92 E0.0000
; segment
G92 E0.0000
G1 F2400.000
G1 Z2.600
G1 X173.750 Y78.700
G1 X173.750 Y75.000 E0.1226 
G92 E0.0000
; segment
G92 E0.0000
G1 F2400.000
G1 Z2.600
G1 X173.750 Y75.000
G1 X173.750 Y66.250 E0.2900 
G1 X174.250 Y66.250 E0.3066 
G1 X174.250 Y75.000 E0.5966 
G92 E0.0000
; segment
G92 E0.0000
G1 F2400.000
G1 Z2.600
G1 X174.250 Y75.000
G1 X174.250 Y108.300 E1.1037 
G92 E0.0000
; segment
G92 E0.0000
G1 F2400.000
G1 Z2.600
G1 X174.250 Y108.300
G1 X174.250 Y112.000 E0.1226 
G92 E0.0000
; segment
G92 E0.0000
G1 F2400.000
G1 Z2.600
G1 X174.250 Y112.000
G1 X174.250 Y120.750 E0.2900 
G1 X174.750 Y120.750 E0.3066 
G1 X174.750 Y112.000 E0.5966 
G92 E0.0000
; segment
G92 E0.0000
G1 F2400.000
G1 Z2.600
G1 X174.750 Y112.000
G1 X174.750 Y78.700 E1.1037 
G92 E0.0000
; segment
G92 E0.0000
G1 F2400.000
G1 Z2.600
G1 X174.750 Y78.700
G1 X174.750 Y75.000 E0.1226 
G92 E0.0000
; segment
G92 E0.0000
G1 F2400.000
G1 Z2.600
G1 X174.750 Y75.000
G1 X174.750 Y66.250 E0.2900 
G1 X175.250 Y66.250 E0.3066 
G1 X175.250 Y75.000 E0.5966 
G92 E0.0000
; segment
G92 E0.0000
G1 F2400.000
G1 Z2.600
G1 X175.250 Y75.000
G1 X175.250 Y108.300 E1.1037 
G92 E0.0000
; segment
G92 E0.0000
G1 F2400.000
G1 Z2.600
G1 X175.250 Y108.300
G1 X175.250 Y112.000 E0.1226 
G92 E0.0000
; segment
G92 E0.0000
G1 F2400.000
G1 Z2.600
G1 X175.250 Y112.000
G1 X175.250 Y120.750 E0.2900 
G1 X175.750 Y120.750 E0.3066 
G1 X175.750 Y112.000 E0.5966 
G92 E0.0000
; segment
G92 E0.0000
G1 F2400.000
G1 Z2.600
G1 X175.750 Y112.000
G1 X175.750 Y78.700 E1.1037 
G92 E0.0000
; segment
G92 E0.0000
G1 F2400.000
G1 Z2.600
G1 X175.750 Y78.700
G1 X175.750 Y75.000 E0.1226 
G92 E0.0000
; segment
G92 E0.0000
G1 F2400.000
G1 Z2.600
G1 X175.750 Y75.000
G1 X175.750 Y66.250 E0.2900 
G1 X176.250 Y66.250 E0.3066 
G1 X176.250 Y75.000 E0.5966 
G92 E0.0000
; segment
G92 E0.0000
G1 F2400.000
G1 Z2.600
G1 X176.250 Y75.000
G1 X176.250 Y108.300 E1.1037 
G92 E0.0000
; segment
G92 E0.0000
G1 F2400.000
G1 Z2.600
G1 X176.250 Y108.300
G1 X176.250 Y112.000 E0.1226 
G92 E0.0000
; segment
G92 E0.0000
G1 F2400.000
G1 Z2.600
G1 X176.250 Y112.000
G1 X176.250 Y135.750 E0.7872 
G1 X176.750 Y135.750 E0.8038 
G1 X176.750 Y112.000 E1.5910 
G92 E0.0000
; segment
G92 E0.0000
G1 F2400.000
G1 Z2.600
G1 X176.750 Y112.000
G1 X176.750 Y78.700 E1.1037 
G92 E0.0000
; segment
G92 E0.0000
G1 F2400.000
G1 Z2.600
G1 X176.750 Y78.700
G1 X176.750 Y75.000 E0.1226 
G92 E0.0000
; segment
G92 E0.0000
G1 F2400.000
G1 Z2.600
G1 X176.750 Y75.000
G1 X176.750 Y51.250 E0.7872 
G1 X177.250 Y51.250 E0.8038 
G1 X177.250 Y75.000 E1.5910 
G92 E0.0000
; segment
G92 E0.0000
G1 F2400.000
G1 Z2.600
G1 X177.250 Y75.000
G1 X177.250 Y108.300 E1.1037 
G92 E0.0000
; segment
G92 E0.0000
G1 F2400.000
G1 Z2.600
G1 X177.250 Y108.300
G1 X177.250 Y112.000 E0.1226 
G92 E0.0000
; segment
G92 E0.0000
G1 F2400.000
G1 Z2.600
G1 X177.250 Y112.000
G1 X177.250 Y135.750 E0.7872 
G1 X177.750 Y135.750 E0.8038 
G1 X177.750 Y112.000 E1.5910 
G92 E0.0000
; segment
G92 E0.0000
G1 F2400.000
G1 Z2.600
G1 X177.750 Y112.000
G1 X177.750 Y78.700 E1.1037 
G92 E0.0000
; segment
G92 E0.0000
G1 F2400.000
G1 Z2.600
G1 X177.750 Y78.700
G1 X177.750 Y75.000 E0.1226 
G92 E0.0000
; segment
G92 E0.0000
G1 F2400.000
G1 Z2.600
G1 X177.750 Y75.000
G1 X177.750 Y51.250 E0.7872 
G1 X178.250 Y51.250 E0.8038 
G1 X178.250 Y75.000 E1.5910 
G92 E0.0000
; segment
G92 E0.0000
G1 F2400.000
G1 Z2.600
G1 X178.250 Y75.000
G1 X178.250 Y108.300 E1.1037 
G92 E0.0000
; segment
G92 E0.0000
G1 F2400.000
G1 Z2.600
G1 X178.250 Y108.300
G1 X178.250 Y112.000 E0.1226 
G92 E0.0000
; segment
G92 E0.0000
G1 F2400.000
G1 Z2.600
G1 X178.250 Y112.000
G1 X178.250 Y135.750 E0.7872 
G1 X178.750 Y135.750 E0.8038 
G1 X178.750 Y112.000 E1.5910 
G92 E0.0000
; segment
G92 E0.0000
G1 F2400.000
G1 Z2.600
G1 X178.750 Y112.000
G1 X178.750 Y78.700 E1.1037 
G92 E0.0000
; segment
G92 E0.0000
G1 F2400.000
G1 Z2.600
G1 X178.750 Y78.700
G1 X178.750 Y75.000 E0.1226 
G92 E0.0000
; segment
G92 E0.0000
G1 F2400.000
G1 Z2.600
G1 X178.750 Y75.000
G1 X178.750 Y51.250 E0.7872 
G1 X179.250 Y51.250 E0.8038 
G1 X179.250 Y75.000 E1.5910 
G92 E0.0000
; segment
G92 E0.0000
G1 F2400.000
G1 Z2.600
G1 X179.250 Y75.000
G1 X179.250 Y108.300 E1.1037 
G92 E0.0000
; segment
G92 E0.0000
G1 F2400.000
G1 Z2.600
G1 X179.250 Y108.300
G1 X179.250 Y112.000 E0.1226 
G92 E0.0000
; segment
G92 E0.0000
G1 F2400.000
G1 Z2.600
G1 X179.250 Y112.000
G1 X179.250 Y135.750 E0.7872 
G1 X179.750 Y135.750 E0.8038 
G1 X179.750 Y112.000 E1.5910 
G92 E0.0000
; segment
G92 E0.0000
G1 F2400.000
G1 Z2.600
G1 X179.750 Y112.000
G1 X179.750 Y78.700 E1.1037 
G92 E0.0000
; segment
G92 E0.0000
G1 F2400.000
G1 Z2.600
G1 X179.750 Y78.700
G1 X179.750 Y75.000 E0.1226 
G92 E0.0000
; segment
G92 E0.0000
G1 F2400.000
G1 Z2.600
G1 X179.750 Y75.000
G1 X179.750 Y51.250 E0.7872 
G1 X180.250 Y51.250 E0.8038 
G1 X180.250 Y75.000 E1.5910 
G92 E0.0000
; segment
G92 E0.0000
G1 F2400.000
G1 Z2.600
G1 X180.250 Y75.000
G1 X180.250 Y108.300 E1.1037 
G92 E0.0000
; segment
G92 E0.0000
G1 F2400.000
G1 Z2.600
G1 X180.250 Y108.300
G1 X180.250 Y112.000 E0.1226 
G92 E0.0000
; segment
G92 E0.0000
G1 F2400.000
G1 Z2.600
G1 X180.250 Y112.000
G1 X180.250 Y135.750 E0.7872 
G1 X180.750 Y135.750 E0.8038 
G1 X180.750 Y112.000 E1.5910 
G92 E0.0000
; segment
G92 E0.0000
G1 F2400.000
G1 Z2.600
G1 X180.750 Y112.000
G1 X180.750 Y78.700 E1.1037 
G92 E0.0000
; segment
G92 E0.0000
G1 F2400.000
G1 Z2.600
G1 X180.750 Y78.700
G1 X180.750 Y75.000 E0.1226 
G92 E0.0000
; segment
G92 E0.0000
G1 F2400.000
G1 Z2.600
G1 X180.750 Y75.000
G1 X180.750 Y51.250 E0.7872 
G1 X181.250 Y51.250 E0.8038 
G1 X181.250 Y75.000 E1.5910 
G92 E0.0000
; segment
G92 E0.0000
G1 F2400.000
G1 Z2.600
G1 X181.250 Y75.000
G1 X181.250 Y108.300 E1.1037 
G92 E0.0000
; segment
G92 E0.0000
G1 F2400.000
G1 Z2.600
G1 X181.250 Y108.300
G1 X181.250 Y112.000 E0.1226 
G92 E0.0000
; segment
G92 E0.0000
G1 F2400.000
G1 Z2.600
G1 X181.250 Y112.000
G1 X181.250 Y135.750 E0.7872 
G1 X181.750 Y135.750 E0.8038 
G1 X181.750 Y112.000 E1.5910 
G92 E0.0000
; segment
G92 E0.0000
G1 F2400.000
G1 Z2.600
G1 X181.750 Y112.000
G1 X181.750 Y78.700 E1.1037 
G92 E0.0000
; segment
G92 E0.0000
G1 F2400.000
G1 Z2.600
G1 X181.750 Y78.700
G1 X181.750 Y75.000 E0.1226 
G92 E0.0000
; segment
G92 E0.0000
G1 F2400.000
G1 Z2.600
G1 X181.750 Y75.000
G1 X181.750 Y51.250 E0.7872 
G1 X182.250 Y51.250 E0.8038 
G1 X182.250 Y75.000 E1.5910 
G92 E0.0000
; segment
G92 E0.0000
G1 F2400.000
G1 Z2.600
G1 X182.250 Y75.000
G1 X182.250 Y108.300 E1.1037 
G92 E0.0000
; segment
G92 E0.0000
G1 F2400.000
G1 Z2.600
G1 X182.250 Y108.300
G1 X182.250 Y112.000 E0.1226 
G92 E0.0000
; segment
G92 E0.0000
G1 F2400.000
G1 Z2.600
G1 X182.250 Y112.000
G1 X182.250 Y135.750 E0.7872 
G1 X182.750 Y135.750 E0.8038 
G1 X182.750 Y112.000 E1.5910 
G92 E0.0000
; segment
G92 E0.0000
G1 F2400.000
G1 Z2.600
G1 X182.750 Y112.000
G1 X182.750 Y78.700 E1.1037 
G92 E0.0000
; segment
G92 E0.0000
G1 F2400.000
G1 Z2.600
G1 X182.750 Y78.700
G1 X182.750 Y75.000 E0.1226 
G92 E0.0000
; segment
G92 E0.0000
G1 F2400.000
G1 Z2.600
G1 X182.750 Y75.000
G1 X182.750 Y51.250 E0.7872 
G1 X183.250 Y51.250 E0.8038 
G1 X183.250 Y75.000 E1.5910 
G92 E0.0000
; segment
G92 E0.0000
G1 F2400.000
G1 Z2.600
G1 X183.250 Y75.000
G1 X183.250 Y108.300 E1.1037 
G92 E0.0000
; segment
G92 E0.0000
G1 F2400.000
G1 Z2.600
G1 X183.250 Y108.300
G1 X183.250 Y112.000 E0.1226 
G92 E0.0000
; segment
G92 E0.0000
G1 F2400.000
G1 Z2.600
G1 X183.250 Y112.000
G1 X183.250 Y135.750 E0.7872 
G1 X183.750 Y135.750 E0.8038 
G1 X183.750 Y112.000 E1.5910 
G92 E0.0000
; segment
G92 E0.0000
G1 F2400.000
G1 Z2.600
G1 X183.750 Y112.000
G1 X183.750 Y78.700 E1.1037 
G92 E0.0000
; segment
G92 E0.0000
G1 F2400.000
G1 Z2.600
G1 X183.750 Y78.700
G1 X183.750 Y75.000 E0.1226 
G92 E0.0000
; segment
G92 E0.0000
G1 F2400.000
G1 Z2.600
G1 X183.750 Y75.000
G1 X183.750 Y51.250 E0.7872 
G92 E0.0000
; jumping
G92 E3.0000
G1 E0 F2400
G1 X188.750 Y66.250 F12000.000
G1 E3 F2400
G92 E0.0000
; segment
G92 E0.0000
G1 F2400.000
G1 Z2.600
G1 X188.750 Y66.250
G1 X188.750 Y75.000 E0.2900 
G92 E0.0000
; segment
G92 E0.0000
G1 F2400.000
G1 Z2.600
G1 X188.750 Y75.000
G1 X188.750 Y108.300 E1.1037 
G92 E0.0000
; segment
G92 E0.0000
G1 F2400.000
G1 Z2.600
G1 X188.750 Y108.300
G1 X188.750 Y112.000 E0.1226 
G92 E0.0000
; segment
G92 E0.0000
G1 F2400.000
G1 Z2.600
G1 X188.750 Y112.000
G1 X188.750 Y120.750 E0.2900 
G1 X188.250 Y120.750 E0.3066 
G1 X188.250 Y112.000 E0.5966 
G92 E0.0000
; segment
G92 E0.0000
G1 F2400.000
G1 Z2.600
G1 X188.250 Y112.000
G1 X188.250 Y78.700 E1.1037 
G92 E0.0000
; segment
G92 E0.0000
G1 F2400.000
G1 Z2.600
G1 X188.250 Y78.700
G1 X188.250 Y75.000 E0.1226 
G92 E0.0000
; segment
G92 E0.0000
G1 F2400.000
G1 Z2.600
G1 X188.250 Y75.000
G1 X188.250 Y66.250 E0.2900 
G1 X187.750 Y66.250 E0.3066 
G1 X187.750 Y75.000 E0.5966 
G92 E0.0000
; segment
G92 E0.0000
G1 F2400.000
G1 Z2.600
G1 X187.750 Y75.000
G1 X187.750 Y108.300 E1.1037 
G92 E0.0000
; segment
G92 E0.0000
G1 F2400.000
G1 Z2.600
G1 X187.750 Y108.300
G1 X187.750 Y112.000 E0.1226 
G92 E0.0000
; segment
G92 E0.0000
G1 F2400.000
G1 Z2.600
G1 X187.750 Y112.000
G1 X187.750 Y120.750 E0.2900 
G1 X187.250 Y120.750 E0.3066 
G1 X187.250 Y112.000 E0.5966 
G92 E0.0000
; segment
G92 E0.0000
G1 F2400.000
G1 Z2.600
G1 X187.250 Y112.000
G1 X187.250 Y78.700 E1.1037 
G92 E0.0000
; segment
G92 E0.0000
G1 F2400.000
G1 Z2.600
G1 X187.250 Y78.700
G1 X187.250 Y75.000 E0.1226 
G92 E0.0000
; segment
G92 E0.0000
G1 F2400.000
G1 Z2.600
G1 X187.250 Y75.000
G1 X187.250 Y66.250 E0.2900 
G1 X186.750 Y66.250 E0.3066 
G1 X186.750 Y75.000 E0.5966 
G92 E0.0000
; segment
G92 E0.0000
G1 F2400.000
G1 Z2.600
G1 X186.750 Y75.000
G1 X186.750 Y108.300 E1.1037 
G92 E0.0000
; segment
G92 E0.0000
G1 F2400.000
G1 Z2.600
G1 X186.750 Y108.300
G1 X186.750 Y112.000 E0.1226 
G92 E0.0000
; segment
G92 E0.0000
G1 F2400.000
G1 Z2.600
G1 X186.750 Y112.000
G1 X186.750 Y120.750 E0.2900 
G1 X186.250 Y120.750 E0.3066 
G1 X186.250 Y112.000 E0.5966 
G92 E0.0000
; segment
G92 E0.0000
G1 F2400.000
G1 Z2.600
G1 X186.250 Y112.000
G1 X186.250 Y78.700 E1.1037 
G92 E0.0000
; segment
G92 E0.0000
G1 F2400.000
G1 Z2.600
G1 X186.250 Y78.700
G1 X186.250 Y75.000 E0.1226 
G92 E0.0000
; segment
G92 E0.0000
G1 F2400.000
G1 Z2.600
G1 X186.250 Y75.000
G1 X186.250 Y66.250 E0.2900 
G1 X185.750 Y66.250 E0.3066 
G1 X185.750 Y75.000 E0.5966 
G92 E0.0000
; segment
G92 E0.0000
G1 F2400.000
G1 Z2.600
G1 X185.750 Y75.000
G1 X185.750 Y108.300 E1.1037 
G92 E0.0000
; segment
G92 E0.0000
G1 F2400.000
G1 Z2.600
G1 X185.750 Y108.300
G1 X185.750 Y112.000 E0.1226 
G92 E0.0000
; segment
G92 E0.0000
G1 F2400.000
G1 Z2.600
G1 X185.750 Y112.000
G1 X185.750 Y120.750 E0.2900 
G1 X185.250 Y120.750 E0.3066 
G1 X185.250 Y112.000 E0.5966 
G92 E0.0000
; segment
G92 E0.0000
G1 F2400.000
G1 Z2.600
G1 X185.250 Y112.000
G1 X185.250 Y78.700 E1.1037 
G92 E0.0000
; segment
G92 E0.0000
G1 F2400.000
G1 Z2.600
G1 X185.250 Y78.700
G1 X185.250 Y75.000 E0.1226 
G92 E0.0000
; segment
G92 E0.0000
G1 F2400.000
G1 Z2.600
G1 X185.250 Y75.000
G1 X185.250 Y66.250 E0.2900 
G1 X184.750 Y66.250 E0.3066 
G1 X184.750 Y75.000 E0.5966 
G92 E0.0000
; segment
G92 E0.0000
G1 F2400.000
G1 Z2.600
G1 X184.750 Y75.000
G1 X184.750 Y108.300 E1.1037 
G92 E0.0000
; segment
G92 E0.0000
G1 F2400.000
G1 Z2.600
G1 X184.750 Y108.300
G1 X184.750 Y112.000 E0.1226 
G92 E0.0000
; segment
G92 E0.0000
G1 F2400.000
G1 Z2.600
G1 X184.750 Y112.000
G1 X184.750 Y120.750 E0.2900 
G1 X184.250 Y120.750 E0.3066 
G1 X184.250 Y112.000 E0.5966 
G92 E0.0000
; segment
G92 E0.0000
G1 F2400.000
G1 Z2.600
G1 X184.250 Y112.000
G1 X184.250 Y78.700 E1.1037 
G92 E0.0000
; segment
G92 E0.0000
G1 F2400.000
G1 Z2.600
G1 X184.250 Y78.700
G1 X184.250 Y75.000 E0.1226 
G92 E0.0000
; segment
G92 E0.0000
G1 F2400.000
G1 Z2.600
G1 X184.250 Y75.000
G1 X184.250 Y66.250 E0.2900 
G1 X183.750 Y66.250 E0.3066 
G92 E0.0000
; jumping
G92 E3.0000
G1 E0 F2400
G1 X184.750 Y65.250 F12000.000
G1 E3 F2400
G92 E0.0000
; segment
G92 E0.0000
G1 F2400.000
G1 Z2.800
G1 X184.750 Y65.250
G1 X184.750 Y50.250 E0.4972 
G1 X175.250 Y50.250 E0.8121 
G1 X175.250 Y65.250 E1.3092 
G1 X170.250 Y65.250 E1.4750 
G1 X170.250 Y75.000 E1.7981 
G92 E0.0000
; segment
G92 E0.0000
G1 F2400.000
G1 Z2.800
G1 X170.250 Y75.000
G1 X170.250 Y108.300 E1.1037 
G92 E0.0000
; segment
G92 E0.0000
G1 F2400.000
G1 Z2.800
G1 X170.250 Y108.300
G1 X170.250 Y112.000 E0.1226 
G92 E0.0000
; segment
G92 E0.0000
G1 F2400.000
G1 Z2.800
G1 X170.250 Y112.000
G1 X170.250 Y121.750 E0.3232 
G1 X175.150 Y121.750 E0.4856 
G1 X175.150 Y136.750 E0.9828 
G1 X184.850 Y136.750 E1.3043 
G1 X184.850 Y121.750 E1.8014 
G1 X189.750 Y121.750 E1.9638 
G1 X189.750 Y112.000 E2.2870 
G92 E0.0000
; segment
G92 E0.0000
G1 F2400.000
G1 Z2.800
G1 X189.750 Y112.000
G1 X189.750 Y78.700 E1.1037 
G92 E0.0000
; segment
G92 E0.0000
G1 F2400.000
G1 Z2.800
G1 X189.750 Y78.700
G1 X189.750 Y75.000 E0.1226 
G92 E0.0000
; segment
G92 E0.0000
G1 F2400.000
G1 Z2.800
G1 X189.750 Y75.000
G1 X189.750 Y65.250 E0.3232 
G1 X184.750 Y65.250 E0.4889 
G92 E0.0000
; segment
G92 E0.0000
G1 F2400.000
G1 Z2.800
G1 X184.250 Y65.750
G1 X184.250 Y50.750 E0.4972 
G1 X175.750 Y50.750 E0.7789 
G1 X175.750 Y65.750 E1.2761 
G1 X170.750 Y65.750 E1.4418 
G1 X170.750 Y75.000 E1.7484 
G92 E0.0000
; segment
G92 E0.0000
G1 F2400.000
G1 Z2.800
G1 X170.750 Y75.000
G1 X170.750 Y108.300 E1.1037 
G92 E0.0000
; segment
G92 E0.0000
G1 F2400.000
G1 Z2.800
G1 X170.750 Y108.300
G1 X170.750 Y112.000 E0.1226 
G92 E0.0000
; segment
G92 E0.0000
G1 F2400.000
G1 Z2.800
G1 X170.750 Y112.000
G1 X170.750 Y121.250 E0.3066 
G1 X175.650 Y121.250 E0.4690 
G1 X175.650 Y136.250 E0.9662 
G1 X184.350 Y136.250 E1.2545 
G1 X184.350 Y121.250 E1.7517 
G1 X189.250 Y121.250 E1.9141 
G1 X189.250 Y112.000 E2.2207 
G92 E0.0000
; segment
G92 E0.0000
G1 F2400.000
G1 Z2.800
G1 X189.250 Y112.000
G1 X189.250 Y78.700 E1.1037 
G92 E0.0000
; segment
G92 E0.0000
G1 F2400.000
G1 Z2.800
G1 X189.250 Y78.700
G1 X189.250 Y75.000 E0.1226 
G92 E0.0000
; segment
G92 E0.0000
G1 F2400.000
G1 Z2.800
G1 X189.250 Y75.000
G1 X189.250 Y65.750 E0.3066 
G1 X184.250 Y65.750 E0.4723 
G92 E0.0000
; segment
G92 E0.0000
G1 F2400.000
G1 Z2.800
G1 X183.750 Y66.250
G1 X184.250 Y66.250 E0.0166 
G1 X184.250 Y75.000 E0.3066 
G92 E0.0000
; segment
G92 E0.0000
G1 F2400.000
G1 Z2.800
G1 X184.250 Y75.000
G1 X184.250 Y108.300 E1.1037 
G92 E0.0000
; segment
G92 E0.0000
G1 F2400.000
G1 Z2.800
G1 X184.250 Y108.300
G1 X184.250 Y112.000 E0.1226 
G92 E0.0000
; segment
G92 E0.0000
G1 F2400.000
G1 Z2.800
G1 X184.250 Y112.000
G1 X184.250 Y120.750 E0.2900 
G1 X184.750 Y120.750 E0.3066 
G1 X184.750 Y112.000 E0.5966 
G92 E0.0000
; segment
G92 E0.0000
G1 F2400.000
G1 Z2.800
G1 X184.750 Y112.000
G1 X184.750 Y78.700 E1.1037 
G92 E0.0000
; segment
G92 E0.0000
G1 F2400.000
G1 Z2.800
G1 X184.750 Y78.700
G1 X184.750 Y75.000 E0.1226 
G92 E0.0000
; segment
G92 E0.0000
G1 F2400.000
G1 Z2.800
G1 X184.750 Y75.000
G1 X184.750 Y66.250 E0.2900 
G1 X185.250 Y66.250 E0.3066 
G1 X185.250 Y75.000 E0.5966 
G92 E0.0000
; segment
G92 E0.0000
G1 F2400.000
G1 Z2.800
G1 X185.250 Y75.000
G1 X185.250 Y108.300 E1.1037 
G92 E0.0000
; segment
G92 E0.0000
G1 F2400.000
G1 Z2.800
G1 X185.250 Y108.300
G1 X185.250 Y112.000 E0.1226 
G92 E0.0000
; segment
G92 E0.0000
G1 F2400.000
G1 Z2.800
G1 X185.250 Y112.000
G1 X185.250 Y120.750 E0.2900 
G1 X185.750 Y120.750 E0.3066 
G1 X185.750 Y112.000 E0.5966 
G92 E0.0000
; segment
G92 E0.0000
G1 F2400.000
G1 Z2.800
G1 X185.750 Y112.000
G1 X185.750 Y78.700 E1.1037 
G92 E0.0000
; segment
G92 E0.0000
G1 F2400.000
G1 Z2.800
G1 X185.750 Y78.700
G1 X185.750 Y75.000 E0.1226 
G92 E0.0000
; segment
G92 E0.0000
G1 F2400.000
G1 Z2.800
G1 X185.750 Y75.000
G1 X185.750 Y66.250 E0.2900 
G1 X186.250 Y66.250 E0.3066 
G1 X186.250 Y75.000 E0.5966 
G92 E0.0000
; segment
G92 E0.0000
G1 F2400.000
G1 Z2.800
G1 X186.250 Y75.000
G1 X186.250 Y108.300 E1.1037 
G92 E0.0000
; segment
G92 E0.0000
G1 F2400.000
G1 Z2.800
G1 X186.250 Y108.300
G1 X186.250 Y112.000 E0.1226 
G92 E0.0000
; segment
G92 E0.0000
G1 F2400.000
G1 Z2.800
G1 X186.250 Y112.000
G1 X186.250 Y120.750 E0.2900 
G1 X186.750 Y120.750 E0.3066 
G1 X186.750 Y112.000 E0.5966 
G92 E0.0000
; segment
G92 E0.0000
G1 F2400.000
G1 Z2.800
G1 X186.750 Y112.000
G1 X186.750 Y78.700 E1.1037 
G92 E0.0000
; segment
G92 E0.0000
G1 F2400.000
G1 Z2.800
G1 X186.750 Y78.700
G1 X186.750 Y75.000 E0.1226 
G92 E0.0000
; segment
G92 E0.0000
G1 F2400.000
G1 Z2.800
G1 X186.750 Y75.000
G1 X186.750 Y66.250 E0.2900 
G1 X187.250 Y66.250 E0.3066 
G1 X187.250 Y75.000 E0.5966 
G92 E0.0000
; segment
G92 E0.0000
G1 F2400.000
G1 Z2.800
G1 X187.250 Y75.000
G1 X187.250 Y108.300 E1.1037 
G92 E0.0000
; segment
G92 E0.0000
G1 F2400.000
G1 Z2.800
G1 X187.250 Y108.300
G1 X187.250 Y112.000 E0.1226 
G92 E0.0000
; segment
G92 E0.0000
G1 F2400.000
G1 Z2.800
G1 X187.250 Y112.000
G1 X187.250 Y120.750 E0.2900 
G1 X187.750 Y120.750 E0.3066 
G1 X187.750 Y112.000 E0.5966 
G92 E0.0000
; segment
G92 E0.0000
G1 F2400.000
G1 Z2.800
G1 X187.750 Y112.000
G1 X187.750 Y78.700 E1.1037 
G92 E0.0000
; segment
G92 E0.0000
G1 F2400.000
G1 Z2.800
G1 X187.750 Y78.700
G1 X187.750 Y75.000 E0.1226 
G92 E0.0000
; segment
G92 E0.0000
G1 F2400.000
G1 Z2.800
G1 X187.750 Y75.000
G1 X187.750 Y66.250 E0.2900 
G1 X188.250 Y66.250 E0.3066 
G1 X188.250 Y75.000 E0.5966 
G92 E0.0000
; segment
G92 E0.0000
G1 F2400.000
G1 Z2.800
G1 X188.250 Y75.000
G1 X188.250 Y108.300 E1.1037 
G92 E0.0000
; segment
G92 E0.0000
G1 F2400.000
G1 Z2.800
G1 X188.250 Y108.300
G1 X188.250 Y112.000 E0.1226 
G92 E0.0000
; segment
G92 E0.0000
G1 F2400.000
G1 Z2.800
G1 X188.250 Y112.000
G1 X188.250 Y120.750 E0.2900 
G1 X188.750 Y120.750 E0.3066 
G1 X188.750 Y112.000 E0.5966 
G92 E0.0000
; segment
G92 E0.0000
G1 F2400.000
G1 Z2.800
G1 X188.750 Y112.000
G1 X188.750 Y78.700 E1.1037 
G92 E0.0000
; segment
G92 E0.0000
G1 F2400.000
G1 Z2.800
G1 X188.750 Y78.700
G1 X188.750 Y75.000 E0.1226 
G92 E0.0000
; segment
G92 E0.0000
G1 F2400.000
G1 Z2.800
G1 X188.750 Y75.000
G1 X188.750 Y66.250 E0.2900 
G92 E0.0000
; jumping
G92 E3.0000
G1 E0 F2400
G1 X183.750 Y51.250 F12000.000
G1 E3 F2400
G92 E0.0000
; segment
G92 E0.0000
G1 F2400.000
G1 Z2.800
G1 X183.750 Y51.250
G1 X183.750 Y75.000 E0.7872 
G92 E0.0000
; segment
G92 E0.0000
G1 F2400.000
G1 Z2.800
G1 X183.750 Y75.000
G1 X183.750 Y108.300 E1.1037 
G92 E0.0000
; segment
G92 E0.0000
G1 F2400.000
G1 Z2.800
G1 X183.750 Y108.300
G1 X183.750 Y112.000 E0.1226 
G92 E0.0000
; segment
G92 E0.0000
G1 F2400.000
G1 Z2.800
G1 X183.750 Y112.000
G1 X183.750 Y135.750 E0.7872 
G1 X183.250 Y135.750 E0.8038 
G1 X183.250 Y112.000 E1.5910 
G92 E0.0000
; segment
G92 E0.0000
G1 F2400.000
G1 Z2.800
G1 X183.250 Y112.000
G1 X183.250 Y78.700 E1.1037 
G92 E0.0000
; segment
G92 E0.0000
G1 F2400.000
G1 Z2.800
G1 X183.250 Y78.700
G1 X183.250 Y75.000 E0.1226 
G92 E0.0000
; segment
G92 E0.0000
G1 F2400.000
G1 Z2.800
G1 X183.250 Y75.000
G1 X183.250 Y51.250 E0.7872 
G1 X182.750 Y51.250 E0.8038 
G1 X182.750 Y75.000 E1.5910 
G92 E0.0000
; segment
G92 E0.0000
G1 F2400.000
G1 Z2.800
G1 X182.750 Y75.000
G1 X182.750 Y108.300 E1.1037 
G92 E0.0000
; segment
G92 E0.0000
G1 F2400.000
G1 Z2.800
G1 X182.750 Y108.300
G1 X182.750 Y112.000 E0.1226 
G92 E0.0000
; segment
G92 E0.0000
G1 F2400.000
G1 Z2.800
G1 X182.750 Y112.000
G1 X182.750 Y135.750 E0.7872 
G1 X182.250 Y135.750 E0.8038 
G1 X182.250 Y112.000 E1.5910 
G92 E0.0000
; segment
G92 E0.0000
G1 F2400.000
G1 Z2.800
G1 X182.250 Y112.000
G1 X182.250 Y78.700 E1.1037 
G92 E0.0000
; segment
G92 E0.0000
G1 F2400.000
G1 Z2.800
G1 X182.250 Y78.700
G1 X182.250 Y75.000 E0.1226 
G92 E0.0000
; segment
G92 E0.0000
G1 F2400.000
G1 Z2.800
G1 X182.250 Y75.000
G1 X182.250 Y51.250 E0.7872 
G1 X181.750 Y51.250 E0.8038 
G1 X181.750 Y75.000 E1.5910 
G92 E0.0000
; segment
G92 E0.0000
G1 F2400.000
G1 Z2.800
G1 X181.750 Y75.000
G1 X181.750 Y108.300 E1.1037 
G92 E0.0000
; segment
G92 E0.0000
G1 F2400.000
G1 Z2.800
G1 X181.750 Y108.300
G1 X181.750 Y112.000 E0.1226 
G92 E0.0000
; segment
G92 E0.0000
G1 F2400.000
G1 Z2.800
G1 X181.750 Y112.000
G1 X181.750 Y135.750 E0.7872 
G1 X181.250 Y135.750 E0.8038 
G1 X181.250 Y112.000 E1.5910 
G92 E0.0000
; segment
G92 E0.0000
G1 F2400.000
G1 Z2.800
G1 X181.250 Y112.000
G1 X181.250 Y78.700 E1.1037 
G92 E0.0000
; segment
G92 E0.0000
G1 F2400.000
G1 Z2.800
G1 X181.250 Y78.700
G1 X181.250 Y75.000 E0.1226 
G92 E0.0000
; segment
G92 E0.0000
G1 F2400.000
G1 Z2.800
G1 X181.250 Y75.000
G1 X181.250 Y51.250 E0.7872 
G1 X180.750 Y51.250 E0.8038 
G1 X180.750 Y75.000 E1.5910 
G92 E0.0000
; segment
G92 E0.0000
G1 F2400.000
G1 Z2.800
G1 X180.750 Y75.000
G1 X180.750 Y108.300 E1.1037 
G92 E0.0000
; segment
G92 E0.0000
G1 F2400.000
G1 Z2.800
G1 X180.750 Y108.300
G1 X180.750 Y112.000 E0.1226 
G92 E0.0000
; segment
G92 E0.0000
G1 F2400.000
G1 Z2.800
G1 X180.750 Y112.000
G1 X180.750 Y135.750 E0.7872 
G1 X180.250 Y135.750 E0.8038 
G1 X180.250 Y112.000 E1.5910 
G92 E0.0000
; segment
G92 E0.0000
G1 F2400.000
G1 Z2.800
G1 X180.250 Y112.000
G1 X180.250 Y78.700 E1.1037 
G92 E0.0000
; segment
G92 E0.0000
G1 F2400.000
G1 Z2.800
G1 X180.250 Y78.700
G1 X180.250 Y75.000 E0.1226 
G92 E0.0000
; segment
G92 E0.0000
G1 F2400.000
G1 Z2.800
G1 X180.250 Y75.000
G1 X180.250 Y51.250 E0.7872 
G1 X179.750 Y51.250 E0.8038 
G1 X179.750 Y75.000 E1.5910 
G92 E0.0000
; segment
G92 E0.0000
G1 F2400.000
G1 Z2.800
G1 X179.750 Y75.000
G1 X179.750 Y108.300 E1.1037 
G92 E0.0000
; segment
G92 E0.0000
G1 F2400.000
G1 Z2.800
G1 X179.750 Y108.300
G1 X179.750 Y112.000 E0.1226 
G92 E0.0000
; segment
G92 E0.0000
G1 F2400.000
G1 Z2.800
G1 X179.750 Y112.000
G1 X179.750 Y135.750 E0.7872 
G1 X179.250 Y135.750 E0.8038 
G1 X179.250 Y112.000 E1.5910 
G92 E0.0000
; segment
G92 E0.0000
G1 F2400.000
G1 Z2.800
G1 X179.250 Y112.000
G1 X179.250 Y78.700 E1.1037 
G92 E0.0000
; segment
G92 E0.0000
G1 F2400.000
G1 Z2.800
G1 X179.250 Y78.700
G1 X179.250 Y75.000 E0.1226 
G92 E0.0000
; segment
G92 E0.0000
G1 F2400.000
G1 Z2.800
G1 X179.250 Y75.000
G1 X179.250 Y51.250 E0.7872 
G1 X178.750 Y51.250 E0.8038 
G1 X178.750 Y75.000 E1.5910 
G92 E0.0000
; segment
G92 E0.0000
G1 F2400.000
G1 Z2.800
G1 X178.750 Y75.000
G1 X178.750 Y108.300 E1.1037 
G92 E0.0000
; segment
G92 E0.0000
G1 F2400.000
G1 Z2.800
G1 X178.750 Y108.300
G1 X178.750 Y112.000 E0.1226 
G92 E0.0000
; segment
G92 E0.0000
G1 F2400.000
G1 Z2.800
G1 X178.750 Y112.000
G1 X178.750 Y135.750 E0.7872 
G1 X178.250 Y135.750 E0.8038 
G1 X178.250 Y112.000 E1.5910 
G92 E0.0000
; segment
G92 E0.0000
G1 F2400.000
G1 Z2.800
G1 X178.250 Y112.000
G1 X178.250 Y78.700 E1.1037 
G92 E0.0000
; segment
G92 E0.0000
G1 F2400.000
G1 Z2.800
G1 X178.250 Y78.700
G1 X178.250 Y75.000 E0.1226 
G92 E0.0000
; segment
G92 E0.0000
G1 F2400.000
G1 Z2.800
G1 X178.250 Y75.000
G1 X178.250 Y51.250 E0.7872 
G1 X177.750 Y51.250 E0.8038 
G1 X177.750 Y75.000 E1.5910 
G92 E0.0000
; segment
G92 E0.0000
G1 F2400.000
G1 Z2.800
G1 X177.750 Y75.000
G1 X177.750 Y108.300 E1.1037 
G92 E0.0000
; segment
G92 E0.0000
G1 F2400.000
G1 Z2.800
G1 X177.750 Y108.300
G1 X177.750 Y112.000 E0.1226 
G92 E0.0000
; segment
G92 E0.0000
G1 F2400.000
G1 Z2.800
G1 X177.750 Y112.000
G1 X177.750 Y135.750 E0.7872 
G1 X177.250 Y135.750 E0.8038 
G1 X177.250 Y112.000 E1.5910 
G92 E0.0000
; segment
G92 E0.0000
G1 F2400.000
G1 Z2.800
G1 X177.250 Y112.000
G1 X177.250 Y78.700 E1.1037 
G92 E0.0000
; segment
G92 E0.0000
G1 F2400.000
G1 Z2.800
G1 X177.250 Y78.700
G1 X177.250 Y75.000 E0.1226 
G92 E0.0000
; segment
G92 E0.0000
G1 F2400.000
G1 Z2.800
G1 X177.250 Y75.000
G1 X177.250 Y51.250 E0.7872 
G1 X176.750 Y51.250 E0.8038 
G1 X176.750 Y75.000 E1.5910 
G92 E0.0000
; segment
G92 E0.0000
G1 F2400.000
G1 Z2.800
G1 X176.750 Y75.000
G1 X176.750 Y108.300 E1.1037 
G92 E0.0000
; segment
G92 E0.0000
G1 F2400.000
G1 Z2.800
G1 X176.750 Y108.300
G1 X176.750 Y112.000 E0.1226 
G92 E0.0000
; segment
G92 E0.0000
G1 F2400.000
G1 Z2.800
G1 X176.750 Y112.000
G1 X176.750 Y135.750 E0.7872 
G1 X176.250 Y135.750 E0.8038 
G1 X176.250 Y112.000 E1.5910 
G92 E0.0000
; segment
G92 E0.0000
G1 F2400.000
G1 Z2.800
G1 X176.250 Y112.000
G1 X176.250 Y78.700 E1.1037 
G92 E0.0000
; segment
G92 E0.0000
G1 F2400.000
G1 Z2.800
G1 X176.250 Y78.700
G1 X176.250 Y75.000 E0.1226 
G92 E0.0000
; segment
G92 E0.0000
G1 F2400.000
G1 Z2.800
G1 X176.250 Y75.000
G1 X176.250 Y66.250 E0.2900 
G1 X175.750 Y66.250 E0.3066 
G1 X175.750 Y75.000 E0.5966 
G92 E0.0000
; segment
G92 E0.0000
G1 F2400.000
G1 Z2.800
G1 X175.750 Y75.000
G1 X175.750 Y108.300 E1.1037 
G92 E0.0000
; segment
G92 E0.0000
G1 F2400.000
G1 Z2.800
G1 X175.750 Y108.300
G1 X175.750 Y112.000 E0.1226 
G92 E0.0000
; segment
G92 E0.0000
G1 F2400.000
G1 Z2.800
G1 X175.750 Y112.000
G1 X175.750 Y120.750 E0.2900 
G1 X175.250 Y120.750 E0.3066 
G1 X175.250 Y112.000 E0.5966 
G92 E0.0000
; segment
G92 E0.0000
G1 F2400.000
G1 Z2.800
G1 X175.250 Y112.000
G1 X175.250 Y78.700 E1.1037 
G92 E0.0000
; segment
G92 E0.0000
G1 F2400.000
G1 Z2.800
G1 X175.250 Y78.700
G1 X175.250 Y75.000 E0.1226 
G92 E0.0000
; segment
G92 E0.0000
G1 F2400.000
G1 Z2.800
G1 X175.250 Y75.000
G1 X175.250 Y66.250 E0.2900 
G1 X174.750 Y66.250 E0.3066 
G1 X174.750 Y75.000 E0.5966 
G92 E0.0000
; segment
G92 E0.0000
G1 F2400.000
G1 Z2.800
G1 X174.750 Y75.000
G1 X174.750 Y108.300 E1.1037 
G92 E0.0000
; segment
G92 E0.0000
G1 F2400.000
G1 Z2.800
G1 X174.750 Y108.300
G1 X174.750 Y112.000 E0.1226 
G92 E0.0000
; segment
G92 E0.0000
G1 F2400.000
G1 Z2.800
G1 X174.750 Y112.000
G1 X174.750 Y120.750 E0.2900 
G1 X174.250 Y120.750 E0.3066 
G1 X174.250 Y112.000 E0.5966 
G92 E0.0000
; segment
G92 E0.0000
G1 F2400.000
G1 Z2.800
G1 X174.250 Y112.000
G1 X174.250 Y78.700 E1.1037 
G92 E0.0000
; segment
G92 E0.0000
G1 F2400.000
G1 Z2.800
G1 X174.250 Y78.700
G1 X174.250 Y75.000 E0.1226 
G92 E0.0000
; segment
G92 E0.0000
G1 F2400.000
G1 Z2.800
G1 X174.250 Y75.000
G1 X174.250 Y66.250 E0.2900 
G1 X173.750 Y66.250 E0.3066 
G1 X173.750 Y75.000 E0.5966 
G92 E0.0000
; segment
G92 E0.0000
G1 F2400.000
G1 Z2.800
G1 X173.750 Y75.000
G1 X173.750 Y108.300 E1.1037 
G92 E0.0000
; segment
G92 E0.0000
G1 F2400.000
G1 Z2.800
G1 X173.750 Y108.300
G1 X173.750 Y112.000 E0.1226 
G92 E0.0000
; segment
G92 E0.0000
G1 F2400.000
G1 Z2.800
G1 X173.750 Y112.000
G1 X173.750 Y120.750 E0.2900 
G1 X173.250 Y120.750 E0.3066 
G1 X173.250 Y112.000 E0.5966 
G92 E0.0000
; segment
G92 E0.0000
G1 F2400.000
G1 Z2.800
G1 X173.250 Y112.000
G1 X173.250 Y78.700 E1.1037 
G92 E0.0000
; segment
G92 E0.0000
G1 F2400.000
G1 Z2.800
G1 X173.250 Y78.700
G1 X173.250 Y75.000 E0.1226 
G92 E0.0000
; segment
G92 E0.0000
G1 F2400.000
G1 Z2.800
G1 X173.250 Y75.000
G1 X173.250 Y66.250 E0.2900 
G1 X172.750 Y66.250 E0.3066 
G1 X172.750 Y75.000 E0.5966 
G92 E0.0000
; segment
G92 E0.0000
G1 F2400.000
G1 Z2.800
G1 X172.750 Y75.000
G1 X172.750 Y108.300 E1.1037 
G92 E0.0000
; segment
G92 E0.0000
G1 F2400.000
G1 Z2.800
G1 X172.750 Y108.300
G1 X172.750 Y112.000 E0.1226 
G92 E0.0000
; segment
G92 E0.0000
G1 F2400.000
G1 Z2.800
G1 X172.750 Y112.000
G1 X172.750 Y120.750 E0.2900 
G1 X172.250 Y120.750 E0.3066 
G1 X172.250 Y112.000 E0.5966 
G92 E0.0000
; segment
G92 E0.0000
G1 F2400.000
G1 Z2.800
G1 X172.250 Y112.000
G1 X172.250 Y78.700 E1.1037 
G92 E0.0000
; segment
G92 E0.0000
G1 F2400.000
G1 Z2.800
G1 X172.250 Y78.700
G1 X172.250 Y75.000 E0.1226 
G92 E0.0000
; segment
G92 E0.0000
G1 F2400.000
G1 Z2.800
G1 X172.250 Y75.000
G1 X172.250 Y66.250 E0.2900 
G1 X171.750 Y66.250 E0.3066 
G1 X171.750 Y75.000 E0.5966 
G92 E0.0000
; segment
G92 E0.0000
G1 F2400.000
G1 Z2.800
G1 X171.750 Y75.000
G1 X171.750 Y108.300 E1.1037 
G92 E0.0000
; segment
G92 E0.0000
G1 F2400.000
G1 Z2.800
G1 X171.750 Y108.300
G1 X171.750 Y112.000 E0.1226 
G92 E0.0000
; segment
G92 E0.0000
G1 F2400.000
G1 Z2.800
G1 X171.750 Y112.000
G1 X171.750 Y120.750 E0.2900 
G1 X171.250 Y120.750 E0.3066 
G1 X171.250 Y112.000 E0.5966 
G92 E0.0000
; segment
G92 E0.0000
G1 F2400.000
G1 Z2.800
G1 X171.250 Y112.000
G1 X171.250 Y78.700 E1.1037 
G92 E0.0000
; segment
G92 E0.0000
G1 F2400.000
G1 Z2.800
G1 X171.250 Y78.700
G1 X171.250 Y75.000 E0.1226 
G92 E0.0000
; segment
G92 E0.0000
G1 F2400.000
G1 Z2.800
G1 X171.250 Y75.000
G1 X171.250 Y66.250 E0.2900 
G92 E0.0000
; jumping
G92 E3.0000
G1 E0 F2400
G1 X170.250 Y65.250 F12000.000
G1 E3 F2400
G92 E0.0000
; segment
G92 E0.0000
G1 F2400.000
G1 Z3.000
G1 X170.250 Y65.250
G1 X170.250 Y75.000 E0.3232 
G92 E0.0000
; segment
G92 E0.0000
G1 F2400.000
G1 Z3.000
G1 X170.250 Y75.000
G1 X170.250 Y108.300 E1.1037 
G92 E0.0000
; segment
G92 E0.0000
G1 F2400.000
G1 Z3.000
G1 X170.250 Y108.300
G1 X170.250 Y112.000 E0.1226 
G92 E0.0000
; segment
G92 E0.0000
G1 F2400.000
G1 Z3.000
G1 X170.250 Y112.000
G1 X170.250 Y121.750 E0.3232 
G1 X175.150 Y121.750 E0.4856 
G1 X175.150 Y136.750 E0.9828 
G1 X184.850 Y136.750 E1.3043 
G1 X184.850 Y121.750 E1.8014 
G1 X189.750 Y121.750 E1.9638 
G1 X189.750 Y112.000 E2.2870 
G92 E0.0000
; segment
G92 E0.0000
G1 F2400.000
G1 Z3.000
G1 X189.750 Y112.000
G1 X189.750 Y78.700 E1.1037 
G92 E0.0000
; segment
G92 E0.0000
G1 F2400.000
G1 Z3.000
G1 X189.750 Y78.700
G1 X189.750 Y75.000 E0.1226 
G92 E0.0000
; segment
G92 E0.0000
G1 F2400.000
G1 Z3.000
G1 X189.750 Y75.000
G1 X189.750 Y65.250 E0.3232 
G1 X184.750 Y65.250 E0.4889 
G1 X184.750 Y50.250 E0.9861 
G1 X175.250 Y50.250 E1.3009 
G1 X175.250 Y65.250 E1.7981 
G1 X170.250 Y65.250 E1.9638 
G92 E0.0000
; segment
G92 E0.0000
G1 F2400.000
G1 Z3.000
G1 X170.750 Y65.750
G1 X170.750 Y75.000 E0.3066 
G92 E0.0000
; segment
G92 E0.0000
G1 F2400.000
G1 Z3.000
G1 X170.750 Y75.000
G1 X170.750 Y108.300 E1.1037 
G92 E0.0000
; segment
G92 E0.0000
G1 F2400.000
G1 Z3.000
G1 X170.750 Y108.300
G1 X170.750 Y112.000 E0.1226 
G92 E0.0000
; segment
G92 E0.0000
G1 F2400.000
G1 Z3.000
G1 X170.750 Y112.000
G1 X170.750 Y121.250 E0.3066 
G1 X175.650 Y121.250 E0.4690 
G1 X175.650 Y136.250 E0.9662 
G1 X184.350 Y136.250 E1.2545 
G1 X184.350 Y121.250 E1.7517 
G1 X189.250 Y121.250 E1.9141 
G1 X189.250 Y112.000 E2.2207 
G92 E0.0000
; segment
G92 E0.0000
G1 F2400.000
G1 Z3.000
G1 X189.250 Y112.000
G1 X189.250 Y78.700 E1.1037 
G92 E0.0000
; segment
G92 E0.0000
G1 F2400.000
G1 Z3.000
G1 X189.250 Y78.700
G1 X189.250 Y75.000 E0.1226 
G92 E0.0000
; segment
G92 E0.0000
G1 F2400.000
G1 Z3.000
G1 X189.250 Y75.000
G1 X189.250 Y65.750 E0.3066 
G1 X184.250 Y65.750 E0.4723 
G1 X184.250 Y50.750 E0.9695 
G1 X175.750 Y50.750 E1.2512 
G1 X175.750 Y65.750 E1.7484 
G1 X170.750 Y65.750 E1.9141 
G92 E0.0000
; segment
G92 E0.0000
G1 F2400.000
G1 Z3.000
G1 X171.250 Y66.250
G1 X171.250 Y75.000 E0.2900 
G92 E0.0000
; segment
G92 E0.0000
G1 F2400.000
G1 Z3.000
G1 X171.250 Y75.000
G1 X171.250 Y108.300 E1.1037 
G92 E0.0000
; segment
G92 E0.0000
G1 F2400.000
G1 Z3.000
G1 X171.250 Y108.300
G1 X171.250 Y112.000 E0.1226 
G92 E0.0000
; segment
G92 E0.0000
G1 F2400.000
G1 Z3.000
G1 X171.250 Y112.000
G1 X171.250 Y120.750 E0.2900 
G1 X171.750 Y120.750 E0.3066 
G1 X171.750 Y112.000 E0.5966 
G92 E0.0000
; segment
G92 E0.0000
G1 F2400.000
G1 Z3.000
G1 X171.750 Y112.000
G1 X171.750 Y78.700 E1.1037 
G92 E0.0000
; segment
G92 E0.0000
G1 F2400.000
G1 Z3.000
G1 X171.750 Y78.700
G1 X171.750 Y75.000 E0.1226 
G92 E0.0000
; segment
G92 E0.0000
G1 F2400.000
G1 Z3.000
G1 X171.750 Y75.000
G1 X171.750 Y66.250 E0.2900 
G1 X172.250 Y66.250 E0.3066 
G1 X172.250 Y75.000 E0.5966 
G92 E0.0000
; segment
G92 E0.0000
G1 F2400.000
G1 Z3.000
G1 X172.250 Y75.000
G1 X172.250 Y108.300 E1.1037 
G92 E0.0000
; segment
G92 E0.0000
G1 F2400.000
G1 Z3.000
G1 X172.250 Y108.300
G1 X172.250 Y112.000 E0.1226 
G92 E0.0000
; segment
G92 E0.0000
G1 F2400.000
G1 Z3.000
G1 X172.250 Y112.000
G1 X172.250 Y120.750 E0.2900 
G1 X172.750 Y120.750 E0.3066 
G1 X172.750 Y112.000 E0.5966 
G92 E0.0000
; segment
G92 E0.0000
G1 F2400.000
G1 Z3.000
G1 X172.750 Y112.000
G1 X172.750 Y78.700 E1.1037 
G92 E0.0000
; segment
G92 E0.0000
G1 F2400.000
G1 Z3.000
G1 X172.750 Y78.700
G1 X172.750 Y75.000 E0.1226 
G92 E0.0000
; segment
G92 E0.0000
G1 F2400.000
G1 Z3.000
G1 X172.750 Y75.000
G1 X172.750 Y66.250 E0.2900 
G1 X173.250 Y66.250 E0.3066 
G1 X173.250 Y75.000 E0.5966 
G92 E0.0000
; segment
G92 E0.0000
G1 F2400.000
G1 Z3.000
G1 X173.250 Y75.000
G1 X173.250 Y108.300 E1.1037 
G92 E0.0000
; segment
G92 E0.0000
G1 F2400.000
G1 Z3.000
G1 X173.250 Y108.300
G1 X173.250 Y112.000 E0.1226 
G92 E0.0000
; segment
G92 E0.0000
G1 F2400.000
G1 Z3.000
G1 X173.250 Y112.000
G1 X173.250 Y120.750 E0.2900 
G1 X173.750 Y120.750 E0.3066 
G1 X173.750 Y112.000 E0.5966 
G92 E0.0000
; segment
G92 E0.0000
G1 F2400.000
G1 Z3.000
G1 X173.750 Y112.000
G1 X173.750 Y78.700 E1.1037 
G92 E0.0000
; segment
G92 E0.0000
G1 F2400.000
G1 Z3.000
G1 X173.750 Y78.700
G1 X173.750 Y75.000 E0.1226 
G92 E0.0000
; segment
G92 E0.0000
G1 F2400.000
G1 Z3.000
G1 X173.750 Y75.000
G1 X173.750 Y66.250 E0.2900 
G1 X174.250 Y66.250 E0.3066 
G1 X174.250 Y75.000 E0.5966 
G92 E0.0000
; segment
G92 E0.0000
G1 F2400.000
G1 Z3.000
G1 X174.250 Y75.000
G1 X174.250 Y108.300 E1.1037 
G92 E0.0000
; segment
G92 E0.0000
G1 F2400.000
G1 Z3.000
G1 X174.250 Y108.300
G1 X174.250 Y112.000 E0.1226 
G92 E0.0000
; segment
G92 E0.0000
G1 F2400.000
G1 Z3.000
G1 X174.250 Y112.000
G1 X174.250 Y120.750 E0.2900 
G1 X174.750 Y120.750 E0.3066 
G1 X174.750 Y112.000 E0.5966 
G92 E0.0000
; segment
G92 E0.0000
G1 F2400.000
G1 Z3.000
G1 X174.750 Y112.000
G1 X174.750 Y78.700 E1.1037 
G92 E0.0000
; segment
G92 E0.0000
G1 F2400.000
G1 Z3.000
G1 X174.750 Y78.700
G1 X174.750 Y75.000 E0.1226 
G92 E0.0000
; segment
G92 E0.0000
G1 F2400.000
G1 Z3.000
G1 X174.750 Y75.000
G1 X174.750 Y66.250 E0.2900 
G1 X175.250 Y66.250 E0.3066 
G1 X175.250 Y75.000 E0.5966 
G92 E0.0000
; segment
G92 E0.0000
G1 F2400.000
G1 Z3.000
G1 X175.250 Y75.000
G1 X175.250 Y108.300 E1.1037 
G92 E0.0000
; segment
G92 E0.0000
G1 F2400.000
G1 Z3.000
G1 X175.250 Y108.300
G1 X175.250 Y112.000 E0.1226 
G92 E0.0000
; segment
G92 E0.0000
G1 F2400.000
G1 Z3.000
G1 X175.250 Y112.000
G1 X175.250 Y120.750 E0.2900 
G1 X175.750 Y120.750 E0.3066 
G1 X175.750 Y112.000 E0.5966 
G92 E0.0000
; segment
G92 E0.0000
G1 F2400.000
G1 Z3.000
G1 X175.750 Y112.000
G1 X175.750 Y78.700 E1.1037 
G92 E0.0000
; segment
G92 E0.0000
G1 F2400.000
G1 Z3.000
G1 X175.750 Y78.700
G1 X175.750 Y75.000 E0.1226 
G92 E0.0000
; segment
G92 E0.0000
G1 F2400.000
G1 Z3.000
G1 X175.750 Y75.000
G1 X175.750 Y66.250 E0.2900 
G1 X176.250 Y66.250 E0.3066 
G1 X176.250 Y75.000 E0.5966 
G92 E0.0000
; segment
G92 E0.0000
G1 F2400.000
G1 Z3.000
G1 X176.250 Y75.000
G1 X176.250 Y108.300 E1.1037 
G92 E0.0000
; segment
G92 E0.0000
G1 F2400.000
G1 Z3.000
G1 X176.250 Y108.300
G1 X176.250 Y112.000 E0.1226 
G92 E0.0000
; segment
G92 E0.0000
G1 F2400.000
G1 Z3.000
G1 X176.250 Y112.000
G1 X176.250 Y135.750 E0.7872 
G1 X176.750 Y135.750 E0.8038 
G1 X176.750 Y112.000 E1.5910 
G92 E0.0000
; segment
G92 E0.0000
G1 F2400.000
G1 Z3.000
G1 X176.750 Y112.000
G1 X176.750 Y78.700 E1.1037 
G92 E0.0000
; segment
G92 E0.0000
G1 F2400.000
G1 Z3.000
G1 X176.750 Y78.700
G1 X176.750 Y75.000 E0.1226 
G92 E0.0000
; segment
G92 E0.0000
G1 F2400.000
G1 Z3.000
G1 X176.750 Y75.000
G1 X176.750 Y51.250 E0.7872 
G1 X177.250 Y51.250 E0.8038 
G1 X177.250 Y75.000 E1.5910 
G92 E0.0000
; segment
G92 E0.0000
G1 F2400.000
G1 Z3.000
G1 X177.250 Y75.000
G1 X177.250 Y108.300 E1.1037 
G92 E0.0000
; segment
G92 E0.0000
G1 F2400.000
G1 Z3.000
G1 X177.250 Y108.300
G1 X177.250 Y112.000 E0.1226 
G92 E0.0000
; segment
G92 E0.0000
G1 F2400.000
G1 Z3.000
G1 X177.250 Y112.000
G1 X177.250 Y135.750 E0.7872 
G1 X177.750 Y135.750 E0.8038 
G1 X177.750 Y112.000 E1.5910 
G92 E0.0000
; segment
G92 E0.0000
G1 F2400.000
G1 Z3.000
G1 X177.750 Y112.000
G1 X177.750 Y78.700 E1.1037 
G92 E0.0000
; segment
G92 E0.0000
G1 F2400.000
G1 Z3.000
G1 X177.750 Y78.700
G1 X177.750 Y75.000 E0.1226 
G92 E0.0000
; segment
G92 E0.0000
G1 F2400.000
G1 Z3.000
G1 X177.750 Y75.000
G1 X177.750 Y51.250 E0.7872 
G1 X178.250 Y51.250 E0.8038 
G1 X178.250 Y75.000 E1.5910 
G92 E0.0000
; segment
G92 E0.0000
G1 F2400.000
G1 Z3.000
G1 X178.250 Y75.000
G1 X178.250 Y108.300 E1.1037 
G92 E0.0000
; segment
G92 E0.0000
G1 F2400.000
G1 Z3.000
G1 X178.250 Y108.300
G1 X178.250 Y112.000 E0.1226 
G92 E0.0000
; segment
G92 E0.0000
G1 F2400.000
G1 Z3.000
G1 X178.250 Y112.000
G1 X178.250 Y135.750 E0.7872 
G1 X178.750 Y135.750 E0.8038 
G1 X178.750 Y112.000 E1.5910 
G92 E0.0000
; segment
G92 E0.0000
G1 F2400.000
G1 Z3.000
G1 X178.750 Y112.000
G1 X178.750 Y78.700 E1.1037 
G92 E0.0000
; segment
G92 E0.0000
G1 F2400.000
G1 Z3.000
G1 X178.750 Y78.700
G1 X178.750 Y75.000 E0.1226 
G92 E0.0000
; segment
G92 E0.0000
G1 F2400.000
G1 Z3.000
G1 X178.750 Y75.000
G1 X178.750 Y51.250 E0.7872 
G1 X179.250 Y51.250 E0.8038 
G1 X179.250 Y75.000 E1.5910 
G92 E0.0000
; segment
G92 E0.0000
G1 F2400.000
G1 Z3.000
G1 X179.250 Y75.000
G1 X179.250 Y108.300 E1.1037 
G92 E0.0000
; segment
G92 E0.0000
G1 F2400.000
G1 Z3.000
G1 X179.250 Y108.300
G1 X179.250 Y112.000 E0.1226 
G92 E0.0000
; segment
G92 E0.0000
G1 F2400.000
G1 Z3.000
G1 X179.250 Y112.000
G1 X179.250 Y135.750 E0.7872 
G1 X179.750 Y135.750 E0.8038 
G1 X179.750 Y112.000 E1.5910 
G92 E0.0000
; segment
G92 E0.0000
G1 F2400.000
G1 Z3.000
G1 X179.750 Y112.000
G1 X179.750 Y78.700 E1.1037 
G92 E0.0000
; segment
G92 E0.0000
G1 F2400.000
G1 Z3.000
G1 X179.750 Y78.700
G1 X179.750 Y75.000 E0.1226 
G92 E0.0000
; segment
G92 E0.0000
G1 F2400.000
G1 Z3.000
G1 X179.750 Y75.000
G1 X179.750 Y51.250 E0.7872 
G1 X180.250 Y51.250 E0.8038 
G1 X180.250 Y75.000 E1.5910 
G92 E0.0000
; segment
G92 E0.0000
G1 F2400.000
G1 Z3.000
G1 X180.250 Y75.000
G1 X180.250 Y108.300 E1.1037 
G92 E0.0000
; segment
G92 E0.0000
G1 F2400.000
G1 Z3.000
G1 X180.250 Y108.300
G1 X180.250 Y112.000 E0.1226 
G92 E0.0000
; segment
G92 E0.0000
G1 F2400.000
G1 Z3.000
G1 X180.250 Y112.000
G1 X180.250 Y135.750 E0.7872 
G1 X180.750 Y135.750 E0.8038 
G1 X180.750 Y112.000 E1.5910 
G92 E0.0000
; segment
G92 E0.0000
G1 F2400.000
G1 Z3.000
G1 X180.750 Y112.000
G1 X180.750 Y78.700 E1.1037 
G92 E0.0000
; segment
G92 E0.0000
G1 F2400.000
G1 Z3.000
G1 X180.750 Y78.700
G1 X180.750 Y75.000 E0.1226 
G92 E0.0000
; segment
G92 E0.0000
G1 F2400.000
G1 Z3.000
G1 X180.750 Y75.000
G1 X180.750 Y51.250 E0.7872 
G1 X181.250 Y51.250 E0.8038 
G1 X181.250 Y75.000 E1.5910 
G92 E0.0000
; segment
G92 E0.0000
G1 F2400.000
G1 Z3.000
G1 X181.250 Y75.000
G1 X181.250 Y108.300 E1.1037 
G92 E0.0000
; segment
G92 E0.0000
G1 F2400.000
G1 Z3.000
G1 X181.250 Y108.300
G1 X181.250 Y112.000 E0.1226 
G92 E0.0000
; segment
G92 E0.0000
G1 F2400.000
G1 Z3.000
G1 X181.250 Y112.000
G1 X181.250 Y135.750 E0.7872 
G1 X181.750 Y135.750 E0.8038 
G1 X181.750 Y112.000 E1.5910 
G92 E0.0000
; segment
G92 E0.0000
G1 F2400.000
G1 Z3.000
G1 X181.750 Y112.000
G1 X181.750 Y78.700 E1.1037 
G92 E0.0000
; segment
G92 E0.0000
G1 F2400.000
G1 Z3.000
G1 X181.750 Y78.700
G1 X181.750 Y75.000 E0.1226 
G92 E0.0000
; segment
G92 E0.0000
G1 F2400.000
G1 Z3.000
G1 X181.750 Y75.000
G1 X181.750 Y51.250 E0.7872 
G1 X182.250 Y51.250 E0.8038 
G1 X182.250 Y75.000 E1.5910 
G92 E0.0000
; segment
G92 E0.0000
G1 F2400.000
G1 Z3.000
G1 X182.250 Y75.000
G1 X182.250 Y108.300 E1.1037 
G92 E0.0000
; segment
G92 E0.0000
G1 F2400.000
G1 Z3.000
G1 X182.250 Y108.300
G1 X182.250 Y112.000 E0.1226 
G92 E0.0000
; segment
G92 E0.0000
G1 F2400.000
G1 Z3.000
G1 X182.250 Y112.000
G1 X182.250 Y135.750 E0.7872 
G1 X182.750 Y135.750 E0.8038 
G1 X182.750 Y112.000 E1.5910 
G92 E0.0000
; segment
G92 E0.0000
G1 F2400.000
G1 Z3.000
G1 X182.750 Y112.000
G1 X182.750 Y78.700 E1.1037 
G92 E0.0000
; segment
G92 E0.0000
G1 F2400.000
G1 Z3.000
G1 X182.750 Y78.700
G1 X182.750 Y75.000 E0.1226 
G92 E0.0000
; segment
G92 E0.0000
G1 F2400.000
G1 Z3.000
G1 X182.750 Y75.000
G1 X182.750 Y51.250 E0.7872 
G1 X183.250 Y51.250 E0.8038 
G1 X183.250 Y75.000 E1.5910 
G92 E0.0000
; segment
G92 E0.0000
G1 F2400.000
G1 Z3.000
G1 X183.250 Y75.000
G1 X183.250 Y108.300 E1.1037 
G92 E0.0000
; segment
G92 E0.0000
G1 F2400.000
G1 Z3.000
G1 X183.250 Y108.300
G1 X183.250 Y112.000 E0.1226 
G92 E0.0000
; segment
G92 E0.0000
G1 F2400.000
G1 Z3.000
G1 X183.250 Y112.000
G1 X183.250 Y135.750 E0.7872 
G1 X183.750 Y135.750 E0.8038 
G1 X183.750 Y112.000 E1.5910 
G92 E0.0000
; segment
G92 E0.0000
G1 F2400.000
G1 Z3.000
G1 X183.750 Y112.000
G1 X183.750 Y78.700 E1.1037 
G92 E0.0000
; segment
G92 E0.0000
G1 F2400.000
G1 Z3.000
G1 X183.750 Y78.700
G1 X183.750 Y75.000 E0.1226 
G92 E0.0000
; segment
G92 E0.0000
G1 F2400.000
G1 Z3.000
G1 X183.750 Y75.000
G1 X183.750 Y51.250 E0.7872 
G92 E0.0000
; jumping
G92 E3.0000
G1 E0 F2400
G1 X188.750 Y66.250 F12000.000
G1 E3 F2400
G92 E0.0000
; segment
G92 E0.0000
G1 F2400.000
G1 Z3.000
G1 X188.750 Y66.250
G1 X188.750 Y75.000 E0.2900 
G92 E0.0000
; segment
G92 E0.0000
G1 F2400.000
G1 Z3.000
G1 X188.750 Y75.000
G1 X188.750 Y108.300 E1.1037 
G92 E0.0000
; segment
G92 E0.0000
G1 F2400.000
G1 Z3.000
G1 X188.750 Y108.300
G1 X188.750 Y112.000 E0.1226 
G92 E0.0000
; segment
G92 E0.0000
G1 F2400.000
G1 Z3.000
G1 X188.750 Y112.000
G1 X188.750 Y120.750 E0.2900 
G1 X188.250 Y120.750 E0.3066 
G1 X188.250 Y112.000 E0.5966 
G92 E0.0000
; segment
G92 E0.0000
G1 F2400.000
G1 Z3.000
G1 X188.250 Y112.000
G1 X188.250 Y78.700 E1.1037 
G92 E0.0000
; segment
G92 E0.0000
G1 F2400.000
G1 Z3.000
G1 X188.250 Y78.700
G1 X188.250 Y75.000 E0.1226 
G92 E0.0000
; segment
G92 E0.0000
G1 F2400.000
G1 Z3.000
G1 X188.250 Y75.000
G1 X188.250 Y66.250 E0.2900 
G1 X187.750 Y66.250 E0.3066 
G1 X187.750 Y75.000 E0.5966 
G92 E0.0000
; segment
G92 E0.0000
G1 F2400.000
G1 Z3.000
G1 X187.750 Y75.000
G1 X187.750 Y108.300 E1.1037 
G92 E0.0000
; segment
G92 E0.0000
G1 F2400.000
G1 Z3.000
G1 X187.750 Y108.300
G1 X187.750 Y112.000 E0.1226 
G92 E0.0000
; segment
G92 E0.0000
G1 F2400.000
G1 Z3.000
G1 X187.750 Y112.000
G1 X187.750 Y120.750 E0.2900 
G1 X187.250 Y120.750 E0.3066 
G1 X187.250 Y112.000 E0.5966 
G92 E0.0000
; segment
G92 E0.0000
G1 F2400.000
G1 Z3.000
G1 X187.250 Y112.000
G1 X187.250 Y78.700 E1.1037 
G92 E0.0000
; segment
G92 E0.0000
G1 F2400.000
G1 Z3.000
G1 X187.250 Y78.700
G1 X187.250 Y75.000 E0.1226 
G92 E0.0000
; segment
G92 E0.0000
G1 F2400.000
G1 Z3.000
G1 X187.250 Y75.000
G1 X187.250 Y66.250 E0.2900 
G1 X186.750 Y66.250 E0.3066 
G1 X186.750 Y75.000 E0.5966 
G92 E0.0000
; segment
G92 E0.0000
G1 F2400.000
G1 Z3.000
G1 X186.750 Y75.000
G1 X186.750 Y108.300 E1.1037 
G92 E0.0000
; segment
G92 E0.0000
G1 F2400.000
G1 Z3.000
G1 X186.750 Y108.300
G1 X186.750 Y112.000 E0.1226 
G92 E0.0000
; segment
G92 E0.0000
G1 F2400.000
G1 Z3.000
G1 X186.750 Y112.000
G1 X186.750 Y120.750 E0.2900 
G1 X186.250 Y120.750 E0.3066 
G1 X186.250 Y112.000 E0.5966 
G92 E0.0000
; segment
G92 E0.0000
G1 F2400.000
G1 Z3.000
G1 X186.250 Y112.000
G1 X186.250 Y78.700 E1.1037 
G92 E0.0000
; segment
G92 E0.0000
G1 F2400.000
G1 Z3.000
G1 X186.250 Y78.700
G1 X186.250 Y75.000 E0.1226 
G92 E0.0000
; segment
G92 E0.0000
G1 F2400.000
G1 Z3.000
G1 X186.250 Y75.000
G1 X186.250 Y66.250 E0.2900 
G1 X185.750 Y66.250 E0.3066 
G1 X185.750 Y75.000 E0.5966 
G92 E0.0000
; segment
G92 E0.0000
G1 F2400.000
G1 Z3.000
G1 X185.750 Y75.000
G1 X185.750 Y108.300 E1.1037 
G92 E0.0000
; segment
G92 E0.0000
G1 F2400.000
G1 Z3.000
G1 X185.750 Y108.300
G1 X185.750 Y112.000 E0.1226 
G92 E0.0000
; segment
G92 E0.0000
G1 F2400.000
G1 Z3.000
G1 X185.750 Y112.000
G1 X185.750 Y120.750 E0.2900 
G1 X185.250 Y120.750 E0.3066 
G1 X185.250 Y112.000 E0.5966 
G92 E0.0000
; segment
G92 E0.0000
G1 F2400.000
G1 Z3.000
G1 X185.250 Y112.000
G1 X185.250 Y78.700 E1.1037 
G92 E0.0000
; segment
G92 E0.0000
G1 F2400.000
G1 Z3.000
G1 X185.250 Y78.700
G1 X185.250 Y75.000 E0.1226 
G92 E0.0000
; segment
G92 E0.0000
G1 F2400.000
G1 Z3.000
G1 X185.250 Y75.000
G1 X185.250 Y66.250 E0.2900 
G1 X184.750 Y66.250 E0.3066 
G1 X184.750 Y75.000 E0.5966 
G92 E0.0000
; segment
G92 E0.0000
G1 F2400.000
G1 Z3.000
G1 X184.750 Y75.000
G1 X184.750 Y108.300 E1.1037 
G92 E0.0000
; segment
G92 E0.0000
G1 F2400.000
G1 Z3.000
G1 X184.750 Y108.300
G1 X184.750 Y112.000 E0.1226 
G92 E0.0000
; segment
G92 E0.0000
G1 F2400.000
G1 Z3.000
G1 X184.750 Y112.000
G1 X184.750 Y120.750 E0.2900 
G1 X184.250 Y120.750 E0.3066 
G1 X184.250 Y112.000 E0.5966 
G92 E0.0000
; segment
G92 E0.0000
G1 F2400.000
G1 Z3.000
G1 X184.250 Y112.000
G1 X184.250 Y78.700 E1.1037 
G92 E0.0000
; segment
G92 E0.0000
G1 F2400.000
G1 Z3.000
G1 X184.250 Y78.700
G1 X184.250 Y75.000 E0.1226 
G92 E0.0000
; segment
G92 E0.0000
G1 F2400.000
G1 Z3.000
G1 X184.250 Y75.000
G1 X184.250 Y66.250 E0.2900 
G1 X183.750 Y66.250 E0.3066 
G92 E0.0000
; jumping
G92 E3.0000
G1 E0 F2400
G1 X184.750 Y65.250 F12000.000
G1 E3 F2400
G92 E0.0000
; segment
G92 E0.0000
G1 F2400.000
G1 Z3.200
G1 X184.750 Y65.250
G1 X184.750 Y50.250 E0.4972 
G1 X175.250 Y50.250 E0.8121 
G1 X175.250 Y65.250 E1.3092 
G1 X170.250 Y65.250 E1.4750 
G1 X170.250 Y75.000 E1.7981 
G92 E0.0000
; segment
G92 E0.0000
G1 F2400.000
G1 Z3.200
G1 X170.250 Y75.000
G1 X170.250 Y108.300 E1.1037 
G92 E0.0000
; segment
G92 E0.0000
G1 F2400.000
G1 Z3.200
G1 X170.250 Y108.300
G1 X170.250 Y112.000 E0.1226 
G92 E0.0000
; segment
G92 E0.0000
G1 F2400.000
G1 Z3.200
G1 X170.250 Y112.000
G1 X170.250 Y121.750 E0.3232 
G1 X175.150 Y121.750 E0.4856 
G1 X175.150 Y136.750 E0.9828 
G1 X184.850 Y136.750 E1.3043 
G1 X184.850 Y121.750 E1.8014 
G1 X189.750 Y121.750 E1.9638 
G1 X189.750 Y112.000 E2.2870 
G92 E0.0000
; segment
G92 E0.0000
G1 F2400.000
G1 Z3.200
G1 X189.750 Y112.000
G1 X189.750 Y78.700 E1.1037 
G92 E0.0000
; segment
G92 E0.0000
G1 F2400.000
G1 Z3.200
G1 X189.750 Y78.700
G1 X189.750 Y75.000 E0.1226 
G92 E0.0000
; segment
G92 E0.0000
G1 F2400.000
G1 Z3.200
G1 X189.750 Y75.000
G1 X189.750 Y65.250 E0.3232 
G1 X184.750 Y65.250 E0.4889 
G92 E0.0000
; segment
G92 E0.0000
G1 F2400.000
G1 Z3.200
G1 X184.250 Y65.750
G1 X184.250 Y50.750 E0.4972 
G1 X175.750 Y50.750 E0.7789 
G1 X175.750 Y65.750 E1.2761 
G1 X170.750 Y65.750 E1.4418 
G1 X170.750 Y75.000 E1.7484 
G92 E0.0000
; segment
G92 E0.0000
G1 F2400.000
G1 Z3.200
G1 X170.750 Y75.000
G1 X170.750 Y108.300 E1.1037 
G92 E0.0000
; segment
G92 E0.0000
G1 F2400.000
G1 Z3.200
G1 X170.750 Y108.300
G1 X170.750 Y112.000 E0.1226 
G92 E0.0000
; segment
G92 E0.0000
G1 F2400.000
G1 Z3.200
G1 X170.750 Y112.000
G1 X170.750 Y121.250 E0.3066 
G1 X175.650 Y121.250 E0.4690 
G1 X175.650 Y136.250 E0.9662 
G1 X184.350 Y136.250 E1.2545 
G1 X184.350 Y121.250 E1.7517 
G1 X189.250 Y121.250 E1.9141 
G1 X189.250 Y112.000 E2.2207 
G92 E0.0000
; segment
G92 E0.0000
G1 F2400.000
G1 Z3.200
G1 X189.250 Y112.000
G1 X189.250 Y78.700 E1.1037 
G92 E0.0000
; segment
G92 E0.0000
G1 F2400.000
G1 Z3.200
G1 X189.250 Y78.700
G1 X189.250 Y75.000 E0.1226 
G92 E0.0000
; segment
G92 E0.0000
G1 F2400.000
G1 Z3.200
G1 X189.250 Y75.000
G1 X189.250 Y65.750 E0.3066 
G1 X184.250 Y65.750 E0.4723 
G92 E0.0000
; segment
G92 E0.0000
G1 F2400.000
G1 Z3.200
G1 X183.750 Y66.250
G1 X184.250 Y66.250 E0.0166 
G1 X184.250 Y75.000 E0.3066 
G92 E0.0000
; segment
G92 E0.0000
G1 F2400.000
G1 Z3.200
G1 X184.250 Y75.000
G1 X184.250 Y108.300 E1.1037 
G92 E0.0000
; segment
G92 E0.0000
G1 F2400.000
G1 Z3.200
G1 X184.250 Y108.300
G1 X184.250 Y112.000 E0.1226 
G92 E0.0000
; segment
G92 E0.0000
G1 F2400.000
G1 Z3.200
G1 X184.250 Y112.000
G1 X184.250 Y120.750 E0.2900 
G1 X184.750 Y120.750 E0.3066 
G1 X184.750 Y112.000 E0.5966 
G92 E0.0000
; segment
G92 E0.0000
G1 F2400.000
G1 Z3.200
G1 X184.750 Y112.000
G1 X184.750 Y78.700 E1.1037 
G92 E0.0000
; segment
G92 E0.0000
G1 F2400.000
G1 Z3.200
G1 X184.750 Y78.700
G1 X184.750 Y75.000 E0.1226 
G92 E0.0000
; segment
G92 E0.0000
G1 F2400.000
G1 Z3.200
G1 X184.750 Y75.000
G1 X184.750 Y66.250 E0.2900 
G1 X185.250 Y66.250 E0.3066 
G1 X185.250 Y75.000 E0.5966 
G92 E0.0000
; segment
G92 E0.0000
G1 F2400.000
G1 Z3.200
G1 X185.250 Y75.000
G1 X185.250 Y108.300 E1.1037 
G92 E0.0000
; segment
G92 E0.0000
G1 F2400.000
G1 Z3.200
G1 X185.250 Y108.300
G1 X185.250 Y112.000 E0.1226 
G92 E0.0000
; segment
G92 E0.0000
G1 F2400.000
G1 Z3.200
G1 X185.250 Y112.000
G1 X185.250 Y120.750 E0.2900 
G1 X185.750 Y120.750 E0.3066 
G1 X185.750 Y112.000 E0.5966 
G92 E0.0000
; segment
G92 E0.0000
G1 F2400.000
G1 Z3.200
G1 X185.750 Y112.000
G1 X185.750 Y78.700 E1.1037 
G92 E0.0000
; segment
G92 E0.0000
G1 F2400.000
G1 Z3.200
G1 X185.750 Y78.700
G1 X185.750 Y75.000 E0.1226 
G92 E0.0000
; segment
G92 E0.0000
G1 F2400.000
G1 Z3.200
G1 X185.750 Y75.000
G1 X185.750 Y66.250 E0.2900 
G1 X186.250 Y66.250 E0.3066 
G1 X186.250 Y75.000 E0.5966 
G92 E0.0000
; segment
G92 E0.0000
G1 F2400.000
G1 Z3.200
G1 X186.250 Y75.000
G1 X186.250 Y108.300 E1.1037 
G92 E0.0000
; segment
G92 E0.0000
G1 F2400.000
G1 Z3.200
G1 X186.250 Y108.300
G1 X186.250 Y112.000 E0.1226 
G92 E0.0000
; segment
G92 E0.0000
G1 F2400.000
G1 Z3.200
G1 X186.250 Y112.000
G1 X186.250 Y120.750 E0.2900 
G1 X186.750 Y120.750 E0.3066 
G1 X186.750 Y112.000 E0.5966 
G92 E0.0000
; segment
G92 E0.0000
G1 F2400.000
G1 Z3.200
G1 X186.750 Y112.000
G1 X186.750 Y78.700 E1.1037 
G92 E0.0000
; segment
G92 E0.0000
G1 F2400.000
G1 Z3.200
G1 X186.750 Y78.700
G1 X186.750 Y75.000 E0.1226 
G92 E0.0000
; segment
G92 E0.0000
G1 F2400.000
G1 Z3.200
G1 X186.750 Y75.000
G1 X186.750 Y66.250 E0.2900 
G1 X187.250 Y66.250 E0.3066 
G1 X187.250 Y75.000 E0.5966 
G92 E0.0000
; segment
G92 E0.0000
G1 F2400.000
G1 Z3.200
G1 X187.250 Y75.000
G1 X187.250 Y108.300 E1.1037 
G92 E0.0000
; segment
G92 E0.0000
G1 F2400.000
G1 Z3.200
G1 X187.250 Y108.300
G1 X187.250 Y112.000 E0.1226 
G92 E0.0000
; segment
G92 E0.0000
G1 F2400.000
G1 Z3.200
G1 X187.250 Y112.000
G1 X187.250 Y120.750 E0.2900 
G1 X187.750 Y120.750 E0.3066 
G1 X187.750 Y112.000 E0.5966 
G92 E0.0000
; segment
G92 E0.0000
G1 F2400.000
G1 Z3.200
G1 X187.750 Y112.000
G1 X187.750 Y78.700 E1.1037 
G92 E0.0000
; segment
G92 E0.0000
G1 F2400.000
G1 Z3.200
G1 X187.750 Y78.700
G1 X187.750 Y75.000 E0.1226 
G92 E0.0000
; segment
G92 E0.0000
G1 F2400.000
G1 Z3.200
G1 X187.750 Y75.000
G1 X187.750 Y66.250 E0.2900 
G1 X188.250 Y66.250 E0.3066 
G1 X188.250 Y75.000 E0.5966 
G92 E0.0000
; segment
G92 E0.0000
G1 F2400.000
G1 Z3.200
G1 X188.250 Y75.000
G1 X188.250 Y108.300 E1.1037 
G92 E0.0000
; segment
G92 E0.0000
G1 F2400.000
G1 Z3.200
G1 X188.250 Y108.300
G1 X188.250 Y112.000 E0.1226 
G92 E0.0000
; segment
G92 E0.0000
G1 F2400.000
G1 Z3.200
G1 X188.250 Y112.000
G1 X188.250 Y120.750 E0.2900 
G1 X188.750 Y120.750 E0.3066 
G1 X188.750 Y112.000 E0.5966 
G92 E0.0000
; segment
G92 E0.0000
G1 F2400.000
G1 Z3.200
G1 X188.750 Y112.000
G1 X188.750 Y78.700 E1.1037 
G92 E0.0000
; segment
G92 E0.0000
G1 F2400.000
G1 Z3.200
G1 X188.750 Y78.700
G1 X188.750 Y75.000 E0.1226 
G92 E0.0000
; segment
G92 E0.0000
G1 F2400.000
G1 Z3.200
G1 X188.750 Y75.000
G1 X188.750 Y66.250 E0.2900 
G92 E0.0000
; jumping
G92 E3.0000
G1 E0 F2400
G1 X183.750 Y51.250 F12000.000
G1 E3 F2400
G92 E0.0000
; segment
G92 E0.0000
G1 F2400.000
G1 Z3.200
G1 X183.750 Y51.250
G1 X183.750 Y75.000 E0.7872 
G92 E0.0000
; segment
G92 E0.0000
G1 F2400.000
G1 Z3.200
G1 X183.750 Y75.000
G1 X183.750 Y108.300 E1.1037 
G92 E0.0000
; segment
G92 E0.0000
G1 F2400.000
G1 Z3.200
G1 X183.750 Y108.300
G1 X183.750 Y112.000 E0.1226 
G92 E0.0000
; segment
G92 E0.0000
G1 F2400.000
G1 Z3.200
G1 X183.750 Y112.000
G1 X183.750 Y135.750 E0.7872 
G1 X183.250 Y135.750 E0.8038 
G1 X183.250 Y112.000 E1.5910 
G92 E0.0000
; segment
G92 E0.0000
G1 F2400.000
G1 Z3.200
G1 X183.250 Y112.000
G1 X183.250 Y78.700 E1.1037 
G92 E0.0000
; segment
G92 E0.0000
G1 F2400.000
G1 Z3.200
G1 X183.250 Y78.700
G1 X183.250 Y75.000 E0.1226 
G92 E0.0000
; segment
G92 E0.0000
G1 F2400.000
G1 Z3.200
G1 X183.250 Y75.000
G1 X183.250 Y51.250 E0.7872 
G1 X182.750 Y51.250 E0.8038 
G1 X182.750 Y75.000 E1.5910 
G92 E0.0000
; segment
G92 E0.0000
G1 F2400.000
G1 Z3.200
G1 X182.750 Y75.000
G1 X182.750 Y108.300 E1.1037 
G92 E0.0000
; segment
G92 E0.0000
G1 F2400.000
G1 Z3.200
G1 X182.750 Y108.300
G1 X182.750 Y112.000 E0.1226 
G92 E0.0000
; segment
G92 E0.0000
G1 F2400.000
G1 Z3.200
G1 X182.750 Y112.000
G1 X182.750 Y135.750 E0.7872 
G1 X182.250 Y135.750 E0.8038 
G1 X182.250 Y112.000 E1.5910 
G92 E0.0000
; segment
G92 E0.0000
G1 F2400.000
G1 Z3.200
G1 X182.250 Y112.000
G1 X182.250 Y78.700 E1.1037 
G92 E0.0000
; segment
G92 E0.0000
G1 F2400.000
G1 Z3.200
G1 X182.250 Y78.700
G1 X182.250 Y75.000 E0.1226 
G92 E0.0000
; segment
G92 E0.0000
G1 F2400.000
G1 Z3.200
G1 X182.250 Y75.000
G1 X182.250 Y51.250 E0.7872 
G1 X181.750 Y51.250 E0.8038 
G1 X181.750 Y75.000 E1.5910 
G92 E0.0000
; segment
G92 E0.0000
G1 F2400.000
G1 Z3.200
G1 X181.750 Y75.000
G1 X181.750 Y108.300 E1.1037 
G92 E0.0000
; segment
G92 E0.0000
G1 F2400.000
G1 Z3.200
G1 X181.750 Y108.300
G1 X181.750 Y112.000 E0.1226 
G92 E0.0000
; segment
G92 E0.0000
G1 F2400.000
G1 Z3.200
G1 X181.750 Y112.000
G1 X181.750 Y135.750 E0.7872 
G1 X181.250 Y135.750 E0.8038 
G1 X181.250 Y112.000 E1.5910 
G92 E0.0000
; segment
G92 E0.0000
G1 F2400.000
G1 Z3.200
G1 X181.250 Y112.000
G1 X181.250 Y78.700 E1.1037 
G92 E0.0000
; segment
G92 E0.0000
G1 F2400.000
G1 Z3.200
G1 X181.250 Y78.700
G1 X181.250 Y75.000 E0.1226 
G92 E0.0000
; segment
G92 E0.0000
G1 F2400.000
G1 Z3.200
G1 X181.250 Y75.000
G1 X181.250 Y51.250 E0.7872 
G1 X180.750 Y51.250 E0.8038 
G1 X180.750 Y75.000 E1.5910 
G92 E0.0000
; segment
G92 E0.0000
G1 F2400.000
G1 Z3.200
G1 X180.750 Y75.000
G1 X180.750 Y108.300 E1.1037 
G92 E0.0000
; segment
G92 E0.0000
G1 F2400.000
G1 Z3.200
G1 X180.750 Y108.300
G1 X180.750 Y112.000 E0.1226 
G92 E0.0000
; segment
G92 E0.0000
G1 F2400.000
G1 Z3.200
G1 X180.750 Y112.000
G1 X180.750 Y135.750 E0.7872 
G1 X180.250 Y135.750 E0.8038 
G1 X180.250 Y112.000 E1.5910 
G92 E0.0000
; segment
G92 E0.0000
G1 F2400.000
G1 Z3.200
G1 X180.250 Y112.000
G1 X180.250 Y78.700 E1.1037 
G92 E0.0000
; segment
G92 E0.0000
G1 F2400.000
G1 Z3.200
G1 X180.250 Y78.700
G1 X180.250 Y75.000 E0.1226 
G92 E0.0000
; segment
G92 E0.0000
G1 F2400.000
G1 Z3.200
G1 X180.250 Y75.000
G1 X180.250 Y51.250 E0.7872 
G1 X179.750 Y51.250 E0.8038 
G1 X179.750 Y75.000 E1.5910 
G92 E0.0000
; segment
G92 E0.0000
G1 F2400.000
G1 Z3.200
G1 X179.750 Y75.000
G1 X179.750 Y108.300 E1.1037 
G92 E0.0000
; segment
G92 E0.0000
G1 F2400.000
G1 Z3.200
G1 X179.750 Y108.300
G1 X179.750 Y112.000 E0.1226 
G92 E0.0000
; segment
G92 E0.0000
G1 F2400.000
G1 Z3.200
G1 X179.750 Y112.000
G1 X179.750 Y135.750 E0.7872 
G1 X179.250 Y135.750 E0.8038 
G1 X179.250 Y112.000 E1.5910 
G92 E0.0000
; segment
G92 E0.0000
G1 F2400.000
G1 Z3.200
G1 X179.250 Y112.000
G1 X179.250 Y78.700 E1.1037 
G92 E0.0000
; segment
G92 E0.0000
G1 F2400.000
G1 Z3.200
G1 X179.250 Y78.700
G1 X179.250 Y75.000 E0.1226 
G92 E0.0000
; segment
G92 E0.0000
G1 F2400.000
G1 Z3.200
G1 X179.250 Y75.000
G1 X179.250 Y51.250 E0.7872 
G1 X178.750 Y51.250 E0.8038 
G1 X178.750 Y75.000 E1.5910 
G92 E0.0000
; segment
G92 E0.0000
G1 F2400.000
G1 Z3.200
G1 X178.750 Y75.000
G1 X178.750 Y108.300 E1.1037 
G92 E0.0000
; segment
G92 E0.0000
G1 F2400.000
G1 Z3.200
G1 X178.750 Y108.300
G1 X178.750 Y112.000 E0.1226 
G92 E0.0000
; segment
G92 E0.0000
G1 F2400.000
G1 Z3.200
G1 X178.750 Y112.000
G1 X178.750 Y135.750 E0.7872 
G1 X178.250 Y135.750 E0.8038 
G1 X178.250 Y112.000 E1.5910 
G92 E0.0000
; segment
G92 E0.0000
G1 F2400.000
G1 Z3.200
G1 X178.250 Y112.000
G1 X178.250 Y78.700 E1.1037 
G92 E0.0000
; segment
G92 E0.0000
G1 F2400.000
G1 Z3.200
G1 X178.250 Y78.700
G1 X178.250 Y75.000 E0.1226 
G92 E0.0000
; segment
G92 E0.0000
G1 F2400.000
G1 Z3.200
G1 X178.250 Y75.000
G1 X178.250 Y51.250 E0.7872 
G1 X177.750 Y51.250 E0.8038 
G1 X177.750 Y75.000 E1.5910 
G92 E0.0000
; segment
G92 E0.0000
G1 F2400.000
G1 Z3.200
G1 X177.750 Y75.000
G1 X177.750 Y108.300 E1.1037 
G92 E0.0000
; segment
G92 E0.0000
G1 F2400.000
G1 Z3.200
G1 X177.750 Y108.300
G1 X177.750 Y112.000 E0.1226 
G92 E0.0000
; segment
G92 E0.0000
G1 F2400.000
G1 Z3.200
G1 X177.750 Y112.000
G1 X177.750 Y135.750 E0.7872 
G1 X177.250 Y135.750 E0.8038 
G1 X177.250 Y112.000 E1.5910 
G92 E0.0000
; segment
G92 E0.0000
G1 F2400.000
G1 Z3.200
G1 X177.250 Y112.000
G1 X177.250 Y78.700 E1.1037 
G92 E0.0000
; segment
G92 E0.0000
G1 F2400.000
G1 Z3.200
G1 X177.250 Y78.700
G1 X177.250 Y75.000 E0.1226 
G92 E0.0000
; segment
G92 E0.0000
G1 F2400.000
G1 Z3.200
G1 X177.250 Y75.000
G1 X177.250 Y51.250 E0.7872 
G1 X176.750 Y51.250 E0.8038 
G1 X176.750 Y75.000 E1.5910 
G92 E0.0000
; segment
G92 E0.0000
G1 F2400.000
G1 Z3.200
G1 X176.750 Y75.000
G1 X176.750 Y108.300 E1.1037 
G92 E0.0000
; segment
G92 E0.0000
G1 F2400.000
G1 Z3.200
G1 X176.750 Y108.300
G1 X176.750 Y112.000 E0.1226 
G92 E0.0000
; segment
G92 E0.0000
G1 F2400.000
G1 Z3.200
G1 X176.750 Y112.000
G1 X176.750 Y135.750 E0.7872 
G1 X176.250 Y135.750 E0.8038 
G1 X176.250 Y112.000 E1.5910 
G92 E0.0000
; segment
G92 E0.0000
G1 F2400.000
G1 Z3.200
G1 X176.250 Y112.000
G1 X176.250 Y78.700 E1.1037 
G92 E0.0000
; segment
G92 E0.0000
G1 F2400.000
G1 Z3.200
G1 X176.250 Y78.700
G1 X176.250 Y75.000 E0.1226 
G92 E0.0000
; segment
G92 E0.0000
G1 F2400.000
G1 Z3.200
G1 X176.250 Y75.000
G1 X176.250 Y66.250 E0.2900 
G1 X175.750 Y66.250 E0.3066 
G1 X175.750 Y75.000 E0.5966 
G92 E0.0000
; segment
G92 E0.0000
G1 F2400.000
G1 Z3.200
G1 X175.750 Y75.000
G1 X175.750 Y108.300 E1.1037 
G92 E0.0000
; segment
G92 E0.0000
G1 F2400.000
G1 Z3.200
G1 X175.750 Y108.300
G1 X175.750 Y112.000 E0.1226 
G92 E0.0000
; segment
G92 E0.0000
G1 F2400.000
G1 Z3.200
G1 X175.750 Y112.000
G1 X175.750 Y120.750 E0.2900 
G1 X175.250 Y120.750 E0.3066 
G1 X175.250 Y112.000 E0.5966 
G92 E0.0000
; segment
G92 E0.0000
G1 F2400.000
G1 Z3.200
G1 X175.250 Y112.000
G1 X175.250 Y78.700 E1.1037 
G92 E0.0000
; segment
G92 E0.0000
G1 F2400.000
G1 Z3.200
G1 X175.250 Y78.700
G1 X175.250 Y75.000 E0.1226 
G92 E0.0000
; segment
G92 E0.0000
G1 F2400.000
G1 Z3.200
G1 X175.250 Y75.000
G1 X175.250 Y66.250 E0.2900 
G1 X174.750 Y66.250 E0.3066 
G1 X174.750 Y75.000 E0.5966 
G92 E0.0000
; segment
G92 E0.0000
G1 F2400.000
G1 Z3.200
G1 X174.750 Y75.000
G1 X174.750 Y108.300 E1.1037 
G92 E0.0000
; segment
G92 E0.0000
G1 F2400.000
G1 Z3.200
G1 X174.750 Y108.300
G1 X174.750 Y112.000 E0.1226 
G92 E0.0000
; segment
G92 E0.0000
G1 F2400.000
G1 Z3.200
G1 X174.750 Y112.000
G1 X174.750 Y120.750 E0.2900 
G1 X174.250 Y120.750 E0.3066 
G1 X174.250 Y112.000 E0.5966 
G92 E0.0000
; segment
G92 E0.0000
G1 F2400.000
G1 Z3.200
G1 X174.250 Y112.000
G1 X174.250 Y78.700 E1.1037 
G92 E0.0000
; segment
G92 E0.0000
G1 F2400.000
G1 Z3.200
G1 X174.250 Y78.700
G1 X174.250 Y75.000 E0.1226 
G92 E0.0000
; segment
G92 E0.0000
G1 F2400.000
G1 Z3.200
G1 X174.250 Y75.000
G1 X174.250 Y66.250 E0.2900 
G1 X173.750 Y66.250 E0.3066 
G1 X173.750 Y75.000 E0.5966 
G92 E0.0000
; segment
G92 E0.0000
G1 F2400.000
G1 Z3.200
G1 X173.750 Y75.000
G1 X173.750 Y108.300 E1.1037 
G92 E0.0000
; segment
G92 E0.0000
G1 F2400.000
G1 Z3.200
G1 X173.750 Y108.300
G1 X173.750 Y112.000 E0.1226 
G92 E0.0000
; segment
G92 E0.0000
G1 F2400.000
G1 Z3.200
G1 X173.750 Y112.000
G1 X173.750 Y120.750 E0.2900 
G1 X173.250 Y120.750 E0.3066 
G1 X173.250 Y112.000 E0.5966 
G92 E0.0000
; segment
G92 E0.0000
G1 F2400.000
G1 Z3.200
G1 X173.250 Y112.000
G1 X173.250 Y78.700 E1.1037 
G92 E0.0000
; segment
G92 E0.0000
G1 F2400.000
G1 Z3.200
G1 X173.250 Y78.700
G1 X173.250 Y75.000 E0.1226 
G92 E0.0000
; segment
G92 E0.0000
G1 F2400.000
G1 Z3.200
G1 X173.250 Y75.000
G1 X173.250 Y66.250 E0.2900 
G1 X172.750 Y66.250 E0.3066 
G1 X172.750 Y75.000 E0.5966 
G92 E0.0000
; segment
G92 E0.0000
G1 F2400.000
G1 Z3.200
G1 X172.750 Y75.000
G1 X172.750 Y108.300 E1.1037 
G92 E0.0000
; segment
G92 E0.0000
G1 F2400.000
G1 Z3.200
G1 X172.750 Y108.300
G1 X172.750 Y112.000 E0.1226 
G92 E0.0000
; segment
G92 E0.0000
G1 F2400.000
G1 Z3.200
G1 X172.750 Y112.000
G1 X172.750 Y120.750 E0.2900 
G1 X172.250 Y120.750 E0.3066 
G1 X172.250 Y112.000 E0.5966 
G92 E0.0000
; segment
G92 E0.0000
G1 F2400.000
G1 Z3.200
G1 X172.250 Y112.000
G1 X172.250 Y78.700 E1.1037 
G92 E0.0000
; segment
G92 E0.0000
G1 F2400.000
G1 Z3.200
G1 X172.250 Y78.700
G1 X172.250 Y75.000 E0.1226 
G92 E0.0000
; segment
G92 E0.0000
G1 F2400.000
G1 Z3.200
G1 X172.250 Y75.000
G1 X172.250 Y66.250 E0.2900 
G1 X171.750 Y66.250 E0.3066 
G1 X171.750 Y75.000 E0.5966 
G92 E0.0000
; segment
G92 E0.0000
G1 F2400.000
G1 Z3.200
G1 X171.750 Y75.000
G1 X171.750 Y108.300 E1.1037 
G92 E0.0000
; segment
G92 E0.0000
G1 F2400.000
G1 Z3.200
G1 X171.750 Y108.300
G1 X171.750 Y112.000 E0.1226 
G92 E0.0000
; segment
G92 E0.0000
G1 F2400.000
G1 Z3.200
G1 X171.750 Y112.000
G1 X171.750 Y120.750 E0.2900 
G1 X171.250 Y120.750 E0.3066 
G1 X171.250 Y112.000 E0.5966 
G92 E0.0000
; segment
G92 E0.0000
G1 F2400.000
G1 Z3.200
G1 X171.250 Y112.000
G1 X171.250 Y78.700 E1.1037 
G92 E0.0000
; segment
G92 E0.0000
G1 F2400.000
G1 Z3.200
G1 X171.250 Y78.700
G1 X171.250 Y75.000 E0.1226 
G92 E0.0000
; segment
G92 E0.0000
G1 F2400.000
G1 Z3.200
G1 X171.250 Y75.000
G1 X171.250 Y66.250 E0.2900 
G92 E0.0000
; jumping
G92 E3.0000
G1 E0 F2400
G1 X170.250 Y65.250 F12000.000
G1 E3 F2400
G92 E0.0000
; segment
G92 E0.0000
G1 F2400.000
G1 Z3.400
G1 X170.250 Y65.250
G1 X170.250 Y75.000 E0.3232 
G92 E0.0000
; segment
G92 E0.0000
G1 F2400.000
G1 Z3.400
G1 X170.250 Y75.000
G1 X170.250 Y108.300 E1.1037 
G92 E0.0000
; segment
G92 E0.0000
G1 F2400.000
G1 Z3.400
G1 X170.250 Y108.300
G1 X170.250 Y112.000 E0.1226 
G92 E0.0000
; segment
G92 E0.0000
G1 F2400.000
G1 Z3.400
G1 X170.250 Y112.000
G1 X170.250 Y121.750 E0.3232 
G1 X175.150 Y121.750 E0.4856 
G1 X175.150 Y136.750 E0.9828 
G1 X184.850 Y136.750 E1.3043 
G1 X184.850 Y121.750 E1.8014 
G1 X189.750 Y121.750 E1.9638 
G1 X189.750 Y112.000 E2.2870 
G92 E0.0000
; segment
G92 E0.0000
G1 F2400.000
G1 Z3.400
G1 X189.750 Y112.000
G1 X189.750 Y78.700 E1.1037 
G92 E0.0000
; segment
G92 E0.0000
G1 F2400.000
G1 Z3.400
G1 X189.750 Y78.700
G1 X189.750 Y75.000 E0.1226 
G92 E0.0000
; segment
G92 E0.0000
G1 F2400.000
G1 Z3.400
G1 X189.750 Y75.000
G1 X189.750 Y65.250 E0.3232 
G1 X184.750 Y65.250 E0.4889 
G1 X184.750 Y50.250 E0.9861 
G1 X175.250 Y50.250 E1.3009 
G1 X175.250 Y65.250 E1.7981 
G1 X170.250 Y65.250 E1.9638 
G92 E0.0000
; segment
G92 E0.0000
G1 F2400.000
G1 Z3.400
G1 X170.750 Y65.750
G1 X170.750 Y75.000 E0.3066 
G92 E0.0000
; segment
G92 E0.0000
G1 F2400.000
G1 Z3.400
G1 X170.750 Y75.000
G1 X170.750 Y108.300 E1.1037 
G92 E0.0000
; segment
G92 E0.0000
G1 F2400.000
G1 Z3.400
G1 X170.750 Y108.300
G1 X170.750 Y112.000 E0.1226 
G92 E0.0000
; segment
G92 E0.0000
G1 F2400.000
G1 Z3.400
G1 X170.750 Y112.000
G1 X170.750 Y121.250 E0.3066 
G1 X175.650 Y121.250 E0.4690 
G1 X175.650 Y136.250 E0.9662 
G1 X184.350 Y136.250 E1.2545 
G1 X184.350 Y121.250 E1.7517 
G1 X189.250 Y121.250 E1.9141 
G1 X189.250 Y112.000 E2.2207 
G92 E0.0000
; segment
G92 E0.0000
G1 F2400.000
G1 Z3.400
G1 X189.250 Y112.000
G1 X189.250 Y78.700 E1.1037 
G92 E0.0000
; segment
G92 E0.0000
G1 F2400.000
G1 Z3.400
G1 X189.250 Y78.700
G1 X189.250 Y75.000 E0.1226 
G92 E0.0000
; segment
G92 E0.0000
G1 F2400.000
G1 Z3.400
G1 X189.250 Y75.000
G1 X189.250 Y65.750 E0.3066 
G1 X184.250 Y65.750 E0.4723 
G1 X184.250 Y50.750 E0.9695 
G1 X175.750 Y50.750 E1.2512 
G1 X175.750 Y65.750 E1.7484 
G1 X170.750 Y65.750 E1.9141 
G92 E0.0000
; segment
G92 E0.0000
G1 F2400.000
G1 Z3.400
G1 X171.250 Y66.250
G1 X171.250 Y75.000 E0.2900 
G92 E0.0000
; segment
G92 E0.0000
G1 F2400.000
G1 Z3.400
G1 X171.250 Y75.000
G1 X171.250 Y108.300 E1.1037 
G92 E0.0000
; segment
G92 E0.0000
G1 F2400.000
G1 Z3.400
G1 X171.250 Y108.300
G1 X171.250 Y112.000 E0.1226 
G92 E0.0000
; segment
G92 E0.0000
G1 F2400.000
G1 Z3.400
G1 X171.250 Y112.000
G1 X171.250 Y120.750 E0.2900 
G1 X171.750 Y120.750 E0.3066 
G1 X171.750 Y112.000 E0.5966 
G92 E0.0000
; segment
G92 E0.0000
G1 F2400.000
G1 Z3.400
G1 X171.750 Y112.000
G1 X171.750 Y78.700 E1.1037 
G92 E0.0000
; segment
G92 E0.0000
G1 F2400.000
G1 Z3.400
G1 X171.750 Y78.700
G1 X171.750 Y75.000 E0.1226 
G92 E0.0000
; segment
G92 E0.0000
G1 F2400.000
G1 Z3.400
G1 X171.750 Y75.000
G1 X171.750 Y66.250 E0.2900 
G1 X172.250 Y66.250 E0.3066 
G1 X172.250 Y75.000 E0.5966 
G92 E0.0000
; segment
G92 E0.0000
G1 F2400.000
G1 Z3.400
G1 X172.250 Y75.000
G1 X172.250 Y108.300 E1.1037 
G92 E0.0000
; segment
G92 E0.0000
G1 F2400.000
G1 Z3.400
G1 X172.250 Y108.300
G1 X172.250 Y112.000 E0.1226 
G92 E0.0000
; segment
G92 E0.0000
G1 F2400.000
G1 Z3.400
G1 X172.250 Y112.000
G1 X172.250 Y120.750 E0.2900 
G1 X172.750 Y120.750 E0.3066 
G1 X172.750 Y112.000 E0.5966 
G92 E0.0000
; segment
G92 E0.0000
G1 F2400.000
G1 Z3.400
G1 X172.750 Y112.000
G1 X172.750 Y78.700 E1.1037 
G92 E0.0000
; segment
G92 E0.0000
G1 F2400.000
G1 Z3.400
G1 X172.750 Y78.700
G1 X172.750 Y75.000 E0.1226 
G92 E0.0000
; segment
G92 E0.0000
G1 F2400.000
G1 Z3.400
G1 X172.750 Y75.000
G1 X172.750 Y66.250 E0.2900 
G1 X173.250 Y66.250 E0.3066 
G1 X173.250 Y75.000 E0.5966 
G92 E0.0000
; segment
G92 E0.0000
G1 F2400.000
G1 Z3.400
G1 X173.250 Y75.000
G1 X173.250 Y108.300 E1.1037 
G92 E0.0000
; segment
G92 E0.0000
G1 F2400.000
G1 Z3.400
G1 X173.250 Y108.300
G1 X173.250 Y112.000 E0.1226 
G92 E0.0000
; segment
G92 E0.0000
G1 F2400.000
G1 Z3.400
G1 X173.250 Y112.000
G1 X173.250 Y120.750 E0.2900 
G1 X173.750 Y120.750 E0.3066 
G1 X173.750 Y112.000 E0.5966 
G92 E0.0000
; segment
G92 E0.0000
G1 F2400.000
G1 Z3.400
G1 X173.750 Y112.000
G1 X173.750 Y78.700 E1.1037 
G92 E0.0000
; segment
G92 E0.0000
G1 F2400.000
G1 Z3.400
G1 X173.750 Y78.700
G1 X173.750 Y75.000 E0.1226 
G92 E0.0000
; segment
G92 E0.0000
G1 F2400.000
G1 Z3.400
G1 X173.750 Y75.000
G1 X173.750 Y66.250 E0.2900 
G1 X174.250 Y66.250 E0.3066 
G1 X174.250 Y75.000 E0.5966 
G92 E0.0000
; segment
G92 E0.0000
G1 F2400.000
G1 Z3.400
G1 X174.250 Y75.000
G1 X174.250 Y108.300 E1.1037 
G92 E0.0000
; segment
G92 E0.0000
G1 F2400.000
G1 Z3.400
G1 X174.250 Y108.300
G1 X174.250 Y112.000 E0.1226 
G92 E0.0000
; segment
G92 E0.0000
G1 F2400.000
G1 Z3.400
G1 X174.250 Y112.000
G1 X174.250 Y120.750 E0.2900 
G1 X174.750 Y120.750 E0.3066 
G1 X174.750 Y112.000 E0.5966 
G92 E0.0000
; segment
G92 E0.0000
G1 F2400.000
G1 Z3.400
G1 X174.750 Y112.000
G1 X174.750 Y78.700 E1.1037 
G92 E0.0000
; segment
G92 E0.0000
G1 F2400.000
G1 Z3.400
G1 X174.750 Y78.700
G1 X174.750 Y75.000 E0.1226 
G92 E0.0000
; segment
G92 E0.0000
G1 F2400.000
G1 Z3.400
G1 X174.750 Y75.000
G1 X174.750 Y66.250 E0.2900 
G1 X175.250 Y66.250 E0.3066 
G1 X175.250 Y75.000 E0.5966 
G92 E0.0000
; segment
G92 E0.0000
G1 F2400.000
G1 Z3.400
G1 X175.250 Y75.000
G1 X175.250 Y108.300 E1.1037 
G92 E0.0000
; segment
G92 E0.0000
G1 F2400.000
G1 Z3.400
G1 X175.250 Y108.300
G1 X175.250 Y112.000 E0.1226 
G92 E0.0000
; segment
G92 E0.0000
G1 F2400.000
G1 Z3.400
G1 X175.250 Y112.000
G1 X175.250 Y120.750 E0.2900 
G1 X175.750 Y120.750 E0.3066 
G1 X175.750 Y112.000 E0.5966 
G92 E0.0000
; segment
G92 E0.0000
G1 F2400.000
G1 Z3.400
G1 X175.750 Y112.000
G1 X175.750 Y78.700 E1.1037 
G92 E0.0000
; segment
G92 E0.0000
G1 F2400.000
G1 Z3.400
G1 X175.750 Y78.700
G1 X175.750 Y75.000 E0.1226 
G92 E0.0000
; segment
G92 E0.0000
G1 F2400.000
G1 Z3.400
G1 X175.750 Y75.000
G1 X175.750 Y66.250 E0.2900 
G1 X176.250 Y66.250 E0.3066 
G1 X176.250 Y75.000 E0.5966 
G92 E0.0000
; segment
G92 E0.0000
G1 F2400.000
G1 Z3.400
G1 X176.250 Y75.000
G1 X176.250 Y108.300 E1.1037 
G92 E0.0000
; segment
G92 E0.0000
G1 F2400.000
G1 Z3.400
G1 X176.250 Y108.300
G1 X176.250 Y112.000 E0.1226 
G92 E0.0000
; segment
G92 E0.0000
G1 F2400.000
G1 Z3.400
G1 X176.250 Y112.000
G1 X176.250 Y135.750 E0.7872 
G1 X176.750 Y135.750 E0.8038 
G1 X176.750 Y112.000 E1.5910 
G92 E0.0000
; segment
G92 E0.0000
G1 F2400.000
G1 Z3.400
G1 X176.750 Y112.000
G1 X176.750 Y78.700 E1.1037 
G92 E0.0000
; segment
G92 E0.0000
G1 F2400.000
G1 Z3.400
G1 X176.750 Y78.700
G1 X176.750 Y75.000 E0.1226 
G92 E0.0000
; segment
G92 E0.0000
G1 F2400.000
G1 Z3.400
G1 X176.750 Y75.000
G1 X176.750 Y51.250 E0.7872 
G1 X177.250 Y51.250 E0.8038 
G1 X177.250 Y75.000 E1.5910 
G92 E0.0000
; segment
G92 E0.0000
G1 F2400.000
G1 Z3.400
G1 X177.250 Y75.000
G1 X177.250 Y108.300 E1.1037 
G92 E0.0000
; segment
G92 E0.0000
G1 F2400.000
G1 Z3.400
G1 X177.250 Y108.300
G1 X177.250 Y112.000 E0.1226 
G92 E0.0000
; segment
G92 E0.0000
G1 F2400.000
G1 Z3.400
G1 X177.250 Y112.000
G1 X177.250 Y135.750 E0.7872 
G1 X177.750 Y135.750 E0.8038 
G1 X177.750 Y112.000 E1.5910 
G92 E0.0000
; segment
G92 E0.0000
G1 F2400.000
G1 Z3.400
G1 X177.750 Y112.000
G1 X177.750 Y78.700 E1.1037 
G92 E0.0000
; segment
G92 E0.0000
G1 F2400.000
G1 Z3.400
G1 X177.750 Y78.700
G1 X177.750 Y75.000 E0.1226 
G92 E0.0000
; segment
G92 E0.0000
G1 F2400.000
G1 Z3.400
G1 X177.750 Y75.000
G1 X177.750 Y51.250 E0.7872 
G1 X178.250 Y51.250 E0.8038 
G1 X178.250 Y75.000 E1.5910 
G92 E0.0000
; segment
G92 E0.0000
G1 F2400.000
G1 Z3.400
G1 X178.250 Y75.000
G1 X178.250 Y108.300 E1.1037 
G92 E0.0000
; segment
G92 E0.0000
G1 F2400.000
G1 Z3.400
G1 X178.250 Y108.300
G1 X178.250 Y112.000 E0.1226 
G92 E0.0000
; segment
G92 E0.0000
G1 F2400.000
G1 Z3.400
G1 X178.250 Y112.000
G1 X178.250 Y135.750 E0.7872 
G1 X178.750 Y135.750 E0.8038 
G1 X178.750 Y112.000 E1.5910 
G92 E0.0000
; segment
G92 E0.0000
G1 F2400.000
G1 Z3.400
G1 X178.750 Y112.000
G1 X178.750 Y78.700 E1.1037 
G92 E0.0000
; segment
G92 E0.0000
G1 F2400.000
G1 Z3.400
G1 X178.750 Y78.700
G1 X178.750 Y75.000 E0.1226 
G92 E0.0000
; segment
G92 E0.0000
G1 F2400.000
G1 Z3.400
G1 X178.750 Y75.000
G1 X178.750 Y51.250 E0.7872 
G1 X179.250 Y51.250 E0.8038 
G1 X179.250 Y75.000 E1.5910 
G92 E0.0000
; segment
G92 E0.0000
G1 F2400.000
G1 Z3.400
G1 X179.250 Y75.000
G1 X179.250 Y108.300 E1.1037 
G92 E0.0000
; segment
G92 E0.0000
G1 F2400.000
G1 Z3.400
G1 X179.250 Y108.300
G1 X179.250 Y112.000 E0.1226 
G92 E0.0000
; segment
G92 E0.0000
G1 F2400.000
G1 Z3.400
G1 X179.250 Y112.000
G1 X179.250 Y135.750 E0.7872 
G1 X179.750 Y135.750 E0.8038 
G1 X179.750 Y112.000 E1.5910 
G92 E0.0000
; segment
G92 E0.0000
G1 F2400.000
G1 Z3.400
G1 X179.750 Y112.000
G1 X179.750 Y78.700 E1.1037 
G92 E0.0000
; segment
G92 E0.0000
G1 F2400.000
G1 Z3.400
G1 X179.750 Y78.700
G1 X179.750 Y75.000 E0.1226 
G92 E0.0000
; segment
G92 E0.0000
G1 F2400.000
G1 Z3.400
G1 X179.750 Y75.000
G1 X179.750 Y51.250 E0.7872 
G1 X180.250 Y51.250 E0.8038 
G1 X180.250 Y75.000 E1.5910 
G92 E0.0000
; segment
G92 E0.0000
G1 F2400.000
G1 Z3.400
G1 X180.250 Y75.000
G1 X180.250 Y108.300 E1.1037 
G92 E0.0000
; segment
G92 E0.0000
G1 F2400.000
G1 Z3.400
G1 X180.250 Y108.300
G1 X180.250 Y112.000 E0.1226 
G92 E0.0000
; segment
G92 E0.0000
G1 F2400.000
G1 Z3.400
G1 X180.250 Y112.000
G1 X180.250 Y135.750 E0.7872 
G1 X180.750 Y135.750 E0.8038 
G1 X180.750 Y112.000 E1.5910 
G92 E0.0000
; segment
G92 E0.0000
G1 F2400.000
G1 Z3.400
G1 X180.750 Y112.000
G1 X180.750 Y78.700 E1.1037 
G92 E0.0000
; segment
G92 E0.0000
G1 F2400.000
G1 Z3.400
G1 X180.750 Y78.700
G1 X180.750 Y75.000 E0.1226 
G92 E0.0000
; segment
G92 E0.0000
G1 F2400.000
G1 Z3.400
G1 X180.750 Y75.000
G1 X180.750 Y51.250 E0.7872 
G1 X181.250 Y51.250 E0.8038 
G1 X181.250 Y75.000 E1.5910 
G92 E0.0000
; segment
G92 E0.0000
G1 F2400.000
G1 Z3.400
G1 X181.250 Y75.000
G1 X181.250 Y108.300 E1.1037 
G92 E0.0000
; segment
G92 E0.0000
G1 F2400.000
G1 Z3.400
G1 X181.250 Y108.300
G1 X181.250 Y112.000 E0.1226 
G92 E0.0000
; segment
G92 E0.0000
G1 F2400.000
G1 Z3.400
G1 X181.250 Y112.000
G1 X181.250 Y135.750 E0.7872 
G1 X181.750 Y135.750 E0.8038 
G1 X181.750 Y112.000 E1.5910 
G92 E0.0000
; segment
G92 E0.0000
G1 F2400.000
G1 Z3.400
G1 X181.750 Y112.000
G1 X181.750 Y78.700 E1.1037 
G92 E0.0000
; segment
G92 E0.0000
G1 F2400.000
G1 Z3.400
G1 X181.750 Y78.700
G1 X181.750 Y75.000 E0.1226 
G92 E0.0000
; segment
G92 E0.0000
G1 F2400.000
G1 Z3.400
G1 X181.750 Y75.000
G1 X181.750 Y51.250 E0.7872 
G1 X182.250 Y51.250 E0.8038 
G1 X182.250 Y75.000 E1.5910 
G92 E0.0000
; segment
G92 E0.0000
G1 F2400.000
G1 Z3.400
G1 X182.250 Y75.000
G1 X182.250 Y108.300 E1.1037 
G92 E0.0000
; segment
G92 E0.0000
G1 F2400.000
G1 Z3.400
G1 X182.250 Y108.300
G1 X182.250 Y112.000 E0.1226 
G92 E0.0000
; segment
G92 E0.0000
G1 F2400.000
G1 Z3.400
G1 X182.250 Y112.000
G1 X182.250 Y135.750 E0.7872 
G1 X182.750 Y135.750 E0.8038 
G1 X182.750 Y112.000 E1.5910 
G92 E0.0000
; segment
G92 E0.0000
G1 F2400.000
G1 Z3.400
G1 X182.750 Y112.000
G1 X182.750 Y78.700 E1.1037 
G92 E0.0000
; segment
G92 E0.0000
G1 F2400.000
G1 Z3.400
G1 X182.750 Y78.700
G1 X182.750 Y75.000 E0.1226 
G92 E0.0000
; segment
G92 E0.0000
G1 F2400.000
G1 Z3.400
G1 X182.750 Y75.000
G1 X182.750 Y51.250 E0.7872 
G1 X183.250 Y51.250 E0.8038 
G1 X183.250 Y75.000 E1.5910 
G92 E0.0000
; segment
G92 E0.0000
G1 F2400.000
G1 Z3.400
G1 X183.250 Y75.000
G1 X183.250 Y108.300 E1.1037 
G92 E0.0000
; segment
G92 E0.0000
G1 F2400.000
G1 Z3.400
G1 X183.250 Y108.300
G1 X183.250 Y112.000 E0.1226 
G92 E0.0000
; segment
G92 E0.0000
G1 F2400.000
G1 Z3.400
G1 X183.250 Y112.000
G1 X183.250 Y135.750 E0.7872 
G1 X183.750 Y135.750 E0.8038 
G1 X183.750 Y112.000 E1.5910 
G92 E0.0000
; segment
G92 E0.0000
G1 F2400.000
G1 Z3.400
G1 X183.750 Y112.000
G1 X183.750 Y78.700 E1.1037 
G92 E0.0000
; segment
G92 E0.0000
G1 F2400.000
G1 Z3.400
G1 X183.750 Y78.700
G1 X183.750 Y75.000 E0.1226 
G92 E0.0000
; segment
G92 E0.0000
G1 F2400.000
G1 Z3.400
G1 X183.750 Y75.000
G1 X183.750 Y51.250 E0.7872 
G92 E0.0000
; jumping
G92 E3.0000
G1 E0 F2400
G1 X188.750 Y66.250 F12000.000
G1 E3 F2400
G92 E0.0000
; segment
G92 E0.0000
G1 F2400.000
G1 Z3.400
G1 X188.750 Y66.250
G1 X188.750 Y75.000 E0.2900 
G92 E0.0000
; segment
G92 E0.0000
G1 F2400.000
G1 Z3.400
G1 X188.750 Y75.000
G1 X188.750 Y108.300 E1.1037 
G92 E0.0000
; segment
G92 E0.0000
G1 F2400.000
G1 Z3.400
G1 X188.750 Y108.300
G1 X188.750 Y112.000 E0.1226 
G92 E0.0000
; segment
G92 E0.0000
G1 F2400.000
G1 Z3.400
G1 X188.750 Y112.000
G1 X188.750 Y120.750 E0.2900 
G1 X188.250 Y120.750 E0.3066 
G1 X188.250 Y112.000 E0.5966 
G92 E0.0000
; segment
G92 E0.0000
G1 F2400.000
G1 Z3.400
G1 X188.250 Y112.000
G1 X188.250 Y78.700 E1.1037 
G92 E0.0000
; segment
G92 E0.0000
G1 F2400.000
G1 Z3.400
G1 X188.250 Y78.700
G1 X188.250 Y75.000 E0.1226 
G92 E0.0000
; segment
G92 E0.0000
G1 F2400.000
G1 Z3.400
G1 X188.250 Y75.000
G1 X188.250 Y66.250 E0.2900 
G1 X187.750 Y66.250 E0.3066 
G1 X187.750 Y75.000 E0.5966 
G92 E0.0000
; segment
G92 E0.0000
G1 F2400.000
G1 Z3.400
G1 X187.750 Y75.000
G1 X187.750 Y108.300 E1.1037 
G92 E0.0000
; segment
G92 E0.0000
G1 F2400.000
G1 Z3.400
G1 X187.750 Y108.300
G1 X187.750 Y112.000 E0.1226 
G92 E0.0000
; segment
G92 E0.0000
G1 F2400.000
G1 Z3.400
G1 X187.750 Y112.000
G1 X187.750 Y120.750 E0.2900 
G1 X187.250 Y120.750 E0.3066 
G1 X187.250 Y112.000 E0.5966 
G92 E0.0000
; segment
G92 E0.0000
G1 F2400.000
G1 Z3.400
G1 X187.250 Y112.000
G1 X187.250 Y78.700 E1.1037 
G92 E0.0000
; segment
G92 E0.0000
G1 F2400.000
G1 Z3.400
G1 X187.250 Y78.700
G1 X187.250 Y75.000 E0.1226 
G92 E0.0000
; segment
G92 E0.0000
G1 F2400.000
G1 Z3.400
G1 X187.250 Y75.000
G1 X187.250 Y66.250 E0.2900 
G1 X186.750 Y66.250 E0.3066 
G1 X186.750 Y75.000 E0.5966 
G92 E0.0000
; segment
G92 E0.0000
G1 F2400.000
G1 Z3.400
G1 X186.750 Y75.000
G1 X186.750 Y108.300 E1.1037 
G92 E0.0000
; segment
G92 E0.0000
G1 F2400.000
G1 Z3.400
G1 X186.750 Y108.300
G1 X186.750 Y112.000 E0.1226 
G92 E0.0000
; segment
G92 E0.0000
G1 F2400.000
G1 Z3.400
G1 X186.750 Y112.000
G1 X186.750 Y120.750 E0.2900 
G1 X186.250 Y120.750 E0.3066 
G1 X186.250 Y112.000 E0.5966 
G92 E0.0000
; segment
G92 E0.0000
G1 F2400.000
G1 Z3.400
G1 X186.250 Y112.000
G1 X186.250 Y78.700 E1.1037 
G92 E0.0000
; segment
G92 E0.0000
G1 F2400.000
G1 Z3.400
G1 X186.250 Y78.700
G1 X186.250 Y75.000 E0.1226 
G92 E0.0000
; segment
G92 E0.0000
G1 F2400.000
G1 Z3.400
G1 X186.250 Y75.000
G1 X186.250 Y66.250 E0.2900 
G1 X185.750 Y66.250 E0.3066 
G1 X185.750 Y75.000 E0.5966 
G92 E0.0000
; segment
G92 E0.0000
G1 F2400.000
G1 Z3.400
G1 X185.750 Y75.000
G1 X185.750 Y108.300 E1.1037 
G92 E0.0000
; segment
G92 E0.0000
G1 F2400.000
G1 Z3.400
G1 X185.750 Y108.300
G1 X185.750 Y112.000 E0.1226 
G92 E0.0000
; segment
G92 E0.0000
G1 F2400.000
G1 Z3.400
G1 X185.750 Y112.000
G1 X185.750 Y120.750 E0.2900 
G1 X185.250 Y120.750 E0.3066 
G1 X185.250 Y112.000 E0.5966 
G92 E0.0000
; segment
G92 E0.0000
G1 F2400.000
G1 Z3.400
G1 X185.250 Y112.000
G1 X185.250 Y78.700 E1.1037 
G92 E0.0000
; segment
G92 E0.0000
G1 F2400.000
G1 Z3.400
G1 X185.250 Y78.700
G1 X185.250 Y75.000 E0.1226 
G92 E0.0000
; segment
G92 E0.0000
G1 F2400.000
G1 Z3.400
G1 X185.250 Y75.000
G1 X185.250 Y66.250 E0.2900 
G1 X184.750 Y66.250 E0.3066 
G1 X184.750 Y75.000 E0.5966 
G92 E0.0000
; segment
G92 E0.0000
G1 F2400.000
G1 Z3.400
G1 X184.750 Y75.000
G1 X184.750 Y108.300 E1.1037 
G92 E0.0000
; segment
G92 E0.0000
G1 F2400.000
G1 Z3.400
G1 X184.750 Y108.300
G1 X184.750 Y112.000 E0.1226 
G92 E0.0000
; segment
G92 E0.0000
G1 F2400.000
G1 Z3.400
G1 X184.750 Y112.000
G1 X184.750 Y120.750 E0.2900 
G1 X184.250 Y120.750 E0.3066 
G1 X184.250 Y112.000 E0.5966 
G92 E0.0000
; segment
G92 E0.0000
G1 F2400.000
G1 Z3.400
G1 X184.250 Y112.000
G1 X184.250 Y78.700 E1.1037 
G92 E0.0000
; segment
G92 E0.0000
G1 F2400.000
G1 Z3.400
G1 X184.250 Y78.700
G1 X184.250 Y75.000 E0.1226 
G92 E0.0000
; segment
G92 E0.0000
G1 F2400.000
G1 Z3.400
G1 X184.250 Y75.000
G1 X184.250 Y66.250 E0.2900 
G1 X183.750 Y66.250 E0.3066 
G92 E0.0000
; jumping
G92 E3.0000
G1 E0 F2400
G1 X184.750 Y65.250 F12000.000
G1 E3 F2400
G92 E0.0000
; segment
G92 E0.0000
G1 F2400.000
G1 Z3.600
G1 X184.750 Y65.250
G1 X184.750 Y50.250 E0.4972 
G1 X175.250 Y50.250 E0.8121 
G1 X175.250 Y65.250 E1.3092 
G1 X170.250 Y65.250 E1.4750 
G1 X170.250 Y75.000 E1.7981 
G92 E0.0000
; segment
G92 E0.0000
G1 F2400.000
G1 Z3.600
G1 X170.250 Y75.000
G1 X170.250 Y108.300 E1.1037 
G92 E0.0000
; segment
G92 E0.0000
G1 F2400.000
G1 Z3.600
G1 X170.250 Y108.300
G1 X170.250 Y112.000 E0.1226 
G92 E0.0000
; segment
G92 E0.0000
G1 F2400.000
G1 Z3.600
G1 X170.250 Y112.000
G1 X170.250 Y121.750 E0.3232 
G1 X175.150 Y121.750 E0.4856 
G1 X175.150 Y136.750 E0.9828 
G1 X184.850 Y136.750 E1.3043 
G1 X184.850 Y121.750 E1.8014 
G1 X189.750 Y121.750 E1.9638 
G1 X189.750 Y112.000 E2.2870 
G92 E0.0000
; segment
G92 E0.0000
G1 F2400.000
G1 Z3.600
G1 X189.750 Y112.000
G1 X189.750 Y78.700 E1.1037 
G92 E0.0000
; segment
G92 E0.0000
G1 F2400.000
G1 Z3.600
G1 X189.750 Y78.700
G1 X189.750 Y75.000 E0.1226 
G92 E0.0000
; segment
G92 E0.0000
G1 F2400.000
G1 Z3.600
G1 X189.750 Y75.000
G1 X189.750 Y65.250 E0.3232 
G1 X184.750 Y65.250 E0.4889 
G92 E0.0000
; segment
G92 E0.0000
G1 F2400.000
G1 Z3.600
G1 X184.250 Y65.750
G1 X184.250 Y50.750 E0.4972 
G1 X175.750 Y50.750 E0.7789 
G1 X175.750 Y65.750 E1.2761 
G1 X170.750 Y65.750 E1.4418 
G1 X170.750 Y75.000 E1.7484 
G92 E0.0000
; segment
G92 E0.0000
G1 F2400.000
G1 Z3.600
G1 X170.750 Y75.000
G1 X170.750 Y108.300 E1.1037 
G92 E0.0000
; segment
G92 E0.0000
G1 F2400.000
G1 Z3.600
G1 X170.750 Y108.300
G1 X170.750 Y112.000 E0.1226 
G92 E0.0000
; segment
G92 E0.0000
G1 F2400.000
G1 Z3.600
G1 X170.750 Y112.000
G1 X170.750 Y121.250 E0.3066 
G1 X175.650 Y121.250 E0.4690 
G1 X175.650 Y136.250 E0.9662 
G1 X184.350 Y136.250 E1.2545 
G1 X184.350 Y121.250 E1.7517 
G1 X189.250 Y121.250 E1.9141 
G1 X189.250 Y112.000 E2.2207 
G92 E0.0000
; segment
G92 E0.0000
G1 F2400.000
G1 Z3.600
G1 X189.250 Y112.000
G1 X189.250 Y78.700 E1.1037 
G92 E0.0000
; segment
G92 E0.0000
G1 F2400.000
G1 Z3.600
G1 X189.250 Y78.700
G1 X189.250 Y75.000 E0.1226 
G92 E0.0000
; segment
G92 E0.0000
G1 F2400.000
G1 Z3.600
G1 X189.250 Y75.000
G1 X189.250 Y65.750 E0.3066 
G1 X184.250 Y65.750 E0.4723 
G92 E0.0000
; segment
G92 E0.0000
G1 F2400.000
G1 Z3.600
G1 X183.750 Y66.250
G1 X184.250 Y66.250 E0.0166 
G1 X184.250 Y75.000 E0.3066 
G92 E0.0000
; segment
G92 E0.0000
G1 F2400.000
G1 Z3.600
G1 X184.250 Y75.000
G1 X184.250 Y108.300 E1.1037 
G92 E0.0000
; segment
G92 E0.0000
G1 F2400.000
G1 Z3.600
G1 X184.250 Y108.300
G1 X184.250 Y112.000 E0.1226 
G92 E0.0000
; segment
G92 E0.0000
G1 F2400.000
G1 Z3.600
G1 X184.250 Y112.000
G1 X184.250 Y120.750 E0.2900 
G1 X184.750 Y120.750 E0.3066 
G1 X184.750 Y112.000 E0.5966 
G92 E0.0000
; segment
G92 E0.0000
G1 F2400.000
G1 Z3.600
G1 X184.750 Y112.000
G1 X184.750 Y78.700 E1.1037 
G92 E0.0000
; segment
G92 E0.0000
G1 F2400.000
G1 Z3.600
G1 X184.750 Y78.700
G1 X184.750 Y75.000 E0.1226 
G92 E0.0000
; segment
G92 E0.0000
G1 F2400.000
G1 Z3.600
G1 X184.750 Y75.000
G1 X184.750 Y66.250 E0.2900 
G1 X185.250 Y66.250 E0.3066 
G1 X185.250 Y75.000 E0.5966 
G92 E0.0000
; segment
G92 E0.0000
G1 F2400.000
G1 Z3.600
G1 X185.250 Y75.000
G1 X185.250 Y108.300 E1.1037 
G92 E0.0000
; segment
G92 E0.0000
G1 F2400.000
G1 Z3.600
G1 X185.250 Y108.300
G1 X185.250 Y112.000 E0.1226 
G92 E0.0000
; segment
G92 E0.0000
G1 F2400.000
G1 Z3.600
G1 X185.250 Y112.000
G1 X185.250 Y120.750 E0.2900 
G1 X185.750 Y120.750 E0.3066 
G1 X185.750 Y112.000 E0.5966 
G92 E0.0000
; segment
G92 E0.0000
G1 F2400.000
G1 Z3.600
G1 X185.750 Y112.000
G1 X185.750 Y78.700 E1.1037 
G92 E0.0000
; segment
G92 E0.0000
G1 F2400.000
G1 Z3.600
G1 X185.750 Y78.700
G1 X185.750 Y75.000 E0.1226 
G92 E0.0000
; segment
G92 E0.0000
G1 F2400.000
G1 Z3.600
G1 X185.750 Y75.000
G1 X185.750 Y66.250 E0.2900 
G1 X186.250 Y66.250 E0.3066 
G1 X186.250 Y75.000 E0.5966 
G92 E0.0000
; segment
G92 E0.0000
G1 F2400.000
G1 Z3.600
G1 X186.250 Y75.000
G1 X186.250 Y108.300 E1.1037 
G92 E0.0000
; segment
G92 E0.0000
G1 F2400.000
G1 Z3.600
G1 X186.250 Y108.300
G1 X186.250 Y112.000 E0.1226 
G92 E0.0000
; segment
G92 E0.0000
G1 F2400.000
G1 Z3.600
G1 X186.250 Y112.000
G1 X186.250 Y120.750 E0.2900 
G1 X186.750 Y120.750 E0.3066 
G1 X186.750 Y112.000 E0.5966 
G92 E0.0000
; segment
G92 E0.0000
G1 F2400.000
G1 Z3.600
G1 X186.750 Y112.000
G1 X186.750 Y78.700 E1.1037 
G92 E0.0000
; segment
G92 E0.0000
G1 F2400.000
G1 Z3.600
G1 X186.750 Y78.700
G1 X186.750 Y75.000 E0.1226 
G92 E0.0000
; segment
G92 E0.0000
G1 F2400.000
G1 Z3.600
G1 X186.750 Y75.000
G1 X186.750 Y66.250 E0.2900 
G1 X187.250 Y66.250 E0.3066 
G1 X187.250 Y75.000 E0.5966 
G92 E0.0000
; segment
G92 E0.0000
G1 F2400.000
G1 Z3.600
G1 X187.250 Y75.000
G1 X187.250 Y108.300 E1.1037 
G92 E0.0000
; segment
G92 E0.0000
G1 F2400.000
G1 Z3.600
G1 X187.250 Y108.300
G1 X187.250 Y112.000 E0.1226 
G92 E0.0000
; segment
G92 E0.0000
G1 F2400.000
G1 Z3.600
G1 X187.250 Y112.000
G1 X187.250 Y120.750 E0.2900 
G1 X187.750 Y120.750 E0.3066 
G1 X187.750 Y112.000 E0.5966 
G92 E0.0000
; segment
G92 E0.0000
G1 F2400.000
G1 Z3.600
G1 X187.750 Y112.000
G1 X187.750 Y78.700 E1.1037 
G92 E0.0000
; segment
G92 E0.0000
G1 F2400.000
G1 Z3.600
G1 X187.750 Y78.700
G1 X187.750 Y75.000 E0.1226 
G92 E0.0000
; segment
G92 E0.0000
G1 F2400.000
G1 Z3.600
G1 X187.750 Y75.000
G1 X187.750 Y66.250 E0.2900 
G1 X188.250 Y66.250 E0.3066 
G1 X188.250 Y75.000 E0.5966 
G92 E0.0000
; segment
G92 E0.0000
G1 F2400.000
G1 Z3.600
G1 X188.250 Y75.000
G1 X188.250 Y108.300 E1.1037 
G92 E0.0000
; segment
G92 E0.0000
G1 F2400.000
G1 Z3.600
G1 X188.250 Y108.300
G1 X188.250 Y112.000 E0.1226 
G92 E0.0000
; segment
G92 E0.0000
G1 F2400.000
G1 Z3.600
G1 X188.250 Y112.000
G1 X188.250 Y120.750 E0.2900 
G1 X188.750 Y120.750 E0.3066 
G1 X188.750 Y112.000 E0.5966 
G92 E0.0000
; segment
G92 E0.0000
G1 F2400.000
G1 Z3.600
G1 X188.750 Y112.000
G1 X188.750 Y78.700 E1.1037 
G92 E0.0000
; segment
G92 E0.0000
G1 F2400.000
G1 Z3.600
G1 X188.750 Y78.700
G1 X188.750 Y75.000 E0.1226 
G92 E0.0000
; segment
G92 E0.0000
G1 F2400.000
G1 Z3.600
G1 X188.750 Y75.000
G1 X188.750 Y66.250 E0.2900 
G92 E0.0000
; jumping
G92 E3.0000
G1 E0 F2400
G1 X183.750 Y51.250 F12000.000
G1 E3 F2400
G92 E0.0000
; segment
G92 E0.0000
G1 F2400.000
G1 Z3.600
G1 X183.750 Y51.250
G1 X183.750 Y75.000 E0.7872 
G92 E0.0000
; segment
G92 E0.0000
G1 F2400.000
G1 Z3.600
G1 X183.750 Y75.000
G1 X183.750 Y108.300 E1.1037 
G92 E0.0000
; segment
G92 E0.0000
G1 F2400.000
G1 Z3.600
G1 X183.750 Y108.300
G1 X183.750 Y112.000 E0.1226 
G92 E0.0000
; segment
G92 E0.0000
G1 F2400.000
G1 Z3.600
G1 X183.750 Y112.000
G1 X183.750 Y135.750 E0.7872 
G1 X183.250 Y135.750 E0.8038 
G1 X183.250 Y112.000 E1.5910 
G92 E0.0000
; segment
G92 E0.0000
G1 F2400.000
G1 Z3.600
G1 X183.250 Y112.000
G1 X183.250 Y78.700 E1.1037 
G92 E0.0000
; segment
G92 E0.0000
G1 F2400.000
G1 Z3.600
G1 X183.250 Y78.700
G1 X183.250 Y75.000 E0.1226 
G92 E0.0000
; segment
G92 E0.0000
G1 F2400.000
G1 Z3.600
G1 X183.250 Y75.000
G1 X183.250 Y51.250 E0.7872 
G1 X182.750 Y51.250 E0.8038 
G1 X182.750 Y75.000 E1.5910 
G92 E0.0000
; segment
G92 E0.0000
G1 F2400.000
G1 Z3.600
G1 X182.750 Y75.000
G1 X182.750 Y108.300 E1.1037 
G92 E0.0000
; segment
G92 E0.0000
G1 F2400.000
G1 Z3.600
G1 X182.750 Y108.300
G1 X182.750 Y112.000 E0.1226 
G92 E0.0000
; segment
G92 E0.0000
G1 F2400.000
G1 Z3.600
G1 X182.750 Y112.000
G1 X182.750 Y135.750 E0.7872 
G1 X182.250 Y135.750 E0.8038 
G1 X182.250 Y112.000 E1.5910 
G92 E0.0000
; segment
G92 E0.0000
G1 F2400.000
G1 Z3.600
G1 X182.250 Y112.000
G1 X182.250 Y78.700 E1.1037 
G92 E0.0000
; segment
G92 E0.0000
G1 F2400.000
G1 Z3.600
G1 X182.250 Y78.700
G1 X182.250 Y75.000 E0.1226 
G92 E0.0000
; segment
G92 E0.0000
G1 F2400.000
G1 Z3.600
G1 X182.250 Y75.000
G1 X182.250 Y51.250 E0.7872 
G1 X181.750 Y51.250 E0.8038 
G1 X181.750 Y75.000 E1.5910 
G92 E0.0000
; segment
G92 E0.0000
G1 F2400.000
G1 Z3.600
G1 X181.750 Y75.000
G1 X181.750 Y108.300 E1.1037 
G92 E0.0000
; segment
G92 E0.0000
G1 F2400.000
G1 Z3.600
G1 X181.750 Y108.300
G1 X181.750 Y112.000 E0.1226 
G92 E0.0000
; segment
G92 E0.0000
G1 F2400.000
G1 Z3.600
G1 X181.750 Y112.000
G1 X181.750 Y135.750 E0.7872 
G1 X181.250 Y135.750 E0.8038 
G1 X181.250 Y112.000 E1.5910 
G92 E0.0000
; segment
G92 E0.0000
G1 F2400.000
G1 Z3.600
G1 X181.250 Y112.000
G1 X181.250 Y78.700 E1.1037 
G92 E0.0000
; segment
G92 E0.0000
G1 F2400.000
G1 Z3.600
G1 X181.250 Y78.700
G1 X181.250 Y75.000 E0.1226 
G92 E0.0000
; segment
G92 E0.0000
G1 F2400.000
G1 Z3.600
G1 X181.250 Y75.000
G1 X181.250 Y51.250 E0.7872 
G1 X180.750 Y51.250 E0.8038 
G1 X180.750 Y75.000 E1.5910 
G92 E0.0000
; segment
G92 E0.0000
G1 F2400.000
G1 Z3.600
G1 X180.750 Y75.000
G1 X180.750 Y108.300 E1.1037 
G92 E0.0000
; segment
G92 E0.0000
G1 F2400.000
G1 Z3.600
G1 X180.750 Y108.300
G1 X180.750 Y112.000 E0.1226 
G92 E0.0000
; segment
G92 E0.0000
G1 F2400.000
G1 Z3.600
G1 X180.750 Y112.000
G1 X180.750 Y135.750 E0.7872 
G1 X180.250 Y135.750 E0.8038 
G1 X180.250 Y112.000 E1.5910 
G92 E0.0000
; segment
G92 E0.0000
G1 F2400.000
G1 Z3.600
G1 X180.250 Y112.000
G1 X180.250 Y78.700 E1.1037 
G92 E0.0000
; segment
G92 E0.0000
G1 F2400.000
G1 Z3.600
G1 X180.250 Y78.700
G1 X180.250 Y75.000 E0.1226 
G92 E0.0000
; segment
G92 E0.0000
G1 F2400.000
G1 Z3.600
G1 X180.250 Y75.000
G1 X180.250 Y51.250 E0.7872 
G1 X179.750 Y51.250 E0.8038 
G1 X179.750 Y75.000 E1.5910 
G92 E0.0000
; segment
G92 E0.0000
G1 F2400.000
G1 Z3.600
G1 X179.750 Y75.000
G1 X179.750 Y108.300 E1.1037 
G92 E0.0000
; segment
G92 E0.0000
G1 F2400.000
G1 Z3.600
G1 X179.750 Y108.300
G1 X179.750 Y112.000 E0.1226 
G92 E0.0000
; segment
G92 E0.0000
G1 F2400.000
G1 Z3.600
G1 X179.750 Y112.000
G1 X179.750 Y135.750 E0.7872 
G1 X179.250 Y135.750 E0.8038 
G1 X179.250 Y112.000 E1.5910 
G92 E0.0000
; segment
G92 E0.0000
G1 F2400.000
G1 Z3.600
G1 X179.250 Y112.000
G1 X179.250 Y78.700 E1.1037 
G92 E0.0000
; segment
G92 E0.0000
G1 F2400.000
G1 Z3.600
G1 X179.250 Y78.700
G1 X179.250 Y75.000 E0.1226 
G92 E0.0000
; segment
G92 E0.0000
G1 F2400.000
G1 Z3.600
G1 X179.250 Y75.000
G1 X179.250 Y51.250 E0.7872 
G1 X178.750 Y51.250 E0.8038 
G1 X178.750 Y75.000 E1.5910 
G92 E0.0000
; segment
G92 E0.0000
G1 F2400.000
G1 Z3.600
G1 X178.750 Y75.000
G1 X178.750 Y108.300 E1.1037 
G92 E0.0000
; segment
G92 E0.0000
G1 F2400.000
G1 Z3.600
G1 X178.750 Y108.300
G1 X178.750 Y112.000 E0.1226 
G92 E0.0000
; segment
G92 E0.0000
G1 F2400.000
G1 Z3.600
G1 X178.750 Y112.000
G1 X178.750 Y135.750 E0.7872 
G1 X178.250 Y135.750 E0.8038 
G1 X178.250 Y112.000 E1.5910 
G92 E0.0000
; segment
G92 E0.0000
G1 F2400.000
G1 Z3.600
G1 X178.250 Y112.000
G1 X178.250 Y78.700 E1.1037 
G92 E0.0000
; segment
G92 E0.0000
G1 F2400.000
G1 Z3.600
G1 X178.250 Y78.700
G1 X178.250 Y75.000 E0.1226 
G92 E0.0000
; segment
G92 E0.0000
G1 F2400.000
G1 Z3.600
G1 X178.250 Y75.000
G1 X178.250 Y51.250 E0.7872 
G1 X177.750 Y51.250 E0.8038 
G1 X177.750 Y75.000 E1.5910 
G92 E0.0000
; segment
G92 E0.0000
G1 F2400.000
G1 Z3.600
G1 X177.750 Y75.000
G1 X177.750 Y108.300 E1.1037 
G92 E0.0000
; segment
G92 E0.0000
G1 F2400.000
G1 Z3.600
G1 X177.750 Y108.300
G1 X177.750 Y112.000 E0.1226 
G92 E0.0000
; segment
G92 E0.0000
G1 F2400.000
G1 Z3.600
G1 X177.750 Y112.000
G1 X177.750 Y135.750 E0.7872 
G1 X177.250 Y135.750 E0.8038 
G1 X177.250 Y112.000 E1.5910 
G92 E0.0000
; segment
G92 E0.0000
G1 F2400.000
G1 Z3.600
G1 X177.250 Y112.000
G1 X177.250 Y78.700 E1.1037 
G92 E0.0000
; segment
G92 E0.0000
G1 F2400.000
G1 Z3.600
G1 X177.250 Y78.700
G1 X177.250 Y75.000 E0.1226 
G92 E0.0000
; segment
G92 E0.0000
G1 F2400.000
G1 Z3.600
G1 X177.250 Y75.000
G1 X177.250 Y51.250 E0.7872 
G1 X176.750 Y51.250 E0.8038 
G1 X176.750 Y75.000 E1.5910 
G92 E0.0000
; segment
G92 E0.0000
G1 F2400.000
G1 Z3.600
G1 X176.750 Y75.000
G1 X176.750 Y108.300 E1.1037 
G92 E0.0000
; segment
G92 E0.0000
G1 F2400.000
G1 Z3.600
G1 X176.750 Y108.300
G1 X176.750 Y112.000 E0.1226 
G92 E0.0000
; segment
G92 E0.0000
G1 F2400.000
G1 Z3.600
G1 X176.750 Y112.000
G1 X176.750 Y135.750 E0.7872 
G1 X176.250 Y135.750 E0.8038 
G1 X176.250 Y112.000 E1.5910 
G92 E0.0000
; segment
G92 E0.0000
G1 F2400.000
G1 Z3.600
G1 X176.250 Y112.000
G1 X176.250 Y78.700 E1.1037 
G92 E0.0000
; segment
G92 E0.0000
G1 F2400.000
G1 Z3.600
G1 X176.250 Y78.700
G1 X176.250 Y75.000 E0.1226 
G92 E0.0000
; segment
G92 E0.0000
G1 F2400.000
G1 Z3.600
G1 X176.250 Y75.000
G1 X176.250 Y66.250 E0.2900 
G1 X175.750 Y66.250 E0.3066 
G1 X175.750 Y75.000 E0.5966 
G92 E0.0000
; segment
G92 E0.0000
G1 F2400.000
G1 Z3.600
G1 X175.750 Y75.000
G1 X175.750 Y108.300 E1.1037 
G92 E0.0000
; segment
G92 E0.0000
G1 F2400.000
G1 Z3.600
G1 X175.750 Y108.300
G1 X175.750 Y112.000 E0.1226 
G92 E0.0000
; segment
G92 E0.0000
G1 F2400.000
G1 Z3.600
G1 X175.750 Y112.000
G1 X175.750 Y120.750 E0.2900 
G1 X175.250 Y120.750 E0.3066 
G1 X175.250 Y112.000 E0.5966 
G92 E0.0000
; segment
G92 E0.0000
G1 F2400.000
G1 Z3.600
G1 X175.250 Y112.000
G1 X175.250 Y78.700 E1.1037 
G92 E0.0000
; segment
G92 E0.0000
G1 F2400.000
G1 Z3.600
G1 X175.250 Y78.700
G1 X175.250 Y75.000 E0.1226 
G92 E0.0000
; segment
G92 E0.0000
G1 F2400.000
G1 Z3.600
G1 X175.250 Y75.000
G1 X175.250 Y66.250 E0.2900 
G1 X174.750 Y66.250 E0.3066 
G1 X174.750 Y75.000 E0.5966 
G92 E0.0000
; segment
G92 E0.0000
G1 F2400.000
G1 Z3.600
G1 X174.750 Y75.000
G1 X174.750 Y108.300 E1.1037 
G92 E0.0000
; segment
G92 E0.0000
G1 F2400.000
G1 Z3.600
G1 X174.750 Y108.300
G1 X174.750 Y112.000 E0.1226 
G92 E0.0000
; segment
G92 E0.0000
G1 F2400.000
G1 Z3.600
G1 X174.750 Y112.000
G1 X174.750 Y120.750 E0.2900 
G1 X174.250 Y120.750 E0.3066 
G1 X174.250 Y112.000 E0.5966 
G92 E0.0000
; segment
G92 E0.0000
G1 F2400.000
G1 Z3.600
G1 X174.250 Y112.000
G1 X174.250 Y78.700 E1.1037 
G92 E0.0000
; segment
G92 E0.0000
G1 F2400.000
G1 Z3.600
G1 X174.250 Y78.700
G1 X174.250 Y75.000 E0.1226 
G92 E0.0000
; segment
G92 E0.0000
G1 F2400.000
G1 Z3.600
G1 X174.250 Y75.000
G1 X174.250 Y66.250 E0.2900 
G1 X173.750 Y66.250 E0.3066 
G1 X173.750 Y75.000 E0.5966 
G92 E0.0000
; segment
G92 E0.0000
G1 F2400.000
G1 Z3.600
G1 X173.750 Y75.000
G1 X173.750 Y108.300 E1.1037 
G92 E0.0000
; segment
G92 E0.0000
G1 F2400.000
G1 Z3.600
G1 X173.750 Y108.300
G1 X173.750 Y112.000 E0.1226 
G92 E0.0000
; segment
G92 E0.0000
G1 F2400.000
G1 Z3.600
G1 X173.750 Y112.000
G1 X173.750 Y120.750 E0.2900 
G1 X173.250 Y120.750 E0.3066 
G1 X173.250 Y112.000 E0.5966 
G92 E0.0000
; segment
G92 E0.0000
G1 F2400.000
G1 Z3.600
G1 X173.250 Y112.000
G1 X173.250 Y78.700 E1.1037 
G92 E0.0000
; segment
G92 E0.0000
G1 F2400.000
G1 Z3.600
G1 X173.250 Y78.700
G1 X173.250 Y75.000 E0.1226 
G92 E0.0000
; segment
G92 E0.0000
G1 F2400.000
G1 Z3.600
G1 X173.250 Y75.000
G1 X173.250 Y66.250 E0.2900 
G1 X172.750 Y66.250 E0.3066 
G1 X172.750 Y75.000 E0.5966 
G92 E0.0000
; segment
G92 E0.0000
G1 F2400.000
G1 Z3.600
G1 X172.750 Y75.000
G1 X172.750 Y108.300 E1.1037 
G92 E0.0000
; segment
G92 E0.0000
G1 F2400.000
G1 Z3.600
G1 X172.750 Y108.300
G1 X172.750 Y112.000 E0.1226 
G92 E0.0000
; segment
G92 E0.0000
G1 F2400.000
G1 Z3.600
G1 X172.750 Y112.000
G1 X172.750 Y120.750 E0.2900 
G1 X172.250 Y120.750 E0.3066 
G1 X172.250 Y112.000 E0.5966 
G92 E0.0000
; segment
G92 E0.0000
G1 F2400.000
G1 Z3.600
G1 X172.250 Y112.000
G1 X172.250 Y78.700 E1.1037 
G92 E0.0000
; segment
G92 E0.0000
G1 F2400.000
G1 Z3.600
G1 X172.250 Y78.700
G1 X172.250 Y75.000 E0.1226 
G92 E0.0000
; segment
G92 E0.0000
G1 F2400.000
G1 Z3.600
G1 X172.250 Y75.000
G1 X172.250 Y66.250 E0.2900 
G1 X171.750 Y66.250 E0.3066 
G1 X171.750 Y75.000 E0.5966 
G92 E0.0000
; segment
G92 E0.0000
G1 F2400.000
G1 Z3.600
G1 X171.750 Y75.000
G1 X171.750 Y108.300 E1.1037 
G92 E0.0000
; segment
G92 E0.0000
G1 F2400.000
G1 Z3.600
G1 X171.750 Y108.300
G1 X171.750 Y112.000 E0.1226 
G92 E0.0000
; segment
G92 E0.0000
G1 F2400.000
G1 Z3.600
G1 X171.750 Y112.000
G1 X171.750 Y120.750 E0.2900 
G1 X171.250 Y120.750 E0.3066 
G1 X171.250 Y112.000 E0.5966 
G92 E0.0000
; segment
G92 E0.0000
G1 F2400.000
G1 Z3.600
G1 X171.250 Y112.000
G1 X171.250 Y78.700 E1.1037 
G92 E0.0000
; segment
G92 E0.0000
G1 F2400.000
G1 Z3.600
G1 X171.250 Y78.700
G1 X171.250 Y75.000 E0.1226 
G92 E0.0000
; segment
G92 E0.0000
G1 F2400.000
G1 Z3.600
G1 X171.250 Y75.000
G1 X171.250 Y66.250 E0.2900 
G92 E0.0000
; jumping
G92 E3.0000
G1 E0 F2400
G1 X170.250 Y65.250 F12000.000
G1 E3 F2400
G92 E0.0000
; segment
G92 E0.0000
G1 F2400.000
G1 Z3.800
G1 X170.250 Y65.250
G1 X170.250 Y75.000 E0.3232 
G92 E0.0000
; segment
G92 E0.0000
G1 F2400.000
G1 Z3.800
G1 X170.250 Y75.000
G1 X170.250 Y108.300 E1.1037 
G92 E0.0000
; segment
G92 E0.0000
G1 F2400.000
G1 Z3.800
G1 X170.250 Y108.300
G1 X170.250 Y112.000 E0.1226 
G92 E0.0000
; segment
G92 E0.0000
G1 F2400.000
G1 Z3.800
G1 X170.250 Y112.000
G1 X170.250 Y121.750 E0.3232 
G1 X175.150 Y121.750 E0.4856 
G1 X175.150 Y136.750 E0.9828 
G1 X184.850 Y136.750 E1.3043 
G1 X184.850 Y121.750 E1.8014 
G1 X189.750 Y121.750 E1.9638 
G1 X189.750 Y112.000 E2.2870 
G92 E0.0000
; segment
G92 E0.0000
G1 F2400.000
G1 Z3.800
G1 X189.750 Y112.000
G1 X189.750 Y78.700 E1.1037 
G92 E0.0000
; segment
G92 E0.0000
G1 F2400.000
G1 Z3.800
G1 X189.750 Y78.700
G1 X189.750 Y75.000 E0.1226 
G92 E0.0000
; segment
G92 E0.0000
G1 F2400.000
G1 Z3.800
G1 X189.750 Y75.000
G1 X189.750 Y65.250 E0.3232 
G1 X184.750 Y65.250 E0.4889 
G1 X184.750 Y50.250 E0.9861 
G1 X175.250 Y50.250 E1.3009 
G1 X175.250 Y65.250 E1.7981 
G1 X170.250 Y65.250 E1.9638 
G92 E0.0000
; segment
G92 E0.0000
G1 F2400.000
G1 Z3.800
G1 X170.750 Y65.750
G1 X170.750 Y75.000 E0.3066 
G92 E0.0000
; segment
G92 E0.0000
G1 F2400.000
G1 Z3.800
G1 X170.750 Y75.000
G1 X170.750 Y108.300 E1.1037 
G92 E0.0000
; segment
G92 E0.0000
G1 F2400.000
G1 Z3.800
G1 X170.750 Y108.300
G1 X170.750 Y112.000 E0.1226 
G92 E0.0000
; segment
G92 E0.0000
G1 F2400.000
G1 Z3.800
G1 X170.750 Y112.000
G1 X170.750 Y121.250 E0.3066 
G1 X175.650 Y121.250 E0.4690 
G1 X175.650 Y136.250 E0.9662 
G1 X184.350 Y136.250 E1.2545 
G1 X184.350 Y121.250 E1.7517 
G1 X189.250 Y121.250 E1.9141 
G1 X189.250 Y112.000 E2.2207 
G92 E0.0000
; segment
G92 E0.0000
G1 F2400.000
G1 Z3.800
G1 X189.250 Y112.000
G1 X189.250 Y78.700 E1.1037 
G92 E0.0000
; segment
G92 E0.0000
G1 F2400.000
G1 Z3.800
G1 X189.250 Y78.700
G1 X189.250 Y75.000 E0.1226 
G92 E0.0000
; segment
G92 E0.0000
G1 F2400.000
G1 Z3.800
G1 X189.250 Y75.000
G1 X189.250 Y65.750 E0.3066 
G1 X184.250 Y65.750 E0.4723 
G1 X184.250 Y50.750 E0.9695 
G1 X175.750 Y50.750 E1.2512 
G1 X175.750 Y65.750 E1.7484 
G1 X170.750 Y65.750 E1.9141 
G92 E0.0000
; segment
G92 E0.0000
G1 F2400.000
G1 Z3.800
G1 X171.250 Y66.250
G1 X171.250 Y75.000 E0.2900 
G92 E0.0000
; segment
G92 E0.0000
G1 F2400.000
G1 Z3.800
G1 X171.250 Y75.000
G1 X171.250 Y108.300 E1.1037 
G92 E0.0000
; segment
G92 E0.0000
G1 F2400.000
G1 Z3.800
G1 X171.250 Y108.300
G1 X171.250 Y112.000 E0.1226 
G92 E0.0000
; segment
G92 E0.0000
G1 F2400.000
G1 Z3.800
G1 X171.250 Y112.000
G1 X171.250 Y120.750 E0.2900 
G1 X171.750 Y120.750 E0.3066 
G1 X171.750 Y112.000 E0.5966 
G92 E0.0000
; segment
G92 E0.0000
G1 F2400.000
G1 Z3.800
G1 X171.750 Y112.000
G1 X171.750 Y78.700 E1.1037 
G92 E0.0000
; segment
G92 E0.0000
G1 F2400.000
G1 Z3.800
G1 X171.750 Y78.700
G1 X171.750 Y75.000 E0.1226 
G92 E0.0000
; segment
G92 E0.0000
G1 F2400.000
G1 Z3.800
G1 X171.750 Y75.000
G1 X171.750 Y66.250 E0.2900 
G1 X172.250 Y66.250 E0.3066 
G1 X172.250 Y75.000 E0.5966 
G92 E0.0000
; segment
G92 E0.0000
G1 F2400.000
G1 Z3.800
G1 X172.250 Y75.000
G1 X172.250 Y108.300 E1.1037 
G92 E0.0000
; segment
G92 E0.0000
G1 F2400.000
G1 Z3.800
G1 X172.250 Y108.300
G1 X172.250 Y112.000 E0.1226 
G92 E0.0000
; segment
G92 E0.0000
G1 F2400.000
G1 Z3.800
G1 X172.250 Y112.000
G1 X172.250 Y120.750 E0.2900 
G1 X172.750 Y120.750 E0.3066 
G1 X172.750 Y112.000 E0.5966 
G92 E0.0000
; segment
G92 E0.0000
G1 F2400.000
G1 Z3.800
G1 X172.750 Y112.000
G1 X172.750 Y78.700 E1.1037 
G92 E0.0000
; segment
G92 E0.0000
G1 F2400.000
G1 Z3.800
G1 X172.750 Y78.700
G1 X172.750 Y75.000 E0.1226 
G92 E0.0000
; segment
G92 E0.0000
G1 F2400.000
G1 Z3.800
G1 X172.750 Y75.000
G1 X172.750 Y66.250 E0.2900 
G1 X173.250 Y66.250 E0.3066 
G1 X173.250 Y75.000 E0.5966 
G92 E0.0000
; segment
G92 E0.0000
G1 F2400.000
G1 Z3.800
G1 X173.250 Y75.000
G1 X173.250 Y108.300 E1.1037 
G92 E0.0000
; segment
G92 E0.0000
G1 F2400.000
G1 Z3.800
G1 X173.250 Y108.300
G1 X173.250 Y112.000 E0.1226 
G92 E0.0000
; segment
G92 E0.0000
G1 F2400.000
G1 Z3.800
G1 X173.250 Y112.000
G1 X173.250 Y120.750 E0.2900 
G1 X173.750 Y120.750 E0.3066 
G1 X173.750 Y112.000 E0.5966 
G92 E0.0000
; segment
G92 E0.0000
G1 F2400.000
G1 Z3.800
G1 X173.750 Y112.000
G1 X173.750 Y78.700 E1.1037 
G92 E0.0000
; segment
G92 E0.0000
G1 F2400.000
G1 Z3.800
G1 X173.750 Y78.700
G1 X173.750 Y75.000 E0.1226 
G92 E0.0000
; segment
G92 E0.0000
G1 F2400.000
G1 Z3.800
G1 X173.750 Y75.000
G1 X173.750 Y66.250 E0.2900 
G1 X174.250 Y66.250 E0.3066 
G1 X174.250 Y75.000 E0.5966 
G92 E0.0000
; segment
G92 E0.0000
G1 F2400.000
G1 Z3.800
G1 X174.250 Y75.000
G1 X174.250 Y108.300 E1.1037 
G92 E0.0000
; segment
G92 E0.0000
G1 F2400.000
G1 Z3.800
G1 X174.250 Y108.300
G1 X174.250 Y112.000 E0.1226 
G92 E0.0000
; segment
G92 E0.0000
G1 F2400.000
G1 Z3.800
G1 X174.250 Y112.000
G1 X174.250 Y120.750 E0.2900 
G1 X174.750 Y120.750 E0.3066 
G1 X174.750 Y112.000 E0.5966 
G92 E0.0000
; segment
G92 E0.0000
G1 F2400.000
G1 Z3.800
G1 X174.750 Y112.000
G1 X174.750 Y78.700 E1.1037 
G92 E0.0000
; segment
G92 E0.0000
G1 F2400.000
G1 Z3.800
G1 X174.750 Y78.700
G1 X174.750 Y75.000 E0.1226 
G92 E0.0000
; segment
G92 E0.0000
G1 F2400.000
G1 Z3.800
G1 X174.750 Y75.000
G1 X174.750 Y66.250 E0.2900 
G1 X175.250 Y66.250 E0.3066 
G1 X175.250 Y75.000 E0.5966 
G92 E0.0000
; segment
G92 E0.0000
G1 F2400.000
G1 Z3.800
G1 X175.250 Y75.000
G1 X175.250 Y108.300 E1.1037 
G92 E0.0000
; segment
G92 E0.0000
G1 F2400.000
G1 Z3.800
G1 X175.250 Y108.300
G1 X175.250 Y112.000 E0.1226 
G92 E0.0000
; segment
G92 E0.0000
G1 F2400.000
G1 Z3.800
G1 X175.250 Y112.000
G1 X175.250 Y120.750 E0.2900 
G1 X175.750 Y120.750 E0.3066 
G1 X175.750 Y112.000 E0.5966 
G92 E0.0000
; segment
G92 E0.0000
G1 F2400.000
G1 Z3.800
G1 X175.750 Y112.000
G1 X175.750 Y78.700 E1.1037 
G92 E0.0000
; segment
G92 E0.0000
G1 F2400.000
G1 Z3.800
G1 X175.750 Y78.700
G1 X175.750 Y75.000 E0.1226 
G92 E0.0000
; segment
G92 E0.0000
G1 F2400.000
G1 Z3.800
G1 X175.750 Y75.000
G1 X175.750 Y66.250 E0.2900 
G1 X176.250 Y66.250 E0.3066 
G1 X176.250 Y75.000 E0.5966 
G92 E0.0000
; segment
G92 E0.0000
G1 F2400.000
G1 Z3.800
G1 X176.250 Y75.000
G1 X176.250 Y108.300 E1.1037 
G92 E0.0000
; segment
G92 E0.0000
G1 F2400.000
G1 Z3.800
G1 X176.250 Y108.300
G1 X176.250 Y112.000 E0.1226 
G92 E0.0000
; segment
G92 E0.0000
G1 F2400.000
G1 Z3.800
G1 X176.250 Y112.000
G1 X176.250 Y135.750 E0.7872 
G1 X176.750 Y135.750 E0.8038 
G1 X176.750 Y112.000 E1.5910 
G92 E0.0000
; segment
G92 E0.0000
G1 F2400.000
G1 Z3.800
G1 X176.750 Y112.000
G1 X176.750 Y78.700 E1.1037 
G92 E0.0000
; segment
G92 E0.0000
G1 F2400.000
G1 Z3.800
G1 X176.750 Y78.700
G1 X176.750 Y75.000 E0.1226 
G92 E0.0000
; segment
G92 E0.0000
G1 F2400.000
G1 Z3.800
G1 X176.750 Y75.000
G1 X176.750 Y51.250 E0.7872 
G1 X177.250 Y51.250 E0.8038 
G1 X177.250 Y75.000 E1.5910 
G92 E0.0000
; segment
G92 E0.0000
G1 F2400.000
G1 Z3.800
G1 X177.250 Y75.000
G1 X177.250 Y108.300 E1.1037 
G92 E0.0000
; segment
G92 E0.0000
G1 F2400.000
G1 Z3.800
G1 X177.250 Y108.300
G1 X177.250 Y112.000 E0.1226 
G92 E0.0000
; segment
G92 E0.0000
G1 F2400.000
G1 Z3.800
G1 X177.250 Y112.000
G1 X177.250 Y135.750 E0.7872 
G1 X177.750 Y135.750 E0.8038 
G1 X177.750 Y112.000 E1.5910 
G92 E0.0000
; segment
G92 E0.0000
G1 F2400.000
G1 Z3.800
G1 X177.750 Y112.000
G1 X177.750 Y78.700 E1.1037 
G92 E0.0000
; segment
G92 E0.0000
G1 F2400.000
G1 Z3.800
G1 X177.750 Y78.700
G1 X177.750 Y75.000 E0.1226 
G92 E0.0000
; segment
G92 E0.0000
G1 F2400.000
G1 Z3.800
G1 X177.750 Y75.000
G1 X177.750 Y51.250 E0.7872 
G1 X178.250 Y51.250 E0.8038 
G1 X178.250 Y75.000 E1.5910 
G92 E0.0000
; segment
G92 E0.0000
G1 F2400.000
G1 Z3.800
G1 X178.250 Y75.000
G1 X178.250 Y108.300 E1.1037 
G92 E0.0000
; segment
G92 E0.0000
G1 F2400.000
G1 Z3.800
G1 X178.250 Y108.300
G1 X178.250 Y112.000 E0.1226 
G92 E0.0000
; segment
G92 E0.0000
G1 F2400.000
G1 Z3.800
G1 X178.250 Y112.000
G1 X178.250 Y135.750 E0.7872 
G1 X178.750 Y135.750 E0.8038 
G1 X178.750 Y112.000 E1.5910 
G92 E0.0000
; segment
G92 E0.0000
G1 F2400.000
G1 Z3.800
G1 X178.750 Y112.000
G1 X178.750 Y78.700 E1.1037 
G92 E0.0000
; segment
G92 E0.0000
G1 F2400.000
G1 Z3.800
G1 X178.750 Y78.700
G1 X178.750 Y75.000 E0.1226 
G92 E0.0000
; segment
G92 E0.0000
G1 F2400.000
G1 Z3.800
G1 X178.750 Y75.000
G1 X178.750 Y51.250 E0.7872 
G1 X179.250 Y51.250 E0.8038 
G1 X179.250 Y75.000 E1.5910 
G92 E0.0000
; segment
G92 E0.0000
G1 F2400.000
G1 Z3.800
G1 X179.250 Y75.000
G1 X179.250 Y108.300 E1.1037 
G92 E0.0000
; segment
G92 E0.0000
G1 F2400.000
G1 Z3.800
G1 X179.250 Y108.300
G1 X179.250 Y112.000 E0.1226 
G92 E0.0000
; segment
G92 E0.0000
G1 F2400.000
G1 Z3.800
G1 X179.250 Y112.000
G1 X179.250 Y135.750 E0.7872 
G1 X179.750 Y135.750 E0.8038 
G1 X179.750 Y112.000 E1.5910 
G92 E0.0000
; segment
G92 E0.0000
G1 F2400.000
G1 Z3.800
G1 X179.750 Y112.000
G1 X179.750 Y78.700 E1.1037 
G92 E0.0000
; segment
G92 E0.0000
G1 F2400.000
G1 Z3.800
G1 X179.750 Y78.700
G1 X179.750 Y75.000 E0.1226 
G92 E0.0000
; segment
G92 E0.0000
G1 F2400.000
G1 Z3.800
G1 X179.750 Y75.000
G1 X179.750 Y51.250 E0.7872 
G1 X180.250 Y51.250 E0.8038 
G1 X180.250 Y75.000 E1.5910 
G92 E0.0000
; segment
G92 E0.0000
G1 F2400.000
G1 Z3.800
G1 X180.250 Y75.000
G1 X180.250 Y108.300 E1.1037 
G92 E0.0000
; segment
G92 E0.0000
G1 F2400.000
G1 Z3.800
G1 X180.250 Y108.300
G1 X180.250 Y112.000 E0.1226 
G92 E0.0000
; segment
G92 E0.0000
G1 F2400.000
G1 Z3.800
G1 X180.250 Y112.000
G1 X180.250 Y135.750 E0.7872 
G1 X180.750 Y135.750 E0.8038 
G1 X180.750 Y112.000 E1.5910 
G92 E0.0000
; segment
G92 E0.0000
G1 F2400.000
G1 Z3.800
G1 X180.750 Y112.000
G1 X180.750 Y78.700 E1.1037 
G92 E0.0000
; segment
G92 E0.0000
G1 F2400.000
G1 Z3.800
G1 X180.750 Y78.700
G1 X180.750 Y75.000 E0.1226 
G92 E0.0000
; segment
G92 E0.0000
G1 F2400.000
G1 Z3.800
G1 X180.750 Y75.000
G1 X180.750 Y51.250 E0.7872 
G1 X181.250 Y51.250 E0.8038 
G1 X181.250 Y75.000 E1.5910 
G92 E0.0000
; segment
G92 E0.0000
G1 F2400.000
G1 Z3.800
G1 X181.250 Y75.000
G1 X181.250 Y108.300 E1.1037 
G92 E0.0000
; segment
G92 E0.0000
G1 F2400.000
G1 Z3.800
G1 X181.250 Y108.300
G1 X181.250 Y112.000 E0.1226 
G92 E0.0000
; segment
G92 E0.0000
G1 F2400.000
G1 Z3.800
G1 X181.250 Y112.000
G1 X181.250 Y135.750 E0.7872 
G1 X181.750 Y135.750 E0.8038 
G1 X181.750 Y112.000 E1.5910 
G92 E0.0000
; segment
G92 E0.0000
G1 F2400.000
G1 Z3.800
G1 X181.750 Y112.000
G1 X181.750 Y78.700 E1.1037 
G92 E0.0000
; segment
G92 E0.0000
G1 F2400.000
G1 Z3.800
G1 X181.750 Y78.700
G1 X181.750 Y75.000 E0.1226 
G92 E0.0000
; segment
G92 E0.0000
G1 F2400.000
G1 Z3.800
G1 X181.750 Y75.000
G1 X181.750 Y51.250 E0.7872 
G1 X182.250 Y51.250 E0.8038 
G1 X182.250 Y75.000 E1.5910 
G92 E0.0000
; segment
G92 E0.0000
G1 F2400.000
G1 Z3.800
G1 X182.250 Y75.000
G1 X182.250 Y108.300 E1.1037 
G92 E0.0000
; segment
G92 E0.0000
G1 F2400.000
G1 Z3.800
G1 X182.250 Y108.300
G1 X182.250 Y112.000 E0.1226 
G92 E0.0000
; segment
G92 E0.0000
G1 F2400.000
G1 Z3.800
G1 X182.250 Y112.000
G1 X182.250 Y135.750 E0.7872 
G1 X182.750 Y135.750 E0.8038 
G1 X182.750 Y112.000 E1.5910 
G92 E0.0000
; segment
G92 E0.0000
G1 F2400.000
G1 Z3.800
G1 X182.750 Y112.000
G1 X182.750 Y78.700 E1.1037 
G92 E0.0000
; segment
G92 E0.0000
G1 F2400.000
G1 Z3.800
G1 X182.750 Y78.700
G1 X182.750 Y75.000 E0.1226 
G92 E0.0000
; segment
G92 E0.0000
G1 F2400.000
G1 Z3.800
G1 X182.750 Y75.000
G1 X182.750 Y51.250 E0.7872 
G1 X183.250 Y51.250 E0.8038 
G1 X183.250 Y75.000 E1.5910 
G92 E0.0000
; segment
G92 E0.0000
G1 F2400.000
G1 Z3.800
G1 X183.250 Y75.000
G1 X183.250 Y108.300 E1.1037 
G92 E0.0000
; segment
G92 E0.0000
G1 F2400.000
G1 Z3.800
G1 X183.250 Y108.300
G1 X183.250 Y112.000 E0.1226 
G92 E0.0000
; segment
G92 E0.0000
G1 F2400.000
G1 Z3.800
G1 X183.250 Y112.000
G1 X183.250 Y135.750 E0.7872 
G1 X183.750 Y135.750 E0.8038 
G1 X183.750 Y112.000 E1.5910 
G92 E0.0000
; segment
G92 E0.0000
G1 F2400.000
G1 Z3.800
G1 X183.750 Y112.000
G1 X183.750 Y78.700 E1.1037 
G92 E0.0000
; segment
G92 E0.0000
G1 F2400.000
G1 Z3.800
G1 X183.750 Y78.700
G1 X183.750 Y75.000 E0.1226 
G92 E0.0000
; segment
G92 E0.0000
G1 F2400.000
G1 Z3.800
G1 X183.750 Y75.000
G1 X183.750 Y51.250 E0.7872 
G92 E0.0000
; jumping
G92 E3.0000
G1 E0 F2400
G1 X188.750 Y66.250 F12000.000
G1 E3 F2400
G92 E0.0000
; segment
G92 E0.0000
G1 F2400.000
G1 Z3.800
G1 X188.750 Y66.250
G1 X188.750 Y75.000 E0.2900 
G92 E0.0000
; segment
G92 E0.0000
G1 F2400.000
G1 Z3.800
G1 X188.750 Y75.000
G1 X188.750 Y108.300 E1.1037 
G92 E0.0000
; segment
G92 E0.0000
G1 F2400.000
G1 Z3.800
G1 X188.750 Y108.300
G1 X188.750 Y112.000 E0.1226 
G92 E0.0000
; segment
G92 E0.0000
G1 F2400.000
G1 Z3.800
G1 X188.750 Y112.000
G1 X188.750 Y120.750 E0.2900 
G1 X188.250 Y120.750 E0.3066 
G1 X188.250 Y112.000 E0.5966 
G92 E0.0000
; segment
G92 E0.0000
G1 F2400.000
G1 Z3.800
G1 X188.250 Y112.000
G1 X188.250 Y78.700 E1.1037 
G92 E0.0000
; segment
G92 E0.0000
G1 F2400.000
G1 Z3.800
G1 X188.250 Y78.700
G1 X188.250 Y75.000 E0.1226 
G92 E0.0000
; segment
G92 E0.0000
G1 F2400.000
G1 Z3.800
G1 X188.250 Y75.000
G1 X188.250 Y66.250 E0.2900 
G1 X187.750 Y66.250 E0.3066 
G1 X187.750 Y75.000 E0.5966 
G92 E0.0000
; segment
G92 E0.0000
G1 F2400.000
G1 Z3.800
G1 X187.750 Y75.000
G1 X187.750 Y108.300 E1.1037 
G92 E0.0000
; segment
G92 E0.0000
G1 F2400.000
G1 Z3.800
G1 X187.750 Y108.300
G1 X187.750 Y112.000 E0.1226 
G92 E0.0000
; segment
G92 E0.0000
G1 F2400.000
G1 Z3.800
G1 X187.750 Y112.000
G1 X187.750 Y120.750 E0.2900 
G1 X187.250 Y120.750 E0.3066 
G1 X187.250 Y112.000 E0.5966 
G92 E0.0000
; segment
G92 E0.0000
G1 F2400.000
G1 Z3.800
G1 X187.250 Y112.000
G1 X187.250 Y78.700 E1.1037 
G92 E0.0000
; segment
G92 E0.0000
G1 F2400.000
G1 Z3.800
G1 X187.250 Y78.700
G1 X187.250 Y75.000 E0.1226 
G92 E0.0000
; segment
G92 E0.0000
G1 F2400.000
G1 Z3.800
G1 X187.250 Y75.000
G1 X187.250 Y66.250 E0.2900 
G1 X186.750 Y66.250 E0.3066 
G1 X186.750 Y75.000 E0.5966 
G92 E0.0000
; segment
G92 E0.0000
G1 F2400.000
G1 Z3.800
G1 X186.750 Y75.000
G1 X186.750 Y108.300 E1.1037 
G92 E0.0000
; segment
G92 E0.0000
G1 F2400.000
G1 Z3.800
G1 X186.750 Y108.300
G1 X186.750 Y112.000 E0.1226 
G92 E0.0000
; segment
G92 E0.0000
G1 F2400.000
G1 Z3.800
G1 X186.750 Y112.000
G1 X186.750 Y120.750 E0.2900 
G1 X186.250 Y120.750 E0.3066 
G1 X186.250 Y112.000 E0.5966 
G92 E0.0000
; segment
G92 E0.0000
G1 F2400.000
G1 Z3.800
G1 X186.250 Y112.000
G1 X186.250 Y78.700 E1.1037 
G92 E0.0000
; segment
G92 E0.0000
G1 F2400.000
G1 Z3.800
G1 X186.250 Y78.700
G1 X186.250 Y75.000 E0.1226 
G92 E0.0000
; segment
G92 E0.0000
G1 F2400.000
G1 Z3.800
G1 X186.250 Y75.000
G1 X186.250 Y66.250 E0.2900 
G1 X185.750 Y66.250 E0.3066 
G1 X185.750 Y75.000 E0.5966 
G92 E0.0000
; segment
G92 E0.0000
G1 F2400.000
G1 Z3.800
G1 X185.750 Y75.000
G1 X185.750 Y108.300 E1.1037 
G92 E0.0000
; segment
G92 E0.0000
G1 F2400.000
G1 Z3.800
G1 X185.750 Y108.300
G1 X185.750 Y112.000 E0.1226 
G92 E0.0000
; segment
G92 E0.0000
G1 F2400.000
G1 Z3.800
G1 X185.750 Y112.000
G1 X185.750 Y120.750 E0.2900 
G1 X185.250 Y120.750 E0.3066 
G1 X185.250 Y112.000 E0.5966 
G92 E0.0000
; segment
G92 E0.0000
G1 F2400.000
G1 Z3.800
G1 X185.250 Y112.000
G1 X185.250 Y78.700 E1.1037 
G92 E0.0000
; segment
G92 E0.0000
G1 F2400.000
G1 Z3.800
G1 X185.250 Y78.700
G1 X185.250 Y75.000 E0.1226 
G92 E0.0000
; segment
G92 E0.0000
G1 F2400.000
G1 Z3.800
G1 X185.250 Y75.000
G1 X185.250 Y66.250 E0.2900 
G1 X184.750 Y66.250 E0.3066 
G1 X184.750 Y75.000 E0.5966 
G92 E0.0000
; segment
G92 E0.0000
G1 F2400.000
G1 Z3.800
G1 X184.750 Y75.000
G1 X184.750 Y108.300 E1.1037 
G92 E0.0000
; segment
G92 E0.0000
G1 F2400.000
G1 Z3.800
G1 X184.750 Y108.300
G1 X184.750 Y112.000 E0.1226 
G92 E0.0000
; segment
G92 E0.0000
G1 F2400.000
G1 Z3.800
G1 X184.750 Y112.000
G1 X184.750 Y120.750 E0.2900 
G1 X184.250 Y120.750 E0.3066 
G1 X184.250 Y112.000 E0.5966 
G92 E0.0000
; segment
G92 E0.0000
G1 F2400.000
G1 Z3.800
G1 X184.250 Y112.000
G1 X184.250 Y78.700 E1.1037 
G92 E0.0000
; segment
G92 E0.0000
G1 F2400.000
G1 Z3.800
G1 X184.250 Y78.700
G1 X184.250 Y75.000 E0.1226 
G92 E0.0000
; segment
G92 E0.0000
G1 F2400.000
G1 Z3.800
G1 X184.250 Y75.000
G1 X184.250 Y66.250 E0.2900 
G1 X183.750 Y66.250 E0.3066 
G92 E0.0000
; jumping
G92 E3.0000
G1 E0 F2400
G1 X184.750 Y65.250 F12000.000
G1 E3 F2400
G92 E0.0000
; segment
G92 E0.0000
G1 F2400.000
G1 Z4.000
G1 X184.750 Y65.250
G1 X184.750 Y50.250 E0.4972 
G1 X175.250 Y50.250 E0.8121 
G1 X175.250 Y65.250 E1.3092 
G1 X170.250 Y65.250 E1.4750 
G1 X170.250 Y75.000 E1.7981 
G92 E0.0000
; segment
G92 E0.0000
G1 F2400.000
G1 Z4.000
G1 X170.250 Y75.000
G1 X170.250 Y108.300 E1.1037 
G92 E0.0000
; segment
G92 E0.0000
G1 F2400.000
G1 Z4.000
G1 X170.250 Y108.300
G1 X170.250 Y112.000 E0.1226 
G92 E0.0000
; segment
G92 E0.0000
G1 F2400.000
G1 Z4.000
G1 X170.250 Y112.000
G1 X170.250 Y121.750 E0.3232 
G1 X175.150 Y121.750 E0.4856 
G1 X175.150 Y136.750 E0.9828 
G1 X184.850 Y136.750 E1.3043 
G1 X184.850 Y121.750 E1.8014 
G1 X189.750 Y121.750 E1.9638 
G1 X189.750 Y112.000 E2.2870 
G92 E0.0000
; segment
G92 E0.0000
G1 F2400.000
G1 Z4.000
G1 X189.750 Y112.000
G1 X189.750 Y78.700 E1.1037 
G92 E0.0000
; segment
G92 E0.0000
G1 F2400.000
G1 Z4.000
G1 X189.750 Y78.700
G1 X189.750 Y75.000 E0.1226 
G92 E0.0000
; segment
G92 E0.0000
G1 F2400.000
G1 Z4.000
G1 X189.750 Y75.000
G1 X189.750 Y65.250 E0.3232 
G1 X184.750 Y65.250 E0.4889 
G92 E0.0000
; segment
G92 E0.0000
G1 F2400.000
G1 Z4.000
G1 X184.250 Y65.750
G1 X184.250 Y50.750 E0.4972 
G1 X175.750 Y50.750 E0.7789 
G1 X175.750 Y65.750 E1.2761 
G1 X170.750 Y65.750 E1.4418 
G1 X170.750 Y75.000 E1.7484 
G92 E0.0000
; segment
G92 E0.0000
G1 F2400.000
G1 Z4.000
G1 X170.750 Y75.000
G1 X170.750 Y108.300 E1.1037 
G92 E0.0000
; segment
G92 E0.0000
G1 F2400.000
G1 Z4.000
G1 X170.750 Y108.300
G1 X170.750 Y112.000 E0.1226 
G92 E0.0000
; segment
G92 E0.0000
G1 F2400.000
G1 Z4.000
G1 X170.750 Y112.000
G1 X170.750 Y121.250 E0.3066 
G1 X175.650 Y121.250 E0.4690 
G1 X175.650 Y136.250 E0.9662 
G1 X184.350 Y136.250 E1.2545 
G1 X184.350 Y121.250 E1.7517 
G1 X189.250 Y121.250 E1.9141 
G1 X189.250 Y112.000 E2.2207 
G92 E0.0000
; segment
G92 E0.0000
G1 F2400.000
G1 Z4.000
G1 X189.250 Y112.000
G1 X189.250 Y78.700 E1.1037 
G92 E0.0000
; segment
G92 E0.0000
G1 F2400.000
G1 Z4.000
G1 X189.250 Y78.700
G1 X189.250 Y75.000 E0.1226 
G92 E0.0000
; segment
G92 E0.0000
G1 F2400.000
G1 Z4.000
G1 X189.250 Y75.000
G1 X189.250 Y65.750 E0.3066 
G1 X184.250 Y65.750 E0.4723 
G92 E0.0000
; segment
G92 E0.0000
G1 F2400.000
G1 Z4.000
G1 X183.750 Y66.250
G1 X184.250 Y66.250 E0.0166 
G1 X184.250 Y75.000 E0.3066 
G92 E0.0000
; segment
G92 E0.0000
G1 F2400.000
G1 Z4.000
G1 X184.250 Y75.000
G1 X184.250 Y108.300 E1.1037 
G92 E0.0000
; segment
G92 E0.0000
G1 F2400.000
G1 Z4.000
G1 X184.250 Y108.300
G1 X184.250 Y112.000 E0.1226 
G92 E0.0000
; segment
G92 E0.0000
G1 F2400.000
G1 Z4.000
G1 X184.250 Y112.000
G1 X184.250 Y120.750 E0.2900 
G1 X184.750 Y120.750 E0.3066 
G1 X184.750 Y112.000 E0.5966 
G92 E0.0000
; segment
G92 E0.0000
G1 F2400.000
G1 Z4.000
G1 X184.750 Y112.000
G1 X184.750 Y78.700 E1.1037 
G92 E0.0000
; segment
G92 E0.0000
G1 F2400.000
G1 Z4.000
G1 X184.750 Y78.700
G1 X184.750 Y75.000 E0.1226 
G92 E0.0000
; segment
G92 E0.0000
G1 F2400.000
G1 Z4.000
G1 X184.750 Y75.000
G1 X184.750 Y66.250 E0.2900 
G1 X185.250 Y66.250 E0.3066 
G1 X185.250 Y75.000 E0.5966 
G92 E0.0000
; segment
G92 E0.0000
G1 F2400.000
G1 Z4.000
G1 X185.250 Y75.000
G1 X185.250 Y108.300 E1.1037 
G92 E0.0000
; segment
G92 E0.0000
G1 F2400.000
G1 Z4.000
G1 X185.250 Y108.300
G1 X185.250 Y112.000 E0.1226 
G92 E0.0000
; segment
G92 E0.0000
G1 F2400.000
G1 Z4.000
G1 X185.250 Y112.000
G1 X185.250 Y120.750 E0.2900 
G1 X185.750 Y120.750 E0.3066 
G1 X185.750 Y112.000 E0.5966 
G92 E0.0000
; segment
G92 E0.0000
G1 F2400.000
G1 Z4.000
G1 X185.750 Y112.000
G1 X185.750 Y78.700 E1.1037 
G92 E0.0000
; segment
G92 E0.0000
G1 F2400.000
G1 Z4.000
G1 X185.750 Y78.700
G1 X185.750 Y75.000 E0.1226 
G92 E0.0000
; segment
G92 E0.0000
G1 F2400.000
G1 Z4.000
G1 X185.750 Y75.000
G1 X185.750 Y66.250 E0.2900 
G1 X186.250 Y66.250 E0.3066 
G1 X186.250 Y75.000 E0.5966 
G92 E0.0000
; segment
G92 E0.0000
G1 F2400.000
G1 Z4.000
G1 X186.250 Y75.000
G1 X186.250 Y108.300 E1.1037 
G92 E0.0000
; segment
G92 E0.0000
G1 F2400.000
G1 Z4.000
G1 X186.250 Y108.300
G1 X186.250 Y112.000 E0.1226 
G92 E0.0000
; segment
G92 E0.0000
G1 F2400.000
G1 Z4.000
G1 X186.250 Y112.000
G1 X186.250 Y120.750 E0.2900 
G1 X186.750 Y120.750 E0.3066 
G1 X186.750 Y112.000 E0.5966 
G92 E0.0000
; segment
G92 E0.0000
G1 F2400.000
G1 Z4.000
G1 X186.750 Y112.000
G1 X186.750 Y78.700 E1.1037 
G92 E0.0000
; segment
G92 E0.0000
G1 F2400.000
G1 Z4.000
G1 X186.750 Y78.700
G1 X186.750 Y75.000 E0.1226 
G92 E0.0000
; segment
G92 E0.0000
G1 F2400.000
G1 Z4.000
G1 X186.750 Y75.000
G1 X186.750 Y66.250 E0.2900 
G1 X187.250 Y66.250 E0.3066 
G1 X187.250 Y75.000 E0.5966 
G92 E0.0000
; segment
G92 E0.0000
G1 F2400.000
G1 Z4.000
G1 X187.250 Y75.000
G1 X187.250 Y108.300 E1.1037 
G92 E0.0000
; segment
G92 E0.0000
G1 F2400.000
G1 Z4.000
G1 X187.250 Y108.300
G1 X187.250 Y112.000 E0.1226 
G92 E0.0000
; segment
G92 E0.0000
G1 F2400.000
G1 Z4.000
G1 X187.250 Y112.000
G1 X187.250 Y120.750 E0.2900 
G1 X187.750 Y120.750 E0.3066 
G1 X187.750 Y112.000 E0.5966 
G92 E0.0000
; segment
G92 E0.0000
G1 F2400.000
G1 Z4.000
G1 X187.750 Y112.000
G1 X187.750 Y78.700 E1.1037 
G92 E0.0000
; segment
G92 E0.0000
G1 F2400.000
G1 Z4.000
G1 X187.750 Y78.700
G1 X187.750 Y75.000 E0.1226 
G92 E0.0000
; segment
G92 E0.0000
G1 F2400.000
G1 Z4.000
G1 X187.750 Y75.000
G1 X187.750 Y66.250 E0.2900 
G1 X188.250 Y66.250 E0.3066 
G1 X188.250 Y75.000 E0.5966 
G92 E0.0000
; segment
G92 E0.0000
G1 F2400.000
G1 Z4.000
G1 X188.250 Y75.000
G1 X188.250 Y108.300 E1.1037 
G92 E0.0000
; segment
G92 E0.0000
G1 F2400.000
G1 Z4.000
G1 X188.250 Y108.300
G1 X188.250 Y112.000 E0.1226 
G92 E0.0000
; segment
G92 E0.0000
G1 F2400.000
G1 Z4.000
G1 X188.250 Y112.000
G1 X188.250 Y120.750 E0.2900 
G1 X188.750 Y120.750 E0.3066 
G1 X188.750 Y112.000 E0.5966 
G92 E0.0000
; segment
G92 E0.0000
G1 F2400.000
G1 Z4.000
G1 X188.750 Y112.000
G1 X188.750 Y78.700 E1.1037 
G92 E0.0000
; segment
G92 E0.0000
G1 F2400.000
G1 Z4.000
G1 X188.750 Y78.700
G1 X188.750 Y75.000 E0.1226 
G92 E0.0000
; segment
G92 E0.0000
G1 F2400.000
G1 Z4.000
G1 X188.750 Y75.000
G1 X188.750 Y66.250 E0.2900 
G92 E0.0000
; jumping
G92 E3.0000
G1 E0 F2400
G1 X183.750 Y51.250 F12000.000
G1 E3 F2400
G92 E0.0000
; segment
G92 E0.0000
G1 F2400.000
G1 Z4.000
G1 X183.750 Y51.250
G1 X183.750 Y75.000 E0.7872 
G92 E0.0000
; segment
G92 E0.0000
G1 F2400.000
G1 Z4.000
G1 X183.750 Y75.000
G1 X183.750 Y108.300 E1.1037 
G92 E0.0000
; segment
G92 E0.0000
G1 F2400.000
G1 Z4.000
G1 X183.750 Y108.300
G1 X183.750 Y112.000 E0.1226 
G92 E0.0000
; segment
G92 E0.0000
G1 F2400.000
G1 Z4.000
G1 X183.750 Y112.000
G1 X183.750 Y135.750 E0.7872 
G1 X183.250 Y135.750 E0.8038 
G1 X183.250 Y112.000 E1.5910 
G92 E0.0000
; segment
G92 E0.0000
G1 F2400.000
G1 Z4.000
G1 X183.250 Y112.000
G1 X183.250 Y78.700 E1.1037 
G92 E0.0000
; segment
G92 E0.0000
G1 F2400.000
G1 Z4.000
G1 X183.250 Y78.700
G1 X183.250 Y75.000 E0.1226 
G92 E0.0000
; segment
G92 E0.0000
G1 F2400.000
G1 Z4.000
G1 X183.250 Y75.000
G1 X183.250 Y51.250 E0.7872 
G1 X182.750 Y51.250 E0.8038 
G1 X182.750 Y75.000 E1.5910 
G92 E0.0000
; segment
G92 E0.0000
G1 F2400.000
G1 Z4.000
G1 X182.750 Y75.000
G1 X182.750 Y108.300 E1.1037 
G92 E0.0000
; segment
G92 E0.0000
G1 F2400.000
G1 Z4.000
G1 X182.750 Y108.300
G1 X182.750 Y112.000 E0.1226 
G92 E0.0000
; segment
G92 E0.0000
G1 F2400.000
G1 Z4.000
G1 X182.750 Y112.000
G1 X182.750 Y135.750 E0.7872 
G1 X182.250 Y135.750 E0.8038 
G1 X182.250 Y112.000 E1.5910 
G92 E0.0000
; segment
G92 E0.0000
G1 F2400.000
G1 Z4.000
G1 X182.250 Y112.000
G1 X182.250 Y78.700 E1.1037 
G92 E0.0000
; segment
G92 E0.0000
G1 F2400.000
G1 Z4.000
G1 X182.250 Y78.700
G1 X182.250 Y75.000 E0.1226 
G92 E0.0000
; segment
G92 E0.0000
G1 F2400.000
G1 Z4.000
G1 X182.250 Y75.000
G1 X182.250 Y51.250 E0.7872 
G1 X181.750 Y51.250 E0.8038 
G1 X181.750 Y75.000 E1.5910 
G92 E0.0000
; segment
G92 E0.0000
G1 F2400.000
G1 Z4.000
G1 X181.750 Y75.000
G1 X181.750 Y108.300 E1.1037 
G92 E0.0000
; segment
G92 E0.0000
G1 F2400.000
G1 Z4.000
G1 X181.750 Y108.300
G1 X181.750 Y112.000 E0.1226 
G92 E0.0000
; segment
G92 E0.0000
G1 F2400.000
G1 Z4.000
G1 X181.750 Y112.000
G1 X181.750 Y135.750 E0.7872 
G1 X181.250 Y135.750 E0.8038 
G1 X181.250 Y112.000 E1.5910 
G92 E0.0000
; segment
G92 E0.0000
G1 F2400.000
G1 Z4.000
G1 X181.250 Y112.000
G1 X181.250 Y78.700 E1.1037 
G92 E0.0000
; segment
G92 E0.0000
G1 F2400.000
G1 Z4.000
G1 X181.250 Y78.700
G1 X181.250 Y75.000 E0.1226 
G92 E0.0000
; segment
G92 E0.0000
G1 F2400.000
G1 Z4.000
G1 X181.250 Y75.000
G1 X181.250 Y51.250 E0.7872 
G1 X180.750 Y51.250 E0.8038 
G1 X180.750 Y75.000 E1.5910 
G92 E0.0000
; segment
G92 E0.0000
G1 F2400.000
G1 Z4.000
G1 X180.750 Y75.000
G1 X180.750 Y108.300 E1.1037 
G92 E0.0000
; segment
G92 E0.0000
G1 F2400.000
G1 Z4.000
G1 X180.750 Y108.300
G1 X180.750 Y112.000 E0.1226 
G92 E0.0000
; segment
G92 E0.0000
G1 F2400.000
G1 Z4.000
G1 X180.750 Y112.000
G1 X180.750 Y135.750 E0.7872 
G1 X180.250 Y135.750 E0.8038 
G1 X180.250 Y112.000 E1.5910 
G92 E0.0000
; segment
G92 E0.0000
G1 F2400.000
G1 Z4.000
G1 X180.250 Y112.000
G1 X180.250 Y78.700 E1.1037 
G92 E0.0000
; segment
G92 E0.0000
G1 F2400.000
G1 Z4.000
G1 X180.250 Y78.700
G1 X180.250 Y75.000 E0.1226 
G92 E0.0000
; segment
G92 E0.0000
G1 F2400.000
G1 Z4.000
G1 X180.250 Y75.000
G1 X180.250 Y51.250 E0.7872 
G1 X179.750 Y51.250 E0.8038 
G1 X179.750 Y75.000 E1.5910 
G92 E0.0000
; segment
G92 E0.0000
G1 F2400.000
G1 Z4.000
G1 X179.750 Y75.000
G1 X179.750 Y108.300 E1.1037 
G92 E0.0000
; segment
G92 E0.0000
G1 F2400.000
G1 Z4.000
G1 X179.750 Y108.300
G1 X179.750 Y112.000 E0.1226 
G92 E0.0000
; segment
G92 E0.0000
G1 F2400.000
G1 Z4.000
G1 X179.750 Y112.000
G1 X179.750 Y135.750 E0.7872 
G1 X179.250 Y135.750 E0.8038 
G1 X179.250 Y112.000 E1.5910 
G92 E0.0000
; segment
G92 E0.0000
G1 F2400.000
G1 Z4.000
G1 X179.250 Y112.000
G1 X179.250 Y78.700 E1.1037 
G92 E0.0000
; segment
G92 E0.0000
G1 F2400.000
G1 Z4.000
G1 X179.250 Y78.700
G1 X179.250 Y75.000 E0.1226 
G92 E0.0000
; segment
G92 E0.0000
G1 F2400.000
G1 Z4.000
G1 X179.250 Y75.000
G1 X179.250 Y51.250 E0.7872 
G1 X178.750 Y51.250 E0.8038 
G1 X178.750 Y75.000 E1.5910 
G92 E0.0000
; segment
G92 E0.0000
G1 F2400.000
G1 Z4.000
G1 X178.750 Y75.000
G1 X178.750 Y108.300 E1.1037 
G92 E0.0000
; segment
G92 E0.0000
G1 F2400.000
G1 Z4.000
G1 X178.750 Y108.300
G1 X178.750 Y112.000 E0.1226 
G92 E0.0000
; segment
G92 E0.0000
G1 F2400.000
G1 Z4.000
G1 X178.750 Y112.000
G1 X178.750 Y135.750 E0.7872 
G1 X178.250 Y135.750 E0.8038 
G1 X178.250 Y112.000 E1.5910 
G92 E0.0000
; segment
G92 E0.0000
G1 F2400.000
G1 Z4.000
G1 X178.250 Y112.000
G1 X178.250 Y78.700 E1.1037 
G92 E0.0000
; segment
G92 E0.0000
G1 F2400.000
G1 Z4.000
G1 X178.250 Y78.700
G1 X178.250 Y75.000 E0.1226 
G92 E0.0000
; segment
G92 E0.0000
G1 F2400.000
G1 Z4.000
G1 X178.250 Y75.000
G1 X178.250 Y51.250 E0.7872 
G1 X177.750 Y51.250 E0.8038 
G1 X177.750 Y75.000 E1.5910 
G92 E0.0000
; segment
G92 E0.0000
G1 F2400.000
G1 Z4.000
G1 X177.750 Y75.000
G1 X177.750 Y108.300 E1.1037 
G92 E0.0000
; segment
G92 E0.0000
G1 F2400.000
G1 Z4.000
G1 X177.750 Y108.300
G1 X177.750 Y112.000 E0.1226 
G92 E0.0000
; segment
G92 E0.0000
G1 F2400.000
G1 Z4.000
G1 X177.750 Y112.000
G1 X177.750 Y135.750 E0.7872 
G1 X177.250 Y135.750 E0.8038 
G1 X177.250 Y112.000 E1.5910 
G92 E0.0000
; segment
G92 E0.0000
G1 F2400.000
G1 Z4.000
G1 X177.250 Y112.000
G1 X177.250 Y78.700 E1.1037 
G92 E0.0000
; segment
G92 E0.0000
G1 F2400.000
G1 Z4.000
G1 X177.250 Y78.700
G1 X177.250 Y75.000 E0.1226 
G92 E0.0000
; segment
G92 E0.0000
G1 F2400.000
G1 Z4.000
G1 X177.250 Y75.000
G1 X177.250 Y51.250 E0.7872 
G1 X176.750 Y51.250 E0.8038 
G1 X176.750 Y75.000 E1.5910 
G92 E0.0000
; segment
G92 E0.0000
G1 F2400.000
G1 Z4.000
G1 X176.750 Y75.000
G1 X176.750 Y108.300 E1.1037 
G92 E0.0000
; segment
G92 E0.0000
G1 F2400.000
G1 Z4.000
G1 X176.750 Y108.300
G1 X176.750 Y112.000 E0.1226 
G92 E0.0000
; segment
G92 E0.0000
G1 F2400.000
G1 Z4.000
G1 X176.750 Y112.000
G1 X176.750 Y135.750 E0.7872 
G1 X176.250 Y135.750 E0.8038 
G1 X176.250 Y112.000 E1.5910 
G92 E0.0000
; segment
G92 E0.0000
G1 F2400.000
G1 Z4.000
G1 X176.250 Y112.000
G1 X176.250 Y78.700 E1.1037 
G92 E0.0000
; segment
G92 E0.0000
G1 F2400.000
G1 Z4.000
G1 X176.250 Y78.700
G1 X176.250 Y75.000 E0.1226 
G92 E0.0000
; segment
G92 E0.0000
G1 F2400.000
G1 Z4.000
G1 X176.250 Y75.000
G1 X176.250 Y66.250 E0.2900 
G1 X175.750 Y66.250 E0.3066 
G1 X175.750 Y75.000 E0.5966 
G92 E0.0000
; segment
G92 E0.0000
G1 F2400.000
G1 Z4.000
G1 X175.750 Y75.000
G1 X175.750 Y108.300 E1.1037 
G92 E0.0000
; segment
G92 E0.0000
G1 F2400.000
G1 Z4.000
G1 X175.750 Y108.300
G1 X175.750 Y112.000 E0.1226 
G92 E0.0000
; segment
G92 E0.0000
G1 F2400.000
G1 Z4.000
G1 X175.750 Y112.000
G1 X175.750 Y120.750 E0.2900 
G1 X175.250 Y120.750 E0.3066 
G1 X175.250 Y112.000 E0.5966 
G92 E0.0000
; segment
G92 E0.0000
G1 F2400.000
G1 Z4.000
G1 X175.250 Y112.000
G1 X175.250 Y78.700 E1.1037 
G92 E0.0000
; segment
G92 E0.0000
G1 F2400.000
G1 Z4.000
G1 X175.250 Y78.700
G1 X175.250 Y75.000 E0.1226 
G92 E0.0000
; segment
G92 E0.0000
G1 F2400.000
G1 Z4.000
G1 X175.250 Y75.000
G1 X175.250 Y66.250 E0.2900 
G1 X174.750 Y66.250 E0.3066 
G1 X174.750 Y75.000 E0.5966 
G92 E0.0000
; segment
G92 E0.0000
G1 F2400.000
G1 Z4.000
G1 X174.750 Y75.000
G1 X174.750 Y108.300 E1.1037 
G92 E0.0000
; segment
G92 E0.0000
G1 F2400.000
G1 Z4.000
G1 X174.750 Y108.300
G1 X174.750 Y112.000 E0.1226 
G92 E0.0000
; segment
G92 E0.0000
G1 F2400.000
G1 Z4.000
G1 X174.750 Y112.000
G1 X174.750 Y120.750 E0.2900 
G1 X174.250 Y120.750 E0.3066 
G1 X174.250 Y112.000 E0.5966 
G92 E0.0000
; segment
G92 E0.0000
G1 F2400.000
G1 Z4.000
G1 X174.250 Y112.000
G1 X174.250 Y78.700 E1.1037 
G92 E0.0000
; segment
G92 E0.0000
G1 F2400.000
G1 Z4.000
G1 X174.250 Y78.700
G1 X174.250 Y75.000 E0.1226 
G92 E0.0000
; segment
G92 E0.0000
G1 F2400.000
G1 Z4.000
G1 X174.250 Y75.000
G1 X174.250 Y66.250 E0.2900 
G1 X173.750 Y66.250 E0.3066 
G1 X173.750 Y75.000 E0.5966 
G92 E0.0000
; segment
G92 E0.0000
G1 F2400.000
G1 Z4.000
G1 X173.750 Y75.000
G1 X173.750 Y108.300 E1.1037 
G92 E0.0000
; segment
G92 E0.0000
G1 F2400.000
G1 Z4.000
G1 X173.750 Y108.300
G1 X173.750 Y112.000 E0.1226 
G92 E0.0000
; segment
G92 E0.0000
G1 F2400.000
G1 Z4.000
G1 X173.750 Y112.000
G1 X173.750 Y120.750 E0.2900 
G1 X173.250 Y120.750 E0.3066 
G1 X173.250 Y112.000 E0.5966 
G92 E0.0000
; segment
G92 E0.0000
G1 F2400.000
G1 Z4.000
G1 X173.250 Y112.000
G1 X173.250 Y78.700 E1.1037 
G92 E0.0000
; segment
G92 E0.0000
G1 F2400.000
G1 Z4.000
G1 X173.250 Y78.700
G1 X173.250 Y75.000 E0.1226 
G92 E0.0000
; segment
G92 E0.0000
G1 F2400.000
G1 Z4.000
G1 X173.250 Y75.000
G1 X173.250 Y66.250 E0.2900 
G1 X172.750 Y66.250 E0.3066 
G1 X172.750 Y75.000 E0.5966 
G92 E0.0000
; segment
G92 E0.0000
G1 F2400.000
G1 Z4.000
G1 X172.750 Y75.000
G1 X172.750 Y108.300 E1.1037 
G92 E0.0000
; segment
G92 E0.0000
G1 F2400.000
G1 Z4.000
G1 X172.750 Y108.300
G1 X172.750 Y112.000 E0.1226 
G92 E0.0000
; segment
G92 E0.0000
G1 F2400.000
G1 Z4.000
G1 X172.750 Y112.000
G1 X172.750 Y120.750 E0.2900 
G1 X172.250 Y120.750 E0.3066 
G1 X172.250 Y112.000 E0.5966 
G92 E0.0000
; segment
G92 E0.0000
G1 F2400.000
G1 Z4.000
G1 X172.250 Y112.000
G1 X172.250 Y78.700 E1.1037 
G92 E0.0000
; segment
G92 E0.0000
G1 F2400.000
G1 Z4.000
G1 X172.250 Y78.700
G1 X172.250 Y75.000 E0.1226 
G92 E0.0000
; segment
G92 E0.0000
G1 F2400.000
G1 Z4.000
G1 X172.250 Y75.000
G1 X172.250 Y66.250 E0.2900 
G1 X171.750 Y66.250 E0.3066 
G1 X171.750 Y75.000 E0.5966 
G92 E0.0000
; segment
G92 E0.0000
G1 F2400.000
G1 Z4.000
G1 X171.750 Y75.000
G1 X171.750 Y108.300 E1.1037 
G92 E0.0000
; segment
G92 E0.0000
G1 F2400.000
G1 Z4.000
G1 X171.750 Y108.300
G1 X171.750 Y112.000 E0.1226 
G92 E0.0000
; segment
G92 E0.0000
G1 F2400.000
G1 Z4.000
G1 X171.750 Y112.000
G1 X171.750 Y120.750 E0.2900 
G1 X171.250 Y120.750 E0.3066 
G1 X171.250 Y112.000 E0.5966 
G92 E0.0000
; segment
G92 E0.0000
G1 F2400.000
G1 Z4.000
G1 X171.250 Y112.000
G1 X171.250 Y78.700 E1.1037 
G92 E0.0000
; segment
G92 E0.0000
G1 F2400.000
G1 Z4.000
G1 X171.250 Y78.700
G1 X171.250 Y75.000 E0.1226 
G92 E0.0000
; segment
G92 E0.0000
G1 F2400.000
G1 Z4.000
G1 X171.250 Y75.000
G1 X171.250 Y66.250 E0.2900 
G92 E0.0000
; jumping
G92 E3.0000
G1 E0 F2400
G1 X170.250 Y65.250 F12000.000
G1 E3 F2400
G92 E0.0000
; segment
G92 E0.0000
G1 F2400.000
G1 Z4.200
G1 X170.250 Y65.250
G1 X170.250 Y75.000 E0.3232 
G92 E0.0000
; segment
G92 E0.0000
G1 F2400.000
G1 Z4.200
G1 X170.250 Y75.000
G1 X170.250 Y108.300 E1.1037 
G92 E0.0000
; segment
G92 E0.0000
G1 F2400.000
G1 Z4.200
G1 X170.250 Y108.300
G1 X170.250 Y112.000 E0.1226 
G92 E0.0000
; segment
G92 E0.0000
G1 F2400.000
G1 Z4.200
G1 X170.250 Y112.000
G1 X170.250 Y121.750 E0.3232 
G1 X175.150 Y121.750 E0.4856 
G1 X175.150 Y136.750 E0.9828 
G1 X184.850 Y136.750 E1.3043 
G1 X184.850 Y121.750 E1.8014 
G1 X189.750 Y121.750 E1.9638 
G1 X189.750 Y112.000 E2.2870 
G92 E0.0000
; segment
G92 E0.0000
G1 F2400.000
G1 Z4.200
G1 X189.750 Y112.000
G1 X189.750 Y78.700 E1.1037 
G92 E0.0000
; segment
G92 E0.0000
G1 F2400.000
G1 Z4.200
G1 X189.750 Y78.700
G1 X189.750 Y75.000 E0.1226 
G92 E0.0000
; segment
G92 E0.0000
G1 F2400.000
G1 Z4.200
G1 X189.750 Y75.000
G1 X189.750 Y65.250 E0.3232 
G1 X184.750 Y65.250 E0.4889 
G1 X184.750 Y50.250 E0.9861 
G1 X175.250 Y50.250 E1.3009 
G1 X175.250 Y65.250 E1.7981 
G1 X170.250 Y65.250 E1.9638 
G92 E0.0000
; segment
G92 E0.0000
G1 F2400.000
G1 Z4.200
G1 X170.750 Y65.750
G1 X170.750 Y75.000 E0.3066 
G92 E0.0000
; segment
G92 E0.0000
G1 F2400.000
G1 Z4.200
G1 X170.750 Y75.000
G1 X170.750 Y108.300 E1.1037 
G92 E0.0000
; segment
G92 E0.0000
G1 F2400.000
G1 Z4.200
G1 X170.750 Y108.300
G1 X170.750 Y112.000 E0.1226 
G92 E0.0000
; segment
G92 E0.0000
G1 F2400.000
G1 Z4.200
G1 X170.750 Y112.000
G1 X170.750 Y121.250 E0.3066 
G1 X175.650 Y121.250 E0.4690 
G1 X175.650 Y136.250 E0.9662 
G1 X184.350 Y136.250 E1.2545 
G1 X184.350 Y121.250 E1.7517 
G1 X189.250 Y121.250 E1.9141 
G1 X189.250 Y112.000 E2.2207 
G92 E0.0000
; segment
G92 E0.0000
G1 F2400.000
G1 Z4.200
G1 X189.250 Y112.000
G1 X189.250 Y78.700 E1.1037 
G92 E0.0000
; segment
G92 E0.0000
G1 F2400.000
G1 Z4.200
G1 X189.250 Y78.700
G1 X189.250 Y75.000 E0.1226 
G92 E0.0000
; segment
G92 E0.0000
G1 F2400.000
G1 Z4.200
G1 X189.250 Y75.000
G1 X189.250 Y65.750 E0.3066 
G1 X184.250 Y65.750 E0.4723 
G1 X184.250 Y50.750 E0.9695 
G1 X175.750 Y50.750 E1.2512 
G1 X175.750 Y65.750 E1.7484 
G1 X170.750 Y65.750 E1.9141 
G92 E0.0000
; segment
G92 E0.0000
G1 F2400.000
G1 Z4.200
G1 X171.250 Y66.250
G1 X171.250 Y75.000 E0.2900 
G92 E0.0000
; segment
G92 E0.0000
G1 F2400.000
G1 Z4.200
G1 X171.250 Y75.000
G1 X171.250 Y108.300 E1.1037 
G92 E0.0000
; segment
G92 E0.0000
G1 F2400.000
G1 Z4.200
G1 X171.250 Y108.300
G1 X171.250 Y112.000 E0.1226 
G92 E0.0000
; segment
G92 E0.0000
G1 F2400.000
G1 Z4.200
G1 X171.250 Y112.000
G1 X171.250 Y120.750 E0.2900 
G1 X171.750 Y120.750 E0.3066 
G1 X171.750 Y112.000 E0.5966 
G92 E0.0000
; segment
G92 E0.0000
G1 F2400.000
G1 Z4.200
G1 X171.750 Y112.000
G1 X171.750 Y78.700 E1.1037 
G92 E0.0000
; segment
G92 E0.0000
G1 F2400.000
G1 Z4.200
G1 X171.750 Y78.700
G1 X171.750 Y75.000 E0.1226 
G92 E0.0000
; segment
G92 E0.0000
G1 F2400.000
G1 Z4.200
G1 X171.750 Y75.000
G1 X171.750 Y66.250 E0.2900 
G1 X172.250 Y66.250 E0.3066 
G1 X172.250 Y75.000 E0.5966 
G92 E0.0000
; segment
G92 E0.0000
G1 F2400.000
G1 Z4.200
G1 X172.250 Y75.000
G1 X172.250 Y108.300 E1.1037 
G92 E0.0000
; segment
G92 E0.0000
G1 F2400.000
G1 Z4.200
G1 X172.250 Y108.300
G1 X172.250 Y112.000 E0.1226 
G92 E0.0000
; segment
G92 E0.0000
G1 F2400.000
G1 Z4.200
G1 X172.250 Y112.000
G1 X172.250 Y120.750 E0.2900 
G1 X172.750 Y120.750 E0.3066 
G1 X172.750 Y112.000 E0.5966 
G92 E0.0000
; segment
G92 E0.0000
G1 F2400.000
G1 Z4.200
G1 X172.750 Y112.000
G1 X172.750 Y78.700 E1.1037 
G92 E0.0000
; segment
G92 E0.0000
G1 F2400.000
G1 Z4.200
G1 X172.750 Y78.700
G1 X172.750 Y75.000 E0.1226 
G92 E0.0000
; segment
G92 E0.0000
G1 F2400.000
G1 Z4.200
G1 X172.750 Y75.000
G1 X172.750 Y66.250 E0.2900 
G1 X173.250 Y66.250 E0.3066 
G1 X173.250 Y75.000 E0.5966 
G92 E0.0000
; segment
G92 E0.0000
G1 F2400.000
G1 Z4.200
G1 X173.250 Y75.000
G1 X173.250 Y108.300 E1.1037 
G92 E0.0000
; segment
G92 E0.0000
G1 F2400.000
G1 Z4.200
G1 X173.250 Y108.300
G1 X173.250 Y112.000 E0.1226 
G92 E0.0000
; segment
G92 E0.0000
G1 F2400.000
G1 Z4.200
G1 X173.250 Y112.000
G1 X173.250 Y120.750 E0.2900 
G1 X173.750 Y120.750 E0.3066 
G1 X173.750 Y112.000 E0.5966 
G92 E0.0000
; segment
G92 E0.0000
G1 F2400.000
G1 Z4.200
G1 X173.750 Y112.000
G1 X173.750 Y78.700 E1.1037 
G92 E0.0000
; segment
G92 E0.0000
G1 F2400.000
G1 Z4.200
G1 X173.750 Y78.700
G1 X173.750 Y75.000 E0.1226 
G92 E0.0000
; segment
G92 E0.0000
G1 F2400.000
G1 Z4.200
G1 X173.750 Y75.000
G1 X173.750 Y66.250 E0.2900 
G1 X174.250 Y66.250 E0.3066 
G1 X174.250 Y75.000 E0.5966 
G92 E0.0000
; segment
G92 E0.0000
G1 F2400.000
G1 Z4.200
G1 X174.250 Y75.000
G1 X174.250 Y108.300 E1.1037 
G92 E0.0000
; segment
G92 E0.0000
G1 F2400.000
G1 Z4.200
G1 X174.250 Y108.300
G1 X174.250 Y112.000 E0.1226 
G92 E0.0000
; segment
G92 E0.0000
G1 F2400.000
G1 Z4.200
G1 X174.250 Y112.000
G1 X174.250 Y120.750 E0.2900 
G1 X174.750 Y120.750 E0.3066 
G1 X174.750 Y112.000 E0.5966 
G92 E0.0000
; segment
G92 E0.0000
G1 F2400.000
G1 Z4.200
G1 X174.750 Y112.000
G1 X174.750 Y78.700 E1.1037 
G92 E0.0000
; segment
G92 E0.0000
G1 F2400.000
G1 Z4.200
G1 X174.750 Y78.700
G1 X174.750 Y75.000 E0.1226 
G92 E0.0000
; segment
G92 E0.0000
G1 F2400.000
G1 Z4.200
G1 X174.750 Y75.000
G1 X174.750 Y66.250 E0.2900 
G1 X175.250 Y66.250 E0.3066 
G1 X175.250 Y75.000 E0.5966 
G92 E0.0000
; segment
G92 E0.0000
G1 F2400.000
G1 Z4.200
G1 X175.250 Y75.000
G1 X175.250 Y108.300 E1.1037 
G92 E0.0000
; segment
G92 E0.0000
G1 F2400.000
G1 Z4.200
G1 X175.250 Y108.300
G1 X175.250 Y112.000 E0.1226 
G92 E0.0000
; segment
G92 E0.0000
G1 F2400.000
G1 Z4.200
G1 X175.250 Y112.000
G1 X175.250 Y120.750 E0.2900 
G1 X175.750 Y120.750 E0.3066 
G1 X175.750 Y112.000 E0.5966 
G92 E0.0000
; segment
G92 E0.0000
G1 F2400.000
G1 Z4.200
G1 X175.750 Y112.000
G1 X175.750 Y78.700 E1.1037 
G92 E0.0000
; segment
G92 E0.0000
G1 F2400.000
G1 Z4.200
G1 X175.750 Y78.700
G1 X175.750 Y75.000 E0.1226 
G92 E0.0000
; segment
G92 E0.0000
G1 F2400.000
G1 Z4.200
G1 X175.750 Y75.000
G1 X175.750 Y66.250 E0.2900 
G1 X176.250 Y66.250 E0.3066 
G1 X176.250 Y75.000 E0.5966 
G92 E0.0000
; segment
G92 E0.0000
G1 F2400.000
G1 Z4.200
G1 X176.250 Y75.000
G1 X176.250 Y108.300 E1.1037 
G92 E0.0000
; segment
G92 E0.0000
G1 F2400.000
G1 Z4.200
G1 X176.250 Y108.300
G1 X176.250 Y112.000 E0.1226 
G92 E0.0000
; segment
G92 E0.0000
G1 F2400.000
G1 Z4.200
G1 X176.250 Y112.000
G1 X176.250 Y135.750 E0.7872 
G1 X176.750 Y135.750 E0.8038 
G1 X176.750 Y112.000 E1.5910 
G92 E0.0000
; segment
G92 E0.0000
G1 F2400.000
G1 Z4.200
G1 X176.750 Y112.000
G1 X176.750 Y78.700 E1.1037 
G92 E0.0000
; segment
G92 E0.0000
G1 F2400.000
G1 Z4.200
G1 X176.750 Y78.700
G1 X176.750 Y75.000 E0.1226 
G92 E0.0000
; segment
G92 E0.0000
G1 F2400.000
G1 Z4.200
G1 X176.750 Y75.000
G1 X176.750 Y51.250 E0.7872 
G1 X177.250 Y51.250 E0.8038 
G1 X177.250 Y75.000 E1.5910 
G92 E0.0000
; segment
G92 E0.0000
G1 F2400.000
G1 Z4.200
G1 X177.250 Y75.000
G1 X177.250 Y108.300 E1.1037 
G92 E0.0000
; segment
G92 E0.0000
G1 F2400.000
G1 Z4.200
G1 X177.250 Y108.300
G1 X177.250 Y112.000 E0.1226 
G92 E0.0000
; segment
G92 E0.0000
G1 F2400.000
G1 Z4.200
G1 X177.250 Y112.000
G1 X177.250 Y135.750 E0.7872 
G1 X177.750 Y135.750 E0.8038 
G1 X177.750 Y112.000 E1.5910 
G92 E0.0000
; segment
G92 E0.0000
G1 F2400.000
G1 Z4.200
G1 X177.750 Y112.000
G1 X177.750 Y78.700 E1.1037 
G92 E0.0000
; segment
G92 E0.0000
G1 F2400.000
G1 Z4.200
G1 X177.750 Y78.700
G1 X177.750 Y75.000 E0.1226 
G92 E0.0000
; segment
G92 E0.0000
G1 F2400.000
G1 Z4.200
G1 X177.750 Y75.000
G1 X177.750 Y51.250 E0.7872 
G1 X178.250 Y51.250 E0.8038 
G1 X178.250 Y75.000 E1.5910 
G92 E0.0000
; segment
G92 E0.0000
G1 F2400.000
G1 Z4.200
G1 X178.250 Y75.000
G1 X178.250 Y108.300 E1.1037 
G92 E0.0000
; segment
G92 E0.0000
G1 F2400.000
G1 Z4.200
G1 X178.250 Y108.300
G1 X178.250 Y112.000 E0.1226 
G92 E0.0000
; segment
G92 E0.0000
G1 F2400.000
G1 Z4.200
G1 X178.250 Y112.000
G1 X178.250 Y135.750 E0.7872 
G1 X178.750 Y135.750 E0.8038 
G1 X178.750 Y112.000 E1.5910 
G92 E0.0000
; segment
G92 E0.0000
G1 F2400.000
G1 Z4.200
G1 X178.750 Y112.000
G1 X178.750 Y78.700 E1.1037 
G92 E0.0000
; segment
G92 E0.0000
G1 F2400.000
G1 Z4.200
G1 X178.750 Y78.700
G1 X178.750 Y75.000 E0.1226 
G92 E0.0000
; segment
G92 E0.0000
G1 F2400.000
G1 Z4.200
G1 X178.750 Y75.000
G1 X178.750 Y51.250 E0.7872 
G1 X179.250 Y51.250 E0.8038 
G1 X179.250 Y75.000 E1.5910 
G92 E0.0000
; segment
G92 E0.0000
G1 F2400.000
G1 Z4.200
G1 X179.250 Y75.000
G1 X179.250 Y108.300 E1.1037 
G92 E0.0000
; segment
G92 E0.0000
G1 F2400.000
G1 Z4.200
G1 X179.250 Y108.300
G1 X179.250 Y112.000 E0.1226 
G92 E0.0000
; segment
G92 E0.0000
G1 F2400.000
G1 Z4.200
G1 X179.250 Y112.000
G1 X179.250 Y135.750 E0.7872 
G1 X179.750 Y135.750 E0.8038 
G1 X179.750 Y112.000 E1.5910 
G92 E0.0000
; segment
G92 E0.0000
G1 F2400.000
G1 Z4.200
G1 X179.750 Y112.000
G1 X179.750 Y78.700 E1.1037 
G92 E0.0000
; segment
G92 E0.0000
G1 F2400.000
G1 Z4.200
G1 X179.750 Y78.700
G1 X179.750 Y75.000 E0.1226 
G92 E0.0000
; segment
G92 E0.0000
G1 F2400.000
G1 Z4.200
G1 X179.750 Y75.000
G1 X179.750 Y51.250 E0.7872 
G1 X180.250 Y51.250 E0.8038 
G1 X180.250 Y75.000 E1.5910 
G92 E0.0000
; segment
G92 E0.0000
G1 F2400.000
G1 Z4.200
G1 X180.250 Y75.000
G1 X180.250 Y108.300 E1.1037 
G92 E0.0000
; segment
G92 E0.0000
G1 F2400.000
G1 Z4.200
G1 X180.250 Y108.300
G1 X180.250 Y112.000 E0.1226 
G92 E0.0000
; segment
G92 E0.0000
G1 F2400.000
G1 Z4.200
G1 X180.250 Y112.000
G1 X180.250 Y135.750 E0.7872 
G1 X180.750 Y135.750 E0.8038 
G1 X180.750 Y112.000 E1.5910 
G92 E0.0000
; segment
G92 E0.0000
G1 F2400.000
G1 Z4.200
G1 X180.750 Y112.000
G1 X180.750 Y78.700 E1.1037 
G92 E0.0000
; segment
G92 E0.0000
G1 F2400.000
G1 Z4.200
G1 X180.750 Y78.700
G1 X180.750 Y75.000 E0.1226 
G92 E0.0000
; segment
G92 E0.0000
G1 F2400.000
G1 Z4.200
G1 X180.750 Y75.000
G1 X180.750 Y51.250 E0.7872 
G1 X181.250 Y51.250 E0.8038 
G1 X181.250 Y75.000 E1.5910 
G92 E0.0000
; segment
G92 E0.0000
G1 F2400.000
G1 Z4.200
G1 X181.250 Y75.000
G1 X181.250 Y108.300 E1.1037 
G92 E0.0000
; segment
G92 E0.0000
G1 F2400.000
G1 Z4.200
G1 X181.250 Y108.300
G1 X181.250 Y112.000 E0.1226 
G92 E0.0000
; segment
G92 E0.0000
G1 F2400.000
G1 Z4.200
G1 X181.250 Y112.000
G1 X181.250 Y135.750 E0.7872 
G1 X181.750 Y135.750 E0.8038 
G1 X181.750 Y112.000 E1.5910 
G92 E0.0000
; segment
G92 E0.0000
G1 F2400.000
G1 Z4.200
G1 X181.750 Y112.000
G1 X181.750 Y78.700 E1.1037 
G92 E0.0000
; segment
G92 E0.0000
G1 F2400.000
G1 Z4.200
G1 X181.750 Y78.700
G1 X181.750 Y75.000 E0.1226 
G92 E0.0000
; segment
G92 E0.0000
G1 F2400.000
G1 Z4.200
G1 X181.750 Y75.000
G1 X181.750 Y51.250 E0.7872 
G1 X182.250 Y51.250 E0.8038 
G1 X182.250 Y75.000 E1.5910 
G92 E0.0000
; segment
G92 E0.0000
G1 F2400.000
G1 Z4.200
G1 X182.250 Y75.000
G1 X182.250 Y108.300 E1.1037 
G92 E0.0000
; segment
G92 E0.0000
G1 F2400.000
G1 Z4.200
G1 X182.250 Y108.300
G1 X182.250 Y112.000 E0.1226 
G92 E0.0000
; segment
G92 E0.0000
G1 F2400.000
G1 Z4.200
G1 X182.250 Y112.000
G1 X182.250 Y135.750 E0.7872 
G1 X182.750 Y135.750 E0.8038 
G1 X182.750 Y112.000 E1.5910 
G92 E0.0000
; segment
G92 E0.0000
G1 F2400.000
G1 Z4.200
G1 X182.750 Y112.000
G1 X182.750 Y78.700 E1.1037 
G92 E0.0000
; segment
G92 E0.0000
G1 F2400.000
G1 Z4.200
G1 X182.750 Y78.700
G1 X182.750 Y75.000 E0.1226 
G92 E0.0000
; segment
G92 E0.0000
G1 F2400.000
G1 Z4.200
G1 X182.750 Y75.000
G1 X182.750 Y51.250 E0.7872 
G1 X183.250 Y51.250 E0.8038 
G1 X183.250 Y75.000 E1.5910 
G92 E0.0000
; segment
G92 E0.0000
G1 F2400.000
G1 Z4.200
G1 X183.250 Y75.000
G1 X183.250 Y108.300 E1.1037 
G92 E0.0000
; segment
G92 E0.0000
G1 F2400.000
G1 Z4.200
G1 X183.250 Y108.300
G1 X183.250 Y112.000 E0.1226 
G92 E0.0000
; segment
G92 E0.0000
G1 F2400.000
G1 Z4.200
G1 X183.250 Y112.000
G1 X183.250 Y135.750 E0.7872 
G1 X183.750 Y135.750 E0.8038 
G1 X183.750 Y112.000 E1.5910 
G92 E0.0000
; segment
G92 E0.0000
G1 F2400.000
G1 Z4.200
G1 X183.750 Y112.000
G1 X183.750 Y78.700 E1.1037 
G92 E0.0000
; segment
G92 E0.0000
G1 F2400.000
G1 Z4.200
G1 X183.750 Y78.700
G1 X183.750 Y75.000 E0.1226 
G92 E0.0000
; segment
G92 E0.0000
G1 F2400.000
G1 Z4.200
G1 X183.750 Y75.000
G1 X183.750 Y51.250 E0.7872 
G92 E0.0000
; jumping
G92 E3.0000
G1 E0 F2400
G1 X188.750 Y66.250 F12000.000
G1 E3 F2400
G92 E0.0000
; segment
G92 E0.0000
G1 F2400.000
G1 Z4.200
G1 X188.750 Y66.250
G1 X188.750 Y75.000 E0.2900 
G92 E0.0000
; segment
G92 E0.0000
G1 F2400.000
G1 Z4.200
G1 X188.750 Y75.000
G1 X188.750 Y108.300 E1.1037 
G92 E0.0000
; segment
G92 E0.0000
G1 F2400.000
G1 Z4.200
G1 X188.750 Y108.300
G1 X188.750 Y112.000 E0.1226 
G92 E0.0000
; segment
G92 E0.0000
G1 F2400.000
G1 Z4.200
G1 X188.750 Y112.000
G1 X188.750 Y120.750 E0.2900 
G1 X188.250 Y120.750 E0.3066 
G1 X188.250 Y112.000 E0.5966 
G92 E0.0000
; segment
G92 E0.0000
G1 F2400.000
G1 Z4.200
G1 X188.250 Y112.000
G1 X188.250 Y78.700 E1.1037 
G92 E0.0000
; segment
G92 E0.0000
G1 F2400.000
G1 Z4.200
G1 X188.250 Y78.700
G1 X188.250 Y75.000 E0.1226 
G92 E0.0000
; segment
G92 E0.0000
G1 F2400.000
G1 Z4.200
G1 X188.250 Y75.000
G1 X188.250 Y66.250 E0.2900 
G1 X187.750 Y66.250 E0.3066 
G1 X187.750 Y75.000 E0.5966 
G92 E0.0000
; segment
G92 E0.0000
G1 F2400.000
G1 Z4.200
G1 X187.750 Y75.000
G1 X187.750 Y108.300 E1.1037 
G92 E0.0000
; segment
G92 E0.0000
G1 F2400.000
G1 Z4.200
G1 X187.750 Y108.300
G1 X187.750 Y112.000 E0.1226 
G92 E0.0000
; segment
G92 E0.0000
G1 F2400.000
G1 Z4.200
G1 X187.750 Y112.000
G1 X187.750 Y120.750 E0.2900 
G1 X187.250 Y120.750 E0.3066 
G1 X187.250 Y112.000 E0.5966 
G92 E0.0000
; segment
G92 E0.0000
G1 F2400.000
G1 Z4.200
G1 X187.250 Y112.000
G1 X187.250 Y78.700 E1.1037 
G92 E0.0000
; segment
G92 E0.0000
G1 F2400.000
G1 Z4.200
G1 X187.250 Y78.700
G1 X187.250 Y75.000 E0.1226 
G92 E0.0000
; segment
G92 E0.0000
G1 F2400.000
G1 Z4.200
G1 X187.250 Y75.000
G1 X187.250 Y66.250 E0.2900 
G1 X186.750 Y66.250 E0.3066 
G1 X186.750 Y75.000 E0.5966 
G92 E0.0000
; segment
G92 E0.0000
G1 F2400.000
G1 Z4.200
G1 X186.750 Y75.000
G1 X186.750 Y108.300 E1.1037 
G92 E0.0000
; segment
G92 E0.0000
G1 F2400.000
G1 Z4.200
G1 X186.750 Y108.300
G1 X186.750 Y112.000 E0.1226 
G92 E0.0000
; segment
G92 E0.0000
G1 F2400.000
G1 Z4.200
G1 X186.750 Y112.000
G1 X186.750 Y120.750 E0.2900 
G1 X186.250 Y120.750 E0.3066 
G1 X186.250 Y112.000 E0.5966 
G92 E0.0000
; segment
G92 E0.0000
G1 F2400.000
G1 Z4.200
G1 X186.250 Y112.000
G1 X186.250 Y78.700 E1.1037 
G92 E0.0000
; segment
G92 E0.0000
G1 F2400.000
G1 Z4.200
G1 X186.250 Y78.700
G1 X186.250 Y75.000 E0.1226 
G92 E0.0000
; segment
G92 E0.0000
G1 F2400.000
G1 Z4.200
G1 X186.250 Y75.000
G1 X186.250 Y66.250 E0.2900 
G1 X185.750 Y66.250 E0.3066 
G1 X185.750 Y75.000 E0.5966 
G92 E0.0000
; segment
G92 E0.0000
G1 F2400.000
G1 Z4.200
G1 X185.750 Y75.000
G1 X185.750 Y108.300 E1.1037 
G92 E0.0000
; segment
G92 E0.0000
G1 F2400.000
G1 Z4.200
G1 X185.750 Y108.300
G1 X185.750 Y112.000 E0.1226 
G92 E0.0000
; segment
G92 E0.0000
G1 F2400.000
G1 Z4.200
G1 X185.750 Y112.000
G1 X185.750 Y120.750 E0.2900 
G1 X185.250 Y120.750 E0.3066 
G1 X185.250 Y112.000 E0.5966 
G92 E0.0000
; segment
G92 E0.0000
G1 F2400.000
G1 Z4.200
G1 X185.250 Y112.000
G1 X185.250 Y78.700 E1.1037 
G92 E0.0000
; segment
G92 E0.0000
G1 F2400.000
G1 Z4.200
G1 X185.250 Y78.700
G1 X185.250 Y75.000 E0.1226 
G92 E0.0000
; segment
G92 E0.0000
G1 F2400.000
G1 Z4.200
G1 X185.250 Y75.000
G1 X185.250 Y66.250 E0.2900 
G1 X184.750 Y66.250 E0.3066 
G1 X184.750 Y75.000 E0.5966 
G92 E0.0000
; segment
G92 E0.0000
G1 F2400.000
G1 Z4.200
G1 X184.750 Y75.000
G1 X184.750 Y108.300 E1.1037 
G92 E0.0000
; segment
G92 E0.0000
G1 F2400.000
G1 Z4.200
G1 X184.750 Y108.300
G1 X184.750 Y112.000 E0.1226 
G92 E0.0000
; segment
G92 E0.0000
G1 F2400.000
G1 Z4.200
G1 X184.750 Y112.000
G1 X184.750 Y120.750 E0.2900 
G1 X184.250 Y120.750 E0.3066 
G1 X184.250 Y112.000 E0.5966 
G92 E0.0000
; segment
G92 E0.0000
G1 F2400.000
G1 Z4.200
G1 X184.250 Y112.000
G1 X184.250 Y78.700 E1.1037 
G92 E0.0000
; segment
G92 E0.0000
G1 F2400.000
G1 Z4.200
G1 X184.250 Y78.700
G1 X184.250 Y75.000 E0.1226 
G92 E0.0000
; segment
G92 E0.0000
G1 F2400.000
G1 Z4.200
G1 X184.250 Y75.000
G1 X184.250 Y66.250 E0.2900 
G1 X183.750 Y66.250 E0.3066 
G92 E0.0000
; jumping
G92 E3.0000
G1 E0 F2400
G1 X184.750 Y65.250 F12000.000
G1 E3 F2400
G92 E0.0000
; segment
G92 E0.0000
G1 F2400.000
G1 Z4.400
G1 X184.750 Y65.250
G1 X184.750 Y50.250 E0.4972 
G1 X175.250 Y50.250 E0.8121 
G1 X175.250 Y65.250 E1.3092 
G1 X170.250 Y65.250 E1.4750 
G1 X170.250 Y75.000 E1.7981 
G92 E0.0000
; segment
G92 E0.0000
G1 F2400.000
G1 Z4.400
G1 X170.250 Y75.000
G1 X170.250 Y108.300 E1.1037 
G92 E0.0000
; segment
G92 E0.0000
G1 F2400.000
G1 Z4.400
G1 X170.250 Y108.300
G1 X170.250 Y112.000 E0.1226 
G92 E0.0000
; segment
G92 E0.0000
G1 F2400.000
G1 Z4.400
G1 X170.250 Y112.000
G1 X170.250 Y121.750 E0.3232 
G1 X175.150 Y121.750 E0.4856 
G1 X175.150 Y136.750 E0.9828 
G1 X184.850 Y136.750 E1.3043 
G1 X184.850 Y121.750 E1.8014 
G1 X189.750 Y121.750 E1.9638 
G1 X189.750 Y112.000 E2.2870 
G92 E0.0000
; segment
G92 E0.0000
G1 F2400.000
G1 Z4.400
G1 X189.750 Y112.000
G1 X189.750 Y78.700 E1.1037 
G92 E0.0000
; segment
G92 E0.0000
G1 F2400.000
G1 Z4.400
G1 X189.750 Y78.700
G1 X189.750 Y75.000 E0.1226 
G92 E0.0000
; segment
G92 E0.0000
G1 F2400.000
G1 Z4.400
G1 X189.750 Y75.000
G1 X189.750 Y65.250 E0.3232 
G1 X184.750 Y65.250 E0.4889 
G92 E0.0000
; segment
G92 E0.0000
G1 F2400.000
G1 Z4.400
G1 X184.250 Y65.750
G1 X184.250 Y50.750 E0.4972 
G1 X175.750 Y50.750 E0.7789 
G1 X175.750 Y65.750 E1.2761 
G1 X170.750 Y65.750 E1.4418 
G1 X170.750 Y75.000 E1.7484 
G92 E0.0000
; segment
G92 E0.0000
G1 F2400.000
G1 Z4.400
G1 X170.750 Y75.000
G1 X170.750 Y108.300 E1.1037 
G92 E0.0000
; segment
G92 E0.0000
G1 F2400.000
G1 Z4.400
G1 X170.750 Y108.300
G1 X170.750 Y112.000 E0.1226 
G92 E0.0000
; segment
G92 E0.0000
G1 F2400.000
G1 Z4.400
G1 X170.750 Y112.000
G1 X170.750 Y121.250 E0.3066 
G1 X175.650 Y121.250 E0.4690 
G1 X175.650 Y136.250 E0.9662 
G1 X184.350 Y136.250 E1.2545 
G1 X184.350 Y121.250 E1.7517 
G1 X189.250 Y121.250 E1.9141 
G1 X189.250 Y112.000 E2.2207 
G92 E0.0000
; segment
G92 E0.0000
G1 F2400.000
G1 Z4.400
G1 X189.250 Y112.000
G1 X189.250 Y78.700 E1.1037 
G92 E0.0000
; segment
G92 E0.0000
G1 F2400.000
G1 Z4.400
G1 X189.250 Y78.700
G1 X189.250 Y75.000 E0.1226 
G92 E0.0000
; segment
G92 E0.0000
G1 F2400.000
G1 Z4.400
G1 X189.250 Y75.000
G1 X189.250 Y65.750 E0.3066 
G1 X184.250 Y65.750 E0.4723 
G92 E0.0000
; segment
G92 E0.0000
G1 F2400.000
G1 Z4.400
G1 X183.750 Y66.250
G1 X184.250 Y66.250 E0.0166 
G1 X184.250 Y75.000 E0.3066 
G92 E0.0000
; segment
G92 E0.0000
G1 F2400.000
G1 Z4.400
G1 X184.250 Y75.000
G1 X184.250 Y108.300 E1.1037 
G92 E0.0000
; segment
G92 E0.0000
G1 F2400.000
G1 Z4.400
G1 X184.250 Y108.300
G1 X184.250 Y112.000 E0.1226 
G92 E0.0000
; segment
G92 E0.0000
G1 F2400.000
G1 Z4.400
G1 X184.250 Y112.000
G1 X184.250 Y120.750 E0.2900 
G1 X184.750 Y120.750 E0.3066 
G1 X184.750 Y112.000 E0.5966 
G92 E0.0000
; segment
G92 E0.0000
G1 F2400.000
G1 Z4.400
G1 X184.750 Y112.000
G1 X184.750 Y78.700 E1.1037 
G92 E0.0000
; segment
G92 E0.0000
G1 F2400.000
G1 Z4.400
G1 X184.750 Y78.700
G1 X184.750 Y75.000 E0.1226 
G92 E0.0000
; segment
G92 E0.0000
G1 F2400.000
G1 Z4.400
G1 X184.750 Y75.000
G1 X184.750 Y66.250 E0.2900 
G1 X185.250 Y66.250 E0.3066 
G1 X185.250 Y75.000 E0.5966 
G92 E0.0000
; segment
G92 E0.0000
G1 F2400.000
G1 Z4.400
G1 X185.250 Y75.000
G1 X185.250 Y108.300 E1.1037 
G92 E0.0000
; segment
G92 E0.0000
G1 F2400.000
G1 Z4.400
G1 X185.250 Y108.300
G1 X185.250 Y112.000 E0.1226 
G92 E0.0000
; segment
G92 E0.0000
G1 F2400.000
G1 Z4.400
G1 X185.250 Y112.000
G1 X185.250 Y120.750 E0.2900 
G1 X185.750 Y120.750 E0.3066 
G1 X185.750 Y112.000 E0.5966 
G92 E0.0000
; segment
G92 E0.0000
G1 F2400.000
G1 Z4.400
G1 X185.750 Y112.000
G1 X185.750 Y78.700 E1.1037 
G92 E0.0000
; segment
G92 E0.0000
G1 F2400.000
G1 Z4.400
G1 X185.750 Y78.700
G1 X185.750 Y75.000 E0.1226 
G92 E0.0000
; segment
G92 E0.0000
G1 F2400.000
G1 Z4.400
G1 X185.750 Y75.000
G1 X185.750 Y66.250 E0.2900 
G1 X186.250 Y66.250 E0.3066 
G1 X186.250 Y75.000 E0.5966 
G92 E0.0000
; segment
G92 E0.0000
G1 F2400.000
G1 Z4.400
G1 X186.250 Y75.000
G1 X186.250 Y108.300 E1.1037 
G92 E0.0000
; segment
G92 E0.0000
G1 F2400.000
G1 Z4.400
G1 X186.250 Y108.300
G1 X186.250 Y112.000 E0.1226 
G92 E0.0000
; segment
G92 E0.0000
G1 F2400.000
G1 Z4.400
G1 X186.250 Y112.000
G1 X186.250 Y120.750 E0.2900 
G1 X186.750 Y120.750 E0.3066 
G1 X186.750 Y112.000 E0.5966 
G92 E0.0000
; segment
G92 E0.0000
G1 F2400.000
G1 Z4.400
G1 X186.750 Y112.000
G1 X186.750 Y78.700 E1.1037 
G92 E0.0000
; segment
G92 E0.0000
G1 F2400.000
G1 Z4.400
G1 X186.750 Y78.700
G1 X186.750 Y75.000 E0.1226 
G92 E0.0000
; segment
G92 E0.0000
G1 F2400.000
G1 Z4.400
G1 X186.750 Y75.000
G1 X186.750 Y66.250 E0.2900 
G1 X187.250 Y66.250 E0.3066 
G1 X187.250 Y75.000 E0.5966 
G92 E0.0000
; segment
G92 E0.0000
G1 F2400.000
G1 Z4.400
G1 X187.250 Y75.000
G1 X187.250 Y108.300 E1.1037 
G92 E0.0000
; segment
G92 E0.0000
G1 F2400.000
G1 Z4.400
G1 X187.250 Y108.300
G1 X187.250 Y112.000 E0.1226 
G92 E0.0000
; segment
G92 E0.0000
G1 F2400.000
G1 Z4.400
G1 X187.250 Y112.000
G1 X187.250 Y120.750 E0.2900 
G1 X187.750 Y120.750 E0.3066 
G1 X187.750 Y112.000 E0.5966 
G92 E0.0000
; segment
G92 E0.0000
G1 F2400.000
G1 Z4.400
G1 X187.750 Y112.000
G1 X187.750 Y78.700 E1.1037 
G92 E0.0000
; segment
G92 E0.0000
G1 F2400.000
G1 Z4.400
G1 X187.750 Y78.700
G1 X187.750 Y75.000 E0.1226 
G92 E0.0000
; segment
G92 E0.0000
G1 F2400.000
G1 Z4.400
G1 X187.750 Y75.000
G1 X187.750 Y66.250 E0.2900 
G1 X188.250 Y66.250 E0.3066 
G1 X188.250 Y75.000 E0.5966 
G92 E0.0000
; segment
G92 E0.0000
G1 F2400.000
G1 Z4.400
G1 X188.250 Y75.000
G1 X188.250 Y108.300 E1.1037 
G92 E0.0000
; segment
G92 E0.0000
G1 F2400.000
G1 Z4.400
G1 X188.250 Y108.300
G1 X188.250 Y112.000 E0.1226 
G92 E0.0000
; segment
G92 E0.0000
G1 F2400.000
G1 Z4.400
G1 X188.250 Y112.000
G1 X188.250 Y120.750 E0.2900 
G1 X188.750 Y120.750 E0.3066 
G1 X188.750 Y112.000 E0.5966 
G92 E0.0000
; segment
G92 E0.0000
G1 F2400.000
G1 Z4.400
G1 X188.750 Y112.000
G1 X188.750 Y78.700 E1.1037 
G92 E0.0000
; segment
G92 E0.0000
G1 F2400.000
G1 Z4.400
G1 X188.750 Y78.700
G1 X188.750 Y75.000 E0.1226 
G92 E0.0000
; segment
G92 E0.0000
G1 F2400.000
G1 Z4.400
G1 X188.750 Y75.000
G1 X188.750 Y66.250 E0.2900 
G92 E0.0000
; jumping
G92 E3.0000
G1 E0 F2400
G1 X183.750 Y51.250 F12000.000
G1 E3 F2400
G92 E0.0000
; segment
G92 E0.0000
G1 F2400.000
G1 Z4.400
G1 X183.750 Y51.250
G1 X183.750 Y75.000 E0.7872 
G92 E0.0000
; segment
G92 E0.0000
G1 F2400.000
G1 Z4.400
G1 X183.750 Y75.000
G1 X183.750 Y108.300 E1.1037 
G92 E0.0000
; segment
G92 E0.0000
G1 F2400.000
G1 Z4.400
G1 X183.750 Y108.300
G1 X183.750 Y112.000 E0.1226 
G92 E0.0000
; segment
G92 E0.0000
G1 F2400.000
G1 Z4.400
G1 X183.750 Y112.000
G1 X183.750 Y135.750 E0.7872 
G1 X183.250 Y135.750 E0.8038 
G1 X183.250 Y112.000 E1.5910 
G92 E0.0000
; segment
G92 E0.0000
G1 F2400.000
G1 Z4.400
G1 X183.250 Y112.000
G1 X183.250 Y78.700 E1.1037 
G92 E0.0000
; segment
G92 E0.0000
G1 F2400.000
G1 Z4.400
G1 X183.250 Y78.700
G1 X183.250 Y75.000 E0.1226 
G92 E0.0000
; segment
G92 E0.0000
G1 F2400.000
G1 Z4.400
G1 X183.250 Y75.000
G1 X183.250 Y51.250 E0.7872 
G1 X182.750 Y51.250 E0.8038 
G1 X182.750 Y75.000 E1.5910 
G92 E0.0000
; segment
G92 E0.0000
G1 F2400.000
G1 Z4.400
G1 X182.750 Y75.000
G1 X182.750 Y108.300 E1.1037 
G92 E0.0000
; segment
G92 E0.0000
G1 F2400.000
G1 Z4.400
G1 X182.750 Y108.300
G1 X182.750 Y112.000 E0.1226 
G92 E0.0000
; segment
G92 E0.0000
G1 F2400.000
G1 Z4.400
G1 X182.750 Y112.000
G1 X182.750 Y135.750 E0.7872 
G1 X182.250 Y135.750 E0.8038 
G1 X182.250 Y112.000 E1.5910 
G92 E0.0000
; segment
G92 E0.0000
G1 F2400.000
G1 Z4.400
G1 X182.250 Y112.000
G1 X182.250 Y78.700 E1.1037 
G92 E0.0000
; segment
G92 E0.0000
G1 F2400.000
G1 Z4.400
G1 X182.250 Y78.700
G1 X182.250 Y75.000 E0.1226 
G92 E0.0000
; segment
G92 E0.0000
G1 F2400.000
G1 Z4.400
G1 X182.250 Y75.000
G1 X182.250 Y51.250 E0.7872 
G1 X181.750 Y51.250 E0.8038 
G1 X181.750 Y75.000 E1.5910 
G92 E0.0000
; segment
G92 E0.0000
G1 F2400.000
G1 Z4.400
G1 X181.750 Y75.000
G1 X181.750 Y108.300 E1.1037 
G92 E0.0000
; segment
G92 E0.0000
G1 F2400.000
G1 Z4.400
G1 X181.750 Y108.300
G1 X181.750 Y112.000 E0.1226 
G92 E0.0000
; segment
G92 E0.0000
G1 F2400.000
G1 Z4.400
G1 X181.750 Y112.000
G1 X181.750 Y135.750 E0.7872 
G1 X181.250 Y135.750 E0.8038 
G1 X181.250 Y112.000 E1.5910 
G92 E0.0000
; segment
G92 E0.0000
G1 F2400.000
G1 Z4.400
G1 X181.250 Y112.000
G1 X181.250 Y78.700 E1.1037 
G92 E0.0000
; segment
G92 E0.0000
G1 F2400.000
G1 Z4.400
G1 X181.250 Y78.700
G1 X181.250 Y75.000 E0.1226 
G92 E0.0000
; segment
G92 E0.0000
G1 F2400.000
G1 Z4.400
G1 X181.250 Y75.000
G1 X181.250 Y51.250 E0.7872 
G1 X180.750 Y51.250 E0.8038 
G1 X180.750 Y75.000 E1.5910 
G92 E0.0000
; segment
G92 E0.0000
G1 F2400.000
G1 Z4.400
G1 X180.750 Y75.000
G1 X180.750 Y108.300 E1.1037 
G92 E0.0000
; segment
G92 E0.0000
G1 F2400.000
G1 Z4.400
G1 X180.750 Y108.300
G1 X180.750 Y112.000 E0.1226 
G92 E0.0000
; segment
G92 E0.0000
G1 F2400.000
G1 Z4.400
G1 X180.750 Y112.000
G1 X180.750 Y135.750 E0.7872 
G1 X180.250 Y135.750 E0.8038 
G1 X180.250 Y112.000 E1.5910 
G92 E0.0000
; segment
G92 E0.0000
G1 F2400.000
G1 Z4.400
G1 X180.250 Y112.000
G1 X180.250 Y78.700 E1.1037 
G92 E0.0000
; segment
G92 E0.0000
G1 F2400.000
G1 Z4.400
G1 X180.250 Y78.700
G1 X180.250 Y75.000 E0.1226 
G92 E0.0000
; segment
G92 E0.0000
G1 F2400.000
G1 Z4.400
G1 X180.250 Y75.000
G1 X180.250 Y51.250 E0.7872 
G1 X179.750 Y51.250 E0.8038 
G1 X179.750 Y75.000 E1.5910 
G92 E0.0000
; segment
G92 E0.0000
G1 F2400.000
G1 Z4.400
G1 X179.750 Y75.000
G1 X179.750 Y108.300 E1.1037 
G92 E0.0000
; segment
G92 E0.0000
G1 F2400.000
G1 Z4.400
G1 X179.750 Y108.300
G1 X179.750 Y112.000 E0.1226 
G92 E0.0000
; segment
G92 E0.0000
G1 F2400.000
G1 Z4.400
G1 X179.750 Y112.000
G1 X179.750 Y135.750 E0.7872 
G1 X179.250 Y135.750 E0.8038 
G1 X179.250 Y112.000 E1.5910 
G92 E0.0000
; segment
G92 E0.0000
G1 F2400.000
G1 Z4.400
G1 X179.250 Y112.000
G1 X179.250 Y78.700 E1.1037 
G92 E0.0000
; segment
G92 E0.0000
G1 F2400.000
G1 Z4.400
G1 X179.250 Y78.700
G1 X179.250 Y75.000 E0.1226 
G92 E0.0000
; segment
G92 E0.0000
G1 F2400.000
G1 Z4.400
G1 X179.250 Y75.000
G1 X179.250 Y51.250 E0.7872 
G1 X178.750 Y51.250 E0.8038 
G1 X178.750 Y75.000 E1.5910 
G92 E0.0000
; segment
G92 E0.0000
G1 F2400.000
G1 Z4.400
G1 X178.750 Y75.000
G1 X178.750 Y108.300 E1.1037 
G92 E0.0000
; segment
G92 E0.0000
G1 F2400.000
G1 Z4.400
G1 X178.750 Y108.300
G1 X178.750 Y112.000 E0.1226 
G92 E0.0000
; segment
G92 E0.0000
G1 F2400.000
G1 Z4.400
G1 X178.750 Y112.000
G1 X178.750 Y135.750 E0.7872 
G1 X178.250 Y135.750 E0.8038 
G1 X178.250 Y112.000 E1.5910 
G92 E0.0000
; segment
G92 E0.0000
G1 F2400.000
G1 Z4.400
G1 X178.250 Y112.000
G1 X178.250 Y78.700 E1.1037 
G92 E0.0000
; segment
G92 E0.0000
G1 F2400.000
G1 Z4.400
G1 X178.250 Y78.700
G1 X178.250 Y75.000 E0.1226 
G92 E0.0000
; segment
G92 E0.0000
G1 F2400.000
G1 Z4.400
G1 X178.250 Y75.000
G1 X178.250 Y51.250 E0.7872 
G1 X177.750 Y51.250 E0.8038 
G1 X177.750 Y75.000 E1.5910 
G92 E0.0000
; segment
G92 E0.0000
G1 F2400.000
G1 Z4.400
G1 X177.750 Y75.000
G1 X177.750 Y108.300 E1.1037 
G92 E0.0000
; segment
G92 E0.0000
G1 F2400.000
G1 Z4.400
G1 X177.750 Y108.300
G1 X177.750 Y112.000 E0.1226 
G92 E0.0000
; segment
G92 E0.0000
G1 F2400.000
G1 Z4.400
G1 X177.750 Y112.000
G1 X177.750 Y135.750 E0.7872 
G1 X177.250 Y135.750 E0.8038 
G1 X177.250 Y112.000 E1.5910 
G92 E0.0000
; segment
G92 E0.0000
G1 F2400.000
G1 Z4.400
G1 X177.250 Y112.000
G1 X177.250 Y78.700 E1.1037 
G92 E0.0000
; segment
G92 E0.0000
G1 F2400.000
G1 Z4.400
G1 X177.250 Y78.700
G1 X177.250 Y75.000 E0.1226 
G92 E0.0000
; segment
G92 E0.0000
G1 F2400.000
G1 Z4.400
G1 X177.250 Y75.000
G1 X177.250 Y51.250 E0.7872 
G1 X176.750 Y51.250 E0.8038 
G1 X176.750 Y75.000 E1.5910 
G92 E0.0000
; segment
G92 E0.0000
G1 F2400.000
G1 Z4.400
G1 X176.750 Y75.000
G1 X176.750 Y108.300 E1.1037 
G92 E0.0000
; segment
G92 E0.0000
G1 F2400.000
G1 Z4.400
G1 X176.750 Y108.300
G1 X176.750 Y112.000 E0.1226 
G92 E0.0000
; segment
G92 E0.0000
G1 F2400.000
G1 Z4.400
G1 X176.750 Y112.000
G1 X176.750 Y135.750 E0.7872 
G1 X176.250 Y135.750 E0.8038 
G1 X176.250 Y112.000 E1.5910 
G92 E0.0000
; segment
G92 E0.0000
G1 F2400.000
G1 Z4.400
G1 X176.250 Y112.000
G1 X176.250 Y78.700 E1.1037 
G92 E0.0000
; segment
G92 E0.0000
G1 F2400.000
G1 Z4.400
G1 X176.250 Y78.700
G1 X176.250 Y75.000 E0.1226 
G92 E0.0000
; segment
G92 E0.0000
G1 F2400.000
G1 Z4.400
G1 X176.250 Y75.000
G1 X176.250 Y66.250 E0.2900 
G1 X175.750 Y66.250 E0.3066 
G1 X175.750 Y75.000 E0.5966 
G92 E0.0000
; segment
G92 E0.0000
G1 F2400.000
G1 Z4.400
G1 X175.750 Y75.000
G1 X175.750 Y108.300 E1.1037 
G92 E0.0000
; segment
G92 E0.0000
G1 F2400.000
G1 Z4.400
G1 X175.750 Y108.300
G1 X175.750 Y112.000 E0.1226 
G92 E0.0000
; segment
G92 E0.0000
G1 F2400.000
G1 Z4.400
G1 X175.750 Y112.000
G1 X175.750 Y120.750 E0.2900 
G1 X175.250 Y120.750 E0.3066 
G1 X175.250 Y112.000 E0.5966 
G92 E0.0000
; segment
G92 E0.0000
G1 F2400.000
G1 Z4.400
G1 X175.250 Y112.000
G1 X175.250 Y78.700 E1.1037 
G92 E0.0000
; segment
G92 E0.0000
G1 F2400.000
G1 Z4.400
G1 X175.250 Y78.700
G1 X175.250 Y75.000 E0.1226 
G92 E0.0000
; segment
G92 E0.0000
G1 F2400.000
G1 Z4.400
G1 X175.250 Y75.000
G1 X175.250 Y66.250 E0.2900 
G1 X174.750 Y66.250 E0.3066 
G1 X174.750 Y75.000 E0.5966 
G92 E0.0000
; segment
G92 E0.0000
G1 F2400.000
G1 Z4.400
G1 X174.750 Y75.000
G1 X174.750 Y108.300 E1.1037 
G92 E0.0000
; segment
G92 E0.0000
G1 F2400.000
G1 Z4.400
G1 X174.750 Y108.300
G1 X174.750 Y112.000 E0.1226 
G92 E0.0000
; segment
G92 E0.0000
G1 F2400.000
G1 Z4.400
G1 X174.750 Y112.000
G1 X174.750 Y120.750 E0.2900 
G1 X174.250 Y120.750 E0.3066 
G1 X174.250 Y112.000 E0.5966 
G92 E0.0000
; segment
G92 E0.0000
G1 F2400.000
G1 Z4.400
G1 X174.250 Y112.000
G1 X174.250 Y78.700 E1.1037 
G92 E0.0000
; segment
G92 E0.0000
G1 F2400.000
G1 Z4.400
G1 X174.250 Y78.700
G1 X174.250 Y75.000 E0.1226 
G92 E0.0000
; segment
G92 E0.0000
G1 F2400.000
G1 Z4.400
G1 X174.250 Y75.000
G1 X174.250 Y66.250 E0.2900 
G1 X173.750 Y66.250 E0.3066 
G1 X173.750 Y75.000 E0.5966 
G92 E0.0000
; segment
G92 E0.0000
G1 F2400.000
G1 Z4.400
G1 X173.750 Y75.000
G1 X173.750 Y108.300 E1.1037 
G92 E0.0000
; segment
G92 E0.0000
G1 F2400.000
G1 Z4.400
G1 X173.750 Y108.300
G1 X173.750 Y112.000 E0.1226 
G92 E0.0000
; segment
G92 E0.0000
G1 F2400.000
G1 Z4.400
G1 X173.750 Y112.000
G1 X173.750 Y120.750 E0.2900 
G1 X173.250 Y120.750 E0.3066 
G1 X173.250 Y112.000 E0.5966 
G92 E0.0000
; segment
G92 E0.0000
G1 F2400.000
G1 Z4.400
G1 X173.250 Y112.000
G1 X173.250 Y78.700 E1.1037 
G92 E0.0000
; segment
G92 E0.0000
G1 F2400.000
G1 Z4.400
G1 X173.250 Y78.700
G1 X173.250 Y75.000 E0.1226 
G92 E0.0000
; segment
G92 E0.0000
G1 F2400.000
G1 Z4.400
G1 X173.250 Y75.000
G1 X173.250 Y66.250 E0.2900 
G1 X172.750 Y66.250 E0.3066 
G1 X172.750 Y75.000 E0.5966 
G92 E0.0000
; segment
G92 E0.0000
G1 F2400.000
G1 Z4.400
G1 X172.750 Y75.000
G1 X172.750 Y108.300 E1.1037 
G92 E0.0000
; segment
G92 E0.0000
G1 F2400.000
G1 Z4.400
G1 X172.750 Y108.300
G1 X172.750 Y112.000 E0.1226 
G92 E0.0000
; segment
G92 E0.0000
G1 F2400.000
G1 Z4.400
G1 X172.750 Y112.000
G1 X172.750 Y120.750 E0.2900 
G1 X172.250 Y120.750 E0.3066 
G1 X172.250 Y112.000 E0.5966 
G92 E0.0000
; segment
G92 E0.0000
G1 F2400.000
G1 Z4.400
G1 X172.250 Y112.000
G1 X172.250 Y78.700 E1.1037 
G92 E0.0000
; segment
G92 E0.0000
G1 F2400.000
G1 Z4.400
G1 X172.250 Y78.700
G1 X172.250 Y75.000 E0.1226 
G92 E0.0000
; segment
G92 E0.0000
G1 F2400.000
G1 Z4.400
G1 X172.250 Y75.000
G1 X172.250 Y66.250 E0.2900 
G1 X171.750 Y66.250 E0.3066 
G1 X171.750 Y75.000 E0.5966 
G92 E0.0000
; segment
G92 E0.0000
G1 F2400.000
G1 Z4.400
G1 X171.750 Y75.000
G1 X171.750 Y108.300 E1.1037 
G92 E0.0000
; segment
G92 E0.0000
G1 F2400.000
G1 Z4.400
G1 X171.750 Y108.300
G1 X171.750 Y112.000 E0.1226 
G92 E0.0000
; segment
G92 E0.0000
G1 F2400.000
G1 Z4.400
G1 X171.750 Y112.000
G1 X171.750 Y120.750 E0.2900 
G1 X171.250 Y120.750 E0.3066 
G1 X171.250 Y112.000 E0.5966 
G92 E0.0000
; segment
G92 E0.0000
G1 F2400.000
G1 Z4.400
G1 X171.250 Y112.000
G1 X171.250 Y78.700 E1.1037 
G92 E0.0000
; segment
G92 E0.0000
G1 F2400.000
G1 Z4.400
G1 X171.250 Y78.700
G1 X171.250 Y75.000 E0.1226 
G92 E0.0000
; segment
G92 E0.0000
G1 F2400.000
G1 Z4.400
G1 X171.250 Y75.000
G1 X171.250 Y66.250 E0.2900 
G92 E0.0000
; jumping
G92 E3.0000
G1 E0 F2400
G1 X170.250 Y65.250 F12000.000
G1 E3 F2400
G92 E0.0000
; segment
G92 E0.0000
G1 F2400.000
G1 Z4.600
G1 X170.250 Y65.250
G1 X170.250 Y75.000 E0.3232 
G92 E0.0000
; segment
G92 E0.0000
G1 F2400.000
G1 Z4.600
G1 X170.250 Y75.000
G1 X170.250 Y108.300 E1.1037 
G92 E0.0000
; segment
G92 E0.0000
G1 F2400.000
G1 Z4.600
G1 X170.250 Y108.300
G1 X170.250 Y112.000 E0.1226 
G92 E0.0000
; segment
G92 E0.0000
G1 F2400.000
G1 Z4.600
G1 X170.250 Y112.000
G1 X170.250 Y121.750 E0.3232 
G1 X175.150 Y121.750 E0.4856 
G1 X175.150 Y136.750 E0.9828 
G1 X184.850 Y136.750 E1.3043 
G1 X184.850 Y121.750 E1.8014 
G1 X189.750 Y121.750 E1.9638 
G1 X189.750 Y112.000 E2.2870 
G92 E0.0000
; segment
G92 E0.0000
G1 F2400.000
G1 Z4.600
G1 X189.750 Y112.000
G1 X189.750 Y78.700 E1.1037 
G92 E0.0000
; segment
G92 E0.0000
G1 F2400.000
G1 Z4.600
G1 X189.750 Y78.700
G1 X189.750 Y75.000 E0.1226 
G92 E0.0000
; segment
G92 E0.0000
G1 F2400.000
G1 Z4.600
G1 X189.750 Y75.000
G1 X189.750 Y65.250 E0.3232 
G1 X184.750 Y65.250 E0.4889 
G1 X184.750 Y50.250 E0.9861 
G1 X175.250 Y50.250 E1.3009 
G1 X175.250 Y65.250 E1.7981 
G1 X170.250 Y65.250 E1.9638 
G92 E0.0000
; segment
G92 E0.0000
G1 F2400.000
G1 Z4.600
G1 X170.750 Y65.750
G1 X170.750 Y75.000 E0.3066 
G92 E0.0000
; segment
G92 E0.0000
G1 F2400.000
G1 Z4.600
G1 X170.750 Y75.000
G1 X170.750 Y108.300 E1.1037 
G92 E0.0000
; segment
G92 E0.0000
G1 F2400.000
G1 Z4.600
G1 X170.750 Y108.300
G1 X170.750 Y112.000 E0.1226 
G92 E0.0000
; segment
G92 E0.0000
G1 F2400.000
G1 Z4.600
G1 X170.750 Y112.000
G1 X170.750 Y121.250 E0.3066 
G1 X175.650 Y121.250 E0.4690 
G1 X175.650 Y136.250 E0.9662 
G1 X184.350 Y136.250 E1.2545 
G1 X184.350 Y121.250 E1.7517 
G1 X189.250 Y121.250 E1.9141 
G1 X189.250 Y112.000 E2.2207 
G92 E0.0000
; segment
G92 E0.0000
G1 F2400.000
G1 Z4.600
G1 X189.250 Y112.000
G1 X189.250 Y78.700 E1.1037 
G92 E0.0000
; segment
G92 E0.0000
G1 F2400.000
G1 Z4.600
G1 X189.250 Y78.700
G1 X189.250 Y75.000 E0.1226 
G92 E0.0000
; segment
G92 E0.0000
G1 F2400.000
G1 Z4.600
G1 X189.250 Y75.000
G1 X189.250 Y65.750 E0.3066 
G1 X184.250 Y65.750 E0.4723 
G1 X184.250 Y50.750 E0.9695 
G1 X175.750 Y50.750 E1.2512 
G1 X175.750 Y65.750 E1.7484 
G1 X170.750 Y65.750 E1.9141 
G92 E0.0000
; segment
G92 E0.0000
G1 F2400.000
G1 Z4.600
G1 X171.250 Y66.250
G1 X171.250 Y75.000 E0.2900 
G92 E0.0000
; segment
G92 E0.0000
G1 F2400.000
G1 Z4.600
G1 X171.250 Y75.000
G1 X171.250 Y108.300 E1.1037 
G92 E0.0000
; segment
G92 E0.0000
G1 F2400.000
G1 Z4.600
G1 X171.250 Y108.300
G1 X171.250 Y112.000 E0.1226 
G92 E0.0000
; segment
G92 E0.0000
G1 F2400.000
G1 Z4.600
G1 X171.250 Y112.000
G1 X171.250 Y120.750 E0.2900 
G1 X171.750 Y120.750 E0.3066 
G1 X171.750 Y112.000 E0.5966 
G92 E0.0000
; segment
G92 E0.0000
G1 F2400.000
G1 Z4.600
G1 X171.750 Y112.000
G1 X171.750 Y78.700 E1.1037 
G92 E0.0000
; segment
G92 E0.0000
G1 F2400.000
G1 Z4.600
G1 X171.750 Y78.700
G1 X171.750 Y75.000 E0.1226 
G92 E0.0000
; segment
G92 E0.0000
G1 F2400.000
G1 Z4.600
G1 X171.750 Y75.000
G1 X171.750 Y66.250 E0.2900 
G1 X172.250 Y66.250 E0.3066 
G1 X172.250 Y75.000 E0.5966 
G92 E0.0000
; segment
G92 E0.0000
G1 F2400.000
G1 Z4.600
G1 X172.250 Y75.000
G1 X172.250 Y108.300 E1.1037 
G92 E0.0000
; segment
G92 E0.0000
G1 F2400.000
G1 Z4.600
G1 X172.250 Y108.300
G1 X172.250 Y112.000 E0.1226 
G92 E0.0000
; segment
G92 E0.0000
G1 F2400.000
G1 Z4.600
G1 X172.250 Y112.000
G1 X172.250 Y120.750 E0.2900 
G1 X172.750 Y120.750 E0.3066 
G1 X172.750 Y112.000 E0.5966 
G92 E0.0000
; segment
G92 E0.0000
G1 F2400.000
G1 Z4.600
G1 X172.750 Y112.000
G1 X172.750 Y78.700 E1.1037 
G92 E0.0000
; segment
G92 E0.0000
G1 F2400.000
G1 Z4.600
G1 X172.750 Y78.700
G1 X172.750 Y75.000 E0.1226 
G92 E0.0000
; segment
G92 E0.0000
G1 F2400.000
G1 Z4.600
G1 X172.750 Y75.000
G1 X172.750 Y66.250 E0.2900 
G1 X173.250 Y66.250 E0.3066 
G1 X173.250 Y75.000 E0.5966 
G92 E0.0000
; segment
G92 E0.0000
G1 F2400.000
G1 Z4.600
G1 X173.250 Y75.000
G1 X173.250 Y108.300 E1.1037 
G92 E0.0000
; segment
G92 E0.0000
G1 F2400.000
G1 Z4.600
G1 X173.250 Y108.300
G1 X173.250 Y112.000 E0.1226 
G92 E0.0000
; segment
G92 E0.0000
G1 F2400.000
G1 Z4.600
G1 X173.250 Y112.000
G1 X173.250 Y120.750 E0.2900 
G1 X173.750 Y120.750 E0.3066 
G1 X173.750 Y112.000 E0.5966 
G92 E0.0000
; segment
G92 E0.0000
G1 F2400.000
G1 Z4.600
G1 X173.750 Y112.000
G1 X173.750 Y78.700 E1.1037 
G92 E0.0000
; segment
G92 E0.0000
G1 F2400.000
G1 Z4.600
G1 X173.750 Y78.700
G1 X173.750 Y75.000 E0.1226 
G92 E0.0000
; segment
G92 E0.0000
G1 F2400.000
G1 Z4.600
G1 X173.750 Y75.000
G1 X173.750 Y66.250 E0.2900 
G1 X174.250 Y66.250 E0.3066 
G1 X174.250 Y75.000 E0.5966 
G92 E0.0000
; segment
G92 E0.0000
G1 F2400.000
G1 Z4.600
G1 X174.250 Y75.000
G1 X174.250 Y108.300 E1.1037 
G92 E0.0000
; segment
G92 E0.0000
G1 F2400.000
G1 Z4.600
G1 X174.250 Y108.300
G1 X174.250 Y112.000 E0.1226 
G92 E0.0000
; segment
G92 E0.0000
G1 F2400.000
G1 Z4.600
G1 X174.250 Y112.000
G1 X174.250 Y120.750 E0.2900 
G1 X174.750 Y120.750 E0.3066 
G1 X174.750 Y112.000 E0.5966 
G92 E0.0000
; segment
G92 E0.0000
G1 F2400.000
G1 Z4.600
G1 X174.750 Y112.000
G1 X174.750 Y78.700 E1.1037 
G92 E0.0000
; segment
G92 E0.0000
G1 F2400.000
G1 Z4.600
G1 X174.750 Y78.700
G1 X174.750 Y75.000 E0.1226 
G92 E0.0000
; segment
G92 E0.0000
G1 F2400.000
G1 Z4.600
G1 X174.750 Y75.000
G1 X174.750 Y66.250 E0.2900 
G1 X175.250 Y66.250 E0.3066 
G1 X175.250 Y75.000 E0.5966 
G92 E0.0000
; segment
G92 E0.0000
G1 F2400.000
G1 Z4.600
G1 X175.250 Y75.000
G1 X175.250 Y108.300 E1.1037 
G92 E0.0000
; segment
G92 E0.0000
G1 F2400.000
G1 Z4.600
G1 X175.250 Y108.300
G1 X175.250 Y112.000 E0.1226 
G92 E0.0000
; segment
G92 E0.0000
G1 F2400.000
G1 Z4.600
G1 X175.250 Y112.000
G1 X175.250 Y120.750 E0.2900 
G1 X175.750 Y120.750 E0.3066 
G1 X175.750 Y112.000 E0.5966 
G92 E0.0000
; segment
G92 E0.0000
G1 F2400.000
G1 Z4.600
G1 X175.750 Y112.000
G1 X175.750 Y78.700 E1.1037 
G92 E0.0000
; segment
G92 E0.0000
G1 F2400.000
G1 Z4.600
G1 X175.750 Y78.700
G1 X175.750 Y75.000 E0.1226 
G92 E0.0000
; segment
G92 E0.0000
G1 F2400.000
G1 Z4.600
G1 X175.750 Y75.000
G1 X175.750 Y66.250 E0.2900 
G1 X176.250 Y66.250 E0.3066 
G1 X176.250 Y75.000 E0.5966 
G92 E0.0000
; segment
G92 E0.0000
G1 F2400.000
G1 Z4.600
G1 X176.250 Y75.000
G1 X176.250 Y108.300 E1.1037 
G92 E0.0000
; segment
G92 E0.0000
G1 F2400.000
G1 Z4.600
G1 X176.250 Y108.300
G1 X176.250 Y112.000 E0.1226 
G92 E0.0000
; segment
G92 E0.0000
G1 F2400.000
G1 Z4.600
G1 X176.250 Y112.000
G1 X176.250 Y135.750 E0.7872 
G1 X176.750 Y135.750 E0.8038 
G1 X176.750 Y112.000 E1.5910 
G92 E0.0000
; segment
G92 E0.0000
G1 F2400.000
G1 Z4.600
G1 X176.750 Y112.000
G1 X176.750 Y78.700 E1.1037 
G92 E0.0000
; segment
G92 E0.0000
G1 F2400.000
G1 Z4.600
G1 X176.750 Y78.700
G1 X176.750 Y75.000 E0.1226 
G92 E0.0000
; segment
G92 E0.0000
G1 F2400.000
G1 Z4.600
G1 X176.750 Y75.000
G1 X176.750 Y51.250 E0.7872 
G1 X177.250 Y51.250 E0.8038 
G1 X177.250 Y75.000 E1.5910 
G92 E0.0000
; segment
G92 E0.0000
G1 F2400.000
G1 Z4.600
G1 X177.250 Y75.000
G1 X177.250 Y108.300 E1.1037 
G92 E0.0000
; segment
G92 E0.0000
G1 F2400.000
G1 Z4.600
G1 X177.250 Y108.300
G1 X177.250 Y112.000 E0.1226 
G92 E0.0000
; segment
G92 E0.0000
G1 F2400.000
G1 Z4.600
G1 X177.250 Y112.000
G1 X177.250 Y135.750 E0.7872 
G1 X177.750 Y135.750 E0.8038 
G1 X177.750 Y112.000 E1.5910 
G92 E0.0000
; segment
G92 E0.0000
G1 F2400.000
G1 Z4.600
G1 X177.750 Y112.000
G1 X177.750 Y78.700 E1.1037 
G92 E0.0000
; segment
G92 E0.0000
G1 F2400.000
G1 Z4.600
G1 X177.750 Y78.700
G1 X177.750 Y75.000 E0.1226 
G92 E0.0000
; segment
G92 E0.0000
G1 F2400.000
G1 Z4.600
G1 X177.750 Y75.000
G1 X177.750 Y51.250 E0.7872 
G1 X178.250 Y51.250 E0.8038 
G1 X178.250 Y75.000 E1.5910 
G92 E0.0000
; segment
G92 E0.0000
G1 F2400.000
G1 Z4.600
G1 X178.250 Y75.000
G1 X178.250 Y108.300 E1.1037 
G92 E0.0000
; segment
G92 E0.0000
G1 F2400.000
G1 Z4.600
G1 X178.250 Y108.300
G1 X178.250 Y112.000 E0.1226 
G92 E0.0000
; segment
G92 E0.0000
G1 F2400.000
G1 Z4.600
G1 X178.250 Y112.000
G1 X178.250 Y135.750 E0.7872 
G1 X178.750 Y135.750 E0.8038 
G1 X178.750 Y112.000 E1.5910 
G92 E0.0000
; segment
G92 E0.0000
G1 F2400.000
G1 Z4.600
G1 X178.750 Y112.000
G1 X178.750 Y78.700 E1.1037 
G92 E0.0000
; segment
G92 E0.0000
G1 F2400.000
G1 Z4.600
G1 X178.750 Y78.700
G1 X178.750 Y75.000 E0.1226 
G92 E0.0000
; segment
G92 E0.0000
G1 F2400.000
G1 Z4.600
G1 X178.750 Y75.000
G1 X178.750 Y51.250 E0.7872 
G1 X179.250 Y51.250 E0.8038 
G1 X179.250 Y75.000 E1.5910 
G92 E0.0000
; segment
G92 E0.0000
G1 F2400.000
G1 Z4.600
G1 X179.250 Y75.000
G1 X179.250 Y108.300 E1.1037 
G92 E0.0000
; segment
G92 E0.0000
G1 F2400.000
G1 Z4.600
G1 X179.250 Y108.300
G1 X179.250 Y112.000 E0.1226 
G92 E0.0000
; segment
G92 E0.0000
G1 F2400.000
G1 Z4.600
G1 X179.250 Y112.000
G1 X179.250 Y135.750 E0.7872 
G1 X179.750 Y135.750 E0.8038 
G1 X179.750 Y112.000 E1.5910 
G92 E0.0000
; segment
G92 E0.0000
G1 F2400.000
G1 Z4.600
G1 X179.750 Y112.000
G1 X179.750 Y78.700 E1.1037 
G92 E0.0000
; segment
G92 E0.0000
G1 F2400.000
G1 Z4.600
G1 X179.750 Y78.700
G1 X179.750 Y75.000 E0.1226 
G92 E0.0000
; segment
G92 E0.0000
G1 F2400.000
G1 Z4.600
G1 X179.750 Y75.000
G1 X179.750 Y51.250 E0.7872 
G1 X180.250 Y51.250 E0.8038 
G1 X180.250 Y75.000 E1.5910 
G92 E0.0000
; segment
G92 E0.0000
G1 F2400.000
G1 Z4.600
G1 X180.250 Y75.000
G1 X180.250 Y108.300 E1.1037 
G92 E0.0000
; segment
G92 E0.0000
G1 F2400.000
G1 Z4.600
G1 X180.250 Y108.300
G1 X180.250 Y112.000 E0.1226 
G92 E0.0000
; segment
G92 E0.0000
G1 F2400.000
G1 Z4.600
G1 X180.250 Y112.000
G1 X180.250 Y135.750 E0.7872 
G1 X180.750 Y135.750 E0.8038 
G1 X180.750 Y112.000 E1.5910 
G92 E0.0000
; segment
G92 E0.0000
G1 F2400.000
G1 Z4.600
G1 X180.750 Y112.000
G1 X180.750 Y78.700 E1.1037 
G92 E0.0000
; segment
G92 E0.0000
G1 F2400.000
G1 Z4.600
G1 X180.750 Y78.700
G1 X180.750 Y75.000 E0.1226 
G92 E0.0000
; segment
G92 E0.0000
G1 F2400.000
G1 Z4.600
G1 X180.750 Y75.000
G1 X180.750 Y51.250 E0.7872 
G1 X181.250 Y51.250 E0.8038 
G1 X181.250 Y75.000 E1.5910 
G92 E0.0000
; segment
G92 E0.0000
G1 F2400.000
G1 Z4.600
G1 X181.250 Y75.000
G1 X181.250 Y108.300 E1.1037 
G92 E0.0000
; segment
G92 E0.0000
G1 F2400.000
G1 Z4.600
G1 X181.250 Y108.300
G1 X181.250 Y112.000 E0.1226 
G92 E0.0000
; segment
G92 E0.0000
G1 F2400.000
G1 Z4.600
G1 X181.250 Y112.000
G1 X181.250 Y135.750 E0.7872 
G1 X181.750 Y135.750 E0.8038 
G1 X181.750 Y112.000 E1.5910 
G92 E0.0000
; segment
G92 E0.0000
G1 F2400.000
G1 Z4.600
G1 X181.750 Y112.000
G1 X181.750 Y78.700 E1.1037 
G92 E0.0000
; segment
G92 E0.0000
G1 F2400.000
G1 Z4.600
G1 X181.750 Y78.700
G1 X181.750 Y75.000 E0.1226 
G92 E0.0000
; segment
G92 E0.0000
G1 F2400.000
G1 Z4.600
G1 X181.750 Y75.000
G1 X181.750 Y51.250 E0.7872 
G1 X182.250 Y51.250 E0.8038 
G1 X182.250 Y75.000 E1.5910 
G92 E0.0000
; segment
G92 E0.0000
G1 F2400.000
G1 Z4.600
G1 X182.250 Y75.000
G1 X182.250 Y108.300 E1.1037 
G92 E0.0000
; segment
G92 E0.0000
G1 F2400.000
G1 Z4.600
G1 X182.250 Y108.300
G1 X182.250 Y112.000 E0.1226 
G92 E0.0000
; segment
G92 E0.0000
G1 F2400.000
G1 Z4.600
G1 X182.250 Y112.000
G1 X182.250 Y135.750 E0.7872 
G1 X182.750 Y135.750 E0.8038 
G1 X182.750 Y112.000 E1.5910 
G92 E0.0000
; segment
G92 E0.0000
G1 F2400.000
G1 Z4.600
G1 X182.750 Y112.000
G1 X182.750 Y78.700 E1.1037 
G92 E0.0000
; segment
G92 E0.0000
G1 F2400.000
G1 Z4.600
G1 X182.750 Y78.700
G1 X182.750 Y75.000 E0.1226 
G92 E0.0000
; segment
G92 E0.0000
G1 F2400.000
G1 Z4.600
G1 X182.750 Y75.000
G1 X182.750 Y51.250 E0.7872 
G1 X183.250 Y51.250 E0.8038 
G1 X183.250 Y75.000 E1.5910 
G92 E0.0000
; segment
G92 E0.0000
G1 F2400.000
G1 Z4.600
G1 X183.250 Y75.000
G1 X183.250 Y108.300 E1.1037 
G92 E0.0000
; segment
G92 E0.0000
G1 F2400.000
G1 Z4.600
G1 X183.250 Y108.300
G1 X183.250 Y112.000 E0.1226 
G92 E0.0000
; segment
G92 E0.0000
G1 F2400.000
G1 Z4.600
G1 X183.250 Y112.000
G1 X183.250 Y135.750 E0.7872 
G1 X183.750 Y135.750 E0.8038 
G1 X183.750 Y112.000 E1.5910 
G92 E0.0000
; segment
G92 E0.0000
G1 F2400.000
G1 Z4.600
G1 X183.750 Y112.000
G1 X183.750 Y78.700 E1.1037 
G92 E0.0000
; segment
G92 E0.0000
G1 F2400.000
G1 Z4.600
G1 X183.750 Y78.700
G1 X183.750 Y75.000 E0.1226 
G92 E0.0000
; segment
G92 E0.0000
G1 F2400.000
G1 Z4.600
G1 X183.750 Y75.000
G1 X183.750 Y51.250 E0.7872 
G92 E0.0000
; jumping
G92 E3.0000
G1 E0 F2400
G1 X188.750 Y66.250 F12000.000
G1 E3 F2400
G92 E0.0000
; segment
G92 E0.0000
G1 F2400.000
G1 Z4.600
G1 X188.750 Y66.250
G1 X188.750 Y75.000 E0.2900 
G92 E0.0000
; segment
G92 E0.0000
G1 F2400.000
G1 Z4.600
G1 X188.750 Y75.000
G1 X188.750 Y108.300 E1.1037 
G92 E0.0000
; segment
G92 E0.0000
G1 F2400.000
G1 Z4.600
G1 X188.750 Y108.300
G1 X188.750 Y112.000 E0.1226 
G92 E0.0000
; segment
G92 E0.0000
G1 F2400.000
G1 Z4.600
G1 X188.750 Y112.000
G1 X188.750 Y120.750 E0.2900 
G1 X188.250 Y120.750 E0.3066 
G1 X188.250 Y112.000 E0.5966 
G92 E0.0000
; segment
G92 E0.0000
G1 F2400.000
G1 Z4.600
G1 X188.250 Y112.000
G1 X188.250 Y78.700 E1.1037 
G92 E0.0000
; segment
G92 E0.0000
G1 F2400.000
G1 Z4.600
G1 X188.250 Y78.700
G1 X188.250 Y75.000 E0.1226 
G92 E0.0000
; segment
G92 E0.0000
G1 F2400.000
G1 Z4.600
G1 X188.250 Y75.000
G1 X188.250 Y66.250 E0.2900 
G1 X187.750 Y66.250 E0.3066 
G1 X187.750 Y75.000 E0.5966 
G92 E0.0000
; segment
G92 E0.0000
G1 F2400.000
G1 Z4.600
G1 X187.750 Y75.000
G1 X187.750 Y108.300 E1.1037 
G92 E0.0000
; segment
G92 E0.0000
G1 F2400.000
G1 Z4.600
G1 X187.750 Y108.300
G1 X187.750 Y112.000 E0.1226 
G92 E0.0000
; segment
G92 E0.0000
G1 F2400.000
G1 Z4.600
G1 X187.750 Y112.000
G1 X187.750 Y120.750 E0.2900 
G1 X187.250 Y120.750 E0.3066 
G1 X187.250 Y112.000 E0.5966 
G92 E0.0000
; segment
G92 E0.0000
G1 F2400.000
G1 Z4.600
G1 X187.250 Y112.000
G1 X187.250 Y78.700 E1.1037 
G92 E0.0000
; segment
G92 E0.0000
G1 F2400.000
G1 Z4.600
G1 X187.250 Y78.700
G1 X187.250 Y75.000 E0.1226 
G92 E0.0000
; segment
G92 E0.0000
G1 F2400.000
G1 Z4.600
G1 X187.250 Y75.000
G1 X187.250 Y66.250 E0.2900 
G1 X186.750 Y66.250 E0.3066 
G1 X186.750 Y75.000 E0.5966 
G92 E0.0000
; segment
G92 E0.0000
G1 F2400.000
G1 Z4.600
G1 X186.750 Y75.000
G1 X186.750 Y108.300 E1.1037 
G92 E0.0000
; segment
G92 E0.0000
G1 F2400.000
G1 Z4.600
G1 X186.750 Y108.300
G1 X186.750 Y112.000 E0.1226 
G92 E0.0000
; segment
G92 E0.0000
G1 F2400.000
G1 Z4.600
G1 X186.750 Y112.000
G1 X186.750 Y120.750 E0.2900 
G1 X186.250 Y120.750 E0.3066 
G1 X186.250 Y112.000 E0.5966 
G92 E0.0000
; segment
G92 E0.0000
G1 F2400.000
G1 Z4.600
G1 X186.250 Y112.000
G1 X186.250 Y78.700 E1.1037 
G92 E0.0000
; segment
G92 E0.0000
G1 F2400.000
G1 Z4.600
G1 X186.250 Y78.700
G1 X186.250 Y75.000 E0.1226 
G92 E0.0000
; segment
G92 E0.0000
G1 F2400.000
G1 Z4.600
G1 X186.250 Y75.000
G1 X186.250 Y66.250 E0.2900 
G1 X185.750 Y66.250 E0.3066 
G1 X185.750 Y75.000 E0.5966 
G92 E0.0000
; segment
G92 E0.0000
G1 F2400.000
G1 Z4.600
G1 X185.750 Y75.000
G1 X185.750 Y108.300 E1.1037 
G92 E0.0000
; segment
G92 E0.0000
G1 F2400.000
G1 Z4.600
G1 X185.750 Y108.300
G1 X185.750 Y112.000 E0.1226 
G92 E0.0000
; segment
G92 E0.0000
G1 F2400.000
G1 Z4.600
G1 X185.750 Y112.000
G1 X185.750 Y120.750 E0.2900 
G1 X185.250 Y120.750 E0.3066 
G1 X185.250 Y112.000 E0.5966 
G92 E0.0000
; segment
G92 E0.0000
G1 F2400.000
G1 Z4.600
G1 X185.250 Y112.000
G1 X185.250 Y78.700 E1.1037 
G92 E0.0000
; segment
G92 E0.0000
G1 F2400.000
G1 Z4.600
G1 X185.250 Y78.700
G1 X185.250 Y75.000 E0.1226 
G92 E0.0000
; segment
G92 E0.0000
G1 F2400.000
G1 Z4.600
G1 X185.250 Y75.000
G1 X185.250 Y66.250 E0.2900 
G1 X184.750 Y66.250 E0.3066 
G1 X184.750 Y75.000 E0.5966 
G92 E0.0000
; segment
G92 E0.0000
G1 F2400.000
G1 Z4.600
G1 X184.750 Y75.000
G1 X184.750 Y108.300 E1.1037 
G92 E0.0000
; segment
G92 E0.0000
G1 F2400.000
G1 Z4.600
G1 X184.750 Y108.300
G1 X184.750 Y112.000 E0.1226 
G92 E0.0000
; segment
G92 E0.0000
G1 F2400.000
G1 Z4.600
G1 X184.750 Y112.000
G1 X184.750 Y120.750 E0.2900 
G1 X184.250 Y120.750 E0.3066 
G1 X184.250 Y112.000 E0.5966 
G92 E0.0000
; segment
G92 E0.0000
G1 F2400.000
G1 Z4.600
G1 X184.250 Y112.000
G1 X184.250 Y78.700 E1.1037 
G92 E0.0000
; segment
G92 E0.0000
G1 F2400.000
G1 Z4.600
G1 X184.250 Y78.700
G1 X184.250 Y75.000 E0.1226 
G92 E0.0000
; segment
G92 E0.0000
G1 F2400.000
G1 Z4.600
G1 X184.250 Y75.000
G1 X184.250 Y66.250 E0.2900 
G1 X183.750 Y66.250 E0.3066 
G92 E0.0000
; jumping
G92 E3.0000
G1 E0 F2400
G1 X184.750 Y65.250 F12000.000
G1 E3 F2400
G92 E0.0000
; segment
G92 E0.0000
G1 F2400.000
G1 Z4.800
G1 X184.750 Y65.250
G1 X184.750 Y50.250 E0.4972 
G1 X175.250 Y50.250 E0.8121 
G1 X175.250 Y65.250 E1.3092 
G1 X170.250 Y65.250 E1.4750 
G1 X170.250 Y75.000 E1.7981 
G92 E0.0000
; segment
G92 E0.0000
G1 F2400.000
G1 Z4.800
G1 X170.250 Y75.000
G1 X170.250 Y108.300 E1.1037 
G92 E0.0000
; segment
G92 E0.0000
G1 F2400.000
G1 Z4.800
G1 X170.250 Y108.300
G1 X170.250 Y112.000 E0.1226 
G92 E0.0000
; segment
G92 E0.0000
G1 F2400.000
G1 Z4.800
G1 X170.250 Y112.000
G1 X170.250 Y121.750 E0.3232 
G1 X175.150 Y121.750 E0.4856 
G1 X175.150 Y136.750 E0.9828 
G1 X184.850 Y136.750 E1.3043 
G1 X184.850 Y121.750 E1.8014 
G1 X189.750 Y121.750 E1.9638 
G1 X189.750 Y112.000 E2.2870 
G92 E0.0000
; segment
G92 E0.0000
G1 F2400.000
G1 Z4.800
G1 X189.750 Y112.000
G1 X189.750 Y78.700 E1.1037 
G92 E0.0000
; segment
G92 E0.0000
G1 F2400.000
G1 Z4.800
G1 X189.750 Y78.700
G1 X189.750 Y75.000 E0.1226 
G92 E0.0000
; segment
G92 E0.0000
G1 F2400.000
G1 Z4.800
G1 X189.750 Y75.000
G1 X189.750 Y65.250 E0.3232 
G1 X184.750 Y65.250 E0.4889 
G92 E0.0000
; segment
G92 E0.0000
G1 F2400.000
G1 Z4.800
G1 X184.250 Y65.750
G1 X184.250 Y50.750 E0.4972 
G1 X175.750 Y50.750 E0.7789 
G1 X175.750 Y65.750 E1.2761 
G1 X170.750 Y65.750 E1.4418 
G1 X170.750 Y75.000 E1.7484 
G92 E0.0000
; segment
G92 E0.0000
G1 F2400.000
G1 Z4.800
G1 X170.750 Y75.000
G1 X170.750 Y108.300 E1.1037 
G92 E0.0000
; segment
G92 E0.0000
G1 F2400.000
G1 Z4.800
G1 X170.750 Y108.300
G1 X170.750 Y112.000 E0.1226 
G92 E0.0000
; segment
G92 E0.0000
G1 F2400.000
G1 Z4.800
G1 X170.750 Y112.000
G1 X170.750 Y121.250 E0.3066 
G1 X175.650 Y121.250 E0.4690 
G1 X175.650 Y136.250 E0.9662 
G1 X184.350 Y136.250 E1.2545 
G1 X184.350 Y121.250 E1.7517 
G1 X189.250 Y121.250 E1.9141 
G1 X189.250 Y112.000 E2.2207 
G92 E0.0000
; segment
G92 E0.0000
G1 F2400.000
G1 Z4.800
G1 X189.250 Y112.000
G1 X189.250 Y78.700 E1.1037 
G92 E0.0000
; segment
G92 E0.0000
G1 F2400.000
G1 Z4.800
G1 X189.250 Y78.700
G1 X189.250 Y75.000 E0.1226 
G92 E0.0000
; segment
G92 E0.0000
G1 F2400.000
G1 Z4.800
G1 X189.250 Y75.000
G1 X189.250 Y65.750 E0.3066 
G1 X184.250 Y65.750 E0.4723 
G92 E0.0000
; segment
G92 E0.0000
G1 F2400.000
G1 Z4.800
G1 X183.750 Y66.250
G1 X184.250 Y66.250 E0.0166 
G1 X184.250 Y75.000 E0.3066 
G92 E0.0000
; segment
G92 E0.0000
G1 F2400.000
G1 Z4.800
G1 X184.250 Y75.000
G1 X184.250 Y108.300 E1.1037 
G92 E0.0000
; segment
G92 E0.0000
G1 F2400.000
G1 Z4.800
G1 X184.250 Y108.300
G1 X184.250 Y112.000 E0.1226 
G92 E0.0000
; segment
G92 E0.0000
G1 F2400.000
G1 Z4.800
G1 X184.250 Y112.000
G1 X184.250 Y120.750 E0.2900 
G1 X184.750 Y120.750 E0.3066 
G1 X184.750 Y112.000 E0.5966 
G92 E0.0000
; segment
G92 E0.0000
G1 F2400.000
G1 Z4.800
G1 X184.750 Y112.000
G1 X184.750 Y78.700 E1.1037 
G92 E0.0000
; segment
G92 E0.0000
G1 F2400.000
G1 Z4.800
G1 X184.750 Y78.700
G1 X184.750 Y75.000 E0.1226 
G92 E0.0000
; segment
G92 E0.0000
G1 F2400.000
G1 Z4.800
G1 X184.750 Y75.000
G1 X184.750 Y66.250 E0.2900 
G1 X185.250 Y66.250 E0.3066 
G1 X185.250 Y75.000 E0.5966 
G92 E0.0000
; segment
G92 E0.0000
G1 F2400.000
G1 Z4.800
G1 X185.250 Y75.000
G1 X185.250 Y108.300 E1.1037 
G92 E0.0000
; segment
G92 E0.0000
G1 F2400.000
G1 Z4.800
G1 X185.250 Y108.300
G1 X185.250 Y112.000 E0.1226 
G92 E0.0000
; segment
G92 E0.0000
G1 F2400.000
G1 Z4.800
G1 X185.250 Y112.000
G1 X185.250 Y120.750 E0.2900 
G1 X185.750 Y120.750 E0.3066 
G1 X185.750 Y112.000 E0.5966 
G92 E0.0000
; segment
G92 E0.0000
G1 F2400.000
G1 Z4.800
G1 X185.750 Y112.000
G1 X185.750 Y78.700 E1.1037 
G92 E0.0000
; segment
G92 E0.0000
G1 F2400.000
G1 Z4.800
G1 X185.750 Y78.700
G1 X185.750 Y75.000 E0.1226 
G92 E0.0000
; segment
G92 E0.0000
G1 F2400.000
G1 Z4.800
G1 X185.750 Y75.000
G1 X185.750 Y66.250 E0.2900 
G1 X186.250 Y66.250 E0.3066 
G1 X186.250 Y75.000 E0.5966 
G92 E0.0000
; segment
G92 E0.0000
G1 F2400.000
G1 Z4.800
G1 X186.250 Y75.000
G1 X186.250 Y108.300 E1.1037 
G92 E0.0000
; segment
G92 E0.0000
G1 F2400.000
G1 Z4.800
G1 X186.250 Y108.300
G1 X186.250 Y112.000 E0.1226 
G92 E0.0000
; segment
G92 E0.0000
G1 F2400.000
G1 Z4.800
G1 X186.250 Y112.000
G1 X186.250 Y120.750 E0.2900 
G1 X186.750 Y120.750 E0.3066 
G1 X186.750 Y112.000 E0.5966 
G92 E0.0000
; segment
G92 E0.0000
G1 F2400.000
G1 Z4.800
G1 X186.750 Y112.000
G1 X186.750 Y78.700 E1.1037 
G92 E0.0000
; segment
G92 E0.0000
G1 F2400.000
G1 Z4.800
G1 X186.750 Y78.700
G1 X186.750 Y75.000 E0.1226 
G92 E0.0000
; segment
G92 E0.0000
G1 F2400.000
G1 Z4.800
G1 X186.750 Y75.000
G1 X186.750 Y66.250 E0.2900 
G1 X187.250 Y66.250 E0.3066 
G1 X187.250 Y75.000 E0.5966 
G92 E0.0000
; segment
G92 E0.0000
G1 F2400.000
G1 Z4.800
G1 X187.250 Y75.000
G1 X187.250 Y108.300 E1.1037 
G92 E0.0000
; segment
G92 E0.0000
G1 F2400.000
G1 Z4.800
G1 X187.250 Y108.300
G1 X187.250 Y112.000 E0.1226 
G92 E0.0000
; segment
G92 E0.0000
G1 F2400.000
G1 Z4.800
G1 X187.250 Y112.000
G1 X187.250 Y120.750 E0.2900 
G1 X187.750 Y120.750 E0.3066 
G1 X187.750 Y112.000 E0.5966 
G92 E0.0000
; segment
G92 E0.0000
G1 F2400.000
G1 Z4.800
G1 X187.750 Y112.000
G1 X187.750 Y78.700 E1.1037 
G92 E0.0000
; segment
G92 E0.0000
G1 F2400.000
G1 Z4.800
G1 X187.750 Y78.700
G1 X187.750 Y75.000 E0.1226 
G92 E0.0000
; segment
G92 E0.0000
G1 F2400.000
G1 Z4.800
G1 X187.750 Y75.000
G1 X187.750 Y66.250 E0.2900 
G1 X188.250 Y66.250 E0.3066 
G1 X188.250 Y75.000 E0.5966 
G92 E0.0000
; segment
G92 E0.0000
G1 F2400.000
G1 Z4.800
G1 X188.250 Y75.000
G1 X188.250 Y108.300 E1.1037 
G92 E0.0000
; segment
G92 E0.0000
G1 F2400.000
G1 Z4.800
G1 X188.250 Y108.300
G1 X188.250 Y112.000 E0.1226 
G92 E0.0000
; segment
G92 E0.0000
G1 F2400.000
G1 Z4.800
G1 X188.250 Y112.000
G1 X188.250 Y120.750 E0.2900 
G1 X188.750 Y120.750 E0.3066 
G1 X188.750 Y112.000 E0.5966 
G92 E0.0000
; segment
G92 E0.0000
G1 F2400.000
G1 Z4.800
G1 X188.750 Y112.000
G1 X188.750 Y78.700 E1.1037 
G92 E0.0000
; segment
G92 E0.0000
G1 F2400.000
G1 Z4.800
G1 X188.750 Y78.700
G1 X188.750 Y75.000 E0.1226 
G92 E0.0000
; segment
G92 E0.0000
G1 F2400.000
G1 Z4.800
G1 X188.750 Y75.000
G1 X188.750 Y66.250 E0.2900 
G92 E0.0000
; jumping
G92 E3.0000
G1 E0 F2400
G1 X183.750 Y51.250 F12000.000
G1 E3 F2400
G92 E0.0000
; segment
G92 E0.0000
G1 F2400.000
G1 Z4.800
G1 X183.750 Y51.250
G1 X183.750 Y75.000 E0.7872 
G92 E0.0000
; segment
G92 E0.0000
G1 F2400.000
G1 Z4.800
G1 X183.750 Y75.000
G1 X183.750 Y108.300 E1.1037 
G92 E0.0000
; segment
G92 E0.0000
G1 F2400.000
G1 Z4.800
G1 X183.750 Y108.300
G1 X183.750 Y112.000 E0.1226 
G92 E0.0000
; segment
G92 E0.0000
G1 F2400.000
G1 Z4.800
G1 X183.750 Y112.000
G1 X183.750 Y135.750 E0.7872 
G1 X183.250 Y135.750 E0.8038 
G1 X183.250 Y112.000 E1.5910 
G92 E0.0000
; segment
G92 E0.0000
G1 F2400.000
G1 Z4.800
G1 X183.250 Y112.000
G1 X183.250 Y78.700 E1.1037 
G92 E0.0000
; segment
G92 E0.0000
G1 F2400.000
G1 Z4.800
G1 X183.250 Y78.700
G1 X183.250 Y75.000 E0.1226 
G92 E0.0000
; segment
G92 E0.0000
G1 F2400.000
G1 Z4.800
G1 X183.250 Y75.000
G1 X183.250 Y51.250 E0.7872 
G1 X182.750 Y51.250 E0.8038 
G1 X182.750 Y75.000 E1.5910 
G92 E0.0000
; segment
G92 E0.0000
G1 F2400.000
G1 Z4.800
G1 X182.750 Y75.000
G1 X182.750 Y108.300 E1.1037 
G92 E0.0000
; segment
G92 E0.0000
G1 F2400.000
G1 Z4.800
G1 X182.750 Y108.300
G1 X182.750 Y112.000 E0.1226 
G92 E0.0000
; segment
G92 E0.0000
G1 F2400.000
G1 Z4.800
G1 X182.750 Y112.000
G1 X182.750 Y135.750 E0.7872 
G1 X182.250 Y135.750 E0.8038 
G1 X182.250 Y112.000 E1.5910 
G92 E0.0000
; segment
G92 E0.0000
G1 F2400.000
G1 Z4.800
G1 X182.250 Y112.000
G1 X182.250 Y78.700 E1.1037 
G92 E0.0000
; segment
G92 E0.0000
G1 F2400.000
G1 Z4.800
G1 X182.250 Y78.700
G1 X182.250 Y75.000 E0.1226 
G92 E0.0000
; segment
G92 E0.0000
G1 F2400.000
G1 Z4.800
G1 X182.250 Y75.000
G1 X182.250 Y51.250 E0.7872 
G1 X181.750 Y51.250 E0.8038 
G1 X181.750 Y75.000 E1.5910 
G92 E0.0000
; segment
G92 E0.0000
G1 F2400.000
G1 Z4.800
G1 X181.750 Y75.000
G1 X181.750 Y108.300 E1.1037 
G92 E0.0000
; segment
G92 E0.0000
G1 F2400.000
G1 Z4.800
G1 X181.750 Y108.300
G1 X181.750 Y112.000 E0.1226 
G92 E0.0000
; segment
G92 E0.0000
G1 F2400.000
G1 Z4.800
G1 X181.750 Y112.000
G1 X181.750 Y135.750 E0.7872 
G1 X181.250 Y135.750 E0.8038 
G1 X181.250 Y112.000 E1.5910 
G92 E0.0000
; segment
G92 E0.0000
G1 F2400.000
G1 Z4.800
G1 X181.250 Y112.000
G1 X181.250 Y78.700 E1.1037 
G92 E0.0000
; segment
G92 E0.0000
G1 F2400.000
G1 Z4.800
G1 X181.250 Y78.700
G1 X181.250 Y75.000 E0.1226 
G92 E0.0000
; segment
G92 E0.0000
G1 F2400.000
G1 Z4.800
G1 X181.250 Y75.000
G1 X181.250 Y51.250 E0.7872 
G1 X180.750 Y51.250 E0.8038 
G1 X180.750 Y75.000 E1.5910 
G92 E0.0000
; segment
G92 E0.0000
G1 F2400.000
G1 Z4.800
G1 X180.750 Y75.000
G1 X180.750 Y108.300 E1.1037 
G92 E0.0000
; segment
G92 E0.0000
G1 F2400.000
G1 Z4.800
G1 X180.750 Y108.300
G1 X180.750 Y112.000 E0.1226 
G92 E0.0000
; segment
G92 E0.0000
G1 F2400.000
G1 Z4.800
G1 X180.750 Y112.000
G1 X180.750 Y135.750 E0.7872 
G1 X180.250 Y135.750 E0.8038 
G1 X180.250 Y112.000 E1.5910 
G92 E0.0000
; segment
G92 E0.0000
G1 F2400.000
G1 Z4.800
G1 X180.250 Y112.000
G1 X180.250 Y78.700 E1.1037 
G92 E0.0000
; segment
G92 E0.0000
G1 F2400.000
G1 Z4.800
G1 X180.250 Y78.700
G1 X180.250 Y75.000 E0.1226 
G92 E0.0000
; segment
G92 E0.0000
G1 F2400.000
G1 Z4.800
G1 X180.250 Y75.000
G1 X180.250 Y51.250 E0.7872 
G1 X179.750 Y51.250 E0.8038 
G1 X179.750 Y75.000 E1.5910 
G92 E0.0000
; segment
G92 E0.0000
G1 F2400.000
G1 Z4.800
G1 X179.750 Y75.000
G1 X179.750 Y108.300 E1.1037 
G92 E0.0000
; segment
G92 E0.0000
G1 F2400.000
G1 Z4.800
G1 X179.750 Y108.300
G1 X179.750 Y112.000 E0.1226 
G92 E0.0000
; segment
G92 E0.0000
G1 F2400.000
G1 Z4.800
G1 X179.750 Y112.000
G1 X179.750 Y135.750 E0.7872 
G1 X179.250 Y135.750 E0.8038 
G1 X179.250 Y112.000 E1.5910 
G92 E0.0000
; segment
G92 E0.0000
G1 F2400.000
G1 Z4.800
G1 X179.250 Y112.000
G1 X179.250 Y78.700 E1.1037 
G92 E0.0000
; segment
G92 E0.0000
G1 F2400.000
G1 Z4.800
G1 X179.250 Y78.700
G1 X179.250 Y75.000 E0.1226 
G92 E0.0000
; segment
G92 E0.0000
G1 F2400.000
G1 Z4.800
G1 X179.250 Y75.000
G1 X179.250 Y51.250 E0.7872 
G1 X178.750 Y51.250 E0.8038 
G1 X178.750 Y75.000 E1.5910 
G92 E0.0000
; segment
G92 E0.0000
G1 F2400.000
G1 Z4.800
G1 X178.750 Y75.000
G1 X178.750 Y108.300 E1.1037 
G92 E0.0000
; segment
G92 E0.0000
G1 F2400.000
G1 Z4.800
G1 X178.750 Y108.300
G1 X178.750 Y112.000 E0.1226 
G92 E0.0000
; segment
G92 E0.0000
G1 F2400.000
G1 Z4.800
G1 X178.750 Y112.000
G1 X178.750 Y135.750 E0.7872 
G1 X178.250 Y135.750 E0.8038 
G1 X178.250 Y112.000 E1.5910 
G92 E0.0000
; segment
G92 E0.0000
G1 F2400.000
G1 Z4.800
G1 X178.250 Y112.000
G1 X178.250 Y78.700 E1.1037 
G92 E0.0000
; segment
G92 E0.0000
G1 F2400.000
G1 Z4.800
G1 X178.250 Y78.700
G1 X178.250 Y75.000 E0.1226 
G92 E0.0000
; segment
G92 E0.0000
G1 F2400.000
G1 Z4.800
G1 X178.250 Y75.000
G1 X178.250 Y51.250 E0.7872 
G1 X177.750 Y51.250 E0.8038 
G1 X177.750 Y75.000 E1.5910 
G92 E0.0000
; segment
G92 E0.0000
G1 F2400.000
G1 Z4.800
G1 X177.750 Y75.000
G1 X177.750 Y108.300 E1.1037 
G92 E0.0000
; segment
G92 E0.0000
G1 F2400.000
G1 Z4.800
G1 X177.750 Y108.300
G1 X177.750 Y112.000 E0.1226 
G92 E0.0000
; segment
G92 E0.0000
G1 F2400.000
G1 Z4.800
G1 X177.750 Y112.000
G1 X177.750 Y135.750 E0.7872 
G1 X177.250 Y135.750 E0.8038 
G1 X177.250 Y112.000 E1.5910 
G92 E0.0000
; segment
G92 E0.0000
G1 F2400.000
G1 Z4.800
G1 X177.250 Y112.000
G1 X177.250 Y78.700 E1.1037 
G92 E0.0000
; segment
G92 E0.0000
G1 F2400.000
G1 Z4.800
G1 X177.250 Y78.700
G1 X177.250 Y75.000 E0.1226 
G92 E0.0000
; segment
G92 E0.0000
G1 F2400.000
G1 Z4.800
G1 X177.250 Y75.000
G1 X177.250 Y51.250 E0.7872 
G1 X176.750 Y51.250 E0.8038 
G1 X176.750 Y75.000 E1.5910 
G92 E0.0000
; segment
G92 E0.0000
G1 F2400.000
G1 Z4.800
G1 X176.750 Y75.000
G1 X176.750 Y108.300 E1.1037 
G92 E0.0000
; segment
G92 E0.0000
G1 F2400.000
G1 Z4.800
G1 X176.750 Y108.300
G1 X176.750 Y112.000 E0.1226 
G92 E0.0000
; segment
G92 E0.0000
G1 F2400.000
G1 Z4.800
G1 X176.750 Y112.000
G1 X176.750 Y135.750 E0.7872 
G1 X176.250 Y135.750 E0.8038 
G1 X176.250 Y112.000 E1.5910 
G92 E0.0000
; segment
G92 E0.0000
G1 F2400.000
G1 Z4.800
G1 X176.250 Y112.000
G1 X176.250 Y78.700 E1.1037 
G92 E0.0000
; segment
G92 E0.0000
G1 F2400.000
G1 Z4.800
G1 X176.250 Y78.700
G1 X176.250 Y75.000 E0.1226 
G92 E0.0000
; segment
G92 E0.0000
G1 F2400.000
G1 Z4.800
G1 X176.250 Y75.000
G1 X176.250 Y66.250 E0.2900 
G1 X175.750 Y66.250 E0.3066 
G1 X175.750 Y75.000 E0.5966 
G92 E0.0000
; segment
G92 E0.0000
G1 F2400.000
G1 Z4.800
G1 X175.750 Y75.000
G1 X175.750 Y108.300 E1.1037 
G92 E0.0000
; segment
G92 E0.0000
G1 F2400.000
G1 Z4.800
G1 X175.750 Y108.300
G1 X175.750 Y112.000 E0.1226 
G92 E0.0000
; segment
G92 E0.0000
G1 F2400.000
G1 Z4.800
G1 X175.750 Y112.000
G1 X175.750 Y120.750 E0.2900 
G1 X175.250 Y120.750 E0.3066 
G1 X175.250 Y112.000 E0.5966 
G92 E0.0000
; segment
G92 E0.0000
G1 F2400.000
G1 Z4.800
G1 X175.250 Y112.000
G1 X175.250 Y78.700 E1.1037 
G92 E0.0000
; segment
G92 E0.0000
G1 F2400.000
G1 Z4.800
G1 X175.250 Y78.700
G1 X175.250 Y75.000 E0.1226 
G92 E0.0000
; segment
G92 E0.0000
G1 F2400.000
G1 Z4.800
G1 X175.250 Y75.000
G1 X175.250 Y66.250 E0.2900 
G1 X174.750 Y66.250 E0.3066 
G1 X174.750 Y75.000 E0.5966 
G92 E0.0000
; segment
G92 E0.0000
G1 F2400.000
G1 Z4.800
G1 X174.750 Y75.000
G1 X174.750 Y108.300 E1.1037 
G92 E0.0000
; segment
G92 E0.0000
G1 F2400.000
G1 Z4.800
G1 X174.750 Y108.300
G1 X174.750 Y112.000 E0.1226 
G92 E0.0000
; segment
G92 E0.0000
G1 F2400.000
G1 Z4.800
G1 X174.750 Y112.000
G1 X174.750 Y120.750 E0.2900 
G1 X174.250 Y120.750 E0.3066 
G1 X174.250 Y112.000 E0.5966 
G92 E0.0000
; segment
G92 E0.0000
G1 F2400.000
G1 Z4.800
G1 X174.250 Y112.000
G1 X174.250 Y78.700 E1.1037 
G92 E0.0000
; segment
G92 E0.0000
G1 F2400.000
G1 Z4.800
G1 X174.250 Y78.700
G1 X174.250 Y75.000 E0.1226 
G92 E0.0000
; segment
G92 E0.0000
G1 F2400.000
G1 Z4.800
G1 X174.250 Y75.000
G1 X174.250 Y66.250 E0.2900 
G1 X173.750 Y66.250 E0.3066 
G1 X173.750 Y75.000 E0.5966 
G92 E0.0000
; segment
G92 E0.0000
G1 F2400.000
G1 Z4.800
G1 X173.750 Y75.000
G1 X173.750 Y108.300 E1.1037 
G92 E0.0000
; segment
G92 E0.0000
G1 F2400.000
G1 Z4.800
G1 X173.750 Y108.300
G1 X173.750 Y112.000 E0.1226 
G92 E0.0000
; segment
G92 E0.0000
G1 F2400.000
G1 Z4.800
G1 X173.750 Y112.000
G1 X173.750 Y120.750 E0.2900 
G1 X173.250 Y120.750 E0.3066 
G1 X173.250 Y112.000 E0.5966 
G92 E0.0000
; segment
G92 E0.0000
G1 F2400.000
G1 Z4.800
G1 X173.250 Y112.000
G1 X173.250 Y78.700 E1.1037 
G92 E0.0000
; segment
G92 E0.0000
G1 F2400.000
G1 Z4.800
G1 X173.250 Y78.700
G1 X173.250 Y75.000 E0.1226 
G92 E0.0000
; segment
G92 E0.0000
G1 F2400.000
G1 Z4.800
G1 X173.250 Y75.000
G1 X173.250 Y66.250 E0.2900 
G1 X172.750 Y66.250 E0.3066 
G1 X172.750 Y75.000 E0.5966 
G92 E0.0000
; segment
G92 E0.0000
G1 F2400.000
G1 Z4.800
G1 X172.750 Y75.000
G1 X172.750 Y108.300 E1.1037 
G92 E0.0000
; segment
G92 E0.0000
G1 F2400.000
G1 Z4.800
G1 X172.750 Y108.300
G1 X172.750 Y112.000 E0.1226 
G92 E0.0000
; segment
G92 E0.0000
G1 F2400.000
G1 Z4.800
G1 X172.750 Y112.000
G1 X172.750 Y120.750 E0.2900 
G1 X172.250 Y120.750 E0.3066 
G1 X172.250 Y112.000 E0.5966 
G92 E0.0000
; segment
G92 E0.0000
G1 F2400.000
G1 Z4.800
G1 X172.250 Y112.000
G1 X172.250 Y78.700 E1.1037 
G92 E0.0000
; segment
G92 E0.0000
G1 F2400.000
G1 Z4.800
G1 X172.250 Y78.700
G1 X172.250 Y75.000 E0.1226 
G92 E0.0000
; segment
G92 E0.0000
G1 F2400.000
G1 Z4.800
G1 X172.250 Y75.000
G1 X172.250 Y66.250 E0.2900 
G1 X171.750 Y66.250 E0.3066 
G1 X171.750 Y75.000 E0.5966 
G92 E0.0000
; segment
G92 E0.0000
G1 F2400.000
G1 Z4.800
G1 X171.750 Y75.000
G1 X171.750 Y108.300 E1.1037 
G92 E0.0000
; segment
G92 E0.0000
G1 F2400.000
G1 Z4.800
G1 X171.750 Y108.300
G1 X171.750 Y112.000 E0.1226 
G92 E0.0000
; segment
G92 E0.0000
G1 F2400.000
G1 Z4.800
G1 X171.750 Y112.000
G1 X171.750 Y120.750 E0.2900 
G1 X171.250 Y120.750 E0.3066 
G1 X171.250 Y112.000 E0.5966 
G92 E0.0000
; segment
G92 E0.0000
G1 F2400.000
G1 Z4.800
G1 X171.250 Y112.000
G1 X171.250 Y78.700 E1.1037 
G92 E0.0000
; segment
G92 E0.0000
G1 F2400.000
G1 Z4.800
G1 X171.250 Y78.700
G1 X171.250 Y75.000 E0.1226 
G92 E0.0000
; segment
G92 E0.0000
G1 F2400.000
G1 Z4.800
G1 X171.250 Y75.000
G1 X171.250 Y66.250 E0.2900 
G92 E0.0000
; jumping
G92 E3.0000
G1 E0 F2400
G1 X170.250 Y65.250 F12000.000
G1 E3 F2400
G92 E0.0000
; segment
G92 E0.0000
G1 F2400.000
G1 Z5.000
G1 X170.250 Y65.250
G1 X170.250 Y75.000 E0.3232 
G92 E0.0000
; segment
G92 E0.0000
G1 F2400.000
G1 Z5.000
G1 X170.250 Y75.000
G1 X170.250 Y108.300 E1.1037 
G92 E0.0000
; segment
G92 E0.0000
G1 F2400.000
G1 Z5.000
G1 X170.250 Y108.300
G1 X170.250 Y112.000 E0.1226 
G92 E0.0000
; segment
G92 E0.0000
G1 F2400.000
G1 Z5.000
G1 X170.250 Y112.000
G1 X170.250 Y121.750 E0.3232 
G1 X175.150 Y121.750 E0.4856 
G1 X175.150 Y136.750 E0.9828 
G1 X184.850 Y136.750 E1.3043 
G1 X184.850 Y121.750 E1.8014 
G1 X189.750 Y121.750 E1.9638 
G1 X189.750 Y112.000 E2.2870 
G92 E0.0000
; segment
G92 E0.0000
G1 F2400.000
G1 Z5.000
G1 X189.750 Y112.000
G1 X189.750 Y78.700 E1.1037 
G92 E0.0000
; segment
G92 E0.0000
G1 F2400.000
G1 Z5.000
G1 X189.750 Y78.700
G1 X189.750 Y75.000 E0.1226 
G92 E0.0000
; segment
G92 E0.0000
G1 F2400.000
G1 Z5.000
G1 X189.750 Y75.000
G1 X189.750 Y65.250 E0.3232 
G1 X184.750 Y65.250 E0.4889 
G1 X184.750 Y50.250 E0.9861 
G1 X175.250 Y50.250 E1.3009 
G1 X175.250 Y65.250 E1.7981 
G1 X170.250 Y65.250 E1.9638 
G92 E0.0000
; segment
G92 E0.0000
G1 F2400.000
G1 Z5.000
G1 X170.750 Y65.750
G1 X170.750 Y75.000 E0.3066 
G92 E0.0000
; segment
G92 E0.0000
G1 F2400.000
G1 Z5.000
G1 X170.750 Y75.000
G1 X170.750 Y108.300 E1.1037 
G92 E0.0000
; segment
G92 E0.0000
G1 F2400.000
G1 Z5.000
G1 X170.750 Y108.300
G1 X170.750 Y112.000 E0.1226 
G92 E0.0000
; segment
G92 E0.0000
G1 F2400.000
G1 Z5.000
G1 X170.750 Y112.000
G1 X170.750 Y121.250 E0.3066 
G1 X175.650 Y121.250 E0.4690 
G1 X175.650 Y136.250 E0.9662 
G1 X184.350 Y136.250 E1.2545 
G1 X184.350 Y121.250 E1.7517 
G1 X189.250 Y121.250 E1.9141 
G1 X189.250 Y112.000 E2.2207 
G92 E0.0000
; segment
G92 E0.0000
G1 F2400.000
G1 Z5.000
G1 X189.250 Y112.000
G1 X189.250 Y78.700 E1.1037 
G92 E0.0000
; segment
G92 E0.0000
G1 F2400.000
G1 Z5.000
G1 X189.250 Y78.700
G1 X189.250 Y75.000 E0.1226 
G92 E0.0000
; segment
G92 E0.0000
G1 F2400.000
G1 Z5.000
G1 X189.250 Y75.000
G1 X189.250 Y65.750 E0.3066 
G1 X184.250 Y65.750 E0.4723 
G1 X184.250 Y50.750 E0.9695 
G1 X175.750 Y50.750 E1.2512 
G1 X175.750 Y65.750 E1.7484 
G1 X170.750 Y65.750 E1.9141 
G92 E0.0000
; segment
G92 E0.0000
G1 F2400.000
G1 Z5.000
G1 X171.250 Y66.250
G1 X171.250 Y75.000 E0.2900 
G92 E0.0000
; segment
G92 E0.0000
G1 F2400.000
G1 Z5.000
G1 X171.250 Y75.000
G1 X171.250 Y108.300 E1.1037 
G92 E0.0000
; segment
G92 E0.0000
G1 F2400.000
G1 Z5.000
G1 X171.250 Y108.300
G1 X171.250 Y112.000 E0.1226 
G92 E0.0000
; segment
G92 E0.0000
G1 F2400.000
G1 Z5.000
G1 X171.250 Y112.000
G1 X171.250 Y120.750 E0.2900 
G1 X171.750 Y120.750 E0.3066 
G1 X171.750 Y112.000 E0.5966 
G92 E0.0000
; segment
G92 E0.0000
G1 F2400.000
G1 Z5.000
G1 X171.750 Y112.000
G1 X171.750 Y78.700 E1.1037 
G92 E0.0000
; segment
G92 E0.0000
G1 F2400.000
G1 Z5.000
G1 X171.750 Y78.700
G1 X171.750 Y75.000 E0.1226 
G92 E0.0000
; segment
G92 E0.0000
G1 F2400.000
G1 Z5.000
G1 X171.750 Y75.000
G1 X171.750 Y66.250 E0.2900 
G1 X172.250 Y66.250 E0.3066 
G1 X172.250 Y75.000 E0.5966 
G92 E0.0000
; segment
G92 E0.0000
G1 F2400.000
G1 Z5.000
G1 X172.250 Y75.000
G1 X172.250 Y108.300 E1.1037 
G92 E0.0000
; segment
G92 E0.0000
G1 F2400.000
G1 Z5.000
G1 X172.250 Y108.300
G1 X172.250 Y112.000 E0.1226 
G92 E0.0000
; segment
G92 E0.0000
G1 F2400.000
G1 Z5.000
G1 X172.250 Y112.000
G1 X172.250 Y120.750 E0.2900 
G1 X172.750 Y120.750 E0.3066 
G1 X172.750 Y112.000 E0.5966 
G92 E0.0000
; segment
G92 E0.0000
G1 F2400.000
G1 Z5.000
G1 X172.750 Y112.000
G1 X172.750 Y78.700 E1.1037 
G92 E0.0000
; segment
G92 E0.0000
G1 F2400.000
G1 Z5.000
G1 X172.750 Y78.700
G1 X172.750 Y75.000 E0.1226 
G92 E0.0000
; segment
G92 E0.0000
G1 F2400.000
G1 Z5.000
G1 X172.750 Y75.000
G1 X172.750 Y66.250 E0.2900 
G1 X173.250 Y66.250 E0.3066 
G1 X173.250 Y75.000 E0.5966 
G92 E0.0000
; segment
G92 E0.0000
G1 F2400.000
G1 Z5.000
G1 X173.250 Y75.000
G1 X173.250 Y108.300 E1.1037 
G92 E0.0000
; segment
G92 E0.0000
G1 F2400.000
G1 Z5.000
G1 X173.250 Y108.300
G1 X173.250 Y112.000 E0.1226 
G92 E0.0000
; segment
G92 E0.0000
G1 F2400.000
G1 Z5.000
G1 X173.250 Y112.000
G1 X173.250 Y120.750 E0.2900 
G1 X173.750 Y120.750 E0.3066 
G1 X173.750 Y112.000 E0.5966 
G92 E0.0000
; segment
G92 E0.0000
G1 F2400.000
G1 Z5.000
G1 X173.750 Y112.000
G1 X173.750 Y78.700 E1.1037 
G92 E0.0000
; segment
G92 E0.0000
G1 F2400.000
G1 Z5.000
G1 X173.750 Y78.700
G1 X173.750 Y75.000 E0.1226 
G92 E0.0000
; segment
G92 E0.0000
G1 F2400.000
G1 Z5.000
G1 X173.750 Y75.000
G1 X173.750 Y66.250 E0.2900 
G1 X174.250 Y66.250 E0.3066 
G1 X174.250 Y75.000 E0.5966 
G92 E0.0000
; segment
G92 E0.0000
G1 F2400.000
G1 Z5.000
G1 X174.250 Y75.000
G1 X174.250 Y108.300 E1.1037 
G92 E0.0000
; segment
G92 E0.0000
G1 F2400.000
G1 Z5.000
G1 X174.250 Y108.300
G1 X174.250 Y112.000 E0.1226 
G92 E0.0000
; segment
G92 E0.0000
G1 F2400.000
G1 Z5.000
G1 X174.250 Y112.000
G1 X174.250 Y120.750 E0.2900 
G1 X174.750 Y120.750 E0.3066 
G1 X174.750 Y112.000 E0.5966 
G92 E0.0000
; segment
G92 E0.0000
G1 F2400.000
G1 Z5.000
G1 X174.750 Y112.000
G1 X174.750 Y78.700 E1.1037 
G92 E0.0000
; segment
G92 E0.0000
G1 F2400.000
G1 Z5.000
G1 X174.750 Y78.700
G1 X174.750 Y75.000 E0.1226 
G92 E0.0000
; segment
G92 E0.0000
G1 F2400.000
G1 Z5.000
G1 X174.750 Y75.000
G1 X174.750 Y66.250 E0.2900 
G1 X175.250 Y66.250 E0.3066 
G1 X175.250 Y75.000 E0.5966 
G92 E0.0000
; segment
G92 E0.0000
G1 F2400.000
G1 Z5.000
G1 X175.250 Y75.000
G1 X175.250 Y108.300 E1.1037 
G92 E0.0000
; segment
G92 E0.0000
G1 F2400.000
G1 Z5.000
G1 X175.250 Y108.300
G1 X175.250 Y112.000 E0.1226 
G92 E0.0000
; segment
G92 E0.0000
G1 F2400.000
G1 Z5.000
G1 X175.250 Y112.000
G1 X175.250 Y120.750 E0.2900 
G1 X175.750 Y120.750 E0.3066 
G1 X175.750 Y112.000 E0.5966 
G92 E0.0000
; segment
G92 E0.0000
G1 F2400.000
G1 Z5.000
G1 X175.750 Y112.000
G1 X175.750 Y78.700 E1.1037 
G92 E0.0000
; segment
G92 E0.0000
G1 F2400.000
G1 Z5.000
G1 X175.750 Y78.700
G1 X175.750 Y75.000 E0.1226 
G92 E0.0000
; segment
G92 E0.0000
G1 F2400.000
G1 Z5.000
G1 X175.750 Y75.000
G1 X175.750 Y66.250 E0.2900 
G1 X176.250 Y66.250 E0.3066 
G1 X176.250 Y75.000 E0.5966 
G92 E0.0000
; segment
G92 E0.0000
G1 F2400.000
G1 Z5.000
G1 X176.250 Y75.000
G1 X176.250 Y108.300 E1.1037 
G92 E0.0000
; segment
G92 E0.0000
G1 F2400.000
G1 Z5.000
G1 X176.250 Y108.300
G1 X176.250 Y112.000 E0.1226 
G92 E0.0000
; segment
G92 E0.0000
G1 F2400.000
G1 Z5.000
G1 X176.250 Y112.000
G1 X176.250 Y135.750 E0.7872 
G1 X176.750 Y135.750 E0.8038 
G1 X176.750 Y112.000 E1.5910 
G92 E0.0000
; segment
G92 E0.0000
G1 F2400.000
G1 Z5.000
G1 X176.750 Y112.000
G1 X176.750 Y78.700 E1.1037 
G92 E0.0000
; segment
G92 E0.0000
G1 F2400.000
G1 Z5.000
G1 X176.750 Y78.700
G1 X176.750 Y75.000 E0.1226 
G92 E0.0000
; segment
G92 E0.0000
G1 F2400.000
G1 Z5.000
G1 X176.750 Y75.000
G1 X176.750 Y51.250 E0.7872 
G1 X177.250 Y51.250 E0.8038 
G1 X177.250 Y75.000 E1.5910 
G92 E0.0000
; segment
G92 E0.0000
G1 F2400.000
G1 Z5.000
G1 X177.250 Y75.000
G1 X177.250 Y108.300 E1.1037 
G92 E0.0000
; segment
G92 E0.0000
G1 F2400.000
G1 Z5.000
G1 X177.250 Y108.300
G1 X177.250 Y112.000 E0.1226 
G92 E0.0000
; segment
G92 E0.0000
G1 F2400.000
G1 Z5.000
G1 X177.250 Y112.000
G1 X177.250 Y135.750 E0.7872 
G1 X177.750 Y135.750 E0.8038 
G1 X177.750 Y112.000 E1.5910 
G92 E0.0000
; segment
G92 E0.0000
G1 F2400.000
G1 Z5.000
G1 X177.750 Y112.000
G1 X177.750 Y78.700 E1.1037 
G92 E0.0000
; segment
G92 E0.0000
G1 F2400.000
G1 Z5.000
G1 X177.750 Y78.700
G1 X177.750 Y75.000 E0.1226 
G92 E0.0000
; segment
G92 E0.0000
G1 F2400.000
G1 Z5.000
G1 X177.750 Y75.000
G1 X177.750 Y51.250 E0.7872 
G1 X178.250 Y51.250 E0.8038 
G1 X178.250 Y75.000 E1.5910 
G92 E0.0000
; segment
G92 E0.0000
G1 F2400.000
G1 Z5.000
G1 X178.250 Y75.000
G1 X178.250 Y108.300 E1.1037 
G92 E0.0000
; segment
G92 E0.0000
G1 F2400.000
G1 Z5.000
G1 X178.250 Y108.300
G1 X178.250 Y112.000 E0.1226 
G92 E0.0000
; segment
G92 E0.0000
G1 F2400.000
G1 Z5.000
G1 X178.250 Y112.000
G1 X178.250 Y135.750 E0.7872 
G1 X178.750 Y135.750 E0.8038 
G1 X178.750 Y112.000 E1.5910 
G92 E0.0000
; segment
G92 E0.0000
G1 F2400.000
G1 Z5.000
G1 X178.750 Y112.000
G1 X178.750 Y78.700 E1.1037 
G92 E0.0000
; segment
G92 E0.0000
G1 F2400.000
G1 Z5.000
G1 X178.750 Y78.700
G1 X178.750 Y75.000 E0.1226 
G92 E0.0000
; segment
G92 E0.0000
G1 F2400.000
G1 Z5.000
G1 X178.750 Y75.000
G1 X178.750 Y51.250 E0.7872 
G1 X179.250 Y51.250 E0.8038 
G1 X179.250 Y75.000 E1.5910 
G92 E0.0000
; segment
G92 E0.0000
G1 F2400.000
G1 Z5.000
G1 X179.250 Y75.000
G1 X179.250 Y108.300 E1.1037 
G92 E0.0000
; segment
G92 E0.0000
G1 F2400.000
G1 Z5.000
G1 X179.250 Y108.300
G1 X179.250 Y112.000 E0.1226 
G92 E0.0000
; segment
G92 E0.0000
G1 F2400.000
G1 Z5.000
G1 X179.250 Y112.000
G1 X179.250 Y135.750 E0.7872 
G1 X179.750 Y135.750 E0.8038 
G1 X179.750 Y112.000 E1.5910 
G92 E0.0000
; segment
G92 E0.0000
G1 F2400.000
G1 Z5.000
G1 X179.750 Y112.000
G1 X179.750 Y78.700 E1.1037 
G92 E0.0000
; segment
G92 E0.0000
G1 F2400.000
G1 Z5.000
G1 X179.750 Y78.700
G1 X179.750 Y75.000 E0.1226 
G92 E0.0000
; segment
G92 E0.0000
G1 F2400.000
G1 Z5.000
G1 X179.750 Y75.000
G1 X179.750 Y51.250 E0.7872 
G1 X180.250 Y51.250 E0.8038 
G1 X180.250 Y75.000 E1.5910 
G92 E0.0000
; segment
G92 E0.0000
G1 F2400.000
G1 Z5.000
G1 X180.250 Y75.000
G1 X180.250 Y108.300 E1.1037 
G92 E0.0000
; segment
G92 E0.0000
G1 F2400.000
G1 Z5.000
G1 X180.250 Y108.300
G1 X180.250 Y112.000 E0.1226 
G92 E0.0000
; segment
G92 E0.0000
G1 F2400.000
G1 Z5.000
G1 X180.250 Y112.000
G1 X180.250 Y135.750 E0.7872 
G1 X180.750 Y135.750 E0.8038 
G1 X180.750 Y112.000 E1.5910 
G92 E0.0000
; segment
G92 E0.0000
G1 F2400.000
G1 Z5.000
G1 X180.750 Y112.000
G1 X180.750 Y78.700 E1.1037 
G92 E0.0000
; segment
G92 E0.0000
G1 F2400.000
G1 Z5.000
G1 X180.750 Y78.700
G1 X180.750 Y75.000 E0.1226 
G92 E0.0000
; segment
G92 E0.0000
G1 F2400.000
G1 Z5.000
G1 X180.750 Y75.000
G1 X180.750 Y51.250 E0.7872 
G1 X181.250 Y51.250 E0.8038 
G1 X181.250 Y75.000 E1.5910 
G92 E0.0000
; segment
G92 E0.0000
G1 F2400.000
G1 Z5.000
G1 X181.250 Y75.000
G1 X181.250 Y108.300 E1.1037 
G92 E0.0000
; segment
G92 E0.0000
G1 F2400.000
G1 Z5.000
G1 X181.250 Y108.300
G1 X181.250 Y112.000 E0.1226 
G92 E0.0000
; segment
G92 E0.0000
G1 F2400.000
G1 Z5.000
G1 X181.250 Y112.000
G1 X181.250 Y135.750 E0.7872 
G1 X181.750 Y135.750 E0.8038 
G1 X181.750 Y112.000 E1.5910 
G92 E0.0000
; segment
G92 E0.0000
G1 F2400.000
G1 Z5.000
G1 X181.750 Y112.000
G1 X181.750 Y78.700 E1.1037 
G92 E0.0000
; segment
G92 E0.0000
G1 F2400.000
G1 Z5.000
G1 X181.750 Y78.700
G1 X181.750 Y75.000 E0.1226 
G92 E0.0000
; segment
G92 E0.0000
G1 F2400.000
G1 Z5.000
G1 X181.750 Y75.000
G1 X181.750 Y51.250 E0.7872 
G1 X182.250 Y51.250 E0.8038 
G1 X182.250 Y75.000 E1.5910 
G92 E0.0000
; segment
G92 E0.0000
G1 F2400.000
G1 Z5.000
G1 X182.250 Y75.000
G1 X182.250 Y108.300 E1.1037 
G92 E0.0000
; segment
G92 E0.0000
G1 F2400.000
G1 Z5.000
G1 X182.250 Y108.300
G1 X182.250 Y112.000 E0.1226 
G92 E0.0000
; segment
G92 E0.0000
G1 F2400.000
G1 Z5.000
G1 X182.250 Y112.000
G1 X182.250 Y135.750 E0.7872 
G1 X182.750 Y135.750 E0.8038 
G1 X182.750 Y112.000 E1.5910 
G92 E0.0000
; segment
G92 E0.0000
G1 F2400.000
G1 Z5.000
G1 X182.750 Y112.000
G1 X182.750 Y78.700 E1.1037 
G92 E0.0000
; segment
G92 E0.0000
G1 F2400.000
G1 Z5.000
G1 X182.750 Y78.700
G1 X182.750 Y75.000 E0.1226 
G92 E0.0000
; segment
G92 E0.0000
G1 F2400.000
G1 Z5.000
G1 X182.750 Y75.000
G1 X182.750 Y51.250 E0.7872 
G1 X183.250 Y51.250 E0.8038 
G1 X183.250 Y75.000 E1.5910 
G92 E0.0000
; segment
G92 E0.0000
G1 F2400.000
G1 Z5.000
G1 X183.250 Y75.000
G1 X183.250 Y108.300 E1.1037 
G92 E0.0000
; segment
G92 E0.0000
G1 F2400.000
G1 Z5.000
G1 X183.250 Y108.300
G1 X183.250 Y112.000 E0.1226 
G92 E0.0000
; segment
G92 E0.0000
G1 F2400.000
G1 Z5.000
G1 X183.250 Y112.000
G1 X183.250 Y135.750 E0.7872 
G1 X183.750 Y135.750 E0.8038 
G1 X183.750 Y112.000 E1.5910 
G92 E0.0000
; segment
G92 E0.0000
G1 F2400.000
G1 Z5.000
G1 X183.750 Y112.000
G1 X183.750 Y78.700 E1.1037 
G92 E0.0000
; segment
G92 E0.0000
G1 F2400.000
G1 Z5.000
G1 X183.750 Y78.700
G1 X183.750 Y75.000 E0.1226 
G92 E0.0000
; segment
G92 E0.0000
G1 F2400.000
G1 Z5.000
G1 X183.750 Y75.000
G1 X183.750 Y51.250 E0.7872 
G92 E0.0000
; jumping
G92 E3.0000
G1 E0 F2400
G1 X188.750 Y66.250 F12000.000
G1 E3 F2400
G92 E0.0000
; segment
G92 E0.0000
G1 F2400.000
G1 Z5.000
G1 X188.750 Y66.250
G1 X188.750 Y75.000 E0.2900 
G92 E0.0000
; segment
G92 E0.0000
G1 F2400.000
G1 Z5.000
G1 X188.750 Y75.000
G1 X188.750 Y108.300 E1.1037 
G92 E0.0000
; segment
G92 E0.0000
G1 F2400.000
G1 Z5.000
G1 X188.750 Y108.300
G1 X188.750 Y112.000 E0.1226 
G92 E0.0000
; segment
G92 E0.0000
G1 F2400.000
G1 Z5.000
G1 X188.750 Y112.000
G1 X188.750 Y120.750 E0.2900 
G1 X188.250 Y120.750 E0.3066 
G1 X188.250 Y112.000 E0.5966 
G92 E0.0000
; segment
G92 E0.0000
G1 F2400.000
G1 Z5.000
G1 X188.250 Y112.000
G1 X188.250 Y78.700 E1.1037 
G92 E0.0000
; segment
G92 E0.0000
G1 F2400.000
G1 Z5.000
G1 X188.250 Y78.700
G1 X188.250 Y75.000 E0.1226 
G92 E0.0000
; segment
G92 E0.0000
G1 F2400.000
G1 Z5.000
G1 X188.250 Y75.000
G1 X188.250 Y66.250 E0.2900 
G1 X187.750 Y66.250 E0.3066 
G1 X187.750 Y75.000 E0.5966 
G92 E0.0000
; segment
G92 E0.0000
G1 F2400.000
G1 Z5.000
G1 X187.750 Y75.000
G1 X187.750 Y108.300 E1.1037 
G92 E0.0000
; segment
G92 E0.0000
G1 F2400.000
G1 Z5.000
G1 X187.750 Y108.300
G1 X187.750 Y112.000 E0.1226 
G92 E0.0000
; segment
G92 E0.0000
G1 F2400.000
G1 Z5.000
G1 X187.750 Y112.000
G1 X187.750 Y120.750 E0.2900 
G1 X187.250 Y120.750 E0.3066 
G1 X187.250 Y112.000 E0.5966 
G92 E0.0000
; segment
G92 E0.0000
G1 F2400.000
G1 Z5.000
G1 X187.250 Y112.000
G1 X187.250 Y78.700 E1.1037 
G92 E0.0000
; segment
G92 E0.0000
G1 F2400.000
G1 Z5.000
G1 X187.250 Y78.700
G1 X187.250 Y75.000 E0.1226 
G92 E0.0000
; segment
G92 E0.0000
G1 F2400.000
G1 Z5.000
G1 X187.250 Y75.000
G1 X187.250 Y66.250 E0.2900 
G1 X186.750 Y66.250 E0.3066 
G1 X186.750 Y75.000 E0.5966 
G92 E0.0000
; segment
G92 E0.0000
G1 F2400.000
G1 Z5.000
G1 X186.750 Y75.000
G1 X186.750 Y108.300 E1.1037 
G92 E0.0000
; segment
G92 E0.0000
G1 F2400.000
G1 Z5.000
G1 X186.750 Y108.300
G1 X186.750 Y112.000 E0.1226 
G92 E0.0000
; segment
G92 E0.0000
G1 F2400.000
G1 Z5.000
G1 X186.750 Y112.000
G1 X186.750 Y120.750 E0.2900 
G1 X186.250 Y120.750 E0.3066 
G1 X186.250 Y112.000 E0.5966 
G92 E0.0000
; segment
G92 E0.0000
G1 F2400.000
G1 Z5.000
G1 X186.250 Y112.000
G1 X186.250 Y78.700 E1.1037 
G92 E0.0000
; segment
G92 E0.0000
G1 F2400.000
G1 Z5.000
G1 X186.250 Y78.700
G1 X186.250 Y75.000 E0.1226 
G92 E0.0000
; segment
G92 E0.0000
G1 F2400.000
G1 Z5.000
G1 X186.250 Y75.000
G1 X186.250 Y66.250 E0.2900 
G1 X185.750 Y66.250 E0.3066 
G1 X185.750 Y75.000 E0.5966 
G92 E0.0000
; segment
G92 E0.0000
G1 F2400.000
G1 Z5.000
G1 X185.750 Y75.000
G1 X185.750 Y108.300 E1.1037 
G92 E0.0000
; segment
G92 E0.0000
G1 F2400.000
G1 Z5.000
G1 X185.750 Y108.300
G1 X185.750 Y112.000 E0.1226 
G92 E0.0000
; segment
G92 E0.0000
G1 F2400.000
G1 Z5.000
G1 X185.750 Y112.000
G1 X185.750 Y120.750 E0.2900 
G1 X185.250 Y120.750 E0.3066 
G1 X185.250 Y112.000 E0.5966 
G92 E0.0000
; segment
G92 E0.0000
G1 F2400.000
G1 Z5.000
G1 X185.250 Y112.000
G1 X185.250 Y78.700 E1.1037 
G92 E0.0000
; segment
G92 E0.0000
G1 F2400.000
G1 Z5.000
G1 X185.250 Y78.700
G1 X185.250 Y75.000 E0.1226 
G92 E0.0000
; segment
G92 E0.0000
G1 F2400.000
G1 Z5.000
G1 X185.250 Y75.000
G1 X185.250 Y66.250 E0.2900 
G1 X184.750 Y66.250 E0.3066 
G1 X184.750 Y75.000 E0.5966 
G92 E0.0000
; segment
G92 E0.0000
G1 F2400.000
G1 Z5.000
G1 X184.750 Y75.000
G1 X184.750 Y108.300 E1.1037 
G92 E0.0000
; segment
G92 E0.0000
G1 F2400.000
G1 Z5.000
G1 X184.750 Y108.300
G1 X184.750 Y112.000 E0.1226 
G92 E0.0000
; segment
G92 E0.0000
G1 F2400.000
G1 Z5.000
G1 X184.750 Y112.000
G1 X184.750 Y120.750 E0.2900 
G1 X184.250 Y120.750 E0.3066 
G1 X184.250 Y112.000 E0.5966 
G92 E0.0000
; segment
G92 E0.0000
G1 F2400.000
G1 Z5.000
G1 X184.250 Y112.000
G1 X184.250 Y78.700 E1.1037 
G92 E0.0000
; segment
G92 E0.0000
G1 F2400.000
G1 Z5.000
G1 X184.250 Y78.700
G1 X184.250 Y75.000 E0.1226 
G92 E0.0000
; segment
G92 E0.0000
G1 F2400.000
G1 Z5.000
G1 X184.250 Y75.000
G1 X184.250 Y66.250 E0.2900 
G1 X183.750 Y66.250 E0.3066 
G92 E0.0000
; jumping
G92 E3.0000
G1 E0 F2400
G1 X184.750 Y65.250 F12000.000
G1 E3 F2400
G92 E0.0000
; segment
G92 E0.0000
G1 F2400.000
G1 Z5.200
G1 X184.750 Y65.250
G1 X184.750 Y50.250 E0.4972 
G1 X175.250 Y50.250 E0.8121 
G1 X175.250 Y65.250 E1.3092 
G1 X170.250 Y65.250 E1.4750 
G1 X170.250 Y75.000 E1.7981 
G92 E0.0000
; segment
G92 E0.0000
G1 F2400.000
G1 Z5.200
G1 X170.250 Y75.000
G1 X170.250 Y108.300 E1.1037 
G92 E0.0000
; segment
G92 E0.0000
G1 F2400.000
G1 Z5.200
G1 X170.250 Y108.300
G1 X170.250 Y112.000 E0.1226 
G92 E0.0000
; segment
G92 E0.0000
G1 F2400.000
G1 Z5.200
G1 X170.250 Y112.000
G1 X170.250 Y121.750 E0.3232 
G1 X175.150 Y121.750 E0.4856 
G1 X175.150 Y136.750 E0.9828 
G1 X184.850 Y136.750 E1.3043 
G1 X184.850 Y121.750 E1.8014 
G1 X189.750 Y121.750 E1.9638 
G1 X189.750 Y112.000 E2.2870 
G92 E0.0000
; segment
G92 E0.0000
G1 F2400.000
G1 Z5.200
G1 X189.750 Y112.000
G1 X189.750 Y78.700 E1.1037 
G92 E0.0000
; segment
G92 E0.0000
G1 F2400.000
G1 Z5.200
G1 X189.750 Y78.700
G1 X189.750 Y75.000 E0.1226 
G92 E0.0000
; segment
G92 E0.0000
G1 F2400.000
G1 Z5.200
G1 X189.750 Y75.000
G1 X189.750 Y65.250 E0.3232 
G1 X184.750 Y65.250 E0.4889 
G92 E0.0000
; segment
G92 E0.0000
G1 F2400.000
G1 Z5.200
G1 X184.250 Y65.750
G1 X184.250 Y50.750 E0.4972 
G1 X175.750 Y50.750 E0.7789 
G1 X175.750 Y65.750 E1.2761 
G1 X170.750 Y65.750 E1.4418 
G1 X170.750 Y75.000 E1.7484 
G92 E0.0000
; segment
G92 E0.0000
G1 F2400.000
G1 Z5.200
G1 X170.750 Y75.000
G1 X170.750 Y108.300 E1.1037 
G92 E0.0000
; segment
G92 E0.0000
G1 F2400.000
G1 Z5.200
G1 X170.750 Y108.300
G1 X170.750 Y112.000 E0.1226 
G92 E0.0000
; segment
G92 E0.0000
G1 F2400.000
G1 Z5.200
G1 X170.750 Y112.000
G1 X170.750 Y121.250 E0.3066 
G1 X175.650 Y121.250 E0.4690 
G1 X175.650 Y136.250 E0.9662 
G1 X184.350 Y136.250 E1.2545 
G1 X184.350 Y121.250 E1.7517 
G1 X189.250 Y121.250 E1.9141 
G1 X189.250 Y112.000 E2.2207 
G92 E0.0000
; segment
G92 E0.0000
G1 F2400.000
G1 Z5.200
G1 X189.250 Y112.000
G1 X189.250 Y78.700 E1.1037 
G92 E0.0000
; segment
G92 E0.0000
G1 F2400.000
G1 Z5.200
G1 X189.250 Y78.700
G1 X189.250 Y75.000 E0.1226 
G92 E0.0000
; segment
G92 E0.0000
G1 F2400.000
G1 Z5.200
G1 X189.250 Y75.000
G1 X189.250 Y65.750 E0.3066 
G1 X184.250 Y65.750 E0.4723 
G92 E0.0000
; segment
G92 E0.0000
G1 F2400.000
G1 Z5.200
G1 X183.750 Y66.250
G1 X184.250 Y66.250 E0.0166 
G1 X184.250 Y75.000 E0.3066 
G92 E0.0000
; segment
G92 E0.0000
G1 F2400.000
G1 Z5.200
G1 X184.250 Y75.000
G1 X184.250 Y108.300 E1.1037 
G92 E0.0000
; segment
G92 E0.0000
G1 F2400.000
G1 Z5.200
G1 X184.250 Y108.300
G1 X184.250 Y112.000 E0.1226 
G92 E0.0000
; segment
G92 E0.0000
G1 F2400.000
G1 Z5.200
G1 X184.250 Y112.000
G1 X184.250 Y120.750 E0.2900 
G1 X184.750 Y120.750 E0.3066 
G1 X184.750 Y112.000 E0.5966 
G92 E0.0000
; segment
G92 E0.0000
G1 F2400.000
G1 Z5.200
G1 X184.750 Y112.000
G1 X184.750 Y78.700 E1.1037 
G92 E0.0000
; segment
G92 E0.0000
G1 F2400.000
G1 Z5.200
G1 X184.750 Y78.700
G1 X184.750 Y75.000 E0.1226 
G92 E0.0000
; segment
G92 E0.0000
G1 F2400.000
G1 Z5.200
G1 X184.750 Y75.000
G1 X184.750 Y66.250 E0.2900 
G1 X185.250 Y66.250 E0.3066 
G1 X185.250 Y75.000 E0.5966 
G92 E0.0000
; segment
G92 E0.0000
G1 F2400.000
G1 Z5.200
G1 X185.250 Y75.000
G1 X185.250 Y108.300 E1.1037 
G92 E0.0000
; segment
G92 E0.0000
G1 F2400.000
G1 Z5.200
G1 X185.250 Y108.300
G1 X185.250 Y112.000 E0.1226 
G92 E0.0000
; segment
G92 E0.0000
G1 F2400.000
G1 Z5.200
G1 X185.250 Y112.000
G1 X185.250 Y120.750 E0.2900 
G1 X185.750 Y120.750 E0.3066 
G1 X185.750 Y112.000 E0.5966 
G92 E0.0000
; segment
G92 E0.0000
G1 F2400.000
G1 Z5.200
G1 X185.750 Y112.000
G1 X185.750 Y78.700 E1.1037 
G92 E0.0000
; segment
G92 E0.0000
G1 F2400.000
G1 Z5.200
G1 X185.750 Y78.700
G1 X185.750 Y75.000 E0.1226 
G92 E0.0000
; segment
G92 E0.0000
G1 F2400.000
G1 Z5.200
G1 X185.750 Y75.000
G1 X185.750 Y66.250 E0.2900 
G1 X186.250 Y66.250 E0.3066 
G1 X186.250 Y75.000 E0.5966 
G92 E0.0000
; segment
G92 E0.0000
G1 F2400.000
G1 Z5.200
G1 X186.250 Y75.000
G1 X186.250 Y108.300 E1.1037 
G92 E0.0000
; segment
G92 E0.0000
G1 F2400.000
G1 Z5.200
G1 X186.250 Y108.300
G1 X186.250 Y112.000 E0.1226 
G92 E0.0000
; segment
G92 E0.0000
G1 F2400.000
G1 Z5.200
G1 X186.250 Y112.000
G1 X186.250 Y120.750 E0.2900 
G1 X186.750 Y120.750 E0.3066 
G1 X186.750 Y112.000 E0.5966 
G92 E0.0000
; segment
G92 E0.0000
G1 F2400.000
G1 Z5.200
G1 X186.750 Y112.000
G1 X186.750 Y78.700 E1.1037 
G92 E0.0000
; segment
G92 E0.0000
G1 F2400.000
G1 Z5.200
G1 X186.750 Y78.700
G1 X186.750 Y75.000 E0.1226 
G92 E0.0000
; segment
G92 E0.0000
G1 F2400.000
G1 Z5.200
G1 X186.750 Y75.000
G1 X186.750 Y66.250 E0.2900 
G1 X187.250 Y66.250 E0.3066 
G1 X187.250 Y75.000 E0.5966 
G92 E0.0000
; segment
G92 E0.0000
G1 F2400.000
G1 Z5.200
G1 X187.250 Y75.000
G1 X187.250 Y108.300 E1.1037 
G92 E0.0000
; segment
G92 E0.0000
G1 F2400.000
G1 Z5.200
G1 X187.250 Y108.300
G1 X187.250 Y112.000 E0.1226 
G92 E0.0000
; segment
G92 E0.0000
G1 F2400.000
G1 Z5.200
G1 X187.250 Y112.000
G1 X187.250 Y120.750 E0.2900 
G1 X187.750 Y120.750 E0.3066 
G1 X187.750 Y112.000 E0.5966 
G92 E0.0000
; segment
G92 E0.0000
G1 F2400.000
G1 Z5.200
G1 X187.750 Y112.000
G1 X187.750 Y78.700 E1.1037 
G92 E0.0000
; segment
G92 E0.0000
G1 F2400.000
G1 Z5.200
G1 X187.750 Y78.700
G1 X187.750 Y75.000 E0.1226 
G92 E0.0000
; segment
G92 E0.0000
G1 F2400.000
G1 Z5.200
G1 X187.750 Y75.000
G1 X187.750 Y66.250 E0.2900 
G1 X188.250 Y66.250 E0.3066 
G1 X188.250 Y75.000 E0.5966 
G92 E0.0000
; segment
G92 E0.0000
G1 F2400.000
G1 Z5.200
G1 X188.250 Y75.000
G1 X188.250 Y108.300 E1.1037 
G92 E0.0000
; segment
G92 E0.0000
G1 F2400.000
G1 Z5.200
G1 X188.250 Y108.300
G1 X188.250 Y112.000 E0.1226 
G92 E0.0000
; segment
G92 E0.0000
G1 F2400.000
G1 Z5.200
G1 X188.250 Y112.000
G1 X188.250 Y120.750 E0.2900 
G1 X188.750 Y120.750 E0.3066 
G1 X188.750 Y112.000 E0.5966 
G92 E0.0000
; segment
G92 E0.0000
G1 F2400.000
G1 Z5.200
G1 X188.750 Y112.000
G1 X188.750 Y78.700 E1.1037 
G92 E0.0000
; segment
G92 E0.0000
G1 F2400.000
G1 Z5.200
G1 X188.750 Y78.700
G1 X188.750 Y75.000 E0.1226 
G92 E0.0000
; segment
G92 E0.0000
G1 F2400.000
G1 Z5.200
G1 X188.750 Y75.000
G1 X188.750 Y66.250 E0.2900 
G92 E0.0000
; jumping
G92 E3.0000
G1 E0 F2400
G1 X183.750 Y51.250 F12000.000
G1 E3 F2400
G92 E0.0000
; segment
G92 E0.0000
G1 F2400.000
G1 Z5.200
G1 X183.750 Y51.250
G1 X183.750 Y75.000 E0.7872 
G92 E0.0000
; segment
G92 E0.0000
G1 F2400.000
G1 Z5.200
G1 X183.750 Y75.000
G1 X183.750 Y108.300 E1.1037 
G92 E0.0000
; segment
G92 E0.0000
G1 F2400.000
G1 Z5.200
G1 X183.750 Y108.300
G1 X183.750 Y112.000 E0.1226 
G92 E0.0000
; segment
G92 E0.0000
G1 F2400.000
G1 Z5.200
G1 X183.750 Y112.000
G1 X183.750 Y135.750 E0.7872 
G1 X183.250 Y135.750 E0.8038 
G1 X183.250 Y112.000 E1.5910 
G92 E0.0000
; segment
G92 E0.0000
G1 F2400.000
G1 Z5.200
G1 X183.250 Y112.000
G1 X183.250 Y78.700 E1.1037 
G92 E0.0000
; segment
G92 E0.0000
G1 F2400.000
G1 Z5.200
G1 X183.250 Y78.700
G1 X183.250 Y75.000 E0.1226 
G92 E0.0000
; segment
G92 E0.0000
G1 F2400.000
G1 Z5.200
G1 X183.250 Y75.000
G1 X183.250 Y51.250 E0.7872 
G1 X182.750 Y51.250 E0.8038 
G1 X182.750 Y75.000 E1.5910 
G92 E0.0000
; segment
G92 E0.0000
G1 F2400.000
G1 Z5.200
G1 X182.750 Y75.000
G1 X182.750 Y108.300 E1.1037 
G92 E0.0000
; segment
G92 E0.0000
G1 F2400.000
G1 Z5.200
G1 X182.750 Y108.300
G1 X182.750 Y112.000 E0.1226 
G92 E0.0000
; segment
G92 E0.0000
G1 F2400.000
G1 Z5.200
G1 X182.750 Y112.000
G1 X182.750 Y135.750 E0.7872 
G1 X182.250 Y135.750 E0.8038 
G1 X182.250 Y112.000 E1.5910 
G92 E0.0000
; segment
G92 E0.0000
G1 F2400.000
G1 Z5.200
G1 X182.250 Y112.000
G1 X182.250 Y78.700 E1.1037 
G92 E0.0000
; segment
G92 E0.0000
G1 F2400.000
G1 Z5.200
G1 X182.250 Y78.700
G1 X182.250 Y75.000 E0.1226 
G92 E0.0000
; segment
G92 E0.0000
G1 F2400.000
G1 Z5.200
G1 X182.250 Y75.000
G1 X182.250 Y51.250 E0.7872 
G1 X181.750 Y51.250 E0.8038 
G1 X181.750 Y75.000 E1.5910 
G92 E0.0000
; segment
G92 E0.0000
G1 F2400.000
G1 Z5.200
G1 X181.750 Y75.000
G1 X181.750 Y108.300 E1.1037 
G92 E0.0000
; segment
G92 E0.0000
G1 F2400.000
G1 Z5.200
G1 X181.750 Y108.300
G1 X181.750 Y112.000 E0.1226 
G92 E0.0000
; segment
G92 E0.0000
G1 F2400.000
G1 Z5.200
G1 X181.750 Y112.000
G1 X181.750 Y135.750 E0.7872 
G1 X181.250 Y135.750 E0.8038 
G1 X181.250 Y112.000 E1.5910 
G92 E0.0000
; segment
G92 E0.0000
G1 F2400.000
G1 Z5.200
G1 X181.250 Y112.000
G1 X181.250 Y78.700 E1.1037 
G92 E0.0000
; segment
G92 E0.0000
G1 F2400.000
G1 Z5.200
G1 X181.250 Y78.700
G1 X181.250 Y75.000 E0.1226 
G92 E0.0000
; segment
G92 E0.0000
G1 F2400.000
G1 Z5.200
G1 X181.250 Y75.000
G1 X181.250 Y51.250 E0.7872 
G1 X180.750 Y51.250 E0.8038 
G1 X180.750 Y75.000 E1.5910 
G92 E0.0000
; segment
G92 E0.0000
G1 F2400.000
G1 Z5.200
G1 X180.750 Y75.000
G1 X180.750 Y108.300 E1.1037 
G92 E0.0000
; segment
G92 E0.0000
G1 F2400.000
G1 Z5.200
G1 X180.750 Y108.300
G1 X180.750 Y112.000 E0.1226 
G92 E0.0000
; segment
G92 E0.0000
G1 F2400.000
G1 Z5.200
G1 X180.750 Y112.000
G1 X180.750 Y135.750 E0.7872 
G1 X180.250 Y135.750 E0.8038 
G1 X180.250 Y112.000 E1.5910 
G92 E0.0000
; segment
G92 E0.0000
G1 F2400.000
G1 Z5.200
G1 X180.250 Y112.000
G1 X180.250 Y78.700 E1.1037 
G92 E0.0000
; segment
G92 E0.0000
G1 F2400.000
G1 Z5.200
G1 X180.250 Y78.700
G1 X180.250 Y75.000 E0.1226 
G92 E0.0000
; segment
G92 E0.0000
G1 F2400.000
G1 Z5.200
G1 X180.250 Y75.000
G1 X180.250 Y51.250 E0.7872 
G1 X179.750 Y51.250 E0.8038 
G1 X179.750 Y75.000 E1.5910 
G92 E0.0000
; segment
G92 E0.0000
G1 F2400.000
G1 Z5.200
G1 X179.750 Y75.000
G1 X179.750 Y108.300 E1.1037 
G92 E0.0000
; segment
G92 E0.0000
G1 F2400.000
G1 Z5.200
G1 X179.750 Y108.300
G1 X179.750 Y112.000 E0.1226 
G92 E0.0000
; segment
G92 E0.0000
G1 F2400.000
G1 Z5.200
G1 X179.750 Y112.000
G1 X179.750 Y135.750 E0.7872 
G1 X179.250 Y135.750 E0.8038 
G1 X179.250 Y112.000 E1.5910 
G92 E0.0000
; segment
G92 E0.0000
G1 F2400.000
G1 Z5.200
G1 X179.250 Y112.000
G1 X179.250 Y78.700 E1.1037 
G92 E0.0000
; segment
G92 E0.0000
G1 F2400.000
G1 Z5.200
G1 X179.250 Y78.700
G1 X179.250 Y75.000 E0.1226 
G92 E0.0000
; segment
G92 E0.0000
G1 F2400.000
G1 Z5.200
G1 X179.250 Y75.000
G1 X179.250 Y51.250 E0.7872 
G1 X178.750 Y51.250 E0.8038 
G1 X178.750 Y75.000 E1.5910 
G92 E0.0000
; segment
G92 E0.0000
G1 F2400.000
G1 Z5.200
G1 X178.750 Y75.000
G1 X178.750 Y108.300 E1.1037 
G92 E0.0000
; segment
G92 E0.0000
G1 F2400.000
G1 Z5.200
G1 X178.750 Y108.300
G1 X178.750 Y112.000 E0.1226 
G92 E0.0000
; segment
G92 E0.0000
G1 F2400.000
G1 Z5.200
G1 X178.750 Y112.000
G1 X178.750 Y135.750 E0.7872 
G1 X178.250 Y135.750 E0.8038 
G1 X178.250 Y112.000 E1.5910 
G92 E0.0000
; segment
G92 E0.0000
G1 F2400.000
G1 Z5.200
G1 X178.250 Y112.000
G1 X178.250 Y78.700 E1.1037 
G92 E0.0000
; segment
G92 E0.0000
G1 F2400.000
G1 Z5.200
G1 X178.250 Y78.700
G1 X178.250 Y75.000 E0.1226 
G92 E0.0000
; segment
G92 E0.0000
G1 F2400.000
G1 Z5.200
G1 X178.250 Y75.000
G1 X178.250 Y51.250 E0.7872 
G1 X177.750 Y51.250 E0.8038 
G1 X177.750 Y75.000 E1.5910 
G92 E0.0000
; segment
G92 E0.0000
G1 F2400.000
G1 Z5.200
G1 X177.750 Y75.000
G1 X177.750 Y108.300 E1.1037 
G92 E0.0000
; segment
G92 E0.0000
G1 F2400.000
G1 Z5.200
G1 X177.750 Y108.300
G1 X177.750 Y112.000 E0.1226 
G92 E0.0000
; segment
G92 E0.0000
G1 F2400.000
G1 Z5.200
G1 X177.750 Y112.000
G1 X177.750 Y135.750 E0.7872 
G1 X177.250 Y135.750 E0.8038 
G1 X177.250 Y112.000 E1.5910 
G92 E0.0000
; segment
G92 E0.0000
G1 F2400.000
G1 Z5.200
G1 X177.250 Y112.000
G1 X177.250 Y78.700 E1.1037 
G92 E0.0000
; segment
G92 E0.0000
G1 F2400.000
G1 Z5.200
G1 X177.250 Y78.700
G1 X177.250 Y75.000 E0.1226 
G92 E0.0000
; segment
G92 E0.0000
G1 F2400.000
G1 Z5.200
G1 X177.250 Y75.000
G1 X177.250 Y51.250 E0.7872 
G1 X176.750 Y51.250 E0.8038 
G1 X176.750 Y75.000 E1.5910 
G92 E0.0000
; segment
G92 E0.0000
G1 F2400.000
G1 Z5.200
G1 X176.750 Y75.000
G1 X176.750 Y108.300 E1.1037 
G92 E0.0000
; segment
G92 E0.0000
G1 F2400.000
G1 Z5.200
G1 X176.750 Y108.300
G1 X176.750 Y112.000 E0.1226 
G92 E0.0000
; segment
G92 E0.0000
G1 F2400.000
G1 Z5.200
G1 X176.750 Y112.000
G1 X176.750 Y135.750 E0.7872 
G1 X176.250 Y135.750 E0.8038 
G1 X176.250 Y112.000 E1.5910 
G92 E0.0000
; segment
G92 E0.0000
G1 F2400.000
G1 Z5.200
G1 X176.250 Y112.000
G1 X176.250 Y78.700 E1.1037 
G92 E0.0000
; segment
G92 E0.0000
G1 F2400.000
G1 Z5.200
G1 X176.250 Y78.700
G1 X176.250 Y75.000 E0.1226 
G92 E0.0000
; segment
G92 E0.0000
G1 F2400.000
G1 Z5.200
G1 X176.250 Y75.000
G1 X176.250 Y66.250 E0.2900 
G1 X175.750 Y66.250 E0.3066 
G1 X175.750 Y75.000 E0.5966 
G92 E0.0000
; segment
G92 E0.0000
G1 F2400.000
G1 Z5.200
G1 X175.750 Y75.000
G1 X175.750 Y108.300 E1.1037 
G92 E0.0000
; segment
G92 E0.0000
G1 F2400.000
G1 Z5.200
G1 X175.750 Y108.300
G1 X175.750 Y112.000 E0.1226 
G92 E0.0000
; segment
G92 E0.0000
G1 F2400.000
G1 Z5.200
G1 X175.750 Y112.000
G1 X175.750 Y120.750 E0.2900 
G1 X175.250 Y120.750 E0.3066 
G1 X175.250 Y112.000 E0.5966 
G92 E0.0000
; segment
G92 E0.0000
G1 F2400.000
G1 Z5.200
G1 X175.250 Y112.000
G1 X175.250 Y78.700 E1.1037 
G92 E0.0000
; segment
G92 E0.0000
G1 F2400.000
G1 Z5.200
G1 X175.250 Y78.700
G1 X175.250 Y75.000 E0.1226 
G92 E0.0000
; segment
G92 E0.0000
G1 F2400.000
G1 Z5.200
G1 X175.250 Y75.000
G1 X175.250 Y66.250 E0.2900 
G1 X174.750 Y66.250 E0.3066 
G1 X174.750 Y75.000 E0.5966 
G92 E0.0000
; segment
G92 E0.0000
G1 F2400.000
G1 Z5.200
G1 X174.750 Y75.000
G1 X174.750 Y108.300 E1.1037 
G92 E0.0000
; segment
G92 E0.0000
G1 F2400.000
G1 Z5.200
G1 X174.750 Y108.300
G1 X174.750 Y112.000 E0.1226 
G92 E0.0000
; segment
G92 E0.0000
G1 F2400.000
G1 Z5.200
G1 X174.750 Y112.000
G1 X174.750 Y120.750 E0.2900 
G1 X174.250 Y120.750 E0.3066 
G1 X174.250 Y112.000 E0.5966 
G92 E0.0000
; segment
G92 E0.0000
G1 F2400.000
G1 Z5.200
G1 X174.250 Y112.000
G1 X174.250 Y78.700 E1.1037 
G92 E0.0000
; segment
G92 E0.0000
G1 F2400.000
G1 Z5.200
G1 X174.250 Y78.700
G1 X174.250 Y75.000 E0.1226 
G92 E0.0000
; segment
G92 E0.0000
G1 F2400.000
G1 Z5.200
G1 X174.250 Y75.000
G1 X174.250 Y66.250 E0.2900 
G1 X173.750 Y66.250 E0.3066 
G1 X173.750 Y75.000 E0.5966 
G92 E0.0000
; segment
G92 E0.0000
G1 F2400.000
G1 Z5.200
G1 X173.750 Y75.000
G1 X173.750 Y108.300 E1.1037 
G92 E0.0000
; segment
G92 E0.0000
G1 F2400.000
G1 Z5.200
G1 X173.750 Y108.300
G1 X173.750 Y112.000 E0.1226 
G92 E0.0000
; segment
G92 E0.0000
G1 F2400.000
G1 Z5.200
G1 X173.750 Y112.000
G1 X173.750 Y120.750 E0.2900 
G1 X173.250 Y120.750 E0.3066 
G1 X173.250 Y112.000 E0.5966 
G92 E0.0000
; segment
G92 E0.0000
G1 F2400.000
G1 Z5.200
G1 X173.250 Y112.000
G1 X173.250 Y78.700 E1.1037 
G92 E0.0000
; segment
G92 E0.0000
G1 F2400.000
G1 Z5.200
G1 X173.250 Y78.700
G1 X173.250 Y75.000 E0.1226 
G92 E0.0000
; segment
G92 E0.0000
G1 F2400.000
G1 Z5.200
G1 X173.250 Y75.000
G1 X173.250 Y66.250 E0.2900 
G1 X172.750 Y66.250 E0.3066 
G1 X172.750 Y75.000 E0.5966 
G92 E0.0000
; segment
G92 E0.0000
G1 F2400.000
G1 Z5.200
G1 X172.750 Y75.000
G1 X172.750 Y108.300 E1.1037 
G92 E0.0000
; segment
G92 E0.0000
G1 F2400.000
G1 Z5.200
G1 X172.750 Y108.300
G1 X172.750 Y112.000 E0.1226 
G92 E0.0000
; segment
G92 E0.0000
G1 F2400.000
G1 Z5.200
G1 X172.750 Y112.000
G1 X172.750 Y120.750 E0.2900 
G1 X172.250 Y120.750 E0.3066 
G1 X172.250 Y112.000 E0.5966 
G92 E0.0000
; segment
G92 E0.0000
G1 F2400.000
G1 Z5.200
G1 X172.250 Y112.000
G1 X172.250 Y78.700 E1.1037 
G92 E0.0000
; segment
G92 E0.0000
G1 F2400.000
G1 Z5.200
G1 X172.250 Y78.700
G1 X172.250 Y75.000 E0.1226 
G92 E0.0000
; segment
G92 E0.0000
G1 F2400.000
G1 Z5.200
G1 X172.250 Y75.000
G1 X172.250 Y66.250 E0.2900 
G1 X171.750 Y66.250 E0.3066 
G1 X171.750 Y75.000 E0.5966 
G92 E0.0000
; segment
G92 E0.0000
G1 F2400.000
G1 Z5.200
G1 X171.750 Y75.000
G1 X171.750 Y108.300 E1.1037 
G92 E0.0000
; segment
G92 E0.0000
G1 F2400.000
G1 Z5.200
G1 X171.750 Y108.300
G1 X171.750 Y112.000 E0.1226 
G92 E0.0000
; segment
G92 E0.0000
G1 F2400.000
G1 Z5.200
G1 X171.750 Y112.000
G1 X171.750 Y120.750 E0.2900 
G1 X171.250 Y120.750 E0.3066 
G1 X171.250 Y112.000 E0.5966 
G92 E0.0000
; segment
G92 E0.0000
G1 F2400.000
G1 Z5.200
G1 X171.250 Y112.000
G1 X171.250 Y78.700 E1.1037 
G92 E0.0000
; segment
G92 E0.0000
G1 F2400.000
G1 Z5.200
G1 X171.250 Y78.700
G1 X171.250 Y75.000 E0.1226 
G92 E0.0000
; segment
G92 E0.0000
G1 F2400.000
G1 Z5.200
G1 X171.250 Y75.000
G1 X171.250 Y66.250 E0.2900 
G92 E0.0000
; jumping
G92 E3.0000
G1 E0 F2400
G1 X170.250 Y65.250 F12000.000
G1 E3 F2400
G92 E0.0000
; segment
G92 E0.0000
G1 F2400.000
G1 Z5.400
G1 X170.250 Y65.250
G1 X170.250 Y75.000 E0.3232 
G92 E0.0000
; segment
G92 E0.0000
G1 F2400.000
G1 Z5.400
G1 X170.250 Y75.000
G1 X170.250 Y108.300 E1.1037 
G92 E0.0000
; segment
G92 E0.0000
G1 F2400.000
G1 Z5.400
G1 X170.250 Y108.300
G1 X170.250 Y112.000 E0.1226 
G92 E0.0000
; segment
G92 E0.0000
G1 F2400.000
G1 Z5.400
G1 X170.250 Y112.000
G1 X170.250 Y121.750 E0.3232 
G1 X175.150 Y121.750 E0.4856 
G1 X175.150 Y136.750 E0.9828 
G1 X184.850 Y136.750 E1.3043 
G1 X184.850 Y121.750 E1.8014 
G1 X189.750 Y121.750 E1.9638 
G1 X189.750 Y112.000 E2.2870 
G92 E0.0000
; segment
G92 E0.0000
G1 F2400.000
G1 Z5.400
G1 X189.750 Y112.000
G1 X189.750 Y78.700 E1.1037 
G92 E0.0000
; segment
G92 E0.0000
G1 F2400.000
G1 Z5.400
G1 X189.750 Y78.700
G1 X189.750 Y75.000 E0.1226 
G92 E0.0000
; segment
G92 E0.0000
G1 F2400.000
G1 Z5.400
G1 X189.750 Y75.000
G1 X189.750 Y65.250 E0.3232 
G1 X184.750 Y65.250 E0.4889 
G1 X184.750 Y50.250 E0.9861 
G1 X175.250 Y50.250 E1.3009 
G1 X175.250 Y65.250 E1.7981 
G1 X170.250 Y65.250 E1.9638 
G92 E0.0000
; segment
G92 E0.0000
G1 F2400.000
G1 Z5.400
G1 X170.750 Y65.750
G1 X170.750 Y75.000 E0.3066 
G92 E0.0000
; segment
G92 E0.0000
G1 F2400.000
G1 Z5.400
G1 X170.750 Y75.000
G1 X170.750 Y108.300 E1.1037 
G92 E0.0000
; segment
G92 E0.0000
G1 F2400.000
G1 Z5.400
G1 X170.750 Y108.300
G1 X170.750 Y112.000 E0.1226 
G92 E0.0000
; segment
G92 E0.0000
G1 F2400.000
G1 Z5.400
G1 X170.750 Y112.000
G1 X170.750 Y121.250 E0.3066 
G1 X175.650 Y121.250 E0.4690 
G1 X175.650 Y136.250 E0.9662 
G1 X184.350 Y136.250 E1.2545 
G1 X184.350 Y121.250 E1.7517 
G1 X189.250 Y121.250 E1.9141 
G1 X189.250 Y112.000 E2.2207 
G92 E0.0000
; segment
G92 E0.0000
G1 F2400.000
G1 Z5.400
G1 X189.250 Y112.000
G1 X189.250 Y78.700 E1.1037 
G92 E0.0000
; segment
G92 E0.0000
G1 F2400.000
G1 Z5.400
G1 X189.250 Y78.700
G1 X189.250 Y75.000 E0.1226 
G92 E0.0000
; segment
G92 E0.0000
G1 F2400.000
G1 Z5.400
G1 X189.250 Y75.000
G1 X189.250 Y65.750 E0.3066 
G1 X184.250 Y65.750 E0.4723 
G1 X184.250 Y50.750 E0.9695 
G1 X175.750 Y50.750 E1.2512 
G1 X175.750 Y65.750 E1.7484 
G1 X170.750 Y65.750 E1.9141 
G92 E0.0000
; segment
G92 E0.0000
G1 F2400.000
G1 Z5.400
G1 X171.250 Y66.250
G1 X171.250 Y75.000 E0.2900 
G92 E0.0000
; segment
G92 E0.0000
G1 F2400.000
G1 Z5.400
G1 X171.250 Y75.000
G1 X171.250 Y108.300 E1.1037 
G92 E0.0000
; segment
G92 E0.0000
G1 F2400.000
G1 Z5.400
G1 X171.250 Y108.300
G1 X171.250 Y112.000 E0.1226 
G92 E0.0000
; segment
G92 E0.0000
G1 F2400.000
G1 Z5.400
G1 X171.250 Y112.000
G1 X171.250 Y120.750 E0.2900 
G1 X171.750 Y120.750 E0.3066 
G1 X171.750 Y112.000 E0.5966 
G92 E0.0000
; segment
G92 E0.0000
G1 F2400.000
G1 Z5.400
G1 X171.750 Y112.000
G1 X171.750 Y78.700 E1.1037 
G92 E0.0000
; segment
G92 E0.0000
G1 F2400.000
G1 Z5.400
G1 X171.750 Y78.700
G1 X171.750 Y75.000 E0.1226 
G92 E0.0000
; segment
G92 E0.0000
G1 F2400.000
G1 Z5.400
G1 X171.750 Y75.000
G1 X171.750 Y66.250 E0.2900 
G1 X172.250 Y66.250 E0.3066 
G1 X172.250 Y75.000 E0.5966 
G92 E0.0000
; segment
G92 E0.0000
G1 F2400.000
G1 Z5.400
G1 X172.250 Y75.000
G1 X172.250 Y108.300 E1.1037 
G92 E0.0000
; segment
G92 E0.0000
G1 F2400.000
G1 Z5.400
G1 X172.250 Y108.300
G1 X172.250 Y112.000 E0.1226 
G92 E0.0000
; segment
G92 E0.0000
G1 F2400.000
G1 Z5.400
G1 X172.250 Y112.000
G1 X172.250 Y120.750 E0.2900 
G1 X172.750 Y120.750 E0.3066 
G1 X172.750 Y112.000 E0.5966 
G92 E0.0000
; segment
G92 E0.0000
G1 F2400.000
G1 Z5.400
G1 X172.750 Y112.000
G1 X172.750 Y78.700 E1.1037 
G92 E0.0000
; segment
G92 E0.0000
G1 F2400.000
G1 Z5.400
G1 X172.750 Y78.700
G1 X172.750 Y75.000 E0.1226 
G92 E0.0000
; segment
G92 E0.0000
G1 F2400.000
G1 Z5.400
G1 X172.750 Y75.000
G1 X172.750 Y66.250 E0.2900 
G1 X173.250 Y66.250 E0.3066 
G1 X173.250 Y75.000 E0.5966 
G92 E0.0000
; segment
G92 E0.0000
G1 F2400.000
G1 Z5.400
G1 X173.250 Y75.000
G1 X173.250 Y108.300 E1.1037 
G92 E0.0000
; segment
G92 E0.0000
G1 F2400.000
G1 Z5.400
G1 X173.250 Y108.300
G1 X173.250 Y112.000 E0.1226 
G92 E0.0000
; segment
G92 E0.0000
G1 F2400.000
G1 Z5.400
G1 X173.250 Y112.000
G1 X173.250 Y120.750 E0.2900 
G1 X173.750 Y120.750 E0.3066 
G1 X173.750 Y112.000 E0.5966 
G92 E0.0000
; segment
G92 E0.0000
G1 F2400.000
G1 Z5.400
G1 X173.750 Y112.000
G1 X173.750 Y78.700 E1.1037 
G92 E0.0000
; segment
G92 E0.0000
G1 F2400.000
G1 Z5.400
G1 X173.750 Y78.700
G1 X173.750 Y75.000 E0.1226 
G92 E0.0000
; segment
G92 E0.0000
G1 F2400.000
G1 Z5.400
G1 X173.750 Y75.000
G1 X173.750 Y66.250 E0.2900 
G1 X174.250 Y66.250 E0.3066 
G1 X174.250 Y75.000 E0.5966 
G92 E0.0000
; segment
G92 E0.0000
G1 F2400.000
G1 Z5.400
G1 X174.250 Y75.000
G1 X174.250 Y108.300 E1.1037 
G92 E0.0000
; segment
G92 E0.0000
G1 F2400.000
G1 Z5.400
G1 X174.250 Y108.300
G1 X174.250 Y112.000 E0.1226 
G92 E0.0000
; segment
G92 E0.0000
G1 F2400.000
G1 Z5.400
G1 X174.250 Y112.000
G1 X174.250 Y120.750 E0.2900 
G1 X174.750 Y120.750 E0.3066 
G1 X174.750 Y112.000 E0.5966 
G92 E0.0000
; segment
G92 E0.0000
G1 F2400.000
G1 Z5.400
G1 X174.750 Y112.000
G1 X174.750 Y78.700 E1.1037 
G92 E0.0000
; segment
G92 E0.0000
G1 F2400.000
G1 Z5.400
G1 X174.750 Y78.700
G1 X174.750 Y75.000 E0.1226 
G92 E0.0000
; segment
G92 E0.0000
G1 F2400.000
G1 Z5.400
G1 X174.750 Y75.000
G1 X174.750 Y66.250 E0.2900 
G1 X175.250 Y66.250 E0.3066 
G1 X175.250 Y75.000 E0.5966 
G92 E0.0000
; segment
G92 E0.0000
G1 F2400.000
G1 Z5.400
G1 X175.250 Y75.000
G1 X175.250 Y108.300 E1.1037 
G92 E0.0000
; segment
G92 E0.0000
G1 F2400.000
G1 Z5.400
G1 X175.250 Y108.300
G1 X175.250 Y112.000 E0.1226 
G92 E0.0000
; segment
G92 E0.0000
G1 F2400.000
G1 Z5.400
G1 X175.250 Y112.000
G1 X175.250 Y120.750 E0.2900 
G1 X175.750 Y120.750 E0.3066 
G1 X175.750 Y112.000 E0.5966 
G92 E0.0000
; segment
G92 E0.0000
G1 F2400.000
G1 Z5.400
G1 X175.750 Y112.000
G1 X175.750 Y78.700 E1.1037 
G92 E0.0000
; segment
G92 E0.0000
G1 F2400.000
G1 Z5.400
G1 X175.750 Y78.700
G1 X175.750 Y75.000 E0.1226 
G92 E0.0000
; segment
G92 E0.0000
G1 F2400.000
G1 Z5.400
G1 X175.750 Y75.000
G1 X175.750 Y66.250 E0.2900 
G1 X176.250 Y66.250 E0.3066 
G1 X176.250 Y75.000 E0.5966 
G92 E0.0000
; segment
G92 E0.0000
G1 F2400.000
G1 Z5.400
G1 X176.250 Y75.000
G1 X176.250 Y108.300 E1.1037 
G92 E0.0000
; segment
G92 E0.0000
G1 F2400.000
G1 Z5.400
G1 X176.250 Y108.300
G1 X176.250 Y112.000 E0.1226 
G92 E0.0000
; segment
G92 E0.0000
G1 F2400.000
G1 Z5.400
G1 X176.250 Y112.000
G1 X176.250 Y135.750 E0.7872 
G1 X176.750 Y135.750 E0.8038 
G1 X176.750 Y112.000 E1.5910 
G92 E0.0000
; segment
G92 E0.0000
G1 F2400.000
G1 Z5.400
G1 X176.750 Y112.000
G1 X176.750 Y78.700 E1.1037 
G92 E0.0000
; segment
G92 E0.0000
G1 F2400.000
G1 Z5.400
G1 X176.750 Y78.700
G1 X176.750 Y75.000 E0.1226 
G92 E0.0000
; segment
G92 E0.0000
G1 F2400.000
G1 Z5.400
G1 X176.750 Y75.000
G1 X176.750 Y51.250 E0.7872 
G1 X177.250 Y51.250 E0.8038 
G1 X177.250 Y75.000 E1.5910 
G92 E0.0000
; segment
G92 E0.0000
G1 F2400.000
G1 Z5.400
G1 X177.250 Y75.000
G1 X177.250 Y108.300 E1.1037 
G92 E0.0000
; segment
G92 E0.0000
G1 F2400.000
G1 Z5.400
G1 X177.250 Y108.300
G1 X177.250 Y112.000 E0.1226 
G92 E0.0000
; segment
G92 E0.0000
G1 F2400.000
G1 Z5.400
G1 X177.250 Y112.000
G1 X177.250 Y135.750 E0.7872 
G1 X177.750 Y135.750 E0.8038 
G1 X177.750 Y112.000 E1.5910 
G92 E0.0000
; segment
G92 E0.0000
G1 F2400.000
G1 Z5.400
G1 X177.750 Y112.000
G1 X177.750 Y78.700 E1.1037 
G92 E0.0000
; segment
G92 E0.0000
G1 F2400.000
G1 Z5.400
G1 X177.750 Y78.700
G1 X177.750 Y75.000 E0.1226 
G92 E0.0000
; segment
G92 E0.0000
G1 F2400.000
G1 Z5.400
G1 X177.750 Y75.000
G1 X177.750 Y51.250 E0.7872 
G1 X178.250 Y51.250 E0.8038 
G1 X178.250 Y75.000 E1.5910 
G92 E0.0000
; segment
G92 E0.0000
G1 F2400.000
G1 Z5.400
G1 X178.250 Y75.000
G1 X178.250 Y108.300 E1.1037 
G92 E0.0000
; segment
G92 E0.0000
G1 F2400.000
G1 Z5.400
G1 X178.250 Y108.300
G1 X178.250 Y112.000 E0.1226 
G92 E0.0000
; segment
G92 E0.0000
G1 F2400.000
G1 Z5.400
G1 X178.250 Y112.000
G1 X178.250 Y135.750 E0.7872 
G1 X178.750 Y135.750 E0.8038 
G1 X178.750 Y112.000 E1.5910 
G92 E0.0000
; segment
G92 E0.0000
G1 F2400.000
G1 Z5.400
G1 X178.750 Y112.000
G1 X178.750 Y78.700 E1.1037 
G92 E0.0000
; segment
G92 E0.0000
G1 F2400.000
G1 Z5.400
G1 X178.750 Y78.700
G1 X178.750 Y75.000 E0.1226 
G92 E0.0000
; segment
G92 E0.0000
G1 F2400.000
G1 Z5.400
G1 X178.750 Y75.000
G1 X178.750 Y51.250 E0.7872 
G1 X179.250 Y51.250 E0.8038 
G1 X179.250 Y75.000 E1.5910 
G92 E0.0000
; segment
G92 E0.0000
G1 F2400.000
G1 Z5.400
G1 X179.250 Y75.000
G1 X179.250 Y108.300 E1.1037 
G92 E0.0000
; segment
G92 E0.0000
G1 F2400.000
G1 Z5.400
G1 X179.250 Y108.300
G1 X179.250 Y112.000 E0.1226 
G92 E0.0000
; segment
G92 E0.0000
G1 F2400.000
G1 Z5.400
G1 X179.250 Y112.000
G1 X179.250 Y135.750 E0.7872 
G1 X179.750 Y135.750 E0.8038 
G1 X179.750 Y112.000 E1.5910 
G92 E0.0000
; segment
G92 E0.0000
G1 F2400.000
G1 Z5.400
G1 X179.750 Y112.000
G1 X179.750 Y78.700 E1.1037 
G92 E0.0000
; segment
G92 E0.0000
G1 F2400.000
G1 Z5.400
G1 X179.750 Y78.700
G1 X179.750 Y75.000 E0.1226 
G92 E0.0000
; segment
G92 E0.0000
G1 F2400.000
G1 Z5.400
G1 X179.750 Y75.000
G1 X179.750 Y51.250 E0.7872 
G1 X180.250 Y51.250 E0.8038 
G1 X180.250 Y75.000 E1.5910 
G92 E0.0000
; segment
G92 E0.0000
G1 F2400.000
G1 Z5.400
G1 X180.250 Y75.000
G1 X180.250 Y108.300 E1.1037 
G92 E0.0000
; segment
G92 E0.0000
G1 F2400.000
G1 Z5.400
G1 X180.250 Y108.300
G1 X180.250 Y112.000 E0.1226 
G92 E0.0000
; segment
G92 E0.0000
G1 F2400.000
G1 Z5.400
G1 X180.250 Y112.000
G1 X180.250 Y135.750 E0.7872 
G1 X180.750 Y135.750 E0.8038 
G1 X180.750 Y112.000 E1.5910 
G92 E0.0000
; segment
G92 E0.0000
G1 F2400.000
G1 Z5.400
G1 X180.750 Y112.000
G1 X180.750 Y78.700 E1.1037 
G92 E0.0000
; segment
G92 E0.0000
G1 F2400.000
G1 Z5.400
G1 X180.750 Y78.700
G1 X180.750 Y75.000 E0.1226 
G92 E0.0000
; segment
G92 E0.0000
G1 F2400.000
G1 Z5.400
G1 X180.750 Y75.000
G1 X180.750 Y51.250 E0.7872 
G1 X181.250 Y51.250 E0.8038 
G1 X181.250 Y75.000 E1.5910 
G92 E0.0000
; segment
G92 E0.0000
G1 F2400.000
G1 Z5.400
G1 X181.250 Y75.000
G1 X181.250 Y108.300 E1.1037 
G92 E0.0000
; segment
G92 E0.0000
G1 F2400.000
G1 Z5.400
G1 X181.250 Y108.300
G1 X181.250 Y112.000 E0.1226 
G92 E0.0000
; segment
G92 E0.0000
G1 F2400.000
G1 Z5.400
G1 X181.250 Y112.000
G1 X181.250 Y135.750 E0.7872 
G1 X181.750 Y135.750 E0.8038 
G1 X181.750 Y112.000 E1.5910 
G92 E0.0000
; segment
G92 E0.0000
G1 F2400.000
G1 Z5.400
G1 X181.750 Y112.000
G1 X181.750 Y78.700 E1.1037 
G92 E0.0000
; segment
G92 E0.0000
G1 F2400.000
G1 Z5.400
G1 X181.750 Y78.700
G1 X181.750 Y75.000 E0.1226 
G92 E0.0000
; segment
G92 E0.0000
G1 F2400.000
G1 Z5.400
G1 X181.750 Y75.000
G1 X181.750 Y51.250 E0.7872 
G1 X182.250 Y51.250 E0.8038 
G1 X182.250 Y75.000 E1.5910 
G92 E0.0000
; segment
G92 E0.0000
G1 F2400.000
G1 Z5.400
G1 X182.250 Y75.000
G1 X182.250 Y108.300 E1.1037 
G92 E0.0000
; segment
G92 E0.0000
G1 F2400.000
G1 Z5.400
G1 X182.250 Y108.300
G1 X182.250 Y112.000 E0.1226 
G92 E0.0000
; segment
G92 E0.0000
G1 F2400.000
G1 Z5.400
G1 X182.250 Y112.000
G1 X182.250 Y135.750 E0.7872 
G1 X182.750 Y135.750 E0.8038 
G1 X182.750 Y112.000 E1.5910 
G92 E0.0000
; segment
G92 E0.0000
G1 F2400.000
G1 Z5.400
G1 X182.750 Y112.000
G1 X182.750 Y78.700 E1.1037 
G92 E0.0000
; segment
G92 E0.0000
G1 F2400.000
G1 Z5.400
G1 X182.750 Y78.700
G1 X182.750 Y75.000 E0.1226 
G92 E0.0000
; segment
G92 E0.0000
G1 F2400.000
G1 Z5.400
G1 X182.750 Y75.000
G1 X182.750 Y51.250 E0.7872 
G1 X183.250 Y51.250 E0.8038 
G1 X183.250 Y75.000 E1.5910 
G92 E0.0000
; segment
G92 E0.0000
G1 F2400.000
G1 Z5.400
G1 X183.250 Y75.000
G1 X183.250 Y108.300 E1.1037 
G92 E0.0000
; segment
G92 E0.0000
G1 F2400.000
G1 Z5.400
G1 X183.250 Y108.300
G1 X183.250 Y112.000 E0.1226 
G92 E0.0000
; segment
G92 E0.0000
G1 F2400.000
G1 Z5.400
G1 X183.250 Y112.000
G1 X183.250 Y135.750 E0.7872 
G1 X183.750 Y135.750 E0.8038 
G1 X183.750 Y112.000 E1.5910 
G92 E0.0000
; segment
G92 E0.0000
G1 F2400.000
G1 Z5.400
G1 X183.750 Y112.000
G1 X183.750 Y78.700 E1.1037 
G92 E0.0000
; segment
G92 E0.0000
G1 F2400.000
G1 Z5.400
G1 X183.750 Y78.700
G1 X183.750 Y75.000 E0.1226 
G92 E0.0000
; segment
G92 E0.0000
G1 F2400.000
G1 Z5.400
G1 X183.750 Y75.000
G1 X183.750 Y51.250 E0.7872 
G92 E0.0000
; jumping
G92 E3.0000
G1 E0 F2400
G1 X188.750 Y66.250 F12000.000
G1 E3 F2400
G92 E0.0000
; segment
G92 E0.0000
G1 F2400.000
G1 Z5.400
G1 X188.750 Y66.250
G1 X188.750 Y75.000 E0.2900 
G92 E0.0000
; segment
G92 E0.0000
G1 F2400.000
G1 Z5.400
G1 X188.750 Y75.000
G1 X188.750 Y108.300 E1.1037 
G92 E0.0000
; segment
G92 E0.0000
G1 F2400.000
G1 Z5.400
G1 X188.750 Y108.300
G1 X188.750 Y112.000 E0.1226 
G92 E0.0000
; segment
G92 E0.0000
G1 F2400.000
G1 Z5.400
G1 X188.750 Y112.000
G1 X188.750 Y120.750 E0.2900 
G1 X188.250 Y120.750 E0.3066 
G1 X188.250 Y112.000 E0.5966 
G92 E0.0000
; segment
G92 E0.0000
G1 F2400.000
G1 Z5.400
G1 X188.250 Y112.000
G1 X188.250 Y78.700 E1.1037 
G92 E0.0000
; segment
G92 E0.0000
G1 F2400.000
G1 Z5.400
G1 X188.250 Y78.700
G1 X188.250 Y75.000 E0.1226 
G92 E0.0000
; segment
G92 E0.0000
G1 F2400.000
G1 Z5.400
G1 X188.250 Y75.000
G1 X188.250 Y66.250 E0.2900 
G1 X187.750 Y66.250 E0.3066 
G1 X187.750 Y75.000 E0.5966 
G92 E0.0000
; segment
G92 E0.0000
G1 F2400.000
G1 Z5.400
G1 X187.750 Y75.000
G1 X187.750 Y108.300 E1.1037 
G92 E0.0000
; segment
G92 E0.0000
G1 F2400.000
G1 Z5.400
G1 X187.750 Y108.300
G1 X187.750 Y112.000 E0.1226 
G92 E0.0000
; segment
G92 E0.0000
G1 F2400.000
G1 Z5.400
G1 X187.750 Y112.000
G1 X187.750 Y120.750 E0.2900 
G1 X187.250 Y120.750 E0.3066 
G1 X187.250 Y112.000 E0.5966 
G92 E0.0000
; segment
G92 E0.0000
G1 F2400.000
G1 Z5.400
G1 X187.250 Y112.000
G1 X187.250 Y78.700 E1.1037 
G92 E0.0000
; segment
G92 E0.0000
G1 F2400.000
G1 Z5.400
G1 X187.250 Y78.700
G1 X187.250 Y75.000 E0.1226 
G92 E0.0000
; segment
G92 E0.0000
G1 F2400.000
G1 Z5.400
G1 X187.250 Y75.000
G1 X187.250 Y66.250 E0.2900 
G1 X186.750 Y66.250 E0.3066 
G1 X186.750 Y75.000 E0.5966 
G92 E0.0000
; segment
G92 E0.0000
G1 F2400.000
G1 Z5.400
G1 X186.750 Y75.000
G1 X186.750 Y108.300 E1.1037 
G92 E0.0000
; segment
G92 E0.0000
G1 F2400.000
G1 Z5.400
G1 X186.750 Y108.300
G1 X186.750 Y112.000 E0.1226 
G92 E0.0000
; segment
G92 E0.0000
G1 F2400.000
G1 Z5.400
G1 X186.750 Y112.000
G1 X186.750 Y120.750 E0.2900 
G1 X186.250 Y120.750 E0.3066 
G1 X186.250 Y112.000 E0.5966 
G92 E0.0000
; segment
G92 E0.0000
G1 F2400.000
G1 Z5.400
G1 X186.250 Y112.000
G1 X186.250 Y78.700 E1.1037 
G92 E0.0000
; segment
G92 E0.0000
G1 F2400.000
G1 Z5.400
G1 X186.250 Y78.700
G1 X186.250 Y75.000 E0.1226 
G92 E0.0000
; segment
G92 E0.0000
G1 F2400.000
G1 Z5.400
G1 X186.250 Y75.000
G1 X186.250 Y66.250 E0.2900 
G1 X185.750 Y66.250 E0.3066 
G1 X185.750 Y75.000 E0.5966 
G92 E0.0000
; segment
G92 E0.0000
G1 F2400.000
G1 Z5.400
G1 X185.750 Y75.000
G1 X185.750 Y108.300 E1.1037 
G92 E0.0000
; segment
G92 E0.0000
G1 F2400.000
G1 Z5.400
G1 X185.750 Y108.300
G1 X185.750 Y112.000 E0.1226 
G92 E0.0000
; segment
G92 E0.0000
G1 F2400.000
G1 Z5.400
G1 X185.750 Y112.000
G1 X185.750 Y120.750 E0.2900 
G1 X185.250 Y120.750 E0.3066 
G1 X185.250 Y112.000 E0.5966 
G92 E0.0000
; segment
G92 E0.0000
G1 F2400.000
G1 Z5.400
G1 X185.250 Y112.000
G1 X185.250 Y78.700 E1.1037 
G92 E0.0000
; segment
G92 E0.0000
G1 F2400.000
G1 Z5.400
G1 X185.250 Y78.700
G1 X185.250 Y75.000 E0.1226 
G92 E0.0000
; segment
G92 E0.0000
G1 F2400.000
G1 Z5.400
G1 X185.250 Y75.000
G1 X185.250 Y66.250 E0.2900 
G1 X184.750 Y66.250 E0.3066 
G1 X184.750 Y75.000 E0.5966 
G92 E0.0000
; segment
G92 E0.0000
G1 F2400.000
G1 Z5.400
G1 X184.750 Y75.000
G1 X184.750 Y108.300 E1.1037 
G92 E0.0000
; segment
G92 E0.0000
G1 F2400.000
G1 Z5.400
G1 X184.750 Y108.300
G1 X184.750 Y112.000 E0.1226 
G92 E0.0000
; segment
G92 E0.0000
G1 F2400.000
G1 Z5.400
G1 X184.750 Y112.000
G1 X184.750 Y120.750 E0.2900 
G1 X184.250 Y120.750 E0.3066 
G1 X184.250 Y112.000 E0.5966 
G92 E0.0000
; segment
G92 E0.0000
G1 F2400.000
G1 Z5.400
G1 X184.250 Y112.000
G1 X184.250 Y78.700 E1.1037 
G92 E0.0000
; segment
G92 E0.0000
G1 F2400.000
G1 Z5.400
G1 X184.250 Y78.700
G1 X184.250 Y75.000 E0.1226 
G92 E0.0000
; segment
G92 E0.0000
G1 F2400.000
G1 Z5.400
G1 X184.250 Y75.000
G1 X184.250 Y66.250 E0.2900 
G1 X183.750 Y66.250 E0.3066 
G92 E0.0000
; jumping
G92 E3.0000
G1 E0 F2400
G1 X184.750 Y65.250 F12000.000
G1 E3 F2400
G92 E0.0000
; segment
G92 E0.0000
G1 F2400.000
G1 Z5.600
G1 X184.750 Y65.250
G1 X184.750 Y50.250 E0.4972 
G1 X175.250 Y50.250 E0.8121 
G1 X175.250 Y65.250 E1.3092 
G1 X170.250 Y65.250 E1.4750 
G1 X170.250 Y75.000 E1.7981 
G92 E0.0000
; segment
G92 E0.0000
G1 F2400.000
G1 Z5.600
G1 X170.250 Y75.000
G1 X170.250 Y108.300 E1.1037 
G92 E0.0000
; segment
G92 E0.0000
G1 F2400.000
G1 Z5.600
G1 X170.250 Y108.300
G1 X170.250 Y112.000 E0.1226 
G92 E0.0000
; segment
G92 E0.0000
G1 F2400.000
G1 Z5.600
G1 X170.250 Y112.000
G1 X170.250 Y121.750 E0.3232 
G1 X175.150 Y121.750 E0.4856 
G1 X175.150 Y136.750 E0.9828 
G1 X184.850 Y136.750 E1.3043 
G1 X184.850 Y121.750 E1.8014 
G1 X189.750 Y121.750 E1.9638 
G1 X189.750 Y112.000 E2.2870 
G92 E0.0000
; segment
G92 E0.0000
G1 F2400.000
G1 Z5.600
G1 X189.750 Y112.000
G1 X189.750 Y78.700 E1.1037 
G92 E0.0000
; segment
G92 E0.0000
G1 F2400.000
G1 Z5.600
G1 X189.750 Y78.700
G1 X189.750 Y75.000 E0.1226 
G92 E0.0000
; segment
G92 E0.0000
G1 F2400.000
G1 Z5.600
G1 X189.750 Y75.000
G1 X189.750 Y65.250 E0.3232 
G1 X184.750 Y65.250 E0.4889 
G92 E0.0000
; segment
G92 E0.0000
G1 F2400.000
G1 Z5.600
G1 X184.250 Y65.750
G1 X184.250 Y50.750 E0.4972 
G1 X175.750 Y50.750 E0.7789 
G1 X175.750 Y65.750 E1.2761 
G1 X170.750 Y65.750 E1.4418 
G1 X170.750 Y75.000 E1.7484 
G92 E0.0000
; segment
G92 E0.0000
G1 F2400.000
G1 Z5.600
G1 X170.750 Y75.000
G1 X170.750 Y108.300 E1.1037 
G92 E0.0000
; segment
G92 E0.0000
G1 F2400.000
G1 Z5.600
G1 X170.750 Y108.300
G1 X170.750 Y112.000 E0.1226 
G92 E0.0000
; segment
G92 E0.0000
G1 F2400.000
G1 Z5.600
G1 X170.750 Y112.000
G1 X170.750 Y121.250 E0.3066 
G1 X175.650 Y121.250 E0.4690 
G1 X175.650 Y136.250 E0.9662 
G1 X184.350 Y136.250 E1.2545 
G1 X184.350 Y121.250 E1.7517 
G1 X189.250 Y121.250 E1.9141 
G1 X189.250 Y112.000 E2.2207 
G92 E0.0000
; segment
G92 E0.0000
G1 F2400.000
G1 Z5.600
G1 X189.250 Y112.000
G1 X189.250 Y78.700 E1.1037 
G92 E0.0000
; segment
G92 E0.0000
G1 F2400.000
G1 Z5.600
G1 X189.250 Y78.700
G1 X189.250 Y75.000 E0.1226 
G92 E0.0000
; segment
G92 E0.0000
G1 F2400.000
G1 Z5.600
G1 X189.250 Y75.000
G1 X189.250 Y65.750 E0.3066 
G1 X184.250 Y65.750 E0.4723 
G92 E0.0000
; segment
G92 E0.0000
G1 F2400.000
G1 Z5.600
G1 X183.750 Y66.250
G1 X184.250 Y66.250 E0.0166 
G1 X184.250 Y75.000 E0.3066 
G92 E0.0000
; segment
G92 E0.0000
G1 F2400.000
G1 Z5.600
G1 X184.250 Y75.000
G1 X184.250 Y108.300 E1.1037 
G92 E0.0000
; segment
G92 E0.0000
G1 F2400.000
G1 Z5.600
G1 X184.250 Y108.300
G1 X184.250 Y112.000 E0.1226 
G92 E0.0000
; segment
G92 E0.0000
G1 F2400.000
G1 Z5.600
G1 X184.250 Y112.000
G1 X184.250 Y120.750 E0.2900 
G1 X184.750 Y120.750 E0.3066 
G1 X184.750 Y112.000 E0.5966 
G92 E0.0000
; segment
G92 E0.0000
G1 F2400.000
G1 Z5.600
G1 X184.750 Y112.000
G1 X184.750 Y78.700 E1.1037 
G92 E0.0000
; segment
G92 E0.0000
G1 F2400.000
G1 Z5.600
G1 X184.750 Y78.700
G1 X184.750 Y75.000 E0.1226 
G92 E0.0000
; segment
G92 E0.0000
G1 F2400.000
G1 Z5.600
G1 X184.750 Y75.000
G1 X184.750 Y66.250 E0.2900 
G1 X185.250 Y66.250 E0.3066 
G1 X185.250 Y75.000 E0.5966 
G92 E0.0000
; segment
G92 E0.0000
G1 F2400.000
G1 Z5.600
G1 X185.250 Y75.000
G1 X185.250 Y108.300 E1.1037 
G92 E0.0000
; segment
G92 E0.0000
G1 F2400.000
G1 Z5.600
G1 X185.250 Y108.300
G1 X185.250 Y112.000 E0.1226 
G92 E0.0000
; segment
G92 E0.0000
G1 F2400.000
G1 Z5.600
G1 X185.250 Y112.000
G1 X185.250 Y120.750 E0.2900 
G1 X185.750 Y120.750 E0.3066 
G1 X185.750 Y112.000 E0.5966 
G92 E0.0000
; segment
G92 E0.0000
G1 F2400.000
G1 Z5.600
G1 X185.750 Y112.000
G1 X185.750 Y78.700 E1.1037 
G92 E0.0000
; segment
G92 E0.0000
G1 F2400.000
G1 Z5.600
G1 X185.750 Y78.700
G1 X185.750 Y75.000 E0.1226 
G92 E0.0000
; segment
G92 E0.0000
G1 F2400.000
G1 Z5.600
G1 X185.750 Y75.000
G1 X185.750 Y66.250 E0.2900 
G1 X186.250 Y66.250 E0.3066 
G1 X186.250 Y75.000 E0.5966 
G92 E0.0000
; segment
G92 E0.0000
G1 F2400.000
G1 Z5.600
G1 X186.250 Y75.000
G1 X186.250 Y108.300 E1.1037 
G92 E0.0000
; segment
G92 E0.0000
G1 F2400.000
G1 Z5.600
G1 X186.250 Y108.300
G1 X186.250 Y112.000 E0.1226 
G92 E0.0000
; segment
G92 E0.0000
G1 F2400.000
G1 Z5.600
G1 X186.250 Y112.000
G1 X186.250 Y120.750 E0.2900 
G1 X186.750 Y120.750 E0.3066 
G1 X186.750 Y112.000 E0.5966 
G92 E0.0000
; segment
G92 E0.0000
G1 F2400.000
G1 Z5.600
G1 X186.750 Y112.000
G1 X186.750 Y78.700 E1.1037 
G92 E0.0000
; segment
G92 E0.0000
G1 F2400.000
G1 Z5.600
G1 X186.750 Y78.700
G1 X186.750 Y75.000 E0.1226 
G92 E0.0000
; segment
G92 E0.0000
G1 F2400.000
G1 Z5.600
G1 X186.750 Y75.000
G1 X186.750 Y66.250 E0.2900 
G1 X187.250 Y66.250 E0.3066 
G1 X187.250 Y75.000 E0.5966 
G92 E0.0000
; segment
G92 E0.0000
G1 F2400.000
G1 Z5.600
G1 X187.250 Y75.000
G1 X187.250 Y108.300 E1.1037 
G92 E0.0000
; segment
G92 E0.0000
G1 F2400.000
G1 Z5.600
G1 X187.250 Y108.300
G1 X187.250 Y112.000 E0.1226 
G92 E0.0000
; segment
G92 E0.0000
G1 F2400.000
G1 Z5.600
G1 X187.250 Y112.000
G1 X187.250 Y120.750 E0.2900 
G1 X187.750 Y120.750 E0.3066 
G1 X187.750 Y112.000 E0.5966 
G92 E0.0000
; segment
G92 E0.0000
G1 F2400.000
G1 Z5.600
G1 X187.750 Y112.000
G1 X187.750 Y78.700 E1.1037 
G92 E0.0000
; segment
G92 E0.0000
G1 F2400.000
G1 Z5.600
G1 X187.750 Y78.700
G1 X187.750 Y75.000 E0.1226 
G92 E0.0000
; segment
G92 E0.0000
G1 F2400.000
G1 Z5.600
G1 X187.750 Y75.000
G1 X187.750 Y66.250 E0.2900 
G1 X188.250 Y66.250 E0.3066 
G1 X188.250 Y75.000 E0.5966 
G92 E0.0000
; segment
G92 E0.0000
G1 F2400.000
G1 Z5.600
G1 X188.250 Y75.000
G1 X188.250 Y108.300 E1.1037 
G92 E0.0000
; segment
G92 E0.0000
G1 F2400.000
G1 Z5.600
G1 X188.250 Y108.300
G1 X188.250 Y112.000 E0.1226 
G92 E0.0000
; segment
G92 E0.0000
G1 F2400.000
G1 Z5.600
G1 X188.250 Y112.000
G1 X188.250 Y120.750 E0.2900 
G1 X188.750 Y120.750 E0.3066 
G1 X188.750 Y112.000 E0.5966 
G92 E0.0000
; segment
G92 E0.0000
G1 F2400.000
G1 Z5.600
G1 X188.750 Y112.000
G1 X188.750 Y78.700 E1.1037 
G92 E0.0000
; segment
G92 E0.0000
G1 F2400.000
G1 Z5.600
G1 X188.750 Y78.700
G1 X188.750 Y75.000 E0.1226 
G92 E0.0000
; segment
G92 E0.0000
G1 F2400.000
G1 Z5.600
G1 X188.750 Y75.000
G1 X188.750 Y66.250 E0.2900 
G92 E0.0000
; jumping
G92 E3.0000
G1 E0 F2400
G1 X183.750 Y51.250 F12000.000
G1 E3 F2400
G92 E0.0000
; segment
G92 E0.0000
G1 F2400.000
G1 Z5.600
G1 X183.750 Y51.250
G1 X183.750 Y75.000 E0.7872 
G92 E0.0000
; segment
G92 E0.0000
G1 F2400.000
G1 Z5.600
G1 X183.750 Y75.000
G1 X183.750 Y108.300 E1.1037 
G92 E0.0000
; segment
G92 E0.0000
G1 F2400.000
G1 Z5.600
G1 X183.750 Y108.300
G1 X183.750 Y112.000 E0.1226 
G92 E0.0000
; segment
G92 E0.0000
G1 F2400.000
G1 Z5.600
G1 X183.750 Y112.000
G1 X183.750 Y135.750 E0.7872 
G1 X183.250 Y135.750 E0.8038 
G1 X183.250 Y112.000 E1.5910 
G92 E0.0000
; segment
G92 E0.0000
G1 F2400.000
G1 Z5.600
G1 X183.250 Y112.000
G1 X183.250 Y78.700 E1.1037 
G92 E0.0000
; segment
G92 E0.0000
G1 F2400.000
G1 Z5.600
G1 X183.250 Y78.700
G1 X183.250 Y75.000 E0.1226 
G92 E0.0000
; segment
G92 E0.0000
G1 F2400.000
G1 Z5.600
G1 X183.250 Y75.000
G1 X183.250 Y51.250 E0.7872 
G1 X182.750 Y51.250 E0.8038 
G1 X182.750 Y75.000 E1.5910 
G92 E0.0000
; segment
G92 E0.0000
G1 F2400.000
G1 Z5.600
G1 X182.750 Y75.000
G1 X182.750 Y108.300 E1.1037 
G92 E0.0000
; segment
G92 E0.0000
G1 F2400.000
G1 Z5.600
G1 X182.750 Y108.300
G1 X182.750 Y112.000 E0.1226 
G92 E0.0000
; segment
G92 E0.0000
G1 F2400.000
G1 Z5.600
G1 X182.750 Y112.000
G1 X182.750 Y135.750 E0.7872 
G1 X182.250 Y135.750 E0.8038 
G1 X182.250 Y112.000 E1.5910 
G92 E0.0000
; segment
G92 E0.0000
G1 F2400.000
G1 Z5.600
G1 X182.250 Y112.000
G1 X182.250 Y78.700 E1.1037 
G92 E0.0000
; segment
G92 E0.0000
G1 F2400.000
G1 Z5.600
G1 X182.250 Y78.700
G1 X182.250 Y75.000 E0.1226 
G92 E0.0000
; segment
G92 E0.0000
G1 F2400.000
G1 Z5.600
G1 X182.250 Y75.000
G1 X182.250 Y51.250 E0.7872 
G1 X181.750 Y51.250 E0.8038 
G1 X181.750 Y75.000 E1.5910 
G92 E0.0000
; segment
G92 E0.0000
G1 F2400.000
G1 Z5.600
G1 X181.750 Y75.000
G1 X181.750 Y108.300 E1.1037 
G92 E0.0000
; segment
G92 E0.0000
G1 F2400.000
G1 Z5.600
G1 X181.750 Y108.300
G1 X181.750 Y112.000 E0.1226 
G92 E0.0000
; segment
G92 E0.0000
G1 F2400.000
G1 Z5.600
G1 X181.750 Y112.000
G1 X181.750 Y135.750 E0.7872 
G1 X181.250 Y135.750 E0.8038 
G1 X181.250 Y112.000 E1.5910 
G92 E0.0000
; segment
G92 E0.0000
G1 F2400.000
G1 Z5.600
G1 X181.250 Y112.000
G1 X181.250 Y78.700 E1.1037 
G92 E0.0000
; segment
G92 E0.0000
G1 F2400.000
G1 Z5.600
G1 X181.250 Y78.700
G1 X181.250 Y75.000 E0.1226 
G92 E0.0000
; segment
G92 E0.0000
G1 F2400.000
G1 Z5.600
G1 X181.250 Y75.000
G1 X181.250 Y51.250 E0.7872 
G1 X180.750 Y51.250 E0.8038 
G1 X180.750 Y75.000 E1.5910 
G92 E0.0000
; segment
G92 E0.0000
G1 F2400.000
G1 Z5.600
G1 X180.750 Y75.000
G1 X180.750 Y108.300 E1.1037 
G92 E0.0000
; segment
G92 E0.0000
G1 F2400.000
G1 Z5.600
G1 X180.750 Y108.300
G1 X180.750 Y112.000 E0.1226 
G92 E0.0000
; segment
G92 E0.0000
G1 F2400.000
G1 Z5.600
G1 X180.750 Y112.000
G1 X180.750 Y135.750 E0.7872 
G1 X180.250 Y135.750 E0.8038 
G1 X180.250 Y112.000 E1.5910 
G92 E0.0000
; segment
G92 E0.0000
G1 F2400.000
G1 Z5.600
G1 X180.250 Y112.000
G1 X180.250 Y78.700 E1.1037 
G92 E0.0000
; segment
G92 E0.0000
G1 F2400.000
G1 Z5.600
G1 X180.250 Y78.700
G1 X180.250 Y75.000 E0.1226 
G92 E0.0000
; segment
G92 E0.0000
G1 F2400.000
G1 Z5.600
G1 X180.250 Y75.000
G1 X180.250 Y51.250 E0.7872 
G1 X179.750 Y51.250 E0.8038 
G1 X179.750 Y75.000 E1.5910 
G92 E0.0000
; segment
G92 E0.0000
G1 F2400.000
G1 Z5.600
G1 X179.750 Y75.000
G1 X179.750 Y108.300 E1.1037 
G92 E0.0000
; segment
G92 E0.0000
G1 F2400.000
G1 Z5.600
G1 X179.750 Y108.300
G1 X179.750 Y112.000 E0.1226 
G92 E0.0000
; segment
G92 E0.0000
G1 F2400.000
G1 Z5.600
G1 X179.750 Y112.000
G1 X179.750 Y135.750 E0.7872 
G1 X179.250 Y135.750 E0.8038 
G1 X179.250 Y112.000 E1.5910 
G92 E0.0000
; segment
G92 E0.0000
G1 F2400.000
G1 Z5.600
G1 X179.250 Y112.000
G1 X179.250 Y78.700 E1.1037 
G92 E0.0000
; segment
G92 E0.0000
G1 F2400.000
G1 Z5.600
G1 X179.250 Y78.700
G1 X179.250 Y75.000 E0.1226 
G92 E0.0000
; segment
G92 E0.0000
G1 F2400.000
G1 Z5.600
G1 X179.250 Y75.000
G1 X179.250 Y51.250 E0.7872 
G1 X178.750 Y51.250 E0.8038 
G1 X178.750 Y75.000 E1.5910 
G92 E0.0000
; segment
G92 E0.0000
G1 F2400.000
G1 Z5.600
G1 X178.750 Y75.000
G1 X178.750 Y108.300 E1.1037 
G92 E0.0000
; segment
G92 E0.0000
G1 F2400.000
G1 Z5.600
G1 X178.750 Y108.300
G1 X178.750 Y112.000 E0.1226 
G92 E0.0000
; segment
G92 E0.0000
G1 F2400.000
G1 Z5.600
G1 X178.750 Y112.000
G1 X178.750 Y135.750 E0.7872 
G1 X178.250 Y135.750 E0.8038 
G1 X178.250 Y112.000 E1.5910 
G92 E0.0000
; segment
G92 E0.0000
G1 F2400.000
G1 Z5.600
G1 X178.250 Y112.000
G1 X178.250 Y78.700 E1.1037 
G92 E0.0000
; segment
G92 E0.0000
G1 F2400.000
G1 Z5.600
G1 X178.250 Y78.700
G1 X178.250 Y75.000 E0.1226 
G92 E0.0000
; segment
G92 E0.0000
G1 F2400.000
G1 Z5.600
G1 X178.250 Y75.000
G1 X178.250 Y51.250 E0.7872 
G1 X177.750 Y51.250 E0.8038 
G1 X177.750 Y75.000 E1.5910 
G92 E0.0000
; segment
G92 E0.0000
G1 F2400.000
G1 Z5.600
G1 X177.750 Y75.000
G1 X177.750 Y108.300 E1.1037 
G92 E0.0000
; segment
G92 E0.0000
G1 F2400.000
G1 Z5.600
G1 X177.750 Y108.300
G1 X177.750 Y112.000 E0.1226 
G92 E0.0000
; segment
G92 E0.0000
G1 F2400.000
G1 Z5.600
G1 X177.750 Y112.000
G1 X177.750 Y135.750 E0.7872 
G1 X177.250 Y135.750 E0.8038 
G1 X177.250 Y112.000 E1.5910 
G92 E0.0000
; segment
G92 E0.0000
G1 F2400.000
G1 Z5.600
G1 X177.250 Y112.000
G1 X177.250 Y78.700 E1.1037 
G92 E0.0000
; segment
G92 E0.0000
G1 F2400.000
G1 Z5.600
G1 X177.250 Y78.700
G1 X177.250 Y75.000 E0.1226 
G92 E0.0000
; segment
G92 E0.0000
G1 F2400.000
G1 Z5.600
G1 X177.250 Y75.000
G1 X177.250 Y51.250 E0.7872 
G1 X176.750 Y51.250 E0.8038 
G1 X176.750 Y75.000 E1.5910 
G92 E0.0000
; segment
G92 E0.0000
G1 F2400.000
G1 Z5.600
G1 X176.750 Y75.000
G1 X176.750 Y108.300 E1.1037 
G92 E0.0000
; segment
G92 E0.0000
G1 F2400.000
G1 Z5.600
G1 X176.750 Y108.300
G1 X176.750 Y112.000 E0.1226 
G92 E0.0000
; segment
G92 E0.0000
G1 F2400.000
G1 Z5.600
G1 X176.750 Y112.000
G1 X176.750 Y135.750 E0.7872 
G1 X176.250 Y135.750 E0.8038 
G1 X176.250 Y112.000 E1.5910 
G92 E0.0000
; segment
G92 E0.0000
G1 F2400.000
G1 Z5.600
G1 X176.250 Y112.000
G1 X176.250 Y78.700 E1.1037 
G92 E0.0000
; segment
G92 E0.0000
G1 F2400.000
G1 Z5.600
G1 X176.250 Y78.700
G1 X176.250 Y75.000 E0.1226 
G92 E0.0000
; segment
G92 E0.0000
G1 F2400.000
G1 Z5.600
G1 X176.250 Y75.000
G1 X176.250 Y66.250 E0.2900 
G1 X175.750 Y66.250 E0.3066 
G1 X175.750 Y75.000 E0.5966 
G92 E0.0000
; segment
G92 E0.0000
G1 F2400.000
G1 Z5.600
G1 X175.750 Y75.000
G1 X175.750 Y108.300 E1.1037 
G92 E0.0000
; segment
G92 E0.0000
G1 F2400.000
G1 Z5.600
G1 X175.750 Y108.300
G1 X175.750 Y112.000 E0.1226 
G92 E0.0000
; segment
G92 E0.0000
G1 F2400.000
G1 Z5.600
G1 X175.750 Y112.000
G1 X175.750 Y120.750 E0.2900 
G1 X175.250 Y120.750 E0.3066 
G1 X175.250 Y112.000 E0.5966 
G92 E0.0000
; segment
G92 E0.0000
G1 F2400.000
G1 Z5.600
G1 X175.250 Y112.000
G1 X175.250 Y78.700 E1.1037 
G92 E0.0000
; segment
G92 E0.0000
G1 F2400.000
G1 Z5.600
G1 X175.250 Y78.700
G1 X175.250 Y75.000 E0.1226 
G92 E0.0000
; segment
G92 E0.0000
G1 F2400.000
G1 Z5.600
G1 X175.250 Y75.000
G1 X175.250 Y66.250 E0.2900 
G1 X174.750 Y66.250 E0.3066 
G1 X174.750 Y75.000 E0.5966 
G92 E0.0000
; segment
G92 E0.0000
G1 F2400.000
G1 Z5.600
G1 X174.750 Y75.000
G1 X174.750 Y108.300 E1.1037 
G92 E0.0000
; segment
G92 E0.0000
G1 F2400.000
G1 Z5.600
G1 X174.750 Y108.300
G1 X174.750 Y112.000 E0.1226 
G92 E0.0000
; segment
G92 E0.0000
G1 F2400.000
G1 Z5.600
G1 X174.750 Y112.000
G1 X174.750 Y120.750 E0.2900 
G1 X174.250 Y120.750 E0.3066 
G1 X174.250 Y112.000 E0.5966 
G92 E0.0000
; segment
G92 E0.0000
G1 F2400.000
G1 Z5.600
G1 X174.250 Y112.000
G1 X174.250 Y78.700 E1.1037 
G92 E0.0000
; segment
G92 E0.0000
G1 F2400.000
G1 Z5.600
G1 X174.250 Y78.700
G1 X174.250 Y75.000 E0.1226 
G92 E0.0000
; segment
G92 E0.0000
G1 F2400.000
G1 Z5.600
G1 X174.250 Y75.000
G1 X174.250 Y66.250 E0.2900 
G1 X173.750 Y66.250 E0.3066 
G1 X173.750 Y75.000 E0.5966 
G92 E0.0000
; segment
G92 E0.0000
G1 F2400.000
G1 Z5.600
G1 X173.750 Y75.000
G1 X173.750 Y108.300 E1.1037 
G92 E0.0000
; segment
G92 E0.0000
G1 F2400.000
G1 Z5.600
G1 X173.750 Y108.300
G1 X173.750 Y112.000 E0.1226 
G92 E0.0000
; segment
G92 E0.0000
G1 F2400.000
G1 Z5.600
G1 X173.750 Y112.000
G1 X173.750 Y120.750 E0.2900 
G1 X173.250 Y120.750 E0.3066 
G1 X173.250 Y112.000 E0.5966 
G92 E0.0000
; segment
G92 E0.0000
G1 F2400.000
G1 Z5.600
G1 X173.250 Y112.000
G1 X173.250 Y78.700 E1.1037 
G92 E0.0000
; segment
G92 E0.0000
G1 F2400.000
G1 Z5.600
G1 X173.250 Y78.700
G1 X173.250 Y75.000 E0.1226 
G92 E0.0000
; segment
G92 E0.0000
G1 F2400.000
G1 Z5.600
G1 X173.250 Y75.000
G1 X173.250 Y66.250 E0.2900 
G1 X172.750 Y66.250 E0.3066 
G1 X172.750 Y75.000 E0.5966 
G92 E0.0000
; segment
G92 E0.0000
G1 F2400.000
G1 Z5.600
G1 X172.750 Y75.000
G1 X172.750 Y108.300 E1.1037 
G92 E0.0000
; segment
G92 E0.0000
G1 F2400.000
G1 Z5.600
G1 X172.750 Y108.300
G1 X172.750 Y112.000 E0.1226 
G92 E0.0000
; segment
G92 E0.0000
G1 F2400.000
G1 Z5.600
G1 X172.750 Y112.000
G1 X172.750 Y120.750 E0.2900 
G1 X172.250 Y120.750 E0.3066 
G1 X172.250 Y112.000 E0.5966 
G92 E0.0000
; segment
G92 E0.0000
G1 F2400.000
G1 Z5.600
G1 X172.250 Y112.000
G1 X172.250 Y78.700 E1.1037 
G92 E0.0000
; segment
G92 E0.0000
G1 F2400.000
G1 Z5.600
G1 X172.250 Y78.700
G1 X172.250 Y75.000 E0.1226 
G92 E0.0000
; segment
G92 E0.0000
G1 F2400.000
G1 Z5.600
G1 X172.250 Y75.000
G1 X172.250 Y66.250 E0.2900 
G1 X171.750 Y66.250 E0.3066 
G1 X171.750 Y75.000 E0.5966 
G92 E0.0000
; segment
G92 E0.0000
G1 F2400.000
G1 Z5.600
G1 X171.750 Y75.000
G1 X171.750 Y108.300 E1.1037 
G92 E0.0000
; segment
G92 E0.0000
G1 F2400.000
G1 Z5.600
G1 X171.750 Y108.300
G1 X171.750 Y112.000 E0.1226 
G92 E0.0000
; segment
G92 E0.0000
G1 F2400.000
G1 Z5.600
G1 X171.750 Y112.000
G1 X171.750 Y120.750 E0.2900 
G1 X171.250 Y120.750 E0.3066 
G1 X171.250 Y112.000 E0.5966 
G92 E0.0000
; segment
G92 E0.0000
G1 F2400.000
G1 Z5.600
G1 X171.250 Y112.000
G1 X171.250 Y78.700 E1.1037 
G92 E0.0000
; segment
G92 E0.0000
G1 F2400.000
G1 Z5.600
G1 X171.250 Y78.700
G1 X171.250 Y75.000 E0.1226 
G92 E0.0000
; segment
G92 E0.0000
G1 F2400.000
G1 Z5.600
G1 X171.250 Y75.000
G1 X171.250 Y66.250 E0.2900 
G92 E0.0000
; jumping
G92 E3.0000
G1 E0 F2400
G1 X170.250 Y65.250 F12000.000
G1 E3 F2400
G92 E0.0000
; segment
G92 E0.0000
G1 F2400.000
G1 Z5.800
G1 X170.250 Y65.250
G1 X170.250 Y75.000 E0.3232 
G92 E0.0000
; segment
G92 E0.0000
G1 F2400.000
G1 Z5.800
G1 X170.250 Y75.000
G1 X170.250 Y108.300 E1.1037 
G92 E0.0000
; segment
G92 E0.0000
G1 F2400.000
G1 Z5.800
G1 X170.250 Y108.300
G1 X170.250 Y112.000 E0.1226 
G92 E0.0000
; segment
G92 E0.0000
G1 F2400.000
G1 Z5.800
G1 X170.250 Y112.000
G1 X170.250 Y121.750 E0.3232 
G1 X175.150 Y121.750 E0.4856 
G1 X175.150 Y136.750 E0.9828 
G1 X184.850 Y136.750 E1.3043 
G1 X184.850 Y121.750 E1.8014 
G1 X189.750 Y121.750 E1.9638 
G1 X189.750 Y112.000 E2.2870 
G92 E0.0000
; segment
G92 E0.0000
G1 F2400.000
G1 Z5.800
G1 X189.750 Y112.000
G1 X189.750 Y78.700 E1.1037 
G92 E0.0000
; segment
G92 E0.0000
G1 F2400.000
G1 Z5.800
G1 X189.750 Y78.700
G1 X189.750 Y75.000 E0.1226 
G92 E0.0000
; segment
G92 E0.0000
G1 F2400.000
G1 Z5.800
G1 X189.750 Y75.000
G1 X189.750 Y65.250 E0.3232 
G1 X184.750 Y65.250 E0.4889 
G1 X184.750 Y50.250 E0.9861 
G1 X175.250 Y50.250 E1.3009 
G1 X175.250 Y65.250 E1.7981 
G1 X170.250 Y65.250 E1.9638 
G92 E0.0000
; segment
G92 E0.0000
G1 F2400.000
G1 Z5.800
G1 X170.750 Y65.750
G1 X170.750 Y75.000 E0.3066 
G92 E0.0000
; segment
G92 E0.0000
G1 F2400.000
G1 Z5.800
G1 X170.750 Y75.000
G1 X170.750 Y108.300 E1.1037 
G92 E0.0000
; segment
G92 E0.0000
G1 F2400.000
G1 Z5.800
G1 X170.750 Y108.300
G1 X170.750 Y112.000 E0.1226 
G92 E0.0000
; segment
G92 E0.0000
G1 F2400.000
G1 Z5.800
G1 X170.750 Y112.000
G1 X170.750 Y121.250 E0.3066 
G1 X175.650 Y121.250 E0.4690 
G1 X175.650 Y136.250 E0.9662 
G1 X184.350 Y136.250 E1.2545 
G1 X184.350 Y121.250 E1.7517 
G1 X189.250 Y121.250 E1.9141 
G1 X189.250 Y112.000 E2.2207 
G92 E0.0000
; segment
G92 E0.0000
G1 F2400.000
G1 Z5.800
G1 X189.250 Y112.000
G1 X189.250 Y78.700 E1.1037 
G92 E0.0000
; segment
G92 E0.0000
G1 F2400.000
G1 Z5.800
G1 X189.250 Y78.700
G1 X189.250 Y75.000 E0.1226 
G92 E0.0000
; segment
G92 E0.0000
G1 F2400.000
G1 Z5.800
G1 X189.250 Y75.000
G1 X189.250 Y65.750 E0.3066 
G1 X184.250 Y65.750 E0.4723 
G1 X184.250 Y50.750 E0.9695 
G1 X175.750 Y50.750 E1.2512 
G1 X175.750 Y65.750 E1.7484 
G1 X170.750 Y65.750 E1.9141 
G92 E0.0000
; segment
G92 E0.0000
G1 F2400.000
G1 Z5.800
G1 X171.250 Y66.250
G1 X171.250 Y75.000 E0.2900 
G92 E0.0000
; segment
G92 E0.0000
G1 F2400.000
G1 Z5.800
G1 X171.250 Y75.000
G1 X171.250 Y108.300 E1.1037 
G92 E0.0000
; segment
G92 E0.0000
G1 F2400.000
G1 Z5.800
G1 X171.250 Y108.300
G1 X171.250 Y112.000 E0.1226 
G92 E0.0000
; segment
G92 E0.0000
G1 F2400.000
G1 Z5.800
G1 X171.250 Y112.000
G1 X171.250 Y120.750 E0.2900 
G1 X171.750 Y120.750 E0.3066 
G1 X171.750 Y112.000 E0.5966 
G92 E0.0000
; segment
G92 E0.0000
G1 F2400.000
G1 Z5.800
G1 X171.750 Y112.000
G1 X171.750 Y78.700 E1.1037 
G92 E0.0000
; segment
G92 E0.0000
G1 F2400.000
G1 Z5.800
G1 X171.750 Y78.700
G1 X171.750 Y75.000 E0.1226 
G92 E0.0000
; segment
G92 E0.0000
G1 F2400.000
G1 Z5.800
G1 X171.750 Y75.000
G1 X171.750 Y66.250 E0.2900 
G1 X172.250 Y66.250 E0.3066 
G1 X172.250 Y75.000 E0.5966 
G92 E0.0000
; segment
G92 E0.0000
G1 F2400.000
G1 Z5.800
G1 X172.250 Y75.000
G1 X172.250 Y108.300 E1.1037 
G92 E0.0000
; segment
G92 E0.0000
G1 F2400.000
G1 Z5.800
G1 X172.250 Y108.300
G1 X172.250 Y112.000 E0.1226 
G92 E0.0000
; segment
G92 E0.0000
G1 F2400.000
G1 Z5.800
G1 X172.250 Y112.000
G1 X172.250 Y120.750 E0.2900 
G1 X172.750 Y120.750 E0.3066 
G1 X172.750 Y112.000 E0.5966 
G92 E0.0000
; segment
G92 E0.0000
G1 F2400.000
G1 Z5.800
G1 X172.750 Y112.000
G1 X172.750 Y78.700 E1.1037 
G92 E0.0000
; segment
G92 E0.0000
G1 F2400.000
G1 Z5.800
G1 X172.750 Y78.700
G1 X172.750 Y75.000 E0.1226 
G92 E0.0000
; segment
G92 E0.0000
G1 F2400.000
G1 Z5.800
G1 X172.750 Y75.000
G1 X172.750 Y66.250 E0.2900 
G1 X173.250 Y66.250 E0.3066 
G1 X173.250 Y75.000 E0.5966 
G92 E0.0000
; segment
G92 E0.0000
G1 F2400.000
G1 Z5.800
G1 X173.250 Y75.000
G1 X173.250 Y108.300 E1.1037 
G92 E0.0000
; segment
G92 E0.0000
G1 F2400.000
G1 Z5.800
G1 X173.250 Y108.300
G1 X173.250 Y112.000 E0.1226 
G92 E0.0000
; segment
G92 E0.0000
G1 F2400.000
G1 Z5.800
G1 X173.250 Y112.000
G1 X173.250 Y120.750 E0.2900 
G1 X173.750 Y120.750 E0.3066 
G1 X173.750 Y112.000 E0.5966 
G92 E0.0000
; segment
G92 E0.0000
G1 F2400.000
G1 Z5.800
G1 X173.750 Y112.000
G1 X173.750 Y78.700 E1.1037 
G92 E0.0000
; segment
G92 E0.0000
G1 F2400.000
G1 Z5.800
G1 X173.750 Y78.700
G1 X173.750 Y75.000 E0.1226 
G92 E0.0000
; segment
G92 E0.0000
G1 F2400.000
G1 Z5.800
G1 X173.750 Y75.000
G1 X173.750 Y66.250 E0.2900 
G1 X174.250 Y66.250 E0.3066 
G1 X174.250 Y75.000 E0.5966 
G92 E0.0000
; segment
G92 E0.0000
G1 F2400.000
G1 Z5.800
G1 X174.250 Y75.000
G1 X174.250 Y108.300 E1.1037 
G92 E0.0000
; segment
G92 E0.0000
G1 F2400.000
G1 Z5.800
G1 X174.250 Y108.300
G1 X174.250 Y112.000 E0.1226 
G92 E0.0000
; segment
G92 E0.0000
G1 F2400.000
G1 Z5.800
G1 X174.250 Y112.000
G1 X174.250 Y120.750 E0.2900 
G1 X174.750 Y120.750 E0.3066 
G1 X174.750 Y112.000 E0.5966 
G92 E0.0000
; segment
G92 E0.0000
G1 F2400.000
G1 Z5.800
G1 X174.750 Y112.000
G1 X174.750 Y78.700 E1.1037 
G92 E0.0000
; segment
G92 E0.0000
G1 F2400.000
G1 Z5.800
G1 X174.750 Y78.700
G1 X174.750 Y75.000 E0.1226 
G92 E0.0000
; segment
G92 E0.0000
G1 F2400.000
G1 Z5.800
G1 X174.750 Y75.000
G1 X174.750 Y66.250 E0.2900 
G1 X175.250 Y66.250 E0.3066 
G1 X175.250 Y75.000 E0.5966 
G92 E0.0000
; segment
G92 E0.0000
G1 F2400.000
G1 Z5.800
G1 X175.250 Y75.000
G1 X175.250 Y108.300 E1.1037 
G92 E0.0000
; segment
G92 E0.0000
G1 F2400.000
G1 Z5.800
G1 X175.250 Y108.300
G1 X175.250 Y112.000 E0.1226 
G92 E0.0000
; segment
G92 E0.0000
G1 F2400.000
G1 Z5.800
G1 X175.250 Y112.000
G1 X175.250 Y120.750 E0.2900 
G1 X175.750 Y120.750 E0.3066 
G1 X175.750 Y112.000 E0.5966 
G92 E0.0000
; segment
G92 E0.0000
G1 F2400.000
G1 Z5.800
G1 X175.750 Y112.000
G1 X175.750 Y78.700 E1.1037 
G92 E0.0000
; segment
G92 E0.0000
G1 F2400.000
G1 Z5.800
G1 X175.750 Y78.700
G1 X175.750 Y75.000 E0.1226 
G92 E0.0000
; segment
G92 E0.0000
G1 F2400.000
G1 Z5.800
G1 X175.750 Y75.000
G1 X175.750 Y66.250 E0.2900 
G1 X176.250 Y66.250 E0.3066 
G1 X176.250 Y75.000 E0.5966 
G92 E0.0000
; segment
G92 E0.0000
G1 F2400.000
G1 Z5.800
G1 X176.250 Y75.000
G1 X176.250 Y108.300 E1.1037 
G92 E0.0000
; segment
G92 E0.0000
G1 F2400.000
G1 Z5.800
G1 X176.250 Y108.300
G1 X176.250 Y112.000 E0.1226 
G92 E0.0000
; segment
G92 E0.0000
G1 F2400.000
G1 Z5.800
G1 X176.250 Y112.000
G1 X176.250 Y135.750 E0.7872 
G1 X176.750 Y135.750 E0.8038 
G1 X176.750 Y112.000 E1.5910 
G92 E0.0000
; segment
G92 E0.0000
G1 F2400.000
G1 Z5.800
G1 X176.750 Y112.000
G1 X176.750 Y78.700 E1.1037 
G92 E0.0000
; segment
G92 E0.0000
G1 F2400.000
G1 Z5.800
G1 X176.750 Y78.700
G1 X176.750 Y75.000 E0.1226 
G92 E0.0000
; segment
G92 E0.0000
G1 F2400.000
G1 Z5.800
G1 X176.750 Y75.000
G1 X176.750 Y51.250 E0.7872 
G1 X177.250 Y51.250 E0.8038 
G1 X177.250 Y75.000 E1.5910 
G92 E0.0000
; segment
G92 E0.0000
G1 F2400.000
G1 Z5.800
G1 X177.250 Y75.000
G1 X177.250 Y108.300 E1.1037 
G92 E0.0000
; segment
G92 E0.0000
G1 F2400.000
G1 Z5.800
G1 X177.250 Y108.300
G1 X177.250 Y112.000 E0.1226 
G92 E0.0000
; segment
G92 E0.0000
G1 F2400.000
G1 Z5.800
G1 X177.250 Y112.000
G1 X177.250 Y135.750 E0.7872 
G1 X177.750 Y135.750 E0.8038 
G1 X177.750 Y112.000 E1.5910 
G92 E0.0000
; segment
G92 E0.0000
G1 F2400.000
G1 Z5.800
G1 X177.750 Y112.000
G1 X177.750 Y78.700 E1.1037 
G92 E0.0000
; segment
G92 E0.0000
G1 F2400.000
G1 Z5.800
G1 X177.750 Y78.700
G1 X177.750 Y75.000 E0.1226 
G92 E0.0000
; segment
G92 E0.0000
G1 F2400.000
G1 Z5.800
G1 X177.750 Y75.000
G1 X177.750 Y51.250 E0.7872 
G1 X178.250 Y51.250 E0.8038 
G1 X178.250 Y75.000 E1.5910 
G92 E0.0000
; segment
G92 E0.0000
G1 F2400.000
G1 Z5.800
G1 X178.250 Y75.000
G1 X178.250 Y108.300 E1.1037 
G92 E0.0000
; segment
G92 E0.0000
G1 F2400.000
G1 Z5.800
G1 X178.250 Y108.300
G1 X178.250 Y112.000 E0.1226 
G92 E0.0000
; segment
G92 E0.0000
G1 F2400.000
G1 Z5.800
G1 X178.250 Y112.000
G1 X178.250 Y135.750 E0.7872 
G1 X178.750 Y135.750 E0.8038 
G1 X178.750 Y112.000 E1.5910 
G92 E0.0000
; segment
G92 E0.0000
G1 F2400.000
G1 Z5.800
G1 X178.750 Y112.000
G1 X178.750 Y78.700 E1.1037 
G92 E0.0000
; segment
G92 E0.0000
G1 F2400.000
G1 Z5.800
G1 X178.750 Y78.700
G1 X178.750 Y75.000 E0.1226 
G92 E0.0000
; segment
G92 E0.0000
G1 F2400.000
G1 Z5.800
G1 X178.750 Y75.000
G1 X178.750 Y51.250 E0.7872 
G1 X179.250 Y51.250 E0.8038 
G1 X179.250 Y75.000 E1.5910 
G92 E0.0000
; segment
G92 E0.0000
G1 F2400.000
G1 Z5.800
G1 X179.250 Y75.000
G1 X179.250 Y108.300 E1.1037 
G92 E0.0000
; segment
G92 E0.0000
G1 F2400.000
G1 Z5.800
G1 X179.250 Y108.300
G1 X179.250 Y112.000 E0.1226 
G92 E0.0000
; segment
G92 E0.0000
G1 F2400.000
G1 Z5.800
G1 X179.250 Y112.000
G1 X179.250 Y135.750 E0.7872 
G1 X179.750 Y135.750 E0.8038 
G1 X179.750 Y112.000 E1.5910 
G92 E0.0000
; segment
G92 E0.0000
G1 F2400.000
G1 Z5.800
G1 X179.750 Y112.000
G1 X179.750 Y78.700 E1.1037 
G92 E0.0000
; segment
G92 E0.0000
G1 F2400.000
G1 Z5.800
G1 X179.750 Y78.700
G1 X179.750 Y75.000 E0.1226 
G92 E0.0000
; segment
G92 E0.0000
G1 F2400.000
G1 Z5.800
G1 X179.750 Y75.000
G1 X179.750 Y51.250 E0.7872 
G1 X180.250 Y51.250 E0.8038 
G1 X180.250 Y75.000 E1.5910 
G92 E0.0000
; segment
G92 E0.0000
G1 F2400.000
G1 Z5.800
G1 X180.250 Y75.000
G1 X180.250 Y108.300 E1.1037 
G92 E0.0000
; segment
G92 E0.0000
G1 F2400.000
G1 Z5.800
G1 X180.250 Y108.300
G1 X180.250 Y112.000 E0.1226 
G92 E0.0000
; segment
G92 E0.0000
G1 F2400.000
G1 Z5.800
G1 X180.250 Y112.000
G1 X180.250 Y135.750 E0.7872 
G1 X180.750 Y135.750 E0.8038 
G1 X180.750 Y112.000 E1.5910 
G92 E0.0000
; segment
G92 E0.0000
G1 F2400.000
G1 Z5.800
G1 X180.750 Y112.000
G1 X180.750 Y78.700 E1.1037 
G92 E0.0000
; segment
G92 E0.0000
G1 F2400.000
G1 Z5.800
G1 X180.750 Y78.700
G1 X180.750 Y75.000 E0.1226 
G92 E0.0000
; segment
G92 E0.0000
G1 F2400.000
G1 Z5.800
G1 X180.750 Y75.000
G1 X180.750 Y51.250 E0.7872 
G1 X181.250 Y51.250 E0.8038 
G1 X181.250 Y75.000 E1.5910 
G92 E0.0000
; segment
G92 E0.0000
G1 F2400.000
G1 Z5.800
G1 X181.250 Y75.000
G1 X181.250 Y108.300 E1.1037 
G92 E0.0000
; segment
G92 E0.0000
G1 F2400.000
G1 Z5.800
G1 X181.250 Y108.300
G1 X181.250 Y112.000 E0.1226 
G92 E0.0000
; segment
G92 E0.0000
G1 F2400.000
G1 Z5.800
G1 X181.250 Y112.000
G1 X181.250 Y135.750 E0.7872 
G1 X181.750 Y135.750 E0.8038 
G1 X181.750 Y112.000 E1.5910 
G92 E0.0000
; segment
G92 E0.0000
G1 F2400.000
G1 Z5.800
G1 X181.750 Y112.000
G1 X181.750 Y78.700 E1.1037 
G92 E0.0000
; segment
G92 E0.0000
G1 F2400.000
G1 Z5.800
G1 X181.750 Y78.700
G1 X181.750 Y75.000 E0.1226 
G92 E0.0000
; segment
G92 E0.0000
G1 F2400.000
G1 Z5.800
G1 X181.750 Y75.000
G1 X181.750 Y51.250 E0.7872 
G1 X182.250 Y51.250 E0.8038 
G1 X182.250 Y75.000 E1.5910 
G92 E0.0000
; segment
G92 E0.0000
G1 F2400.000
G1 Z5.800
G1 X182.250 Y75.000
G1 X182.250 Y108.300 E1.1037 
G92 E0.0000
; segment
G92 E0.0000
G1 F2400.000
G1 Z5.800
G1 X182.250 Y108.300
G1 X182.250 Y112.000 E0.1226 
G92 E0.0000
; segment
G92 E0.0000
G1 F2400.000
G1 Z5.800
G1 X182.250 Y112.000
G1 X182.250 Y135.750 E0.7872 
G1 X182.750 Y135.750 E0.8038 
G1 X182.750 Y112.000 E1.5910 
G92 E0.0000
; segment
G92 E0.0000
G1 F2400.000
G1 Z5.800
G1 X182.750 Y112.000
G1 X182.750 Y78.700 E1.1037 
G92 E0.0000
; segment
G92 E0.0000
G1 F2400.000
G1 Z5.800
G1 X182.750 Y78.700
G1 X182.750 Y75.000 E0.1226 
G92 E0.0000
; segment
G92 E0.0000
G1 F2400.000
G1 Z5.800
G1 X182.750 Y75.000
G1 X182.750 Y51.250 E0.7872 
G1 X183.250 Y51.250 E0.8038 
G1 X183.250 Y75.000 E1.5910 
G92 E0.0000
; segment
G92 E0.0000
G1 F2400.000
G1 Z5.800
G1 X183.250 Y75.000
G1 X183.250 Y108.300 E1.1037 
G92 E0.0000
; segment
G92 E0.0000
G1 F2400.000
G1 Z5.800
G1 X183.250 Y108.300
G1 X183.250 Y112.000 E0.1226 
G92 E0.0000
; segment
G92 E0.0000
G1 F2400.000
G1 Z5.800
G1 X183.250 Y112.000
G1 X183.250 Y135.750 E0.7872 
G1 X183.750 Y135.750 E0.8038 
G1 X183.750 Y112.000 E1.5910 
G92 E0.0000
; segment
G92 E0.0000
G1 F2400.000
G1 Z5.800
G1 X183.750 Y112.000
G1 X183.750 Y78.700 E1.1037 
G92 E0.0000
; segment
G92 E0.0000
G1 F2400.000
G1 Z5.800
G1 X183.750 Y78.700
G1 X183.750 Y75.000 E0.1226 
G92 E0.0000
; segment
G92 E0.0000
G1 F2400.000
G1 Z5.800
G1 X183.750 Y75.000
G1 X183.750 Y51.250 E0.7872 
G92 E0.0000
; jumping
G92 E3.0000
G1 E0 F2400
G1 X188.750 Y66.250 F12000.000
G1 E3 F2400
G92 E0.0000
; segment
G92 E0.0000
G1 F2400.000
G1 Z5.800
G1 X188.750 Y66.250
G1 X188.750 Y75.000 E0.2900 
G92 E0.0000
; segment
G92 E0.0000
G1 F2400.000
G1 Z5.800
G1 X188.750 Y75.000
G1 X188.750 Y108.300 E1.1037 
G92 E0.0000
; segment
G92 E0.0000
G1 F2400.000
G1 Z5.800
G1 X188.750 Y108.300
G1 X188.750 Y112.000 E0.1226 
G92 E0.0000
; segment
G92 E0.0000
G1 F2400.000
G1 Z5.800
G1 X188.750 Y112.000
G1 X188.750 Y120.750 E0.2900 
G1 X188.250 Y120.750 E0.3066 
G1 X188.250 Y112.000 E0.5966 
G92 E0.0000
; segment
G92 E0.0000
G1 F2400.000
G1 Z5.800
G1 X188.250 Y112.000
G1 X188.250 Y78.700 E1.1037 
G92 E0.0000
; segment
G92 E0.0000
G1 F2400.000
G1 Z5.800
G1 X188.250 Y78.700
G1 X188.250 Y75.000 E0.1226 
G92 E0.0000
; segment
G92 E0.0000
G1 F2400.000
G1 Z5.800
G1 X188.250 Y75.000
G1 X188.250 Y66.250 E0.2900 
G1 X187.750 Y66.250 E0.3066 
G1 X187.750 Y75.000 E0.5966 
G92 E0.0000
; segment
G92 E0.0000
G1 F2400.000
G1 Z5.800
G1 X187.750 Y75.000
G1 X187.750 Y108.300 E1.1037 
G92 E0.0000
; segment
G92 E0.0000
G1 F2400.000
G1 Z5.800
G1 X187.750 Y108.300
G1 X187.750 Y112.000 E0.1226 
G92 E0.0000
; segment
G92 E0.0000
G1 F2400.000
G1 Z5.800
G1 X187.750 Y112.000
G1 X187.750 Y120.750 E0.2900 
G1 X187.250 Y120.750 E0.3066 
G1 X187.250 Y112.000 E0.5966 
G92 E0.0000
; segment
G92 E0.0000
G1 F2400.000
G1 Z5.800
G1 X187.250 Y112.000
G1 X187.250 Y78.700 E1.1037 
G92 E0.0000
; segment
G92 E0.0000
G1 F2400.000
G1 Z5.800
G1 X187.250 Y78.700
G1 X187.250 Y75.000 E0.1226 
G92 E0.0000
; segment
G92 E0.0000
G1 F2400.000
G1 Z5.800
G1 X187.250 Y75.000
G1 X187.250 Y66.250 E0.2900 
G1 X186.750 Y66.250 E0.3066 
G1 X186.750 Y75.000 E0.5966 
G92 E0.0000
; segment
G92 E0.0000
G1 F2400.000
G1 Z5.800
G1 X186.750 Y75.000
G1 X186.750 Y108.300 E1.1037 
G92 E0.0000
; segment
G92 E0.0000
G1 F2400.000
G1 Z5.800
G1 X186.750 Y108.300
G1 X186.750 Y112.000 E0.1226 
G92 E0.0000
; segment
G92 E0.0000
G1 F2400.000
G1 Z5.800
G1 X186.750 Y112.000
G1 X186.750 Y120.750 E0.2900 
G1 X186.250 Y120.750 E0.3066 
G1 X186.250 Y112.000 E0.5966 
G92 E0.0000
; segment
G92 E0.0000
G1 F2400.000
G1 Z5.800
G1 X186.250 Y112.000
G1 X186.250 Y78.700 E1.1037 
G92 E0.0000
; segment
G92 E0.0000
G1 F2400.000
G1 Z5.800
G1 X186.250 Y78.700
G1 X186.250 Y75.000 E0.1226 
G92 E0.0000
; segment
G92 E0.0000
G1 F2400.000
G1 Z5.800
G1 X186.250 Y75.000
G1 X186.250 Y66.250 E0.2900 
G1 X185.750 Y66.250 E0.3066 
G1 X185.750 Y75.000 E0.5966 
G92 E0.0000
; segment
G92 E0.0000
G1 F2400.000
G1 Z5.800
G1 X185.750 Y75.000
G1 X185.750 Y108.300 E1.1037 
G92 E0.0000
; segment
G92 E0.0000
G1 F2400.000
G1 Z5.800
G1 X185.750 Y108.300
G1 X185.750 Y112.000 E0.1226 
G92 E0.0000
; segment
G92 E0.0000
G1 F2400.000
G1 Z5.800
G1 X185.750 Y112.000
G1 X185.750 Y120.750 E0.2900 
G1 X185.250 Y120.750 E0.3066 
G1 X185.250 Y112.000 E0.5966 
G92 E0.0000
; segment
G92 E0.0000
G1 F2400.000
G1 Z5.800
G1 X185.250 Y112.000
G1 X185.250 Y78.700 E1.1037 
G92 E0.0000
; segment
G92 E0.0000
G1 F2400.000
G1 Z5.800
G1 X185.250 Y78.700
G1 X185.250 Y75.000 E0.1226 
G92 E0.0000
; segment
G92 E0.0000
G1 F2400.000
G1 Z5.800
G1 X185.250 Y75.000
G1 X185.250 Y66.250 E0.2900 
G1 X184.750 Y66.250 E0.3066 
G1 X184.750 Y75.000 E0.5966 
G92 E0.0000
; segment
G92 E0.0000
G1 F2400.000
G1 Z5.800
G1 X184.750 Y75.000
G1 X184.750 Y108.300 E1.1037 
G92 E0.0000
; segment
G92 E0.0000
G1 F2400.000
G1 Z5.800
G1 X184.750 Y108.300
G1 X184.750 Y112.000 E0.1226 
G92 E0.0000
; segment
G92 E0.0000
G1 F2400.000
G1 Z5.800
G1 X184.750 Y112.000
G1 X184.750 Y120.750 E0.2900 
G1 X184.250 Y120.750 E0.3066 
G1 X184.250 Y112.000 E0.5966 
G92 E0.0000
; segment
G92 E0.0000
G1 F2400.000
G1 Z5.800
G1 X184.250 Y112.000
G1 X184.250 Y78.700 E1.1037 
G92 E0.0000
; segment
G92 E0.0000
G1 F2400.000
G1 Z5.800
G1 X184.250 Y78.700
G1 X184.250 Y75.000 E0.1226 
G92 E0.0000
; segment
G92 E0.0000
G1 F2400.000
G1 Z5.800
G1 X184.250 Y75.000
G1 X184.250 Y66.250 E0.2900 
G1 X183.750 Y66.250 E0.3066 
G92 E0.0000
; jumping
G92 E3.0000
G1 E0 F2400
G1 X189.750 Y65.250 F12000.000
G1 E3 F2400
G92 E0.0000
; segment
G92 E0.0000
G1 F2400.000
G1 Z6.000
G1 X189.750 Y65.250
G1 X170.250 Y65.250 E0.6463 
G1 X170.250 Y75.000 E0.9695 
G92 E0.0000
; segment
G92 E0.0000
G1 F2400.000
G1 Z6.000
G1 X170.250 Y75.000
G1 X170.250 Y108.300 E1.1037 
G92 E0.0000
; segment
G92 E0.0000
G1 F2400.000
G1 Z6.000
G1 X170.250 Y108.300
G1 X170.250 Y112.000 E0.1226 
G92 E0.0000
; segment
G92 E0.0000
G1 F2400.000
G1 Z6.000
G1 X170.250 Y112.000
G1 X170.250 Y121.750 E0.3232 
G1 X189.750 Y121.750 E0.9695 
G1 X189.750 Y112.000 E1.2927 
G92 E0.0000
; segment
G92 E0.0000
G1 F2400.000
G1 Z6.000
G1 X189.750 Y112.000
G1 X189.750 Y78.700 E1.1037 
G92 E0.0000
; segment
G92 E0.0000
G1 F2400.000
G1 Z6.000
G1 X189.750 Y78.700
G1 X189.750 Y75.000 E0.1226 
G92 E0.0000
; segment
G92 E0.0000
G1 F2400.000
G1 Z6.000
G1 X189.750 Y75.000
G1 X189.750 Y65.250 E0.3232 
G92 E0.0000
; segment
G92 E0.0000
G1 F2400.000
G1 Z6.000
G1 X189.250 Y65.750
G1 X170.750 Y65.750 E0.6132 
G1 X170.750 Y75.000 E0.9198 
G92 E0.0000
; segment
G92 E0.0000
G1 F2400.000
G1 Z6.000
G1 X170.750 Y75.000
G1 X170.750 Y108.300 E1.1037 
G92 E0.0000
; segment
G92 E0.0000
G1 F2400.000
G1 Z6.000
G1 X170.750 Y108.300
G1 X170.750 Y112.000 E0.1226 
G92 E0.0000
; segment
G92 E0.0000
G1 F2400.000
G1 Z6.000
G1 X170.750 Y112.000
G1 X170.750 Y121.250 E0.3066 
G1 X189.250 Y121.250 E0.9198 
G1 X189.250 Y112.000 E1.2264 
G92 E0.0000
; segment
G92 E0.0000
G1 F2400.000
G1 Z6.000
G1 X189.250 Y112.000
G1 X189.250 Y78.700 E1.1037 
G92 E0.0000
; segment
G92 E0.0000
G1 F2400.000
G1 Z6.000
G1 X189.250 Y78.700
G1 X189.250 Y75.000 E0.1226 
G92 E0.0000
; segment
G92 E0.0000
G1 F2400.000
G1 Z6.000
G1 X189.250 Y75.000
G1 X189.250 Y65.750 E0.3066 
G92 E0.0000
; segment
G92 E0.0000
G1 F2400.000
G1 Z6.000
G1 X188.750 Y66.250
G1 X188.750 Y75.000 E0.2900 
G92 E0.0000
; segment
G92 E0.0000
G1 F2400.000
G1 Z6.000
G1 X188.750 Y75.000
G1 X188.750 Y108.300 E1.1037 
G92 E0.0000
; segment
G92 E0.0000
G1 F2400.000
G1 Z6.000
G1 X188.750 Y108.300
G1 X188.750 Y112.000 E0.1226 
G92 E0.0000
; segment
G92 E0.0000
G1 F2400.000
G1 Z6.000
G1 X188.750 Y112.000
G1 X188.750 Y120.750 E0.2900 
G1 X188.250 Y120.750 E0.3066 
G1 X188.250 Y112.000 E0.5966 
G92 E0.0000
; segment
G92 E0.0000
G1 F2400.000
G1 Z6.000
G1 X188.250 Y112.000
G1 X188.250 Y78.700 E1.1037 
G92 E0.0000
; segment
G92 E0.0000
G1 F2400.000
G1 Z6.000
G1 X188.250 Y78.700
G1 X188.250 Y75.000 E0.1226 
G92 E0.0000
; segment
G92 E0.0000
G1 F2400.000
G1 Z6.000
G1 X188.250 Y75.000
G1 X188.250 Y66.250 E0.2900 
G1 X187.750 Y66.250 E0.3066 
G1 X187.750 Y75.000 E0.5966 
G92 E0.0000
; segment
G92 E0.0000
G1 F2400.000
G1 Z6.000
G1 X187.750 Y75.000
G1 X187.750 Y108.300 E1.1037 
G92 E0.0000
; segment
G92 E0.0000
G1 F2400.000
G1 Z6.000
G1 X187.750 Y108.300
G1 X187.750 Y112.000 E0.1226 
G92 E0.0000
; segment
G92 E0.0000
G1 F2400.000
G1 Z6.000
G1 X187.750 Y112.000
G1 X187.750 Y120.750 E0.2900 
G1 X187.250 Y120.750 E0.3066 
G1 X187.250 Y112.000 E0.5966 
G92 E0.0000
; segment
G92 E0.0000
G1 F2400.000
G1 Z6.000
G1 X187.250 Y112.000
G1 X187.250 Y78.700 E1.1037 
G92 E0.0000
; segment
G92 E0.0000
G1 F2400.000
G1 Z6.000
G1 X187.250 Y78.700
G1 X187.250 Y75.000 E0.1226 
G92 E0.0000
; segment
G92 E0.0000
G1 F2400.000
G1 Z6.000
G1 X187.250 Y75.000
G1 X187.250 Y66.250 E0.2900 
G1 X186.750 Y66.250 E0.3066 
G1 X186.750 Y75.000 E0.5966 
G92 E0.0000
; segment
G92 E0.0000
G1 F2400.000
G1 Z6.000
G1 X186.750 Y75.000
G1 X186.750 Y108.300 E1.1037 
G92 E0.0000
; segment
G92 E0.0000
G1 F2400.000
G1 Z6.000
G1 X186.750 Y108.300
G1 X186.750 Y112.000 E0.1226 
G92 E0.0000
; segment
G92 E0.0000
G1 F2400.000
G1 Z6.000
G1 X186.750 Y112.000
G1 X186.750 Y120.750 E0.2900 
G1 X186.250 Y120.750 E0.3066 
G1 X186.250 Y112.000 E0.5966 
G92 E0.0000
; segment
G92 E0.0000
G1 F2400.000
G1 Z6.000
G1 X186.250 Y112.000
G1 X186.250 Y78.700 E1.1037 
G92 E0.0000
; segment
G92 E0.0000
G1 F2400.000
G1 Z6.000
G1 X186.250 Y78.700
G1 X186.250 Y75.000 E0.1226 
G92 E0.0000
; segment
G92 E0.0000
G1 F2400.000
G1 Z6.000
G1 X186.250 Y75.000
G1 X186.250 Y66.250 E0.2900 
G1 X185.750 Y66.250 E0.3066 
G1 X185.750 Y75.000 E0.5966 
G92 E0.0000
; segment
G92 E0.0000
G1 F2400.000
G1 Z6.000
G1 X185.750 Y75.000
G1 X185.750 Y108.300 E1.1037 
G92 E0.0000
; segment
G92 E0.0000
G1 F2400.000
G1 Z6.000
G1 X185.750 Y108.300
G1 X185.750 Y112.000 E0.1226 
G92 E0.0000
; segment
G92 E0.0000
G1 F2400.000
G1 Z6.000
G1 X185.750 Y112.000
G1 X185.750 Y120.750 E0.2900 
G1 X185.250 Y120.750 E0.3066 
G1 X185.250 Y112.000 E0.5966 
G92 E0.0000
; segment
G92 E0.0000
G1 F2400.000
G1 Z6.000
G1 X185.250 Y112.000
G1 X185.250 Y78.700 E1.1037 
G92 E0.0000
; segment
G92 E0.0000
G1 F2400.000
G1 Z6.000
G1 X185.250 Y78.700
G1 X185.250 Y75.000 E0.1226 
G92 E0.0000
; segment
G92 E0.0000
G1 F2400.000
G1 Z6.000
G1 X185.250 Y75.000
G1 X185.250 Y66.250 E0.2900 
G1 X184.750 Y66.250 E0.3066 
G1 X184.750 Y75.000 E0.5966 
G92 E0.0000
; segment
G92 E0.0000
G1 F2400.000
G1 Z6.000
G1 X184.750 Y75.000
G1 X184.750 Y108.300 E1.1037 
G92 E0.0000
; segment
G92 E0.0000
G1 F2400.000
G1 Z6.000
G1 X184.750 Y108.300
G1 X184.750 Y112.000 E0.1226 
G92 E0.0000
; segment
G92 E0.0000
G1 F2400.000
G1 Z6.000
G1 X184.750 Y112.000
G1 X184.750 Y120.750 E0.2900 
G1 X184.250 Y120.750 E0.3066 
G1 X184.250 Y112.000 E0.5966 
G92 E0.0000
; segment
G92 E0.0000
G1 F2400.000
G1 Z6.000
G1 X184.250 Y112.000
G1 X184.250 Y78.700 E1.1037 
G92 E0.0000
; segment
G92 E0.0000
G1 F2400.000
G1 Z6.000
G1 X184.250 Y78.700
G1 X184.250 Y75.000 E0.1226 
G92 E0.0000
; segment
G92 E0.0000
G1 F2400.000
G1 Z6.000
G1 X184.250 Y75.000
G1 X184.250 Y66.250 E0.2900 
G1 X183.750 Y66.250 E0.3066 
G1 X183.750 Y75.000 E0.5966 
G92 E0.0000
; segment
G92 E0.0000
G1 F2400.000
G1 Z6.000
G1 X183.750 Y75.000
G1 X183.750 Y108.300 E1.1037 
G92 E0.0000
; segment
G92 E0.0000
G1 F2400.000
G1 Z6.000
G1 X183.750 Y108.300
G1 X183.750 Y112.000 E0.1226 
G92 E0.0000
; segment
G92 E0.0000
G1 F2400.000
G1 Z6.000
G1 X183.750 Y112.000
G1 X183.750 Y120.750 E0.2900 
G1 X183.250 Y120.750 E0.3066 
G1 X183.250 Y112.000 E0.5966 
G92 E0.0000
; segment
G92 E0.0000
G1 F2400.000
G1 Z6.000
G1 X183.250 Y112.000
G1 X183.250 Y78.700 E1.1037 
G92 E0.0000
; segment
G92 E0.0000
G1 F2400.000
G1 Z6.000
G1 X183.250 Y78.700
G1 X183.250 Y75.000 E0.1226 
G92 E0.0000
; segment
G92 E0.0000
G1 F2400.000
G1 Z6.000
G1 X183.250 Y75.000
G1 X183.250 Y66.250 E0.2900 
G1 X182.750 Y66.250 E0.3066 
G1 X182.750 Y75.000 E0.5966 
G92 E0.0000
; segment
G92 E0.0000
G1 F2400.000
G1 Z6.000
G1 X182.750 Y75.000
G1 X182.750 Y108.300 E1.1037 
G92 E0.0000
; segment
G92 E0.0000
G1 F2400.000
G1 Z6.000
G1 X182.750 Y108.300
G1 X182.750 Y112.000 E0.1226 
G92 E0.0000
; segment
G92 E0.0000
G1 F2400.000
G1 Z6.000
G1 X182.750 Y112.000
G1 X182.750 Y120.750 E0.2900 
G1 X182.250 Y120.750 E0.3066 
G1 X182.250 Y112.000 E0.5966 
G92 E0.0000
; segment
G92 E0.0000
G1 F2400.000
G1 Z6.000
G1 X182.250 Y112.000
G1 X182.250 Y78.700 E1.1037 
G92 E0.0000
; segment
G92 E0.0000
G1 F2400.000
G1 Z6.000
G1 X182.250 Y78.700
G1 X182.250 Y75.000 E0.1226 
G92 E0.0000
; segment
G92 E0.0000
G1 F2400.000
G1 Z6.000
G1 X182.250 Y75.000
G1 X182.250 Y66.250 E0.2900 
G1 X181.750 Y66.250 E0.3066 
G1 X181.750 Y75.000 E0.5966 
G92 E0.0000
; segment
G92 E0.0000
G1 F2400.000
G1 Z6.000
G1 X181.750 Y75.000
G1 X181.750 Y108.300 E1.1037 
G92 E0.0000
; segment
G92 E0.0000
G1 F2400.000
G1 Z6.000
G1 X181.750 Y108.300
G1 X181.750 Y112.000 E0.1226 
G92 E0.0000
; segment
G92 E0.0000
G1 F2400.000
G1 Z6.000
G1 X181.750 Y112.000
G1 X181.750 Y120.750 E0.2900 
G1 X181.250 Y120.750 E0.3066 
G1 X181.250 Y112.000 E0.5966 
G92 E0.0000
; segment
G92 E0.0000
G1 F2400.000
G1 Z6.000
G1 X181.250 Y112.000
G1 X181.250 Y78.700 E1.1037 
G92 E0.0000
; segment
G92 E0.0000
G1 F2400.000
G1 Z6.000
G1 X181.250 Y78.700
G1 X181.250 Y75.000 E0.1226 
G92 E0.0000
; segment
G92 E0.0000
G1 F2400.000
G1 Z6.000
G1 X181.250 Y75.000
G1 X181.250 Y66.250 E0.2900 
G1 X180.750 Y66.250 E0.3066 
G1 X180.750 Y75.000 E0.5966 
G92 E0.0000
; segment
G92 E0.0000
G1 F2400.000
G1 Z6.000
G1 X180.750 Y75.000
G1 X180.750 Y108.300 E1.1037 
G92 E0.0000
; segment
G92 E0.0000
G1 F2400.000
G1 Z6.000
G1 X180.750 Y108.300
G1 X180.750 Y112.000 E0.1226 
G92 E0.0000
; segment
G92 E0.0000
G1 F2400.000
G1 Z6.000
G1 X180.750 Y112.000
G1 X180.750 Y120.750 E0.2900 
G1 X180.250 Y120.750 E0.3066 
G1 X180.250 Y112.000 E0.5966 
G92 E0.0000
; segment
G92 E0.0000
G1 F2400.000
G1 Z6.000
G1 X180.250 Y112.000
G1 X180.250 Y78.700 E1.1037 
G92 E0.0000
; segment
G92 E0.0000
G1 F2400.000
G1 Z6.000
G1 X180.250 Y78.700
G1 X180.250 Y75.000 E0.1226 
G92 E0.0000
; segment
G92 E0.0000
G1 F2400.000
G1 Z6.000
G1 X180.250 Y75.000
G1 X180.250 Y66.250 E0.2900 
G1 X179.750 Y66.250 E0.3066 
G1 X179.750 Y75.000 E0.5966 
G92 E0.0000
; segment
G92 E0.0000
G1 F2400.000
G1 Z6.000
G1 X179.750 Y75.000
G1 X179.750 Y108.300 E1.1037 
G92 E0.0000
; segment
G92 E0.0000
G1 F2400.000
G1 Z6.000
G1 X179.750 Y108.300
G1 X179.750 Y112.000 E0.1226 
G92 E0.0000
; segment
G92 E0.0000
G1 F2400.000
G1 Z6.000
G1 X179.750 Y112.000
G1 X179.750 Y120.750 E0.2900 
G1 X179.250 Y120.750 E0.3066 
G1 X179.250 Y112.000 E0.5966 
G92 E0.0000
; segment
G92 E0.0000
G1 F2400.000
G1 Z6.000
G1 X179.250 Y112.000
G1 X179.250 Y78.700 E1.1037 
G92 E0.0000
; segment
G92 E0.0000
G1 F2400.000
G1 Z6.000
G1 X179.250 Y78.700
G1 X179.250 Y75.000 E0.1226 
G92 E0.0000
; segment
G92 E0.0000
G1 F2400.000
G1 Z6.000
G1 X179.250 Y75.000
G1 X179.250 Y66.250 E0.2900 
G1 X178.750 Y66.250 E0.3066 
G1 X178.750 Y75.000 E0.5966 
G92 E0.0000
; segment
G92 E0.0000
G1 F2400.000
G1 Z6.000
G1 X178.750 Y75.000
G1 X178.750 Y108.300 E1.1037 
G92 E0.0000
; segment
G92 E0.0000
G1 F2400.000
G1 Z6.000
G1 X178.750 Y108.300
G1 X178.750 Y112.000 E0.1226 
G92 E0.0000
; segment
G92 E0.0000
G1 F2400.000
G1 Z6.000
G1 X178.750 Y112.000
G1 X178.750 Y120.750 E0.2900 
G1 X178.250 Y120.750 E0.3066 
G1 X178.250 Y112.000 E0.5966 
G92 E0.0000
; segment
G92 E0.0000
G1 F2400.000
G1 Z6.000
G1 X178.250 Y112.000
G1 X178.250 Y78.700 E1.1037 
G92 E0.0000
; segment
G92 E0.0000
G1 F2400.000
G1 Z6.000
G1 X178.250 Y78.700
G1 X178.250 Y75.000 E0.1226 
G92 E0.0000
; segment
G92 E0.0000
G1 F2400.000
G1 Z6.000
G1 X178.250 Y75.000
G1 X178.250 Y66.250 E0.2900 
G1 X177.750 Y66.250 E0.3066 
G1 X177.750 Y75.000 E0.5966 
G92 E0.0000
; segment
G92 E0.0000
G1 F2400.000
G1 Z6.000
G1 X177.750 Y75.000
G1 X177.750 Y108.300 E1.1037 
G92 E0.0000
; segment
G92 E0.0000
G1 F2400.000
G1 Z6.000
G1 X177.750 Y108.300
G1 X177.750 Y112.000 E0.1226 
G92 E0.0000
; segment
G92 E0.0000
G1 F2400.000
G1 Z6.000
G1 X177.750 Y112.000
G1 X177.750 Y120.750 E0.2900 
G1 X177.250 Y120.750 E0.3066 
G1 X177.250 Y112.000 E0.5966 
G92 E0.0000
; segment
G92 E0.0000
G1 F2400.000
G1 Z6.000
G1 X177.250 Y112.000
G1 X177.250 Y78.700 E1.1037 
G92 E0.0000
; segment
G92 E0.0000
G1 F2400.000
G1 Z6.000
G1 X177.250 Y78.700
G1 X177.250 Y75.000 E0.1226 
G92 E0.0000
; segment
G92 E0.0000
G1 F2400.000
G1 Z6.000
G1 X177.250 Y75.000
G1 X177.250 Y66.250 E0.2900 
G1 X176.750 Y66.250 E0.3066 
G1 X176.750 Y75.000 E0.5966 
G92 E0.0000
; segment
G92 E0.0000
G1 F2400.000
G1 Z6.000
G1 X176.750 Y75.000
G1 X176.750 Y108.300 E1.1037 
G92 E0.0000
; segment
G92 E0.0000
G1 F2400.000
G1 Z6.000
G1 X176.750 Y108.300
G1 X176.750 Y112.000 E0.1226 
G92 E0.0000
; segment
G92 E0.0000
G1 F2400.000
G1 Z6.000
G1 X176.750 Y112.000
G1 X176.750 Y120.750 E0.2900 
G1 X176.250 Y120.750 E0.3066 
G1 X176.250 Y112.000 E0.5966 
G92 E0.0000
; segment
G92 E0.0000
G1 F2400.000
G1 Z6.000
G1 X176.250 Y112.000
G1 X176.250 Y78.700 E1.1037 
G92 E0.0000
; segment
G92 E0.0000
G1 F2400.000
G1 Z6.000
G1 X176.250 Y78.700
G1 X176.250 Y75.000 E0.1226 
G92 E0.0000
; segment
G92 E0.0000
G1 F2400.000
G1 Z6.000
G1 X176.250 Y75.000
G1 X176.250 Y66.250 E0.2900 
G1 X175.750 Y66.250 E0.3066 
G1 X175.750 Y75.000 E0.5966 
G92 E0.0000
; segment
G92 E0.0000
G1 F2400.000
G1 Z6.000
G1 X175.750 Y75.000
G1 X175.750 Y108.300 E1.1037 
G92 E0.0000
; segment
G92 E0.0000
G1 F2400.000
G1 Z6.000
G1 X175.750 Y108.300
G1 X175.750 Y112.000 E0.1226 
G92 E0.0000
; segment
G92 E0.0000
G1 F2400.000
G1 Z6.000
G1 X175.750 Y112.000
G1 X175.750 Y120.750 E0.2900 
G1 X175.250 Y120.750 E0.3066 
G1 X175.250 Y112.000 E0.5966 
G92 E0.0000
; segment
G92 E0.0000
G1 F2400.000
G1 Z6.000
G1 X175.250 Y112.000
G1 X175.250 Y78.700 E1.1037 
G92 E0.0000
; segment
G92 E0.0000
G1 F2400.000
G1 Z6.000
G1 X175.250 Y78.700
G1 X175.250 Y75.000 E0.1226 
G92 E0.0000
; segment
G92 E0.0000
G1 F2400.000
G1 Z6.000
G1 X175.250 Y75.000
G1 X175.250 Y66.250 E0.2900 
G1 X174.750 Y66.250 E0.3066 
G1 X174.750 Y75.000 E0.5966 
G92 E0.0000
; segment
G92 E0.0000
G1 F2400.000
G1 Z6.000
G1 X174.750 Y75.000
G1 X174.750 Y108.300 E1.1037 
G92 E0.0000
; segment
G92 E0.0000
G1 F2400.000
G1 Z6.000
G1 X174.750 Y108.300
G1 X174.750 Y112.000 E0.1226 
G92 E0.0000
; segment
G92 E0.0000
G1 F2400.000
G1 Z6.000
G1 X174.750 Y112.000
G1 X174.750 Y120.750 E0.2900 
G1 X174.250 Y120.750 E0.3066 
G1 X174.250 Y112.000 E0.5966 
G92 E0.0000
; segment
G92 E0.0000
G1 F2400.000
G1 Z6.000
G1 X174.250 Y112.000
G1 X174.250 Y78.700 E1.1037 
G92 E0.0000
; segment
G92 E0.0000
G1 F2400.000
G1 Z6.000
G1 X174.250 Y78.700
G1 X174.250 Y75.000 E0.1226 
G92 E0.0000
; segment
G92 E0.0000
G1 F2400.000
G1 Z6.000
G1 X174.250 Y75.000
G1 X174.250 Y66.250 E0.2900 
G1 X173.750 Y66.250 E0.3066 
G1 X173.750 Y75.000 E0.5966 
G92 E0.0000
; segment
G92 E0.0000
G1 F2400.000
G1 Z6.000
G1 X173.750 Y75.000
G1 X173.750 Y108.300 E1.1037 
G92 E0.0000
; segment
G92 E0.0000
G1 F2400.000
G1 Z6.000
G1 X173.750 Y108.300
G1 X173.750 Y112.000 E0.1226 
G92 E0.0000
; segment
G92 E0.0000
G1 F2400.000
G1 Z6.000
G1 X173.750 Y112.000
G1 X173.750 Y120.750 E0.2900 
G1 X173.250 Y120.750 E0.3066 
G1 X173.250 Y112.000 E0.5966 
G92 E0.0000
; segment
G92 E0.0000
G1 F2400.000
G1 Z6.000
G1 X173.250 Y112.000
G1 X173.250 Y78.700 E1.1037 
G92 E0.0000
; segment
G92 E0.0000
G1 F2400.000
G1 Z6.000
G1 X173.250 Y78.700
G1 X173.250 Y75.000 E0.1226 
G92 E0.0000
; segment
G92 E0.0000
G1 F2400.000
G1 Z6.000
G1 X173.250 Y75.000
G1 X173.250 Y66.250 E0.2900 
G1 X172.750 Y66.250 E0.3066 
G1 X172.750 Y75.000 E0.5966 
G92 E0.0000
; segment
G92 E0.0000
G1 F2400.000
G1 Z6.000
G1 X172.750 Y75.000
G1 X172.750 Y108.300 E1.1037 
G92 E0.0000
; segment
G92 E0.0000
G1 F2400.000
G1 Z6.000
G1 X172.750 Y108.300
G1 X172.750 Y112.000 E0.1226 
G92 E0.0000
; segment
G92 E0.0000
G1 F2400.000
G1 Z6.000
G1 X172.750 Y112.000
G1 X172.750 Y120.750 E0.2900 
G1 X172.250 Y120.750 E0.3066 
G1 X172.250 Y112.000 E0.5966 
G92 E0.0000
; segment
G92 E0.0000
G1 F2400.000
G1 Z6.000
G1 X172.250 Y112.000
G1 X172.250 Y78.700 E1.1037 
G92 E0.0000
; segment
G92 E0.0000
G1 F2400.000
G1 Z6.000
G1 X172.250 Y78.700
G1 X172.250 Y75.000 E0.1226 
G92 E0.0000
; segment
G92 E0.0000
G1 F2400.000
G1 Z6.000
G1 X172.250 Y75.000
G1 X172.250 Y66.250 E0.2900 
G1 X171.750 Y66.250 E0.3066 
G1 X171.750 Y75.000 E0.5966 
G92 E0.0000
; segment
G92 E0.0000
G1 F2400.000
G1 Z6.000
G1 X171.750 Y75.000
G1 X171.750 Y108.300 E1.1037 
G92 E0.0000
; segment
G92 E0.0000
G1 F2400.000
G1 Z6.000
G1 X171.750 Y108.300
G1 X171.750 Y112.000 E0.1226 
G92 E0.0000
; segment
G92 E0.0000
G1 F2400.000
G1 Z6.000
G1 X171.750 Y112.000
G1 X171.750 Y120.750 E0.2900 
G1 X171.250 Y120.750 E0.3066 
G1 X171.250 Y112.000 E0.5966 
G92 E0.0000
; segment
G92 E0.0000
G1 F2400.000
G1 Z6.000
G1 X171.250 Y112.000
G1 X171.250 Y78.700 E1.1037 
G92 E0.0000
; segment
G92 E0.0000
G1 F2400.000
G1 Z6.000
G1 X171.250 Y78.700
G1 X171.250 Y75.000 E0.1226 
G92 E0.0000
; segment
G92 E0.0000
G1 F2400.000
G1 Z6.000
G1 X171.250 Y75.000
G1 X171.250 Y66.250 E0.2900 
G92 E0.0000
; jumping
G92 E3.0000
G1 E0 F2400
G1 X170.250 Y65.250 F12000.000
G1 E3 F2400
G92 E0.0000
; segment
G92 E0.0000
G1 F2400.000
G1 Z6.200
G1 X170.250 Y65.250
G1 X170.250 Y75.000 E0.3232 
G92 E0.0000
; segment
G92 E0.0000
G1 F2400.000
G1 Z6.200
G1 X170.250 Y75.000
G1 X170.250 Y108.300 E1.1037 
G92 E0.0000
; segment
G92 E0.0000
G1 F2400.000
G1 Z6.200
G1 X170.250 Y108.300
G1 X170.250 Y112.000 E0.1226 
G92 E0.0000
; segment
G92 E0.0000
G1 F2400.000
G1 Z6.200
G1 X170.250 Y112.000
G1 X170.250 Y121.750 E0.3232 
G1 X189.750 Y121.750 E0.9695 
G1 X189.750 Y112.000 E1.2927 
G92 E0.0000
; segment
G92 E0.0000
G1 F2400.000
G1 Z6.200
G1 X189.750 Y112.000
G1 X189.750 Y78.700 E1.1037 
G92 E0.0000
; segment
G92 E0.0000
G1 F2400.000
G1 Z6.200
G1 X189.750 Y78.700
G1 X189.750 Y75.000 E0.1226 
G92 E0.0000
; segment
G92 E0.0000
G1 F2400.000
G1 Z6.200
G1 X189.750 Y75.000
G1 X189.750 Y65.250 E0.3232 
G1 X170.250 Y65.250 E0.9695 
G92 E0.0000
; segment
G92 E0.0000
G1 F2400.000
G1 Z6.200
G1 X170.750 Y65.750
G1 X170.750 Y75.000 E0.3066 
G92 E0.0000
; segment
G92 E0.0000
G1 F2400.000
G1 Z6.200
G1 X170.750 Y75.000
G1 X170.750 Y108.300 E1.1037 
G92 E0.0000
; segment
G92 E0.0000
G1 F2400.000
G1 Z6.200
G1 X170.750 Y108.300
G1 X170.750 Y112.000 E0.1226 
G92 E0.0000
; segment
G92 E0.0000
G1 F2400.000
G1 Z6.200
G1 X170.750 Y112.000
G1 X170.750 Y121.250 E0.3066 
G1 X189.250 Y121.250 E0.9198 
G1 X189.250 Y112.000 E1.2264 
G92 E0.0000
; segment
G92 E0.0000
G1 F2400.000
G1 Z6.200
G1 X189.250 Y112.000
G1 X189.250 Y78.700 E1.1037 
G92 E0.0000
; segment
G92 E0.0000
G1 F2400.000
G1 Z6.200
G1 X189.250 Y78.700
G1 X189.250 Y75.000 E0.1226 
G92 E0.0000
; segment
G92 E0.0000
G1 F2400.000
G1 Z6.200
G1 X189.250 Y75.000
G1 X189.250 Y65.750 E0.3066 
G1 X170.750 Y65.750 E0.9198 
G92 E0.0000
; segment
G92 E0.0000
G1 F2400.000
G1 Z6.200
G1 X171.250 Y66.250
G1 X171.250 Y75.000 E0.2900 
G92 E0.0000
; segment
G92 E0.0000
G1 F2400.000
G1 Z6.200
G1 X171.250 Y75.000
G1 X171.250 Y108.300 E1.1037 
G92 E0.0000
; segment
G92 E0.0000
G1 F2400.000
G1 Z6.200
G1 X171.250 Y108.300
G1 X171.250 Y112.000 E0.1226 
G92 E0.0000
; segment
G92 E0.0000
G1 F2400.000
G1 Z6.200
G1 X171.250 Y112.000
G1 X171.250 Y120.750 E0.2900 
G1 X171.750 Y120.750 E0.3066 
G1 X171.750 Y112.000 E0.5966 
G92 E0.0000
; segment
G92 E0.0000
G1 F2400.000
G1 Z6.200
G1 X171.750 Y112.000
G1 X171.750 Y78.700 E1.1037 
G92 E0.0000
; segment
G92 E0.0000
G1 F2400.000
G1 Z6.200
G1 X171.750 Y78.700
G1 X171.750 Y75.000 E0.1226 
G92 E0.0000
; segment
G92 E0.0000
G1 F2400.000
G1 Z6.200
G1 X171.750 Y75.000
G1 X171.750 Y66.250 E0.2900 
G1 X172.250 Y66.250 E0.3066 
G1 X172.250 Y75.000 E0.5966 
G92 E0.0000
; segment
G92 E0.0000
G1 F2400.000
G1 Z6.200
G1 X172.250 Y75.000
G1 X172.250 Y108.300 E1.1037 
G92 E0.0000
; segment
G92 E0.0000
G1 F2400.000
G1 Z6.200
G1 X172.250 Y108.300
G1 X172.250 Y112.000 E0.1226 
G92 E0.0000
; segment
G92 E0.0000
G1 F2400.000
G1 Z6.200
G1 X172.250 Y112.000
G1 X172.250 Y120.750 E0.2900 
G1 X172.750 Y120.750 E0.3066 
G1 X172.750 Y112.000 E0.5966 
G92 E0.0000
; segment
G92 E0.0000
G1 F2400.000
G1 Z6.200
G1 X172.750 Y112.000
G1 X172.750 Y78.700 E1.1037 
G92 E0.0000
; segment
G92 E0.0000
G1 F2400.000
G1 Z6.200
G1 X172.750 Y78.700
G1 X172.750 Y75.000 E0.1226 
G92 E0.0000
; segment
G92 E0.0000
G1 F2400.000
G1 Z6.200
G1 X172.750 Y75.000
G1 X172.750 Y66.250 E0.2900 
G1 X173.250 Y66.250 E0.3066 
G1 X173.250 Y75.000 E0.5966 
G92 E0.0000
; segment
G92 E0.0000
G1 F2400.000
G1 Z6.200
G1 X173.250 Y75.000
G1 X173.250 Y108.300 E1.1037 
G92 E0.0000
; segment
G92 E0.0000
G1 F2400.000
G1 Z6.200
G1 X173.250 Y108.300
G1 X173.250 Y112.000 E0.1226 
G92 E0.0000
; segment
G92 E0.0000
G1 F2400.000
G1 Z6.200
G1 X173.250 Y112.000
G1 X173.250 Y120.750 E0.2900 
G1 X173.750 Y120.750 E0.3066 
G1 X173.750 Y112.000 E0.5966 
G92 E0.0000
; segment
G92 E0.0000
G1 F2400.000
G1 Z6.200
G1 X173.750 Y112.000
G1 X173.750 Y78.700 E1.1037 
G92 E0.0000
; segment
G92 E0.0000
G1 F2400.000
G1 Z6.200
G1 X173.750 Y78.700
G1 X173.750 Y75.000 E0.1226 
G92 E0.0000
; segment
G92 E0.0000
G1 F2400.000
G1 Z6.200
G1 X173.750 Y75.000
G1 X173.750 Y66.250 E0.2900 
G1 X174.250 Y66.250 E0.3066 
G1 X174.250 Y75.000 E0.5966 
G92 E0.0000
; segment
G92 E0.0000
G1 F2400.000
G1 Z6.200
G1 X174.250 Y75.000
G1 X174.250 Y108.300 E1.1037 
G92 E0.0000
; segment
G92 E0.0000
G1 F2400.000
G1 Z6.200
G1 X174.250 Y108.300
G1 X174.250 Y112.000 E0.1226 
G92 E0.0000
; segment
G92 E0.0000
G1 F2400.000
G1 Z6.200
G1 X174.250 Y112.000
G1 X174.250 Y120.750 E0.2900 
G1 X174.750 Y120.750 E0.3066 
G1 X174.750 Y112.000 E0.5966 
G92 E0.0000
; segment
G92 E0.0000
G1 F2400.000
G1 Z6.200
G1 X174.750 Y112.000
G1 X174.750 Y78.700 E1.1037 
G92 E0.0000
; segment
G92 E0.0000
G1 F2400.000
G1 Z6.200
G1 X174.750 Y78.700
G1 X174.750 Y75.000 E0.1226 
G92 E0.0000
; segment
G92 E0.0000
G1 F2400.000
G1 Z6.200
G1 X174.750 Y75.000
G1 X174.750 Y66.250 E0.2900 
G1 X175.250 Y66.250 E0.3066 
G1 X175.250 Y75.000 E0.5966 
G92 E0.0000
; segment
G92 E0.0000
G1 F2400.000
G1 Z6.200
G1 X175.250 Y75.000
G1 X175.250 Y108.300 E1.1037 
G92 E0.0000
; segment
G92 E0.0000
G1 F2400.000
G1 Z6.200
G1 X175.250 Y108.300
G1 X175.250 Y112.000 E0.1226 
G92 E0.0000
; segment
G92 E0.0000
G1 F2400.000
G1 Z6.200
G1 X175.250 Y112.000
G1 X175.250 Y120.750 E0.2900 
G1 X175.750 Y120.750 E0.3066 
G1 X175.750 Y112.000 E0.5966 
G92 E0.0000
; segment
G92 E0.0000
G1 F2400.000
G1 Z6.200
G1 X175.750 Y112.000
G1 X175.750 Y78.700 E1.1037 
G92 E0.0000
; segment
G92 E0.0000
G1 F2400.000
G1 Z6.200
G1 X175.750 Y78.700
G1 X175.750 Y75.000 E0.1226 
G92 E0.0000
; segment
G92 E0.0000
G1 F2400.000
G1 Z6.200
G1 X175.750 Y75.000
G1 X175.750 Y66.250 E0.2900 
G1 X176.250 Y66.250 E0.3066 
G1 X176.250 Y75.000 E0.5966 
G92 E0.0000
; segment
G92 E0.0000
G1 F2400.000
G1 Z6.200
G1 X176.250 Y75.000
G1 X176.250 Y108.300 E1.1037 
G92 E0.0000
; segment
G92 E0.0000
G1 F2400.000
G1 Z6.200
G1 X176.250 Y108.300
G1 X176.250 Y112.000 E0.1226 
G92 E0.0000
; segment
G92 E0.0000
G1 F2400.000
G1 Z6.200
G1 X176.250 Y112.000
G1 X176.250 Y120.750 E0.2900 
G1 X176.750 Y120.750 E0.3066 
G1 X176.750 Y112.000 E0.5966 
G92 E0.0000
; segment
G92 E0.0000
G1 F2400.000
G1 Z6.200
G1 X176.750 Y112.000
G1 X176.750 Y78.700 E1.1037 
G92 E0.0000
; segment
G92 E0.0000
G1 F2400.000
G1 Z6.200
G1 X176.750 Y78.700
G1 X176.750 Y75.000 E0.1226 
G92 E0.0000
; segment
G92 E0.0000
G1 F2400.000
G1 Z6.200
G1 X176.750 Y75.000
G1 X176.750 Y66.250 E0.2900 
G1 X177.250 Y66.250 E0.3066 
G1 X177.250 Y75.000 E0.5966 
G92 E0.0000
; segment
G92 E0.0000
G1 F2400.000
G1 Z6.200
G1 X177.250 Y75.000
G1 X177.250 Y108.300 E1.1037 
G92 E0.0000
; segment
G92 E0.0000
G1 F2400.000
G1 Z6.200
G1 X177.250 Y108.300
G1 X177.250 Y112.000 E0.1226 
G92 E0.0000
; segment
G92 E0.0000
G1 F2400.000
G1 Z6.200
G1 X177.250 Y112.000
G1 X177.250 Y120.750 E0.2900 
G1 X177.750 Y120.750 E0.3066 
G1 X177.750 Y112.000 E0.5966 
G92 E0.0000
; segment
G92 E0.0000
G1 F2400.000
G1 Z6.200
G1 X177.750 Y112.000
G1 X177.750 Y78.700 E1.1037 
G92 E0.0000
; segment
G92 E0.0000
G1 F2400.000
G1 Z6.200
G1 X177.750 Y78.700
G1 X177.750 Y75.000 E0.1226 
G92 E0.0000
; segment
G92 E0.0000
G1 F2400.000
G1 Z6.200
G1 X177.750 Y75.000
G1 X177.750 Y66.250 E0.2900 
G1 X178.250 Y66.250 E0.3066 
G1 X178.250 Y75.000 E0.5966 
G92 E0.0000
; segment
G92 E0.0000
G1 F2400.000
G1 Z6.200
G1 X178.250 Y75.000
G1 X178.250 Y108.300 E1.1037 
G92 E0.0000
; segment
G92 E0.0000
G1 F2400.000
G1 Z6.200
G1 X178.250 Y108.300
G1 X178.250 Y112.000 E0.1226 
G92 E0.0000
; segment
G92 E0.0000
G1 F2400.000
G1 Z6.200
G1 X178.250 Y112.000
G1 X178.250 Y120.750 E0.2900 
G1 X178.750 Y120.750 E0.3066 
G1 X178.750 Y112.000 E0.5966 
G92 E0.0000
; segment
G92 E0.0000
G1 F2400.000
G1 Z6.200
G1 X178.750 Y112.000
G1 X178.750 Y78.700 E1.1037 
G92 E0.0000
; segment
G92 E0.0000
G1 F2400.000
G1 Z6.200
G1 X178.750 Y78.700
G1 X178.750 Y75.000 E0.1226 
G92 E0.0000
; segment
G92 E0.0000
G1 F2400.000
G1 Z6.200
G1 X178.750 Y75.000
G1 X178.750 Y66.250 E0.2900 
G1 X179.250 Y66.250 E0.3066 
G1 X179.250 Y75.000 E0.5966 
G92 E0.0000
; segment
G92 E0.0000
G1 F2400.000
G1 Z6.200
G1 X179.250 Y75.000
G1 X179.250 Y108.300 E1.1037 
G92 E0.0000
; segment
G92 E0.0000
G1 F2400.000
G1 Z6.200
G1 X179.250 Y108.300
G1 X179.250 Y112.000 E0.1226 
G92 E0.0000
; segment
G92 E0.0000
G1 F2400.000
G1 Z6.200
G1 X179.250 Y112.000
G1 X179.250 Y120.750 E0.2900 
G1 X179.750 Y120.750 E0.3066 
G1 X179.750 Y112.000 E0.5966 
G92 E0.0000
; segment
G92 E0.0000
G1 F2400.000
G1 Z6.200
G1 X179.750 Y112.000
G1 X179.750 Y78.700 E1.1037 
G92 E0.0000
; segment
G92 E0.0000
G1 F2400.000
G1 Z6.200
G1 X179.750 Y78.700
G1 X179.750 Y75.000 E0.1226 
G92 E0.0000
; segment
G92 E0.0000
G1 F2400.000
G1 Z6.200
G1 X179.750 Y75.000
G1 X179.750 Y66.250 E0.2900 
G1 X180.250 Y66.250 E0.3066 
G1 X180.250 Y75.000 E0.5966 
G92 E0.0000
; segment
G92 E0.0000
G1 F2400.000
G1 Z6.200
G1 X180.250 Y75.000
G1 X180.250 Y108.300 E1.1037 
G92 E0.0000
; segment
G92 E0.0000
G1 F2400.000
G1 Z6.200
G1 X180.250 Y108.300
G1 X180.250 Y112.000 E0.1226 
G92 E0.0000
; segment
G92 E0.0000
G1 F2400.000
G1 Z6.200
G1 X180.250 Y112.000
G1 X180.250 Y120.750 E0.2900 
G1 X180.750 Y120.750 E0.3066 
G1 X180.750 Y112.000 E0.5966 
G92 E0.0000
; segment
G92 E0.0000
G1 F2400.000
G1 Z6.200
G1 X180.750 Y112.000
G1 X180.750 Y78.700 E1.1037 
G92 E0.0000
; segment
G92 E0.0000
G1 F2400.000
G1 Z6.200
G1 X180.750 Y78.700
G1 X180.750 Y75.000 E0.1226 
G92 E0.0000
; segment
G92 E0.0000
G1 F2400.000
G1 Z6.200
G1 X180.750 Y75.000
G1 X180.750 Y66.250 E0.2900 
G1 X181.250 Y66.250 E0.3066 
G1 X181.250 Y75.000 E0.5966 
G92 E0.0000
; segment
G92 E0.0000
G1 F2400.000
G1 Z6.200
G1 X181.250 Y75.000
G1 X181.250 Y108.300 E1.1037 
G92 E0.0000
; segment
G92 E0.0000
G1 F2400.000
G1 Z6.200
G1 X181.250 Y108.300
G1 X181.250 Y112.000 E0.1226 
G92 E0.0000
; segment
G92 E0.0000
G1 F2400.000
G1 Z6.200
G1 X181.250 Y112.000
G1 X181.250 Y120.750 E0.2900 
G1 X181.750 Y120.750 E0.3066 
G1 X181.750 Y112.000 E0.5966 
G92 E0.0000
; segment
G92 E0.0000
G1 F2400.000
G1 Z6.200
G1 X181.750 Y112.000
G1 X181.750 Y78.700 E1.1037 
G92 E0.0000
; segment
G92 E0.0000
G1 F2400.000
G1 Z6.200
G1 X181.750 Y78.700
G1 X181.750 Y75.000 E0.1226 
G92 E0.0000
; segment
G92 E0.0000
G1 F2400.000
G1 Z6.200
G1 X181.750 Y75.000
G1 X181.750 Y66.250 E0.2900 
G1 X182.250 Y66.250 E0.3066 
G1 X182.250 Y75.000 E0.5966 
G92 E0.0000
; segment
G92 E0.0000
G1 F2400.000
G1 Z6.200
G1 X182.250 Y75.000
G1 X182.250 Y108.300 E1.1037 
G92 E0.0000
; segment
G92 E0.0000
G1 F2400.000
G1 Z6.200
G1 X182.250 Y108.300
G1 X182.250 Y112.000 E0.1226 
G92 E0.0000
; segment
G92 E0.0000
G1 F2400.000
G1 Z6.200
G1 X182.250 Y112.000
G1 X182.250 Y120.750 E0.2900 
G1 X182.750 Y120.750 E0.3066 
G1 X182.750 Y112.000 E0.5966 
G92 E0.0000
; segment
G92 E0.0000
G1 F2400.000
G1 Z6.200
G1 X182.750 Y112.000
G1 X182.750 Y78.700 E1.1037 
G92 E0.0000
; segment
G92 E0.0000
G1 F2400.000
G1 Z6.200
G1 X182.750 Y78.700
G1 X182.750 Y75.000 E0.1226 
G92 E0.0000
; segment
G92 E0.0000
G1 F2400.000
G1 Z6.200
G1 X182.750 Y75.000
G1 X182.750 Y66.250 E0.2900 
G1 X183.250 Y66.250 E0.3066 
G1 X183.250 Y75.000 E0.5966 
G92 E0.0000
; segment
G92 E0.0000
G1 F2400.000
G1 Z6.200
G1 X183.250 Y75.000
G1 X183.250 Y108.300 E1.1037 
G92 E0.0000
; segment
G92 E0.0000
G1 F2400.000
G1 Z6.200
G1 X183.250 Y108.300
G1 X183.250 Y112.000 E0.1226 
G92 E0.0000
; segment
G92 E0.0000
G1 F2400.000
G1 Z6.200
G1 X183.250 Y112.000
G1 X183.250 Y120.750 E0.2900 
G1 X183.750 Y120.750 E0.3066 
G1 X183.750 Y112.000 E0.5966 
G92 E0.0000
; segment
G92 E0.0000
G1 F2400.000
G1 Z6.200
G1 X183.750 Y112.000
G1 X183.750 Y78.700 E1.1037 
G92 E0.0000
; segment
G92 E0.0000
G1 F2400.000
G1 Z6.200
G1 X183.750 Y78.700
G1 X183.750 Y75.000 E0.1226 
G92 E0.0000
; segment
G92 E0.0000
G1 F2400.000
G1 Z6.200
G1 X183.750 Y75.000
G1 X183.750 Y66.250 E0.2900 
G1 X184.250 Y66.250 E0.3066 
G1 X184.250 Y75.000 E0.5966 
G92 E0.0000
; segment
G92 E0.0000
G1 F2400.000
G1 Z6.200
G1 X184.250 Y75.000
G1 X184.250 Y108.300 E1.1037 
G92 E0.0000
; segment
G92 E0.0000
G1 F2400.000
G1 Z6.200
G1 X184.250 Y108.300
G1 X184.250 Y112.000 E0.1226 
G92 E0.0000
; segment
G92 E0.0000
G1 F2400.000
G1 Z6.200
G1 X184.250 Y112.000
G1 X184.250 Y120.750 E0.2900 
G1 X184.750 Y120.750 E0.3066 
G1 X184.750 Y112.000 E0.5966 
G92 E0.0000
; segment
G92 E0.0000
G1 F2400.000
G1 Z6.200
G1 X184.750 Y112.000
G1 X184.750 Y78.700 E1.1037 
G92 E0.0000
; segment
G92 E0.0000
G1 F2400.000
G1 Z6.200
G1 X184.750 Y78.700
G1 X184.750 Y75.000 E0.1226 
G92 E0.0000
; segment
G92 E0.0000
G1 F2400.000
G1 Z6.200
G1 X184.750 Y75.000
G1 X184.750 Y66.250 E0.2900 
G1 X185.250 Y66.250 E0.3066 
G1 X185.250 Y75.000 E0.5966 
G92 E0.0000
; segment
G92 E0.0000
G1 F2400.000
G1 Z6.200
G1 X185.250 Y75.000
G1 X185.250 Y108.300 E1.1037 
G92 E0.0000
; segment
G92 E0.0000
G1 F2400.000
G1 Z6.200
G1 X185.250 Y108.300
G1 X185.250 Y112.000 E0.1226 
G92 E0.0000
; segment
G92 E0.0000
G1 F2400.000
G1 Z6.200
G1 X185.250 Y112.000
G1 X185.250 Y120.750 E0.2900 
G1 X185.750 Y120.750 E0.3066 
G1 X185.750 Y112.000 E0.5966 
G92 E0.0000
; segment
G92 E0.0000
G1 F2400.000
G1 Z6.200
G1 X185.750 Y112.000
G1 X185.750 Y78.700 E1.1037 
G92 E0.0000
; segment
G92 E0.0000
G1 F2400.000
G1 Z6.200
G1 X185.750 Y78.700
G1 X185.750 Y75.000 E0.1226 
G92 E0.0000
; segment
G92 E0.0000
G1 F2400.000
G1 Z6.200
G1 X185.750 Y75.000
G1 X185.750 Y66.250 E0.2900 
G1 X186.250 Y66.250 E0.3066 
G1 X186.250 Y75.000 E0.5966 
G92 E0.0000
; segment
G92 E0.0000
G1 F2400.000
G1 Z6.200
G1 X186.250 Y75.000
G1 X186.250 Y108.300 E1.1037 
G92 E0.0000
; segment
G92 E0.0000
G1 F2400.000
G1 Z6.200
G1 X186.250 Y108.300
G1 X186.250 Y112.000 E0.1226 
G92 E0.0000
; segment
G92 E0.0000
G1 F2400.000
G1 Z6.200
G1 X186.250 Y112.000
G1 X186.250 Y120.750 E0.2900 
G1 X186.750 Y120.750 E0.3066 
G1 X186.750 Y112.000 E0.5966 
G92 E0.0000
; segment
G92 E0.0000
G1 F2400.000
G1 Z6.200
G1 X186.750 Y112.000
G1 X186.750 Y78.700 E1.1037 
G92 E0.0000
; segment
G92 E0.0000
G1 F2400.000
G1 Z6.200
G1 X186.750 Y78.700
G1 X186.750 Y75.000 E0.1226 
G92 E0.0000
; segment
G92 E0.0000
G1 F2400.000
G1 Z6.200
G1 X186.750 Y75.000
G1 X186.750 Y66.250 E0.2900 
G1 X187.250 Y66.250 E0.3066 
G1 X187.250 Y75.000 E0.5966 
G92 E0.0000
; segment
G92 E0.0000
G1 F2400.000
G1 Z6.200
G1 X187.250 Y75.000
G1 X187.250 Y108.300 E1.1037 
G92 E0.0000
; segment
G92 E0.0000
G1 F2400.000
G1 Z6.200
G1 X187.250 Y108.300
G1 X187.250 Y112.000 E0.1226 
G92 E0.0000
; segment
G92 E0.0000
G1 F2400.000
G1 Z6.200
G1 X187.250 Y112.000
G1 X187.250 Y120.750 E0.2900 
G1 X187.750 Y120.750 E0.3066 
G1 X187.750 Y112.000 E0.5966 
G92 E0.0000
; segment
G92 E0.0000
G1 F2400.000
G1 Z6.200
G1 X187.750 Y112.000
G1 X187.750 Y78.700 E1.1037 
G92 E0.0000
; segment
G92 E0.0000
G1 F2400.000
G1 Z6.200
G1 X187.750 Y78.700
G1 X187.750 Y75.000 E0.1226 
G92 E0.0000
; segment
G92 E0.0000
G1 F2400.000
G1 Z6.200
G1 X187.750 Y75.000
G1 X187.750 Y66.250 E0.2900 
G1 X188.250 Y66.250 E0.3066 
G1 X188.250 Y75.000 E0.5966 
G92 E0.0000
; segment
G92 E0.0000
G1 F2400.000
G1 Z6.200
G1 X188.250 Y75.000
G1 X188.250 Y108.300 E1.1037 
G92 E0.0000
; segment
G92 E0.0000
G1 F2400.000
G1 Z6.200
G1 X188.250 Y108.300
G1 X188.250 Y112.000 E0.1226 
G92 E0.0000
; segment
G92 E0.0000
G1 F2400.000
G1 Z6.200
G1 X188.250 Y112.000
G1 X188.250 Y120.750 E0.2900 
G1 X188.750 Y120.750 E0.3066 
G1 X188.750 Y112.000 E0.5966 
G92 E0.0000
; segment
G92 E0.0000
G1 F2400.000
G1 Z6.200
G1 X188.750 Y112.000
G1 X188.750 Y78.700 E1.1037 
G92 E0.0000
; segment
G92 E0.0000
G1 F2400.000
G1 Z6.200
G1 X188.750 Y78.700
G1 X188.750 Y75.000 E0.1226 
G92 E0.0000
; segment
G92 E0.0000
G1 F2400.000
G1 Z6.200
G1 X188.750 Y75.000
G1 X188.750 Y66.250 E0.2900 
G92 E0.0000
; jumping
G92 E3.0000
G1 E0 F2400
G1 X189.750 Y65.250 F12000.000
G1 E3 F2400
G92 E0.0000
; segment
G92 E0.0000
G1 F2400.000
G1 Z6.400
G1 X189.750 Y65.250
G1 X170.250 Y65.250 E0.6463 
G1 X170.250 Y75.000 E0.9695 
G92 E0.0000
; segment
G92 E0.0000
G1 F2400.000
G1 Z6.400
G1 X170.250 Y75.000
G1 X170.250 Y108.300 E1.1037 
G92 E0.0000
; segment
G92 E0.0000
G1 F2400.000
G1 Z6.400
G1 X170.250 Y108.300
G1 X170.250 Y112.000 E0.1226 
G92 E0.0000
; segment
G92 E0.0000
G1 F2400.000
G1 Z6.400
G1 X170.250 Y112.000
G1 X170.250 Y121.750 E0.3232 
G1 X189.750 Y121.750 E0.9695 
G1 X189.750 Y112.000 E1.2927 
G92 E0.0000
; segment
G92 E0.0000
G1 F2400.000
G1 Z6.400
G1 X189.750 Y112.000
G1 X189.750 Y78.700 E1.1037 
G92 E0.0000
; segment
G92 E0.0000
G1 F2400.000
G1 Z6.400
G1 X189.750 Y78.700
G1 X189.750 Y75.000 E0.1226 
G92 E0.0000
; segment
G92 E0.0000
G1 F2400.000
G1 Z6.400
G1 X189.750 Y75.000
G1 X189.750 Y65.250 E0.3232 
G92 E0.0000
; segment
G92 E0.0000
G1 F2400.000
G1 Z6.400
G1 X189.250 Y65.750
G1 X170.750 Y65.750 E0.6132 
G1 X170.750 Y75.000 E0.9198 
G92 E0.0000
; segment
G92 E0.0000
G1 F2400.000
G1 Z6.400
G1 X170.750 Y75.000
G1 X170.750 Y108.300 E1.1037 
G92 E0.0000
; segment
G92 E0.0000
G1 F2400.000
G1 Z6.400
G1 X170.750 Y108.300
G1 X170.750 Y112.000 E0.1226 
G92 E0.0000
; segment
G92 E0.0000
G1 F2400.000
G1 Z6.400
G1 X170.750 Y112.000
G1 X170.750 Y121.250 E0.3066 
G1 X189.250 Y121.250 E0.9198 
G1 X189.250 Y112.000 E1.2264 
G92 E0.0000
; segment
G92 E0.0000
G1 F2400.000
G1 Z6.400
G1 X189.250 Y112.000
G1 X189.250 Y78.700 E1.1037 
G92 E0.0000
; segment
G92 E0.0000
G1 F2400.000
G1 Z6.400
G1 X189.250 Y78.700
G1 X189.250 Y75.000 E0.1226 
G92 E0.0000
; segment
G92 E0.0000
G1 F2400.000
G1 Z6.400
G1 X189.250 Y75.000
G1 X189.250 Y65.750 E0.3066 
G92 E0.0000
; segment
G92 E0.0000
G1 F2400.000
G1 Z6.400
G1 X188.750 Y66.250
G1 X188.750 Y75.000 E0.2900 
G92 E0.0000
; segment
G92 E0.0000
G1 F2400.000
G1 Z6.400
G1 X188.750 Y75.000
G1 X188.750 Y108.300 E1.1037 
G92 E0.0000
; segment
G92 E0.0000
G1 F2400.000
G1 Z6.400
G1 X188.750 Y108.300
G1 X188.750 Y112.000 E0.1226 
G92 E0.0000
; segment
G92 E0.0000
G1 F2400.000
G1 Z6.400
G1 X188.750 Y112.000
G1 X188.750 Y120.750 E0.2900 
G1 X188.250 Y120.750 E0.3066 
G1 X188.250 Y112.000 E0.5966 
G92 E0.0000
; segment
G92 E0.0000
G1 F2400.000
G1 Z6.400
G1 X188.250 Y112.000
G1 X188.250 Y78.700 E1.1037 
G92 E0.0000
; segment
G92 E0.0000
G1 F2400.000
G1 Z6.400
G1 X188.250 Y78.700
G1 X188.250 Y75.000 E0.1226 
G92 E0.0000
; segment
G92 E0.0000
G1 F2400.000
G1 Z6.400
G1 X188.250 Y75.000
G1 X188.250 Y66.250 E0.2900 
G1 X187.750 Y66.250 E0.3066 
G1 X187.750 Y75.000 E0.5966 
G92 E0.0000
; segment
G92 E0.0000
G1 F2400.000
G1 Z6.400
G1 X187.750 Y75.000
G1 X187.750 Y108.300 E1.1037 
G92 E0.0000
; segment
G92 E0.0000
G1 F2400.000
G1 Z6.400
G1 X187.750 Y108.300
G1 X187.750 Y112.000 E0.1226 
G92 E0.0000
; segment
G92 E0.0000
G1 F2400.000
G1 Z6.400
G1 X187.750 Y112.000
G1 X187.750 Y120.750 E0.2900 
G1 X187.250 Y120.750 E0.3066 
G1 X187.250 Y112.000 E0.5966 
G92 E0.0000
; segment
G92 E0.0000
G1 F2400.000
G1 Z6.400
G1 X187.250 Y112.000
G1 X187.250 Y78.700 E1.1037 
G92 E0.0000
; segment
G92 E0.0000
G1 F2400.000
G1 Z6.400
G1 X187.250 Y78.700
G1 X187.250 Y75.000 E0.1226 
G92 E0.0000
; segment
G92 E0.0000
G1 F2400.000
G1 Z6.400
G1 X187.250 Y75.000
G1 X187.250 Y66.250 E0.2900 
G1 X186.750 Y66.250 E0.3066 
G1 X186.750 Y75.000 E0.5966 
G92 E0.0000
; segment
G92 E0.0000
G1 F2400.000
G1 Z6.400
G1 X186.750 Y75.000
G1 X186.750 Y108.300 E1.1037 
G92 E0.0000
; segment
G92 E0.0000
G1 F2400.000
G1 Z6.400
G1 X186.750 Y108.300
G1 X186.750 Y112.000 E0.1226 
G92 E0.0000
; segment
G92 E0.0000
G1 F2400.000
G1 Z6.400
G1 X186.750 Y112.000
G1 X186.750 Y120.750 E0.2900 
G1 X186.250 Y120.750 E0.3066 
G1 X186.250 Y112.000 E0.5966 
G92 E0.0000
; segment
G92 E0.0000
G1 F2400.000
G1 Z6.400
G1 X186.250 Y112.000
G1 X186.250 Y78.700 E1.1037 
G92 E0.0000
; segment
G92 E0.0000
G1 F2400.000
G1 Z6.400
G1 X186.250 Y78.700
G1 X186.250 Y75.000 E0.1226 
G92 E0.0000
; segment
G92 E0.0000
G1 F2400.000
G1 Z6.400
G1 X186.250 Y75.000
G1 X186.250 Y66.250 E0.2900 
G1 X185.750 Y66.250 E0.3066 
G1 X185.750 Y75.000 E0.5966 
G92 E0.0000
; segment
G92 E0.0000
G1 F2400.000
G1 Z6.400
G1 X185.750 Y75.000
G1 X185.750 Y108.300 E1.1037 
G92 E0.0000
; segment
G92 E0.0000
G1 F2400.000
G1 Z6.400
G1 X185.750 Y108.300
G1 X185.750 Y112.000 E0.1226 
G92 E0.0000
; segment
G92 E0.0000
G1 F2400.000
G1 Z6.400
G1 X185.750 Y112.000
G1 X185.750 Y120.750 E0.2900 
G1 X185.250 Y120.750 E0.3066 
G1 X185.250 Y112.000 E0.5966 
G92 E0.0000
; segment
G92 E0.0000
G1 F2400.000
G1 Z6.400
G1 X185.250 Y112.000
G1 X185.250 Y78.700 E1.1037 
G92 E0.0000
; segment
G92 E0.0000
G1 F2400.000
G1 Z6.400
G1 X185.250 Y78.700
G1 X185.250 Y75.000 E0.1226 
G92 E0.0000
; segment
G92 E0.0000
G1 F2400.000
G1 Z6.400
G1 X185.250 Y75.000
G1 X185.250 Y66.250 E0.2900 
G1 X184.750 Y66.250 E0.3066 
G1 X184.750 Y75.000 E0.5966 
G92 E0.0000
; segment
G92 E0.0000
G1 F2400.000
G1 Z6.400
G1 X184.750 Y75.000
G1 X184.750 Y108.300 E1.1037 
G92 E0.0000
; segment
G92 E0.0000
G1 F2400.000
G1 Z6.400
G1 X184.750 Y108.300
G1 X184.750 Y112.000 E0.1226 
G92 E0.0000
; segment
G92 E0.0000
G1 F2400.000
G1 Z6.400
G1 X184.750 Y112.000
G1 X184.750 Y120.750 E0.2900 
G1 X184.250 Y120.750 E0.3066 
G1 X184.250 Y112.000 E0.5966 
G92 E0.0000
; segment
G92 E0.0000
G1 F2400.000
G1 Z6.400
G1 X184.250 Y112.000
G1 X184.250 Y78.700 E1.1037 
G92 E0.0000
; segment
G92 E0.0000
G1 F2400.000
G1 Z6.400
G1 X184.250 Y78.700
G1 X184.250 Y75.000 E0.1226 
G92 E0.0000
; segment
G92 E0.0000
G1 F2400.000
G1 Z6.400
G1 X184.250 Y75.000
G1 X184.250 Y66.250 E0.2900 
G1 X183.750 Y66.250 E0.3066 
G1 X183.750 Y75.000 E0.5966 
G92 E0.0000
; segment
G92 E0.0000
G1 F2400.000
G1 Z6.400
G1 X183.750 Y75.000
G1 X183.750 Y108.300 E1.1037 
G92 E0.0000
; segment
G92 E0.0000
G1 F2400.000
G1 Z6.400
G1 X183.750 Y108.300
G1 X183.750 Y112.000 E0.1226 
G92 E0.0000
; segment
G92 E0.0000
G1 F2400.000
G1 Z6.400
G1 X183.750 Y112.000
G1 X183.750 Y120.750 E0.2900 
G1 X183.250 Y120.750 E0.3066 
G1 X183.250 Y112.000 E0.5966 
G92 E0.0000
; segment
G92 E0.0000
G1 F2400.000
G1 Z6.400
G1 X183.250 Y112.000
G1 X183.250 Y78.700 E1.1037 
G92 E0.0000
; segment
G92 E0.0000
G1 F2400.000
G1 Z6.400
G1 X183.250 Y78.700
G1 X183.250 Y75.000 E0.1226 
G92 E0.0000
; segment
G92 E0.0000
G1 F2400.000
G1 Z6.400
G1 X183.250 Y75.000
G1 X183.250 Y66.250 E0.2900 
G1 X182.750 Y66.250 E0.3066 
G1 X182.750 Y75.000 E0.5966 
G92 E0.0000
; segment
G92 E0.0000
G1 F2400.000
G1 Z6.400
G1 X182.750 Y75.000
G1 X182.750 Y108.300 E1.1037 
G92 E0.0000
; segment
G92 E0.0000
G1 F2400.000
G1 Z6.400
G1 X182.750 Y108.300
G1 X182.750 Y112.000 E0.1226 
G92 E0.0000
; segment
G92 E0.0000
G1 F2400.000
G1 Z6.400
G1 X182.750 Y112.000
G1 X182.750 Y120.750 E0.2900 
G1 X182.250 Y120.750 E0.3066 
G1 X182.250 Y112.000 E0.5966 
G92 E0.0000
; segment
G92 E0.0000
G1 F2400.000
G1 Z6.400
G1 X182.250 Y112.000
G1 X182.250 Y78.700 E1.1037 
G92 E0.0000
; segment
G92 E0.0000
G1 F2400.000
G1 Z6.400
G1 X182.250 Y78.700
G1 X182.250 Y75.000 E0.1226 
G92 E0.0000
; segment
G92 E0.0000
G1 F2400.000
G1 Z6.400
G1 X182.250 Y75.000
G1 X182.250 Y66.250 E0.2900 
G1 X181.750 Y66.250 E0.3066 
G1 X181.750 Y75.000 E0.5966 
G92 E0.0000
; segment
G92 E0.0000
G1 F2400.000
G1 Z6.400
G1 X181.750 Y75.000
G1 X181.750 Y108.300 E1.1037 
G92 E0.0000
; segment
G92 E0.0000
G1 F2400.000
G1 Z6.400
G1 X181.750 Y108.300
G1 X181.750 Y112.000 E0.1226 
G92 E0.0000
; segment
G92 E0.0000
G1 F2400.000
G1 Z6.400
G1 X181.750 Y112.000
G1 X181.750 Y120.750 E0.2900 
G1 X181.250 Y120.750 E0.3066 
G1 X181.250 Y112.000 E0.5966 
G92 E0.0000
; segment
G92 E0.0000
G1 F2400.000
G1 Z6.400
G1 X181.250 Y112.000
G1 X181.250 Y78.700 E1.1037 
G92 E0.0000
; segment
G92 E0.0000
G1 F2400.000
G1 Z6.400
G1 X181.250 Y78.700
G1 X181.250 Y75.000 E0.1226 
G92 E0.0000
; segment
G92 E0.0000
G1 F2400.000
G1 Z6.400
G1 X181.250 Y75.000
G1 X181.250 Y66.250 E0.2900 
G1 X180.750 Y66.250 E0.3066 
G1 X180.750 Y75.000 E0.5966 
G92 E0.0000
; segment
G92 E0.0000
G1 F2400.000
G1 Z6.400
G1 X180.750 Y75.000
G1 X180.750 Y108.300 E1.1037 
G92 E0.0000
; segment
G92 E0.0000
G1 F2400.000
G1 Z6.400
G1 X180.750 Y108.300
G1 X180.750 Y112.000 E0.1226 
G92 E0.0000
; segment
G92 E0.0000
G1 F2400.000
G1 Z6.400
G1 X180.750 Y112.000
G1 X180.750 Y120.750 E0.2900 
G1 X180.250 Y120.750 E0.3066 
G1 X180.250 Y112.000 E0.5966 
G92 E0.0000
; segment
G92 E0.0000
G1 F2400.000
G1 Z6.400
G1 X180.250 Y112.000
G1 X180.250 Y78.700 E1.1037 
G92 E0.0000
; segment
G92 E0.0000
G1 F2400.000
G1 Z6.400
G1 X180.250 Y78.700
G1 X180.250 Y75.000 E0.1226 
G92 E0.0000
; segment
G92 E0.0000
G1 F2400.000
G1 Z6.400
G1 X180.250 Y75.000
G1 X180.250 Y66.250 E0.2900 
G1 X179.750 Y66.250 E0.3066 
G1 X179.750 Y75.000 E0.5966 
G92 E0.0000
; segment
G92 E0.0000
G1 F2400.000
G1 Z6.400
G1 X179.750 Y75.000
G1 X179.750 Y108.300 E1.1037 
G92 E0.0000
; segment
G92 E0.0000
G1 F2400.000
G1 Z6.400
G1 X179.750 Y108.300
G1 X179.750 Y112.000 E0.1226 
G92 E0.0000
; segment
G92 E0.0000
G1 F2400.000
G1 Z6.400
G1 X179.750 Y112.000
G1 X179.750 Y120.750 E0.2900 
G1 X179.250 Y120.750 E0.3066 
G1 X179.250 Y112.000 E0.5966 
G92 E0.0000
; segment
G92 E0.0000
G1 F2400.000
G1 Z6.400
G1 X179.250 Y112.000
G1 X179.250 Y78.700 E1.1037 
G92 E0.0000
; segment
G92 E0.0000
G1 F2400.000
G1 Z6.400
G1 X179.250 Y78.700
G1 X179.250 Y75.000 E0.1226 
G92 E0.0000
; segment
G92 E0.0000
G1 F2400.000
G1 Z6.400
G1 X179.250 Y75.000
G1 X179.250 Y66.250 E0.2900 
G1 X178.750 Y66.250 E0.3066 
G1 X178.750 Y75.000 E0.5966 
G92 E0.0000
; segment
G92 E0.0000
G1 F2400.000
G1 Z6.400
G1 X178.750 Y75.000
G1 X178.750 Y108.300 E1.1037 
G92 E0.0000
; segment
G92 E0.0000
G1 F2400.000
G1 Z6.400
G1 X178.750 Y108.300
G1 X178.750 Y112.000 E0.1226 
G92 E0.0000
; segment
G92 E0.0000
G1 F2400.000
G1 Z6.400
G1 X178.750 Y112.000
G1 X178.750 Y120.750 E0.2900 
G1 X178.250 Y120.750 E0.3066 
G1 X178.250 Y112.000 E0.5966 
G92 E0.0000
; segment
G92 E0.0000
G1 F2400.000
G1 Z6.400
G1 X178.250 Y112.000
G1 X178.250 Y78.700 E1.1037 
G92 E0.0000
; segment
G92 E0.0000
G1 F2400.000
G1 Z6.400
G1 X178.250 Y78.700
G1 X178.250 Y75.000 E0.1226 
G92 E0.0000
; segment
G92 E0.0000
G1 F2400.000
G1 Z6.400
G1 X178.250 Y75.000
G1 X178.250 Y66.250 E0.2900 
G1 X177.750 Y66.250 E0.3066 
G1 X177.750 Y75.000 E0.5966 
G92 E0.0000
; segment
G92 E0.0000
G1 F2400.000
G1 Z6.400
G1 X177.750 Y75.000
G1 X177.750 Y108.300 E1.1037 
G92 E0.0000
; segment
G92 E0.0000
G1 F2400.000
G1 Z6.400
G1 X177.750 Y108.300
G1 X177.750 Y112.000 E0.1226 
G92 E0.0000
; segment
G92 E0.0000
G1 F2400.000
G1 Z6.400
G1 X177.750 Y112.000
G1 X177.750 Y120.750 E0.2900 
G1 X177.250 Y120.750 E0.3066 
G1 X177.250 Y112.000 E0.5966 
G92 E0.0000
; segment
G92 E0.0000
G1 F2400.000
G1 Z6.400
G1 X177.250 Y112.000
G1 X177.250 Y78.700 E1.1037 
G92 E0.0000
; segment
G92 E0.0000
G1 F2400.000
G1 Z6.400
G1 X177.250 Y78.700
G1 X177.250 Y75.000 E0.1226 
G92 E0.0000
; segment
G92 E0.0000
G1 F2400.000
G1 Z6.400
G1 X177.250 Y75.000
G1 X177.250 Y66.250 E0.2900 
G1 X176.750 Y66.250 E0.3066 
G1 X176.750 Y75.000 E0.5966 
G92 E0.0000
; segment
G92 E0.0000
G1 F2400.000
G1 Z6.400
G1 X176.750 Y75.000
G1 X176.750 Y108.300 E1.1037 
G92 E0.0000
; segment
G92 E0.0000
G1 F2400.000
G1 Z6.400
G1 X176.750 Y108.300
G1 X176.750 Y112.000 E0.1226 
G92 E0.0000
; segment
G92 E0.0000
G1 F2400.000
G1 Z6.400
G1 X176.750 Y112.000
G1 X176.750 Y120.750 E0.2900 
G1 X176.250 Y120.750 E0.3066 
G1 X176.250 Y112.000 E0.5966 
G92 E0.0000
; segment
G92 E0.0000
G1 F2400.000
G1 Z6.400
G1 X176.250 Y112.000
G1 X176.250 Y78.700 E1.1037 
G92 E0.0000
; segment
G92 E0.0000
G1 F2400.000
G1 Z6.400
G1 X176.250 Y78.700
G1 X176.250 Y75.000 E0.1226 
G92 E0.0000
; segment
G92 E0.0000
G1 F2400.000
G1 Z6.400
G1 X176.250 Y75.000
G1 X176.250 Y66.250 E0.2900 
G1 X175.750 Y66.250 E0.3066 
G1 X175.750 Y75.000 E0.5966 
G92 E0.0000
; segment
G92 E0.0000
G1 F2400.000
G1 Z6.400
G1 X175.750 Y75.000
G1 X175.750 Y108.300 E1.1037 
G92 E0.0000
; segment
G92 E0.0000
G1 F2400.000
G1 Z6.400
G1 X175.750 Y108.300
G1 X175.750 Y112.000 E0.1226 
G92 E0.0000
; segment
G92 E0.0000
G1 F2400.000
G1 Z6.400
G1 X175.750 Y112.000
G1 X175.750 Y120.750 E0.2900 
G1 X175.250 Y120.750 E0.3066 
G1 X175.250 Y112.000 E0.5966 
G92 E0.0000
; segment
G92 E0.0000
G1 F2400.000
G1 Z6.400
G1 X175.250 Y112.000
G1 X175.250 Y78.700 E1.1037 
G92 E0.0000
; segment
G92 E0.0000
G1 F2400.000
G1 Z6.400
G1 X175.250 Y78.700
G1 X175.250 Y75.000 E0.1226 
G92 E0.0000
; segment
G92 E0.0000
G1 F2400.000
G1 Z6.400
G1 X175.250 Y75.000
G1 X175.250 Y66.250 E0.2900 
G1 X174.750 Y66.250 E0.3066 
G1 X174.750 Y75.000 E0.5966 
G92 E0.0000
; segment
G92 E0.0000
G1 F2400.000
G1 Z6.400
G1 X174.750 Y75.000
G1 X174.750 Y108.300 E1.1037 
G92 E0.0000
; segment
G92 E0.0000
G1 F2400.000
G1 Z6.400
G1 X174.750 Y108.300
G1 X174.750 Y112.000 E0.1226 
G92 E0.0000
; segment
G92 E0.0000
G1 F2400.000
G1 Z6.400
G1 X174.750 Y112.000
G1 X174.750 Y120.750 E0.2900 
G1 X174.250 Y120.750 E0.3066 
G1 X174.250 Y112.000 E0.5966 
G92 E0.0000
; segment
G92 E0.0000
G1 F2400.000
G1 Z6.400
G1 X174.250 Y112.000
G1 X174.250 Y78.700 E1.1037 
G92 E0.0000
; segment
G92 E0.0000
G1 F2400.000
G1 Z6.400
G1 X174.250 Y78.700
G1 X174.250 Y75.000 E0.1226 
G92 E0.0000
; segment
G92 E0.0000
G1 F2400.000
G1 Z6.400
G1 X174.250 Y75.000
G1 X174.250 Y66.250 E0.2900 
G1 X173.750 Y66.250 E0.3066 
G1 X173.750 Y75.000 E0.5966 
G92 E0.0000
; segment
G92 E0.0000
G1 F2400.000
G1 Z6.400
G1 X173.750 Y75.000
G1 X173.750 Y108.300 E1.1037 
G92 E0.0000
; segment
G92 E0.0000
G1 F2400.000
G1 Z6.400
G1 X173.750 Y108.300
G1 X173.750 Y112.000 E0.1226 
G92 E0.0000
; segment
G92 E0.0000
G1 F2400.000
G1 Z6.400
G1 X173.750 Y112.000
G1 X173.750 Y120.750 E0.2900 
G1 X173.250 Y120.750 E0.3066 
G1 X173.250 Y112.000 E0.5966 
G92 E0.0000
; segment
G92 E0.0000
G1 F2400.000
G1 Z6.400
G1 X173.250 Y112.000
G1 X173.250 Y78.700 E1.1037 
G92 E0.0000
; segment
G92 E0.0000
G1 F2400.000
G1 Z6.400
G1 X173.250 Y78.700
G1 X173.250 Y75.000 E0.1226 
G92 E0.0000
; segment
G92 E0.0000
G1 F2400.000
G1 Z6.400
G1 X173.250 Y75.000
G1 X173.250 Y66.250 E0.2900 
G1 X172.750 Y66.250 E0.3066 
G1 X172.750 Y75.000 E0.5966 
G92 E0.0000
; segment
G92 E0.0000
G1 F2400.000
G1 Z6.400
G1 X172.750 Y75.000
G1 X172.750 Y108.300 E1.1037 
G92 E0.0000
; segment
G92 E0.0000
G1 F2400.000
G1 Z6.400
G1 X172.750 Y108.300
G1 X172.750 Y112.000 E0.1226 
G92 E0.0000
; segment
G92 E0.0000
G1 F2400.000
G1 Z6.400
G1 X172.750 Y112.000
G1 X172.750 Y120.750 E0.2900 
G1 X172.250 Y120.750 E0.3066 
G1 X172.250 Y112.000 E0.5966 
G92 E0.0000
; segment
G92 E0.0000
G1 F2400.000
G1 Z6.400
G1 X172.250 Y112.000
G1 X172.250 Y78.700 E1.1037 
G92 E0.0000
; segment
G92 E0.0000
G1 F2400.000
G1 Z6.400
G1 X172.250 Y78.700
G1 X172.250 Y75.000 E0.1226 
G92 E0.0000
; segment
G92 E0.0000
G1 F2400.000
G1 Z6.400
G1 X172.250 Y75.000
G1 X172.250 Y66.250 E0.2900 
G1 X171.750 Y66.250 E0.3066 
G1 X171.750 Y75.000 E0.5966 
G92 E0.0000
; segment
G92 E0.0000
G1 F2400.000
G1 Z6.400
G1 X171.750 Y75.000
G1 X171.750 Y108.300 E1.1037 
G92 E0.0000
; segment
G92 E0.0000
G1 F2400.000
G1 Z6.400
G1 X171.750 Y108.300
G1 X171.750 Y112.000 E0.1226 
G92 E0.0000
; segment
G92 E0.0000
G1 F2400.000
G1 Z6.400
G1 X171.750 Y112.000
G1 X171.750 Y120.750 E0.2900 
G1 X171.250 Y120.750 E0.3066 
G1 X171.250 Y112.000 E0.5966 
G92 E0.0000
; segment
G92 E0.0000
G1 F2400.000
G1 Z6.400
G1 X171.250 Y112.000
G1 X171.250 Y78.700 E1.1037 
G92 E0.0000
; segment
G92 E0.0000
G1 F2400.000
G1 Z6.400
G1 X171.250 Y78.700
G1 X171.250 Y75.000 E0.1226 
G92 E0.0000
; segment
G92 E0.0000
G1 F2400.000
G1 Z6.400
G1 X171.250 Y75.000
G1 X171.250 Y66.250 E0.2900 
G92 E0.0000
; jumping
G92 E3.0000
G1 E0 F2400
G1 X170.250 Y65.250 F12000.000
G1 E3 F2400
G92 E0.0000
; segment
G92 E0.0000
G1 F2400.000
G1 Z6.600
G1 X170.250 Y65.250
G1 X170.250 Y75.000 E0.3232 
G92 E0.0000
; segment
G92 E0.0000
G1 F2400.000
G1 Z6.600
G1 X170.250 Y75.000
G1 X170.250 Y108.300 E1.1037 
G92 E0.0000
; segment
G92 E0.0000
G1 F2400.000
G1 Z6.600
G1 X170.250 Y108.300
G1 X170.250 Y112.000 E0.1226 
G92 E0.0000
; segment
G92 E0.0000
G1 F2400.000
G1 Z6.600
G1 X170.250 Y112.000
G1 X170.250 Y121.750 E0.3232 
G1 X189.750 Y121.750 E0.9695 
G1 X189.750 Y112.000 E1.2927 
G92 E0.0000
; segment
G92 E0.0000
G1 F2400.000
G1 Z6.600
G1 X189.750 Y112.000
G1 X189.750 Y78.700 E1.1037 
G92 E0.0000
; segment
G92 E0.0000
G1 F2400.000
G1 Z6.600
G1 X189.750 Y78.700
G1 X189.750 Y75.000 E0.1226 
G92 E0.0000
; segment
G92 E0.0000
G1 F2400.000
G1 Z6.600
G1 X189.750 Y75.000
G1 X189.750 Y65.250 E0.3232 
G1 X170.250 Y65.250 E0.9695 
G92 E0.0000
; segment
G92 E0.0000
G1 F2400.000
G1 Z6.600
G1 X170.750 Y65.750
G1 X170.750 Y75.000 E0.3066 
G92 E0.0000
; segment
G92 E0.0000
G1 F2400.000
G1 Z6.600
G1 X170.750 Y75.000
G1 X170.750 Y108.300 E1.1037 
G92 E0.0000
; segment
G92 E0.0000
G1 F2400.000
G1 Z6.600
G1 X170.750 Y108.300
G1 X170.750 Y112.000 E0.1226 
G92 E0.0000
; segment
G92 E0.0000
G1 F2400.000
G1 Z6.600
G1 X170.750 Y112.000
G1 X170.750 Y121.250 E0.3066 
G1 X189.250 Y121.250 E0.9198 
G1 X189.250 Y112.000 E1.2264 
G92 E0.0000
; segment
G92 E0.0000
G1 F2400.000
G1 Z6.600
G1 X189.250 Y112.000
G1 X189.250 Y78.700 E1.1037 
G92 E0.0000
; segment
G92 E0.0000
G1 F2400.000
G1 Z6.600
G1 X189.250 Y78.700
G1 X189.250 Y75.000 E0.1226 
G92 E0.0000
; segment
G92 E0.0000
G1 F2400.000
G1 Z6.600
G1 X189.250 Y75.000
G1 X189.250 Y65.750 E0.3066 
G1 X170.750 Y65.750 E0.9198 
G92 E0.0000
; segment
G92 E0.0000
G1 F2400.000
G1 Z6.600
G1 X171.250 Y66.250
G1 X171.250 Y75.000 E0.2900 
G92 E0.0000
; segment
G92 E0.0000
G1 F2400.000
G1 Z6.600
G1 X171.250 Y75.000
G1 X171.250 Y108.300 E1.1037 
G92 E0.0000
; segment
G92 E0.0000
G1 F2400.000
G1 Z6.600
G1 X171.250 Y108.300
G1 X171.250 Y112.000 E0.1226 
G92 E0.0000
; segment
G92 E0.0000
G1 F2400.000
G1 Z6.600
G1 X171.250 Y112.000
G1 X171.250 Y120.750 E0.2900 
G1 X171.750 Y120.750 E0.3066 
G1 X171.750 Y112.000 E0.5966 
G92 E0.0000
; segment
G92 E0.0000
G1 F2400.000
G1 Z6.600
G1 X171.750 Y112.000
G1 X171.750 Y78.700 E1.1037 
G92 E0.0000
; segment
G92 E0.0000
G1 F2400.000
G1 Z6.600
G1 X171.750 Y78.700
G1 X171.750 Y75.000 E0.1226 
G92 E0.0000
; segment
G92 E0.0000
G1 F2400.000
G1 Z6.600
G1 X171.750 Y75.000
G1 X171.750 Y66.250 E0.2900 
G1 X172.250 Y66.250 E0.3066 
G1 X172.250 Y75.000 E0.5966 
G92 E0.0000
; segment
G92 E0.0000
G1 F2400.000
G1 Z6.600
G1 X172.250 Y75.000
G1 X172.250 Y108.300 E1.1037 
G92 E0.0000
; segment
G92 E0.0000
G1 F2400.000
G1 Z6.600
G1 X172.250 Y108.300
G1 X172.250 Y112.000 E0.1226 
G92 E0.0000
; segment
G92 E0.0000
G1 F2400.000
G1 Z6.600
G1 X172.250 Y112.000
G1 X172.250 Y120.750 E0.2900 
G1 X172.750 Y120.750 E0.3066 
G1 X172.750 Y112.000 E0.5966 
G92 E0.0000
; segment
G92 E0.0000
G1 F2400.000
G1 Z6.600
G1 X172.750 Y112.000
G1 X172.750 Y78.700 E1.1037 
G92 E0.0000
; segment
G92 E0.0000
G1 F2400.000
G1 Z6.600
G1 X172.750 Y78.700
G1 X172.750 Y75.000 E0.1226 
G92 E0.0000
; segment
G92 E0.0000
G1 F2400.000
G1 Z6.600
G1 X172.750 Y75.000
G1 X172.750 Y66.250 E0.2900 
G1 X173.250 Y66.250 E0.3066 
G1 X173.250 Y75.000 E0.5966 
G92 E0.0000
; segment
G92 E0.0000
G1 F2400.000
G1 Z6.600
G1 X173.250 Y75.000
G1 X173.250 Y108.300 E1.1037 
G92 E0.0000
; segment
G92 E0.0000
G1 F2400.000
G1 Z6.600
G1 X173.250 Y108.300
G1 X173.250 Y112.000 E0.1226 
G92 E0.0000
; segment
G92 E0.0000
G1 F2400.000
G1 Z6.600
G1 X173.250 Y112.000
G1 X173.250 Y120.750 E0.2900 
G1 X173.750 Y120.750 E0.3066 
G1 X173.750 Y112.000 E0.5966 
G92 E0.0000
; segment
G92 E0.0000
G1 F2400.000
G1 Z6.600
G1 X173.750 Y112.000
G1 X173.750 Y78.700 E1.1037 
G92 E0.0000
; segment
G92 E0.0000
G1 F2400.000
G1 Z6.600
G1 X173.750 Y78.700
G1 X173.750 Y75.000 E0.1226 
G92 E0.0000
; segment
G92 E0.0000
G1 F2400.000
G1 Z6.600
G1 X173.750 Y75.000
G1 X173.750 Y66.250 E0.2900 
G1 X174.250 Y66.250 E0.3066 
G1 X174.250 Y75.000 E0.5966 
G92 E0.0000
; segment
G92 E0.0000
G1 F2400.000
G1 Z6.600
G1 X174.250 Y75.000
G1 X174.250 Y108.300 E1.1037 
G92 E0.0000
; segment
G92 E0.0000
G1 F2400.000
G1 Z6.600
G1 X174.250 Y108.300
G1 X174.250 Y112.000 E0.1226 
G92 E0.0000
; segment
G92 E0.0000
G1 F2400.000
G1 Z6.600
G1 X174.250 Y112.000
G1 X174.250 Y120.750 E0.2900 
G1 X174.750 Y120.750 E0.3066 
G1 X174.750 Y112.000 E0.5966 
G92 E0.0000
; segment
G92 E0.0000
G1 F2400.000
G1 Z6.600
G1 X174.750 Y112.000
G1 X174.750 Y78.700 E1.1037 
G92 E0.0000
; segment
G92 E0.0000
G1 F2400.000
G1 Z6.600
G1 X174.750 Y78.700
G1 X174.750 Y75.000 E0.1226 
G92 E0.0000
; segment
G92 E0.0000
G1 F2400.000
G1 Z6.600
G1 X174.750 Y75.000
G1 X174.750 Y66.250 E0.2900 
G1 X175.250 Y66.250 E0.3066 
G1 X175.250 Y75.000 E0.5966 
G92 E0.0000
; segment
G92 E0.0000
G1 F2400.000
G1 Z6.600
G1 X175.250 Y75.000
G1 X175.250 Y108.300 E1.1037 
G92 E0.0000
; segment
G92 E0.0000
G1 F2400.000
G1 Z6.600
G1 X175.250 Y108.300
G1 X175.250 Y112.000 E0.1226 
G92 E0.0000
; segment
G92 E0.0000
G1 F2400.000
G1 Z6.600
G1 X175.250 Y112.000
G1 X175.250 Y120.750 E0.2900 
G1 X175.750 Y120.750 E0.3066 
G1 X175.750 Y112.000 E0.5966 
G92 E0.0000
; segment
G92 E0.0000
G1 F2400.000
G1 Z6.600
G1 X175.750 Y112.000
G1 X175.750 Y78.700 E1.1037 
G92 E0.0000
; segment
G92 E0.0000
G1 F2400.000
G1 Z6.600
G1 X175.750 Y78.700
G1 X175.750 Y75.000 E0.1226 
G92 E0.0000
; segment
G92 E0.0000
G1 F2400.000
G1 Z6.600
G1 X175.750 Y75.000
G1 X175.750 Y66.250 E0.2900 
G1 X176.250 Y66.250 E0.3066 
G1 X176.250 Y75.000 E0.5966 
G92 E0.0000
; segment
G92 E0.0000
G1 F2400.000
G1 Z6.600
G1 X176.250 Y75.000
G1 X176.250 Y108.300 E1.1037 
G92 E0.0000
; segment
G92 E0.0000
G1 F2400.000
G1 Z6.600
G1 X176.250 Y108.300
G1 X176.250 Y112.000 E0.1226 
G92 E0.0000
; segment
G92 E0.0000
G1 F2400.000
G1 Z6.600
G1 X176.250 Y112.000
G1 X176.250 Y120.750 E0.2900 
G1 X176.750 Y120.750 E0.3066 
G1 X176.750 Y112.000 E0.5966 
G92 E0.0000
; segment
G92 E0.0000
G1 F2400.000
G1 Z6.600
G1 X176.750 Y112.000
G1 X176.750 Y78.700 E1.1037 
G92 E0.0000
; segment
G92 E0.0000
G1 F2400.000
G1 Z6.600
G1 X176.750 Y78.700
G1 X176.750 Y75.000 E0.1226 
G92 E0.0000
; segment
G92 E0.0000
G1 F2400.000
G1 Z6.600
G1 X176.750 Y75.000
G1 X176.750 Y66.250 E0.2900 
G1 X177.250 Y66.250 E0.3066 
G1 X177.250 Y75.000 E0.5966 
G92 E0.0000
; segment
G92 E0.0000
G1 F2400.000
G1 Z6.600
G1 X177.250 Y75.000
G1 X177.250 Y108.300 E1.1037 
G92 E0.0000
; segment
G92 E0.0000
G1 F2400.000
G1 Z6.600
G1 X177.250 Y108.300
G1 X177.250 Y112.000 E0.1226 
G92 E0.0000
; segment
G92 E0.0000
G1 F2400.000
G1 Z6.600
G1 X177.250 Y112.000
G1 X177.250 Y120.750 E0.2900 
G1 X177.750 Y120.750 E0.3066 
G1 X177.750 Y112.000 E0.5966 
G92 E0.0000
; segment
G92 E0.0000
G1 F2400.000
G1 Z6.600
G1 X177.750 Y112.000
G1 X177.750 Y78.700 E1.1037 
G92 E0.0000
; segment
G92 E0.0000
G1 F2400.000
G1 Z6.600
G1 X177.750 Y78.700
G1 X177.750 Y75.000 E0.1226 
G92 E0.0000
; segment
G92 E0.0000
G1 F2400.000
G1 Z6.600
G1 X177.750 Y75.000
G1 X177.750 Y66.250 E0.2900 
G1 X178.250 Y66.250 E0.3066 
G1 X178.250 Y75.000 E0.5966 
G92 E0.0000
; segment
G92 E0.0000
G1 F2400.000
G1 Z6.600
G1 X178.250 Y75.000
G1 X178.250 Y108.300 E1.1037 
G92 E0.0000
; segment
G92 E0.0000
G1 F2400.000
G1 Z6.600
G1 X178.250 Y108.300
G1 X178.250 Y112.000 E0.1226 
G92 E0.0000
; segment
G92 E0.0000
G1 F2400.000
G1 Z6.600
G1 X178.250 Y112.000
G1 X178.250 Y120.750 E0.2900 
G1 X178.750 Y120.750 E0.3066 
G1 X178.750 Y112.000 E0.5966 
G92 E0.0000
; segment
G92 E0.0000
G1 F2400.000
G1 Z6.600
G1 X178.750 Y112.000
G1 X178.750 Y78.700 E1.1037 
G92 E0.0000
; segment
G92 E0.0000
G1 F2400.000
G1 Z6.600
G1 X178.750 Y78.700
G1 X178.750 Y75.000 E0.1226 
G92 E0.0000
; segment
G92 E0.0000
G1 F2400.000
G1 Z6.600
G1 X178.750 Y75.000
G1 X178.750 Y66.250 E0.2900 
G1 X179.250 Y66.250 E0.3066 
G1 X179.250 Y75.000 E0.5966 
G92 E0.0000
; segment
G92 E0.0000
G1 F2400.000
G1 Z6.600
G1 X179.250 Y75.000
G1 X179.250 Y108.300 E1.1037 
G92 E0.0000
; segment
G92 E0.0000
G1 F2400.000
G1 Z6.600
G1 X179.250 Y108.300
G1 X179.250 Y112.000 E0.1226 
G92 E0.0000
; segment
G92 E0.0000
G1 F2400.000
G1 Z6.600
G1 X179.250 Y112.000
G1 X179.250 Y120.750 E0.2900 
G1 X179.750 Y120.750 E0.3066 
G1 X179.750 Y112.000 E0.5966 
G92 E0.0000
; segment
G92 E0.0000
G1 F2400.000
G1 Z6.600
G1 X179.750 Y112.000
G1 X179.750 Y78.700 E1.1037 
G92 E0.0000
; segment
G92 E0.0000
G1 F2400.000
G1 Z6.600
G1 X179.750 Y78.700
G1 X179.750 Y75.000 E0.1226 
G92 E0.0000
; segment
G92 E0.0000
G1 F2400.000
G1 Z6.600
G1 X179.750 Y75.000
G1 X179.750 Y66.250 E0.2900 
G1 X180.250 Y66.250 E0.3066 
G1 X180.250 Y75.000 E0.5966 
G92 E0.0000
; segment
G92 E0.0000
G1 F2400.000
G1 Z6.600
G1 X180.250 Y75.000
G1 X180.250 Y108.300 E1.1037 
G92 E0.0000
; segment
G92 E0.0000
G1 F2400.000
G1 Z6.600
G1 X180.250 Y108.300
G1 X180.250 Y112.000 E0.1226 
G92 E0.0000
; segment
G92 E0.0000
G1 F2400.000
G1 Z6.600
G1 X180.250 Y112.000
G1 X180.250 Y120.750 E0.2900 
G1 X180.750 Y120.750 E0.3066 
G1 X180.750 Y112.000 E0.5966 
G92 E0.0000
; segment
G92 E0.0000
G1 F2400.000
G1 Z6.600
G1 X180.750 Y112.000
G1 X180.750 Y78.700 E1.1037 
G92 E0.0000
; segment
G92 E0.0000
G1 F2400.000
G1 Z6.600
G1 X180.750 Y78.700
G1 X180.750 Y75.000 E0.1226 
G92 E0.0000
; segment
G92 E0.0000
G1 F2400.000
G1 Z6.600
G1 X180.750 Y75.000
G1 X180.750 Y66.250 E0.2900 
G1 X181.250 Y66.250 E0.3066 
G1 X181.250 Y75.000 E0.5966 
G92 E0.0000
; segment
G92 E0.0000
G1 F2400.000
G1 Z6.600
G1 X181.250 Y75.000
G1 X181.250 Y108.300 E1.1037 
G92 E0.0000
; segment
G92 E0.0000
G1 F2400.000
G1 Z6.600
G1 X181.250 Y108.300
G1 X181.250 Y112.000 E0.1226 
G92 E0.0000
; segment
G92 E0.0000
G1 F2400.000
G1 Z6.600
G1 X181.250 Y112.000
G1 X181.250 Y120.750 E0.2900 
G1 X181.750 Y120.750 E0.3066 
G1 X181.750 Y112.000 E0.5966 
G92 E0.0000
; segment
G92 E0.0000
G1 F2400.000
G1 Z6.600
G1 X181.750 Y112.000
G1 X181.750 Y78.700 E1.1037 
G92 E0.0000
; segment
G92 E0.0000
G1 F2400.000
G1 Z6.600
G1 X181.750 Y78.700
G1 X181.750 Y75.000 E0.1226 
G92 E0.0000
; segment
G92 E0.0000
G1 F2400.000
G1 Z6.600
G1 X181.750 Y75.000
G1 X181.750 Y66.250 E0.2900 
G1 X182.250 Y66.250 E0.3066 
G1 X182.250 Y75.000 E0.5966 
G92 E0.0000
; segment
G92 E0.0000
G1 F2400.000
G1 Z6.600
G1 X182.250 Y75.000
G1 X182.250 Y108.300 E1.1037 
G92 E0.0000
; segment
G92 E0.0000
G1 F2400.000
G1 Z6.600
G1 X182.250 Y108.300
G1 X182.250 Y112.000 E0.1226 
G92 E0.0000
; segment
G92 E0.0000
G1 F2400.000
G1 Z6.600
G1 X182.250 Y112.000
G1 X182.250 Y120.750 E0.2900 
G1 X182.750 Y120.750 E0.3066 
G1 X182.750 Y112.000 E0.5966 
G92 E0.0000
; segment
G92 E0.0000
G1 F2400.000
G1 Z6.600
G1 X182.750 Y112.000
G1 X182.750 Y78.700 E1.1037 
G92 E0.0000
; segment
G92 E0.0000
G1 F2400.000
G1 Z6.600
G1 X182.750 Y78.700
G1 X182.750 Y75.000 E0.1226 
G92 E0.0000
; segment
G92 E0.0000
G1 F2400.000
G1 Z6.600
G1 X182.750 Y75.000
G1 X182.750 Y66.250 E0.2900 
G1 X183.250 Y66.250 E0.3066 
G1 X183.250 Y75.000 E0.5966 
G92 E0.0000
; segment
G92 E0.0000
G1 F2400.000
G1 Z6.600
G1 X183.250 Y75.000
G1 X183.250 Y108.300 E1.1037 
G92 E0.0000
; segment
G92 E0.0000
G1 F2400.000
G1 Z6.600
G1 X183.250 Y108.300
G1 X183.250 Y112.000 E0.1226 
G92 E0.0000
; segment
G92 E0.0000
G1 F2400.000
G1 Z6.600
G1 X183.250 Y112.000
G1 X183.250 Y120.750 E0.2900 
G1 X183.750 Y120.750 E0.3066 
G1 X183.750 Y112.000 E0.5966 
G92 E0.0000
; segment
G92 E0.0000
G1 F2400.000
G1 Z6.600
G1 X183.750 Y112.000
G1 X183.750 Y78.700 E1.1037 
G92 E0.0000
; segment
G92 E0.0000
G1 F2400.000
G1 Z6.600
G1 X183.750 Y78.700
G1 X183.750 Y75.000 E0.1226 
G92 E0.0000
; segment
G92 E0.0000
G1 F2400.000
G1 Z6.600
G1 X183.750 Y75.000
G1 X183.750 Y66.250 E0.2900 
G1 X184.250 Y66.250 E0.3066 
G1 X184.250 Y75.000 E0.5966 
G92 E0.0000
; segment
G92 E0.0000
G1 F2400.000
G1 Z6.600
G1 X184.250 Y75.000
G1 X184.250 Y108.300 E1.1037 
G92 E0.0000
; segment
G92 E0.0000
G1 F2400.000
G1 Z6.600
G1 X184.250 Y108.300
G1 X184.250 Y112.000 E0.1226 
G92 E0.0000
; segment
G92 E0.0000
G1 F2400.000
G1 Z6.600
G1 X184.250 Y112.000
G1 X184.250 Y120.750 E0.2900 
G1 X184.750 Y120.750 E0.3066 
G1 X184.750 Y112.000 E0.5966 
G92 E0.0000
; segment
G92 E0.0000
G1 F2400.000
G1 Z6.600
G1 X184.750 Y112.000
G1 X184.750 Y78.700 E1.1037 
G92 E0.0000
; segment
G92 E0.0000
G1 F2400.000
G1 Z6.600
G1 X184.750 Y78.700
G1 X184.750 Y75.000 E0.1226 
G92 E0.0000
; segment
G92 E0.0000
G1 F2400.000
G1 Z6.600
G1 X184.750 Y75.000
G1 X184.750 Y66.250 E0.2900 
G1 X185.250 Y66.250 E0.3066 
G1 X185.250 Y75.000 E0.5966 
G92 E0.0000
; segment
G92 E0.0000
G1 F2400.000
G1 Z6.600
G1 X185.250 Y75.000
G1 X185.250 Y108.300 E1.1037 
G92 E0.0000
; segment
G92 E0.0000
G1 F2400.000
G1 Z6.600
G1 X185.250 Y108.300
G1 X185.250 Y112.000 E0.1226 
G92 E0.0000
; segment
G92 E0.0000
G1 F2400.000
G1 Z6.600
G1 X185.250 Y112.000
G1 X185.250 Y120.750 E0.2900 
G1 X185.750 Y120.750 E0.3066 
G1 X185.750 Y112.000 E0.5966 
G92 E0.0000
; segment
G92 E0.0000
G1 F2400.000
G1 Z6.600
G1 X185.750 Y112.000
G1 X185.750 Y78.700 E1.1037 
G92 E0.0000
; segment
G92 E0.0000
G1 F2400.000
G1 Z6.600
G1 X185.750 Y78.700
G1 X185.750 Y75.000 E0.1226 
G92 E0.0000
; segment
G92 E0.0000
G1 F2400.000
G1 Z6.600
G1 X185.750 Y75.000
G1 X185.750 Y66.250 E0.2900 
G1 X186.250 Y66.250 E0.3066 
G1 X186.250 Y75.000 E0.5966 
G92 E0.0000
; segment
G92 E0.0000
G1 F2400.000
G1 Z6.600
G1 X186.250 Y75.000
G1 X186.250 Y108.300 E1.1037 
G92 E0.0000
; segment
G92 E0.0000
G1 F2400.000
G1 Z6.600
G1 X186.250 Y108.300
G1 X186.250 Y112.000 E0.1226 
G92 E0.0000
; segment
G92 E0.0000
G1 F2400.000
G1 Z6.600
G1 X186.250 Y112.000
G1 X186.250 Y120.750 E0.2900 
G1 X186.750 Y120.750 E0.3066 
G1 X186.750 Y112.000 E0.5966 
G92 E0.0000
; segment
G92 E0.0000
G1 F2400.000
G1 Z6.600
G1 X186.750 Y112.000
G1 X186.750 Y78.700 E1.1037 
G92 E0.0000
; segment
G92 E0.0000
G1 F2400.000
G1 Z6.600
G1 X186.750 Y78.700
G1 X186.750 Y75.000 E0.1226 
G92 E0.0000
; segment
G92 E0.0000
G1 F2400.000
G1 Z6.600
G1 X186.750 Y75.000
G1 X186.750 Y66.250 E0.2900 
G1 X187.250 Y66.250 E0.3066 
G1 X187.250 Y75.000 E0.5966 
G92 E0.0000
; segment
G92 E0.0000
G1 F2400.000
G1 Z6.600
G1 X187.250 Y75.000
G1 X187.250 Y108.300 E1.1037 
G92 E0.0000
; segment
G92 E0.0000
G1 F2400.000
G1 Z6.600
G1 X187.250 Y108.300
G1 X187.250 Y112.000 E0.1226 
G92 E0.0000
; segment
G92 E0.0000
G1 F2400.000
G1 Z6.600
G1 X187.250 Y112.000
G1 X187.250 Y120.750 E0.2900 
G1 X187.750 Y120.750 E0.3066 
G1 X187.750 Y112.000 E0.5966 
G92 E0.0000
; segment
G92 E0.0000
G1 F2400.000
G1 Z6.600
G1 X187.750 Y112.000
G1 X187.750 Y78.700 E1.1037 
G92 E0.0000
; segment
G92 E0.0000
G1 F2400.000
G1 Z6.600
G1 X187.750 Y78.700
G1 X187.750 Y75.000 E0.1226 
G92 E0.0000
; segment
G92 E0.0000
G1 F2400.000
G1 Z6.600
G1 X187.750 Y75.000
G1 X187.750 Y66.250 E0.2900 
G1 X188.250 Y66.250 E0.3066 
G1 X188.250 Y75.000 E0.5966 
G92 E0.0000
; segment
G92 E0.0000
G1 F2400.000
G1 Z6.600
G1 X188.250 Y75.000
G1 X188.250 Y108.300 E1.1037 
G92 E0.0000
; segment
G92 E0.0000
G1 F2400.000
G1 Z6.600
G1 X188.250 Y108.300
G1 X188.250 Y112.000 E0.1226 
G92 E0.0000
; segment
G92 E0.0000
G1 F2400.000
G1 Z6.600
G1 X188.250 Y112.000
G1 X188.250 Y120.750 E0.2900 
G1 X188.750 Y120.750 E0.3066 
G1 X188.750 Y112.000 E0.5966 
G92 E0.0000
; segment
G92 E0.0000
G1 F2400.000
G1 Z6.600
G1 X188.750 Y112.000
G1 X188.750 Y78.700 E1.1037 
G92 E0.0000
; segment
G92 E0.0000
G1 F2400.000
G1 Z6.600
G1 X188.750 Y78.700
G1 X188.750 Y75.000 E0.1226 
G92 E0.0000
; segment
G92 E0.0000
G1 F2400.000
G1 Z6.600
G1 X188.750 Y75.000
G1 X188.750 Y66.250 E0.2900 
G92 E0.0000
; jumping
G92 E3.0000
G1 E0 F2400
G1 X189.750 Y65.250 F12000.000
G1 E3 F2400
G92 E0.0000
; segment
G92 E0.0000
G1 F2400.000
G1 Z6.800
G1 X189.750 Y65.250
G1 X170.250 Y65.250 E0.6463 
G1 X170.250 Y75.000 E0.9695 
G92 E0.0000
; segment
G92 E0.0000
G1 F2400.000
G1 Z6.800
G1 X170.250 Y75.000
G1 X170.250 Y108.300 E1.1037 
G92 E0.0000
; segment
G92 E0.0000
G1 F2400.000
G1 Z6.800
G1 X170.250 Y108.300
G1 X170.250 Y112.000 E0.1226 
G92 E0.0000
; segment
G92 E0.0000
G1 F2400.000
G1 Z6.800
G1 X170.250 Y112.000
G1 X170.250 Y121.750 E0.3232 
G1 X189.750 Y121.750 E0.9695 
G1 X189.750 Y112.000 E1.2927 
G92 E0.0000
; segment
G92 E0.0000
G1 F2400.000
G1 Z6.800
G1 X189.750 Y112.000
G1 X189.750 Y78.700 E1.1037 
G92 E0.0000
; segment
G92 E0.0000
G1 F2400.000
G1 Z6.800
G1 X189.750 Y78.700
G1 X189.750 Y75.000 E0.1226 
G92 E0.0000
; segment
G92 E0.0000
G1 F2400.000
G1 Z6.800
G1 X189.750 Y75.000
G1 X189.750 Y65.250 E0.3232 
G92 E0.0000
; segment
G92 E0.0000
G1 F2400.000
G1 Z6.800
G1 X189.250 Y65.750
G1 X170.750 Y65.750 E0.6132 
G1 X170.750 Y75.000 E0.9198 
G92 E0.0000
; segment
G92 E0.0000
G1 F2400.000
G1 Z6.800
G1 X170.750 Y75.000
G1 X170.750 Y108.300 E1.1037 
G92 E0.0000
; segment
G92 E0.0000
G1 F2400.000
G1 Z6.800
G1 X170.750 Y108.300
G1 X170.750 Y112.000 E0.1226 
G92 E0.0000
; segment
G92 E0.0000
G1 F2400.000
G1 Z6.800
G1 X170.750 Y112.000
G1 X170.750 Y121.250 E0.3066 
G1 X189.250 Y121.250 E0.9198 
G1 X189.250 Y112.000 E1.2264 
G92 E0.0000
; segment
G92 E0.0000
G1 F2400.000
G1 Z6.800
G1 X189.250 Y112.000
G1 X189.250 Y78.700 E1.1037 
G92 E0.0000
; segment
G92 E0.0000
G1 F2400.000
G1 Z6.800
G1 X189.250 Y78.700
G1 X189.250 Y75.000 E0.1226 
G92 E0.0000
; segment
G92 E0.0000
G1 F2400.000
G1 Z6.800
G1 X189.250 Y75.000
G1 X189.250 Y65.750 E0.3066 
G92 E0.0000
; segment
G92 E0.0000
G1 F2400.000
G1 Z6.800
G1 X188.750 Y66.250
G1 X188.750 Y75.000 E0.2900 
G92 E0.0000
; segment
G92 E0.0000
G1 F2400.000
G1 Z6.800
G1 X188.750 Y75.000
G1 X188.750 Y108.300 E1.1037 
G92 E0.0000
; segment
G92 E0.0000
G1 F2400.000
G1 Z6.800
G1 X188.750 Y108.300
G1 X188.750 Y112.000 E0.1226 
G92 E0.0000
; segment
G92 E0.0000
G1 F2400.000
G1 Z6.800
G1 X188.750 Y112.000
G1 X188.750 Y120.750 E0.2900 
G1 X188.250 Y120.750 E0.3066 
G1 X188.250 Y112.000 E0.5966 
G92 E0.0000
; segment
G92 E0.0000
G1 F2400.000
G1 Z6.800
G1 X188.250 Y112.000
G1 X188.250 Y78.700 E1.1037 
G92 E0.0000
; segment
G92 E0.0000
G1 F2400.000
G1 Z6.800
G1 X188.250 Y78.700
G1 X188.250 Y75.000 E0.1226 
G92 E0.0000
; segment
G92 E0.0000
G1 F2400.000
G1 Z6.800
G1 X188.250 Y75.000
G1 X188.250 Y66.250 E0.2900 
G1 X187.750 Y66.250 E0.3066 
G1 X187.750 Y75.000 E0.5966 
G92 E0.0000
; segment
G92 E0.0000
G1 F2400.000
G1 Z6.800
G1 X187.750 Y75.000
G1 X187.750 Y108.300 E1.1037 
G92 E0.0000
; segment
G92 E0.0000
G1 F2400.000
G1 Z6.800
G1 X187.750 Y108.300
G1 X187.750 Y112.000 E0.1226 
G92 E0.0000
; segment
G92 E0.0000
G1 F2400.000
G1 Z6.800
G1 X187.750 Y112.000
G1 X187.750 Y120.750 E0.2900 
G1 X187.250 Y120.750 E0.3066 
G1 X187.250 Y112.000 E0.5966 
G92 E0.0000
; segment
G92 E0.0000
G1 F2400.000
G1 Z6.800
G1 X187.250 Y112.000
G1 X187.250 Y78.700 E1.1037 
G92 E0.0000
; segment
G92 E0.0000
G1 F2400.000
G1 Z6.800
G1 X187.250 Y78.700
G1 X187.250 Y75.000 E0.1226 
G92 E0.0000
; segment
G92 E0.0000
G1 F2400.000
G1 Z6.800
G1 X187.250 Y75.000
G1 X187.250 Y66.250 E0.2900 
G1 X186.750 Y66.250 E0.3066 
G1 X186.750 Y75.000 E0.5966 
G92 E0.0000
; segment
G92 E0.0000
G1 F2400.000
G1 Z6.800
G1 X186.750 Y75.000
G1 X186.750 Y108.300 E1.1037 
G92 E0.0000
; segment
G92 E0.0000
G1 F2400.000
G1 Z6.800
G1 X186.750 Y108.300
G1 X186.750 Y112.000 E0.1226 
G92 E0.0000
; segment
G92 E0.0000
G1 F2400.000
G1 Z6.800
G1 X186.750 Y112.000
G1 X186.750 Y120.750 E0.2900 
G1 X186.250 Y120.750 E0.3066 
G1 X186.250 Y112.000 E0.5966 
G92 E0.0000
; segment
G92 E0.0000
G1 F2400.000
G1 Z6.800
G1 X186.250 Y112.000
G1 X186.250 Y78.700 E1.1037 
G92 E0.0000
; segment
G92 E0.0000
G1 F2400.000
G1 Z6.800
G1 X186.250 Y78.700
G1 X186.250 Y75.000 E0.1226 
G92 E0.0000
; segment
G92 E0.0000
G1 F2400.000
G1 Z6.800
G1 X186.250 Y75.000
G1 X186.250 Y66.250 E0.2900 
G1 X185.750 Y66.250 E0.3066 
G1 X185.750 Y75.000 E0.5966 
G92 E0.0000
; segment
G92 E0.0000
G1 F2400.000
G1 Z6.800
G1 X185.750 Y75.000
G1 X185.750 Y108.300 E1.1037 
G92 E0.0000
; segment
G92 E0.0000
G1 F2400.000
G1 Z6.800
G1 X185.750 Y108.300
G1 X185.750 Y112.000 E0.1226 
G92 E0.0000
; segment
G92 E0.0000
G1 F2400.000
G1 Z6.800
G1 X185.750 Y112.000
G1 X185.750 Y120.750 E0.2900 
G1 X185.250 Y120.750 E0.3066 
G1 X185.250 Y112.000 E0.5966 
G92 E0.0000
; segment
G92 E0.0000
G1 F2400.000
G1 Z6.800
G1 X185.250 Y112.000
G1 X185.250 Y78.700 E1.1037 
G92 E0.0000
; segment
G92 E0.0000
G1 F2400.000
G1 Z6.800
G1 X185.250 Y78.700
G1 X185.250 Y75.000 E0.1226 
G92 E0.0000
; segment
G92 E0.0000
G1 F2400.000
G1 Z6.800
G1 X185.250 Y75.000
G1 X185.250 Y66.250 E0.2900 
G1 X184.750 Y66.250 E0.3066 
G1 X184.750 Y75.000 E0.5966 
G92 E0.0000
; segment
G92 E0.0000
G1 F2400.000
G1 Z6.800
G1 X184.750 Y75.000
G1 X184.750 Y108.300 E1.1037 
G92 E0.0000
; segment
G92 E0.0000
G1 F2400.000
G1 Z6.800
G1 X184.750 Y108.300
G1 X184.750 Y112.000 E0.1226 
G92 E0.0000
; segment
G92 E0.0000
G1 F2400.000
G1 Z6.800
G1 X184.750 Y112.000
G1 X184.750 Y120.750 E0.2900 
G1 X184.250 Y120.750 E0.3066 
G1 X184.250 Y112.000 E0.5966 
G92 E0.0000
; segment
G92 E0.0000
G1 F2400.000
G1 Z6.800
G1 X184.250 Y112.000
G1 X184.250 Y78.700 E1.1037 
G92 E0.0000
; segment
G92 E0.0000
G1 F2400.000
G1 Z6.800
G1 X184.250 Y78.700
G1 X184.250 Y75.000 E0.1226 
G92 E0.0000
; segment
G92 E0.0000
G1 F2400.000
G1 Z6.800
G1 X184.250 Y75.000
G1 X184.250 Y66.250 E0.2900 
G1 X183.750 Y66.250 E0.3066 
G1 X183.750 Y75.000 E0.5966 
G92 E0.0000
; segment
G92 E0.0000
G1 F2400.000
G1 Z6.800
G1 X183.750 Y75.000
G1 X183.750 Y108.300 E1.1037 
G92 E0.0000
; segment
G92 E0.0000
G1 F2400.000
G1 Z6.800
G1 X183.750 Y108.300
G1 X183.750 Y112.000 E0.1226 
G92 E0.0000
; segment
G92 E0.0000
G1 F2400.000
G1 Z6.800
G1 X183.750 Y112.000
G1 X183.750 Y120.750 E0.2900 
G1 X183.250 Y120.750 E0.3066 
G1 X183.250 Y112.000 E0.5966 
G92 E0.0000
; segment
G92 E0.0000
G1 F2400.000
G1 Z6.800
G1 X183.250 Y112.000
G1 X183.250 Y78.700 E1.1037 
G92 E0.0000
; segment
G92 E0.0000
G1 F2400.000
G1 Z6.800
G1 X183.250 Y78.700
G1 X183.250 Y75.000 E0.1226 
G92 E0.0000
; segment
G92 E0.0000
G1 F2400.000
G1 Z6.800
G1 X183.250 Y75.000
G1 X183.250 Y66.250 E0.2900 
G1 X182.750 Y66.250 E0.3066 
G1 X182.750 Y75.000 E0.5966 
G92 E0.0000
; segment
G92 E0.0000
G1 F2400.000
G1 Z6.800
G1 X182.750 Y75.000
G1 X182.750 Y108.300 E1.1037 
G92 E0.0000
; segment
G92 E0.0000
G1 F2400.000
G1 Z6.800
G1 X182.750 Y108.300
G1 X182.750 Y112.000 E0.1226 
G92 E0.0000
; segment
G92 E0.0000
G1 F2400.000
G1 Z6.800
G1 X182.750 Y112.000
G1 X182.750 Y120.750 E0.2900 
G1 X182.250 Y120.750 E0.3066 
G1 X182.250 Y112.000 E0.5966 
G92 E0.0000
; segment
G92 E0.0000
G1 F2400.000
G1 Z6.800
G1 X182.250 Y112.000
G1 X182.250 Y78.700 E1.1037 
G92 E0.0000
; segment
G92 E0.0000
G1 F2400.000
G1 Z6.800
G1 X182.250 Y78.700
G1 X182.250 Y75.000 E0.1226 
G92 E0.0000
; segment
G92 E0.0000
G1 F2400.000
G1 Z6.800
G1 X182.250 Y75.000
G1 X182.250 Y66.250 E0.2900 
G1 X181.750 Y66.250 E0.3066 
G1 X181.750 Y75.000 E0.5966 
G92 E0.0000
; segment
G92 E0.0000
G1 F2400.000
G1 Z6.800
G1 X181.750 Y75.000
G1 X181.750 Y108.300 E1.1037 
G92 E0.0000
; segment
G92 E0.0000
G1 F2400.000
G1 Z6.800
G1 X181.750 Y108.300
G1 X181.750 Y112.000 E0.1226 
G92 E0.0000
; segment
G92 E0.0000
G1 F2400.000
G1 Z6.800
G1 X181.750 Y112.000
G1 X181.750 Y120.750 E0.2900 
G1 X181.250 Y120.750 E0.3066 
G1 X181.250 Y112.000 E0.5966 
G92 E0.0000
; segment
G92 E0.0000
G1 F2400.000
G1 Z6.800
G1 X181.250 Y112.000
G1 X181.250 Y78.700 E1.1037 
G92 E0.0000
; segment
G92 E0.0000
G1 F2400.000
G1 Z6.800
G1 X181.250 Y78.700
G1 X181.250 Y75.000 E0.1226 
G92 E0.0000
; segment
G92 E0.0000
G1 F2400.000
G1 Z6.800
G1 X181.250 Y75.000
G1 X181.250 Y66.250 E0.2900 
G1 X180.750 Y66.250 E0.3066 
G1 X180.750 Y75.000 E0.5966 
G92 E0.0000
; segment
G92 E0.0000
G1 F2400.000
G1 Z6.800
G1 X180.750 Y75.000
G1 X180.750 Y108.300 E1.1037 
G92 E0.0000
; segment
G92 E0.0000
G1 F2400.000
G1 Z6.800
G1 X180.750 Y108.300
G1 X180.750 Y112.000 E0.1226 
G92 E0.0000
; segment
G92 E0.0000
G1 F2400.000
G1 Z6.800
G1 X180.750 Y112.000
G1 X180.750 Y120.750 E0.2900 
G1 X180.250 Y120.750 E0.3066 
G1 X180.250 Y112.000 E0.5966 
G92 E0.0000
; segment
G92 E0.0000
G1 F2400.000
G1 Z6.800
G1 X180.250 Y112.000
G1 X180.250 Y78.700 E1.1037 
G92 E0.0000
; segment
G92 E0.0000
G1 F2400.000
G1 Z6.800
G1 X180.250 Y78.700
G1 X180.250 Y75.000 E0.1226 
G92 E0.0000
; segment
G92 E0.0000
G1 F2400.000
G1 Z6.800
G1 X180.250 Y75.000
G1 X180.250 Y66.250 E0.2900 
G1 X179.750 Y66.250 E0.3066 
G1 X179.750 Y75.000 E0.5966 
G92 E0.0000
; segment
G92 E0.0000
G1 F2400.000
G1 Z6.800
G1 X179.750 Y75.000
G1 X179.750 Y108.300 E1.1037 
G92 E0.0000
; segment
G92 E0.0000
G1 F2400.000
G1 Z6.800
G1 X179.750 Y108.300
G1 X179.750 Y112.000 E0.1226 
G92 E0.0000
; segment
G92 E0.0000
G1 F2400.000
G1 Z6.800
G1 X179.750 Y112.000
G1 X179.750 Y120.750 E0.2900 
G1 X179.250 Y120.750 E0.3066 
G1 X179.250 Y112.000 E0.5966 
G92 E0.0000
; segment
G92 E0.0000
G1 F2400.000
G1 Z6.800
G1 X179.250 Y112.000
G1 X179.250 Y78.700 E1.1037 
G92 E0.0000
; segment
G92 E0.0000
G1 F2400.000
G1 Z6.800
G1 X179.250 Y78.700
G1 X179.250 Y75.000 E0.1226 
G92 E0.0000
; segment
G92 E0.0000
G1 F2400.000
G1 Z6.800
G1 X179.250 Y75.000
G1 X179.250 Y66.250 E0.2900 
G1 X178.750 Y66.250 E0.3066 
G1 X178.750 Y75.000 E0.5966 
G92 E0.0000
; segment
G92 E0.0000
G1 F2400.000
G1 Z6.800
G1 X178.750 Y75.000
G1 X178.750 Y108.300 E1.1037 
G92 E0.0000
; segment
G92 E0.0000
G1 F2400.000
G1 Z6.800
G1 X178.750 Y108.300
G1 X178.750 Y112.000 E0.1226 
G92 E0.0000
; segment
G92 E0.0000
G1 F2400.000
G1 Z6.800
G1 X178.750 Y112.000
G1 X178.750 Y120.750 E0.2900 
G1 X178.250 Y120.750 E0.3066 
G1 X178.250 Y112.000 E0.5966 
G92 E0.0000
; segment
G92 E0.0000
G1 F2400.000
G1 Z6.800
G1 X178.250 Y112.000
G1 X178.250 Y78.700 E1.1037 
G92 E0.0000
; segment
G92 E0.0000
G1 F2400.000
G1 Z6.800
G1 X178.250 Y78.700
G1 X178.250 Y75.000 E0.1226 
G92 E0.0000
; segment
G92 E0.0000
G1 F2400.000
G1 Z6.800
G1 X178.250 Y75.000
G1 X178.250 Y66.250 E0.2900 
G1 X177.750 Y66.250 E0.3066 
G1 X177.750 Y75.000 E0.5966 
G92 E0.0000
; segment
G92 E0.0000
G1 F2400.000
G1 Z6.800
G1 X177.750 Y75.000
G1 X177.750 Y108.300 E1.1037 
G92 E0.0000
; segment
G92 E0.0000
G1 F2400.000
G1 Z6.800
G1 X177.750 Y108.300
G1 X177.750 Y112.000 E0.1226 
G92 E0.0000
; segment
G92 E0.0000
G1 F2400.000
G1 Z6.800
G1 X177.750 Y112.000
G1 X177.750 Y120.750 E0.2900 
G1 X177.250 Y120.750 E0.3066 
G1 X177.250 Y112.000 E0.5966 
G92 E0.0000
; segment
G92 E0.0000
G1 F2400.000
G1 Z6.800
G1 X177.250 Y112.000
G1 X177.250 Y78.700 E1.1037 
G92 E0.0000
; segment
G92 E0.0000
G1 F2400.000
G1 Z6.800
G1 X177.250 Y78.700
G1 X177.250 Y75.000 E0.1226 
G92 E0.0000
; segment
G92 E0.0000
G1 F2400.000
G1 Z6.800
G1 X177.250 Y75.000
G1 X177.250 Y66.250 E0.2900 
G1 X176.750 Y66.250 E0.3066 
G1 X176.750 Y75.000 E0.5966 
G92 E0.0000
; segment
G92 E0.0000
G1 F2400.000
G1 Z6.800
G1 X176.750 Y75.000
G1 X176.750 Y108.300 E1.1037 
G92 E0.0000
; segment
G92 E0.0000
G1 F2400.000
G1 Z6.800
G1 X176.750 Y108.300
G1 X176.750 Y112.000 E0.1226 
G92 E0.0000
; segment
G92 E0.0000
G1 F2400.000
G1 Z6.800
G1 X176.750 Y112.000
G1 X176.750 Y120.750 E0.2900 
G1 X176.250 Y120.750 E0.3066 
G1 X176.250 Y112.000 E0.5966 
G92 E0.0000
; segment
G92 E0.0000
G1 F2400.000
G1 Z6.800
G1 X176.250 Y112.000
G1 X176.250 Y78.700 E1.1037 
G92 E0.0000
; segment
G92 E0.0000
G1 F2400.000
G1 Z6.800
G1 X176.250 Y78.700
G1 X176.250 Y75.000 E0.1226 
G92 E0.0000
; segment
G92 E0.0000
G1 F2400.000
G1 Z6.800
G1 X176.250 Y75.000
G1 X176.250 Y66.250 E0.2900 
G1 X175.750 Y66.250 E0.3066 
G1 X175.750 Y75.000 E0.5966 
G92 E0.0000
; segment
G92 E0.0000
G1 F2400.000
G1 Z6.800
G1 X175.750 Y75.000
G1 X175.750 Y108.300 E1.1037 
G92 E0.0000
; segment
G92 E0.0000
G1 F2400.000
G1 Z6.800
G1 X175.750 Y108.300
G1 X175.750 Y112.000 E0.1226 
G92 E0.0000
; segment
G92 E0.0000
G1 F2400.000
G1 Z6.800
G1 X175.750 Y112.000
G1 X175.750 Y120.750 E0.2900 
G1 X175.250 Y120.750 E0.3066 
G1 X175.250 Y112.000 E0.5966 
G92 E0.0000
; segment
G92 E0.0000
G1 F2400.000
G1 Z6.800
G1 X175.250 Y112.000
G1 X175.250 Y78.700 E1.1037 
G92 E0.0000
; segment
G92 E0.0000
G1 F2400.000
G1 Z6.800
G1 X175.250 Y78.700
G1 X175.250 Y75.000 E0.1226 
G92 E0.0000
; segment
G92 E0.0000
G1 F2400.000
G1 Z6.800
G1 X175.250 Y75.000
G1 X175.250 Y66.250 E0.2900 
G1 X174.750 Y66.250 E0.3066 
G1 X174.750 Y75.000 E0.5966 
G92 E0.0000
; segment
G92 E0.0000
G1 F2400.000
G1 Z6.800
G1 X174.750 Y75.000
G1 X174.750 Y108.300 E1.1037 
G92 E0.0000
; segment
G92 E0.0000
G1 F2400.000
G1 Z6.800
G1 X174.750 Y108.300
G1 X174.750 Y112.000 E0.1226 
G92 E0.0000
; segment
G92 E0.0000
G1 F2400.000
G1 Z6.800
G1 X174.750 Y112.000
G1 X174.750 Y120.750 E0.2900 
G1 X174.250 Y120.750 E0.3066 
G1 X174.250 Y112.000 E0.5966 
G92 E0.0000
; segment
G92 E0.0000
G1 F2400.000
G1 Z6.800
G1 X174.250 Y112.000
G1 X174.250 Y78.700 E1.1037 
G92 E0.0000
; segment
G92 E0.0000
G1 F2400.000
G1 Z6.800
G1 X174.250 Y78.700
G1 X174.250 Y75.000 E0.1226 
G92 E0.0000
; segment
G92 E0.0000
G1 F2400.000
G1 Z6.800
G1 X174.250 Y75.000
G1 X174.250 Y66.250 E0.2900 
G1 X173.750 Y66.250 E0.3066 
G1 X173.750 Y75.000 E0.5966 
G92 E0.0000
; segment
G92 E0.0000
G1 F2400.000
G1 Z6.800
G1 X173.750 Y75.000
G1 X173.750 Y108.300 E1.1037 
G92 E0.0000
; segment
G92 E0.0000
G1 F2400.000
G1 Z6.800
G1 X173.750 Y108.300
G1 X173.750 Y112.000 E0.1226 
G92 E0.0000
; segment
G92 E0.0000
G1 F2400.000
G1 Z6.800
G1 X173.750 Y112.000
G1 X173.750 Y120.750 E0.2900 
G1 X173.250 Y120.750 E0.3066 
G1 X173.250 Y112.000 E0.5966 
G92 E0.0000
; segment
G92 E0.0000
G1 F2400.000
G1 Z6.800
G1 X173.250 Y112.000
G1 X173.250 Y78.700 E1.1037 
G92 E0.0000
; segment
G92 E0.0000
G1 F2400.000
G1 Z6.800
G1 X173.250 Y78.700
G1 X173.250 Y75.000 E0.1226 
G92 E0.0000
; segment
G92 E0.0000
G1 F2400.000
G1 Z6.800
G1 X173.250 Y75.000
G1 X173.250 Y66.250 E0.2900 
G1 X172.750 Y66.250 E0.3066 
G1 X172.750 Y75.000 E0.5966 
G92 E0.0000
; segment
G92 E0.0000
G1 F2400.000
G1 Z6.800
G1 X172.750 Y75.000
G1 X172.750 Y108.300 E1.1037 
G92 E0.0000
; segment
G92 E0.0000
G1 F2400.000
G1 Z6.800
G1 X172.750 Y108.300
G1 X172.750 Y112.000 E0.1226 
G92 E0.0000
; segment
G92 E0.0000
G1 F2400.000
G1 Z6.800
G1 X172.750 Y112.000
G1 X172.750 Y120.750 E0.2900 
G1 X172.250 Y120.750 E0.3066 
G1 X172.250 Y112.000 E0.5966 
G92 E0.0000
; segment
G92 E0.0000
G1 F2400.000
G1 Z6.800
G1 X172.250 Y112.000
G1 X172.250 Y78.700 E1.1037 
G92 E0.0000
; segment
G92 E0.0000
G1 F2400.000
G1 Z6.800
G1 X172.250 Y78.700
G1 X172.250 Y75.000 E0.1226 
G92 E0.0000
; segment
G92 E0.0000
G1 F2400.000
G1 Z6.800
G1 X172.250 Y75.000
G1 X172.250 Y66.250 E0.2900 
G1 X171.750 Y66.250 E0.3066 
G1 X171.750 Y75.000 E0.5966 
G92 E0.0000
; segment
G92 E0.0000
G1 F2400.000
G1 Z6.800
G1 X171.750 Y75.000
G1 X171.750 Y108.300 E1.1037 
G92 E0.0000
; segment
G92 E0.0000
G1 F2400.000
G1 Z6.800
G1 X171.750 Y108.300
G1 X171.750 Y112.000 E0.1226 
G92 E0.0000
; segment
G92 E0.0000
G1 F2400.000
G1 Z6.800
G1 X171.750 Y112.000
G1 X171.750 Y120.750 E0.2900 
G1 X171.250 Y120.750 E0.3066 
G1 X171.250 Y112.000 E0.5966 
G92 E0.0000
; segment
G92 E0.0000
G1 F2400.000
G1 Z6.800
G1 X171.250 Y112.000
G1 X171.250 Y78.700 E1.1037 
G92 E0.0000
; segment
G92 E0.0000
G1 F2400.000
G1 Z6.800
G1 X171.250 Y78.700
G1 X171.250 Y75.000 E0.1226 
G92 E0.0000
; segment
G92 E0.0000
G1 F2400.000
G1 Z6.800
G1 X171.250 Y75.000
G1 X171.250 Y66.250 E0.2900 
G92 E0.0000
; jumping
G92 E3.0000
G1 E0 F2400
G1 X170.250 Y65.250 F12000.000
G1 E3 F2400
G92 E0.0000
; segment
G92 E0.0000
G1 F2400.000
G1 Z7.000
G1 X170.250 Y65.250
G1 X170.250 Y75.000 E0.3232 
G92 E0.0000
; segment
G92 E0.0000
G1 F2400.000
G1 Z7.000
G1 X170.250 Y75.000
G1 X170.250 Y108.300 E1.1037 
G92 E0.0000
; segment
G92 E0.0000
G1 F2400.000
G1 Z7.000
G1 X170.250 Y108.300
G1 X170.250 Y112.000 E0.1226 
G92 E0.0000
; segment
G92 E0.0000
G1 F2400.000
G1 Z7.000
G1 X170.250 Y112.000
G1 X170.250 Y121.750 E0.3232 
G1 X189.750 Y121.750 E0.9695 
G1 X189.750 Y112.000 E1.2927 
G92 E0.0000
; segment
G92 E0.0000
G1 F2400.000
G1 Z7.000
G1 X189.750 Y112.000
G1 X189.750 Y78.700 E1.1037 
G92 E0.0000
; segment
G92 E0.0000
G1 F2400.000
G1 Z7.000
G1 X189.750 Y78.700
G1 X189.750 Y75.000 E0.1226 
G92 E0.0000
; segment
G92 E0.0000
G1 F2400.000
G1 Z7.000
G1 X189.750 Y75.000
G1 X189.750 Y65.250 E0.3232 
G1 X170.250 Y65.250 E0.9695 
G92 E0.0000
; segment
G92 E0.0000
G1 F2400.000
G1 Z7.000
G1 X170.750 Y65.750
G1 X170.750 Y75.000 E0.3066 
G92 E0.0000
; segment
G92 E0.0000
G1 F2400.000
G1 Z7.000
G1 X170.750 Y75.000
G1 X170.750 Y108.300 E1.1037 
G92 E0.0000
; segment
G92 E0.0000
G1 F2400.000
G1 Z7.000
G1 X170.750 Y108.300
G1 X170.750 Y112.000 E0.1226 
G92 E0.0000
; segment
G92 E0.0000
G1 F2400.000
G1 Z7.000
G1 X170.750 Y112.000
G1 X170.750 Y121.250 E0.3066 
G1 X189.250 Y121.250 E0.9198 
G1 X189.250 Y112.000 E1.2264 
G92 E0.0000
; segment
G92 E0.0000
G1 F2400.000
G1 Z7.000
G1 X189.250 Y112.000
G1 X189.250 Y78.700 E1.1037 
G92 E0.0000
; segment
G92 E0.0000
G1 F2400.000
G1 Z7.000
G1 X189.250 Y78.700
G1 X189.250 Y75.000 E0.1226 
G92 E0.0000
; segment
G92 E0.0000
G1 F2400.000
G1 Z7.000
G1 X189.250 Y75.000
G1 X189.250 Y65.750 E0.3066 
G1 X170.750 Y65.750 E0.9198 
G92 E0.0000
; segment
G92 E0.0000
G1 F2400.000
G1 Z7.000
G1 X171.250 Y66.250
G1 X171.250 Y75.000 E0.2900 
G92 E0.0000
; segment
G92 E0.0000
G1 F2400.000
G1 Z7.000
G1 X171.250 Y75.000
G1 X171.250 Y108.300 E1.1037 
G92 E0.0000
; segment
G92 E0.0000
G1 F2400.000
G1 Z7.000
G1 X171.250 Y108.300
G1 X171.250 Y112.000 E0.1226 
G92 E0.0000
; segment
G92 E0.0000
G1 F2400.000
G1 Z7.000
G1 X171.250 Y112.000
G1 X171.250 Y120.750 E0.2900 
G1 X171.750 Y120.750 E0.3066 
G1 X171.750 Y112.000 E0.5966 
G92 E0.0000
; segment
G92 E0.0000
G1 F2400.000
G1 Z7.000
G1 X171.750 Y112.000
G1 X171.750 Y78.700 E1.1037 
G92 E0.0000
; segment
G92 E0.0000
G1 F2400.000
G1 Z7.000
G1 X171.750 Y78.700
G1 X171.750 Y75.000 E0.1226 
G92 E0.0000
; segment
G92 E0.0000
G1 F2400.000
G1 Z7.000
G1 X171.750 Y75.000
G1 X171.750 Y66.250 E0.2900 
G1 X172.250 Y66.250 E0.3066 
G1 X172.250 Y75.000 E0.5966 
G92 E0.0000
; segment
G92 E0.0000
G1 F2400.000
G1 Z7.000
G1 X172.250 Y75.000
G1 X172.250 Y108.300 E1.1037 
G92 E0.0000
; segment
G92 E0.0000
G1 F2400.000
G1 Z7.000
G1 X172.250 Y108.300
G1 X172.250 Y112.000 E0.1226 
G92 E0.0000
; segment
G92 E0.0000
G1 F2400.000
G1 Z7.000
G1 X172.250 Y112.000
G1 X172.250 Y120.750 E0.2900 
G1 X172.750 Y120.750 E0.3066 
G1 X172.750 Y112.000 E0.5966 
G92 E0.0000
; segment
G92 E0.0000
G1 F2400.000
G1 Z7.000
G1 X172.750 Y112.000
G1 X172.750 Y78.700 E1.1037 
G92 E0.0000
; segment
G92 E0.0000
G1 F2400.000
G1 Z7.000
G1 X172.750 Y78.700
G1 X172.750 Y75.000 E0.1226 
G92 E0.0000
; segment
G92 E0.0000
G1 F2400.000
G1 Z7.000
G1 X172.750 Y75.000
G1 X172.750 Y66.250 E0.2900 
G1 X173.250 Y66.250 E0.3066 
G1 X173.250 Y75.000 E0.5966 
G92 E0.0000
; segment
G92 E0.0000
G1 F2400.000
G1 Z7.000
G1 X173.250 Y75.000
G1 X173.250 Y108.300 E1.1037 
G92 E0.0000
; segment
G92 E0.0000
G1 F2400.000
G1 Z7.000
G1 X173.250 Y108.300
G1 X173.250 Y112.000 E0.1226 
G92 E0.0000
; segment
G92 E0.0000
G1 F2400.000
G1 Z7.000
G1 X173.250 Y112.000
G1 X173.250 Y120.750 E0.2900 
G1 X173.750 Y120.750 E0.3066 
G1 X173.750 Y112.000 E0.5966 
G92 E0.0000
; segment
G92 E0.0000
G1 F2400.000
G1 Z7.000
G1 X173.750 Y112.000
G1 X173.750 Y78.700 E1.1037 
G92 E0.0000
; segment
G92 E0.0000
G1 F2400.000
G1 Z7.000
G1 X173.750 Y78.700
G1 X173.750 Y75.000 E0.1226 
G92 E0.0000
; segment
G92 E0.0000
G1 F2400.000
G1 Z7.000
G1 X173.750 Y75.000
G1 X173.750 Y66.250 E0.2900 
G1 X174.250 Y66.250 E0.3066 
G1 X174.250 Y75.000 E0.5966 
G92 E0.0000
; segment
G92 E0.0000
G1 F2400.000
G1 Z7.000
G1 X174.250 Y75.000
G1 X174.250 Y108.300 E1.1037 
G92 E0.0000
; segment
G92 E0.0000
G1 F2400.000
G1 Z7.000
G1 X174.250 Y108.300
G1 X174.250 Y112.000 E0.1226 
G92 E0.0000
; segment
G92 E0.0000
G1 F2400.000
G1 Z7.000
G1 X174.250 Y112.000
G1 X174.250 Y120.750 E0.2900 
G1 X174.750 Y120.750 E0.3066 
G1 X174.750 Y112.000 E0.5966 
G92 E0.0000
; segment
G92 E0.0000
G1 F2400.000
G1 Z7.000
G1 X174.750 Y112.000
G1 X174.750 Y78.700 E1.1037 
G92 E0.0000
; segment
G92 E0.0000
G1 F2400.000
G1 Z7.000
G1 X174.750 Y78.700
G1 X174.750 Y75.000 E0.1226 
G92 E0.0000
; segment
G92 E0.0000
G1 F2400.000
G1 Z7.000
G1 X174.750 Y75.000
G1 X174.750 Y66.250 E0.2900 
G1 X175.250 Y66.250 E0.3066 
G1 X175.250 Y75.000 E0.5966 
G92 E0.0000
; segment
G92 E0.0000
G1 F2400.000
G1 Z7.000
G1 X175.250 Y75.000
G1 X175.250 Y108.300 E1.1037 
G92 E0.0000
; segment
G92 E0.0000
G1 F2400.000
G1 Z7.000
G1 X175.250 Y108.300
G1 X175.250 Y112.000 E0.1226 
G92 E0.0000
; segment
G92 E0.0000
G1 F2400.000
G1 Z7.000
G1 X175.250 Y112.000
G1 X175.250 Y120.750 E0.2900 
G1 X175.750 Y120.750 E0.3066 
G1 X175.750 Y112.000 E0.5966 
G92 E0.0000
; segment
G92 E0.0000
G1 F2400.000
G1 Z7.000
G1 X175.750 Y112.000
G1 X175.750 Y78.700 E1.1037 
G92 E0.0000
; segment
G92 E0.0000
G1 F2400.000
G1 Z7.000
G1 X175.750 Y78.700
G1 X175.750 Y75.000 E0.1226 
G92 E0.0000
; segment
G92 E0.0000
G1 F2400.000
G1 Z7.000
G1 X175.750 Y75.000
G1 X175.750 Y66.250 E0.2900 
G1 X176.250 Y66.250 E0.3066 
G1 X176.250 Y75.000 E0.5966 
G92 E0.0000
; segment
G92 E0.0000
G1 F2400.000
G1 Z7.000
G1 X176.250 Y75.000
G1 X176.250 Y108.300 E1.1037 
G92 E0.0000
; segment
G92 E0.0000
G1 F2400.000
G1 Z7.000
G1 X176.250 Y108.300
G1 X176.250 Y112.000 E0.1226 
G92 E0.0000
; segment
G92 E0.0000
G1 F2400.000
G1 Z7.000
G1 X176.250 Y112.000
G1 X176.250 Y120.750 E0.2900 
G1 X176.750 Y120.750 E0.3066 
G1 X176.750 Y112.000 E0.5966 
G92 E0.0000
; segment
G92 E0.0000
G1 F2400.000
G1 Z7.000
G1 X176.750 Y112.000
G1 X176.750 Y78.700 E1.1037 
G92 E0.0000
; segment
G92 E0.0000
G1 F2400.000
G1 Z7.000
G1 X176.750 Y78.700
G1 X176.750 Y75.000 E0.1226 
G92 E0.0000
; segment
G92 E0.0000
G1 F2400.000
G1 Z7.000
G1 X176.750 Y75.000
G1 X176.750 Y66.250 E0.2900 
G1 X177.250 Y66.250 E0.3066 
G1 X177.250 Y75.000 E0.5966 
G92 E0.0000
; segment
G92 E0.0000
G1 F2400.000
G1 Z7.000
G1 X177.250 Y75.000
G1 X177.250 Y108.300 E1.1037 
G92 E0.0000
; segment
G92 E0.0000
G1 F2400.000
G1 Z7.000
G1 X177.250 Y108.300
G1 X177.250 Y112.000 E0.1226 
G92 E0.0000
; segment
G92 E0.0000
G1 F2400.000
G1 Z7.000
G1 X177.250 Y112.000
G1 X177.250 Y120.750 E0.2900 
G1 X177.750 Y120.750 E0.3066 
G1 X177.750 Y112.000 E0.5966 
G92 E0.0000
; segment
G92 E0.0000
G1 F2400.000
G1 Z7.000
G1 X177.750 Y112.000
G1 X177.750 Y78.700 E1.1037 
G92 E0.0000
; segment
G92 E0.0000
G1 F2400.000
G1 Z7.000
G1 X177.750 Y78.700
G1 X177.750 Y75.000 E0.1226 
G92 E0.0000
; segment
G92 E0.0000
G1 F2400.000
G1 Z7.000
G1 X177.750 Y75.000
G1 X177.750 Y66.250 E0.2900 
G1 X178.250 Y66.250 E0.3066 
G1 X178.250 Y75.000 E0.5966 
G92 E0.0000
; segment
G92 E0.0000
G1 F2400.000
G1 Z7.000
G1 X178.250 Y75.000
G1 X178.250 Y108.300 E1.1037 
G92 E0.0000
; segment
G92 E0.0000
G1 F2400.000
G1 Z7.000
G1 X178.250 Y108.300
G1 X178.250 Y112.000 E0.1226 
G92 E0.0000
; segment
G92 E0.0000
G1 F2400.000
G1 Z7.000
G1 X178.250 Y112.000
G1 X178.250 Y120.750 E0.2900 
G1 X178.750 Y120.750 E0.3066 
G1 X178.750 Y112.000 E0.5966 
G92 E0.0000
; segment
G92 E0.0000
G1 F2400.000
G1 Z7.000
G1 X178.750 Y112.000
G1 X178.750 Y78.700 E1.1037 
G92 E0.0000
; segment
G92 E0.0000
G1 F2400.000
G1 Z7.000
G1 X178.750 Y78.700
G1 X178.750 Y75.000 E0.1226 
G92 E0.0000
; segment
G92 E0.0000
G1 F2400.000
G1 Z7.000
G1 X178.750 Y75.000
G1 X178.750 Y66.250 E0.2900 
G1 X179.250 Y66.250 E0.3066 
G1 X179.250 Y75.000 E0.5966 
G92 E0.0000
; segment
G92 E0.0000
G1 F2400.000
G1 Z7.000
G1 X179.250 Y75.000
G1 X179.250 Y108.300 E1.1037 
G92 E0.0000
; segment
G92 E0.0000
G1 F2400.000
G1 Z7.000
G1 X179.250 Y108.300
G1 X179.250 Y112.000 E0.1226 
G92 E0.0000
; segment
G92 E0.0000
G1 F2400.000
G1 Z7.000
G1 X179.250 Y112.000
G1 X179.250 Y120.750 E0.2900 
G1 X179.750 Y120.750 E0.3066 
G1 X179.750 Y112.000 E0.5966 
G92 E0.0000
; segment
G92 E0.0000
G1 F2400.000
G1 Z7.000
G1 X179.750 Y112.000
G1 X179.750 Y78.700 E1.1037 
G92 E0.0000
; segment
G92 E0.0000
G1 F2400.000
G1 Z7.000
G1 X179.750 Y78.700
G1 X179.750 Y75.000 E0.1226 
G92 E0.0000
; segment
G92 E0.0000
G1 F2400.000
G1 Z7.000
G1 X179.750 Y75.000
G1 X179.750 Y66.250 E0.2900 
G1 X180.250 Y66.250 E0.3066 
G1 X180.250 Y75.000 E0.5966 
G92 E0.0000
; segment
G92 E0.0000
G1 F2400.000
G1 Z7.000
G1 X180.250 Y75.000
G1 X180.250 Y108.300 E1.1037 
G92 E0.0000
; segment
G92 E0.0000
G1 F2400.000
G1 Z7.000
G1 X180.250 Y108.300
G1 X180.250 Y112.000 E0.1226 
G92 E0.0000
; segment
G92 E0.0000
G1 F2400.000
G1 Z7.000
G1 X180.250 Y112.000
G1 X180.250 Y120.750 E0.2900 
G1 X180.750 Y120.750 E0.3066 
G1 X180.750 Y112.000 E0.5966 
G92 E0.0000
; segment
G92 E0.0000
G1 F2400.000
G1 Z7.000
G1 X180.750 Y112.000
G1 X180.750 Y78.700 E1.1037 
G92 E0.0000
; segment
G92 E0.0000
G1 F2400.000
G1 Z7.000
G1 X180.750 Y78.700
G1 X180.750 Y75.000 E0.1226 
G92 E0.0000
; segment
G92 E0.0000
G1 F2400.000
G1 Z7.000
G1 X180.750 Y75.000
G1 X180.750 Y66.250 E0.2900 
G1 X181.250 Y66.250 E0.3066 
G1 X181.250 Y75.000 E0.5966 
G92 E0.0000
; segment
G92 E0.0000
G1 F2400.000
G1 Z7.000
G1 X181.250 Y75.000
G1 X181.250 Y108.300 E1.1037 
G92 E0.0000
; segment
G92 E0.0000
G1 F2400.000
G1 Z7.000
G1 X181.250 Y108.300
G1 X181.250 Y112.000 E0.1226 
G92 E0.0000
; segment
G92 E0.0000
G1 F2400.000
G1 Z7.000
G1 X181.250 Y112.000
G1 X181.250 Y120.750 E0.2900 
G1 X181.750 Y120.750 E0.3066 
G1 X181.750 Y112.000 E0.5966 
G92 E0.0000
; segment
G92 E0.0000
G1 F2400.000
G1 Z7.000
G1 X181.750 Y112.000
G1 X181.750 Y78.700 E1.1037 
G92 E0.0000
; segment
G92 E0.0000
G1 F2400.000
G1 Z7.000
G1 X181.750 Y78.700
G1 X181.750 Y75.000 E0.1226 
G92 E0.0000
; segment
G92 E0.0000
G1 F2400.000
G1 Z7.000
G1 X181.750 Y75.000
G1 X181.750 Y66.250 E0.2900 
G1 X182.250 Y66.250 E0.3066 
G1 X182.250 Y75.000 E0.5966 
G92 E0.0000
; segment
G92 E0.0000
G1 F2400.000
G1 Z7.000
G1 X182.250 Y75.000
G1 X182.250 Y108.300 E1.1037 
G92 E0.0000
; segment
G92 E0.0000
G1 F2400.000
G1 Z7.000
G1 X182.250 Y108.300
G1 X182.250 Y112.000 E0.1226 
G92 E0.0000
; segment
G92 E0.0000
G1 F2400.000
G1 Z7.000
G1 X182.250 Y112.000
G1 X182.250 Y120.750 E0.2900 
G1 X182.750 Y120.750 E0.3066 
G1 X182.750 Y112.000 E0.5966 
G92 E0.0000
; segment
G92 E0.0000
G1 F2400.000
G1 Z7.000
G1 X182.750 Y112.000
G1 X182.750 Y78.700 E1.1037 
G92 E0.0000
; segment
G92 E0.0000
G1 F2400.000
G1 Z7.000
G1 X182.750 Y78.700
G1 X182.750 Y75.000 E0.1226 
G92 E0.0000
; segment
G92 E0.0000
G1 F2400.000
G1 Z7.000
G1 X182.750 Y75.000
G1 X182.750 Y66.250 E0.2900 
G1 X183.250 Y66.250 E0.3066 
G1 X183.250 Y75.000 E0.5966 
G92 E0.0000
; segment
G92 E0.0000
G1 F2400.000
G1 Z7.000
G1 X183.250 Y75.000
G1 X183.250 Y108.300 E1.1037 
G92 E0.0000
; segment
G92 E0.0000
G1 F2400.000
G1 Z7.000
G1 X183.250 Y108.300
G1 X183.250 Y112.000 E0.1226 
G92 E0.0000
; segment
G92 E0.0000
G1 F2400.000
G1 Z7.000
G1 X183.250 Y112.000
G1 X183.250 Y120.750 E0.2900 
G1 X183.750 Y120.750 E0.3066 
G1 X183.750 Y112.000 E0.5966 
G92 E0.0000
; segment
G92 E0.0000
G1 F2400.000
G1 Z7.000
G1 X183.750 Y112.000
G1 X183.750 Y78.700 E1.1037 
G92 E0.0000
; segment
G92 E0.0000
G1 F2400.000
G1 Z7.000
G1 X183.750 Y78.700
G1 X183.750 Y75.000 E0.1226 
G92 E0.0000
; segment
G92 E0.0000
G1 F2400.000
G1 Z7.000
G1 X183.750 Y75.000
G1 X183.750 Y66.250 E0.2900 
G1 X184.250 Y66.250 E0.3066 
G1 X184.250 Y75.000 E0.5966 
G92 E0.0000
; segment
G92 E0.0000
G1 F2400.000
G1 Z7.000
G1 X184.250 Y75.000
G1 X184.250 Y108.300 E1.1037 
G92 E0.0000
; segment
G92 E0.0000
G1 F2400.000
G1 Z7.000
G1 X184.250 Y108.300
G1 X184.250 Y112.000 E0.1226 
G92 E0.0000
; segment
G92 E0.0000
G1 F2400.000
G1 Z7.000
G1 X184.250 Y112.000
G1 X184.250 Y120.750 E0.2900 
G1 X184.750 Y120.750 E0.3066 
G1 X184.750 Y112.000 E0.5966 
G92 E0.0000
; segment
G92 E0.0000
G1 F2400.000
G1 Z7.000
G1 X184.750 Y112.000
G1 X184.750 Y78.700 E1.1037 
G92 E0.0000
; segment
G92 E0.0000
G1 F2400.000
G1 Z7.000
G1 X184.750 Y78.700
G1 X184.750 Y75.000 E0.1226 
G92 E0.0000
; segment
G92 E0.0000
G1 F2400.000
G1 Z7.000
G1 X184.750 Y75.000
G1 X184.750 Y66.250 E0.2900 
G1 X185.250 Y66.250 E0.3066 
G1 X185.250 Y75.000 E0.5966 
G92 E0.0000
; segment
G92 E0.0000
G1 F2400.000
G1 Z7.000
G1 X185.250 Y75.000
G1 X185.250 Y108.300 E1.1037 
G92 E0.0000
; segment
G92 E0.0000
G1 F2400.000
G1 Z7.000
G1 X185.250 Y108.300
G1 X185.250 Y112.000 E0.1226 
G92 E0.0000
; segment
G92 E0.0000
G1 F2400.000
G1 Z7.000
G1 X185.250 Y112.000
G1 X185.250 Y120.750 E0.2900 
G1 X185.750 Y120.750 E0.3066 
G1 X185.750 Y112.000 E0.5966 
G92 E0.0000
; segment
G92 E0.0000
G1 F2400.000
G1 Z7.000
G1 X185.750 Y112.000
G1 X185.750 Y78.700 E1.1037 
G92 E0.0000
; segment
G92 E0.0000
G1 F2400.000
G1 Z7.000
G1 X185.750 Y78.700
G1 X185.750 Y75.000 E0.1226 
G92 E0.0000
; segment
G92 E0.0000
G1 F2400.000
G1 Z7.000
G1 X185.750 Y75.000
G1 X185.750 Y66.250 E0.2900 
G1 X186.250 Y66.250 E0.3066 
G1 X186.250 Y75.000 E0.5966 
G92 E0.0000
; segment
G92 E0.0000
G1 F2400.000
G1 Z7.000
G1 X186.250 Y75.000
G1 X186.250 Y108.300 E1.1037 
G92 E0.0000
; segment
G92 E0.0000
G1 F2400.000
G1 Z7.000
G1 X186.250 Y108.300
G1 X186.250 Y112.000 E0.1226 
G92 E0.0000
; segment
G92 E0.0000
G1 F2400.000
G1 Z7.000
G1 X186.250 Y112.000
G1 X186.250 Y120.750 E0.2900 
G1 X186.750 Y120.750 E0.3066 
G1 X186.750 Y112.000 E0.5966 
G92 E0.0000
; segment
G92 E0.0000
G1 F2400.000
G1 Z7.000
G1 X186.750 Y112.000
G1 X186.750 Y78.700 E1.1037 
G92 E0.0000
; segment
G92 E0.0000
G1 F2400.000
G1 Z7.000
G1 X186.750 Y78.700
G1 X186.750 Y75.000 E0.1226 
G92 E0.0000
; segment
G92 E0.0000
G1 F2400.000
G1 Z7.000
G1 X186.750 Y75.000
G1 X186.750 Y66.250 E0.2900 
G1 X187.250 Y66.250 E0.3066 
G1 X187.250 Y75.000 E0.5966 
G92 E0.0000
; segment
G92 E0.0000
G1 F2400.000
G1 Z7.000
G1 X187.250 Y75.000
G1 X187.250 Y108.300 E1.1037 
G92 E0.0000
; segment
G92 E0.0000
G1 F2400.000
G1 Z7.000
G1 X187.250 Y108.300
G1 X187.250 Y112.000 E0.1226 
G92 E0.0000
; segment
G92 E0.0000
G1 F2400.000
G1 Z7.000
G1 X187.250 Y112.000
G1 X187.250 Y120.750 E0.2900 
G1 X187.750 Y120.750 E0.3066 
G1 X187.750 Y112.000 E0.5966 
G92 E0.0000
; segment
G92 E0.0000
G1 F2400.000
G1 Z7.000
G1 X187.750 Y112.000
G1 X187.750 Y78.700 E1.1037 
G92 E0.0000
; segment
G92 E0.0000
G1 F2400.000
G1 Z7.000
G1 X187.750 Y78.700
G1 X187.750 Y75.000 E0.1226 
G92 E0.0000
; segment
G92 E0.0000
G1 F2400.000
G1 Z7.000
G1 X187.750 Y75.000
G1 X187.750 Y66.250 E0.2900 
G1 X188.250 Y66.250 E0.3066 
G1 X188.250 Y75.000 E0.5966 
G92 E0.0000
; segment
G92 E0.0000
G1 F2400.000
G1 Z7.000
G1 X188.250 Y75.000
G1 X188.250 Y108.300 E1.1037 
G92 E0.0000
; segment
G92 E0.0000
G1 F2400.000
G1 Z7.000
G1 X188.250 Y108.300
G1 X188.250 Y112.000 E0.1226 
G92 E0.0000
; segment
G92 E0.0000
G1 F2400.000
G1 Z7.000
G1 X188.250 Y112.000
G1 X188.250 Y120.750 E0.2900 
G1 X188.750 Y120.750 E0.3066 
G1 X188.750 Y112.000 E0.5966 
G92 E0.0000
; segment
G92 E0.0000
G1 F2400.000
G1 Z7.000
G1 X188.750 Y112.000
G1 X188.750 Y78.700 E1.1037 
G92 E0.0000
; segment
G92 E0.0000
G1 F2400.000
G1 Z7.000
G1 X188.750 Y78.700
G1 X188.750 Y75.000 E0.1226 
G92 E0.0000
; segment
G92 E0.0000
G1 F2400.000
G1 Z7.000
G1 X188.750 Y75.000
G1 X188.750 Y66.250 E0.2900 
G92 E0.0000
; jumping
G92 E3.0000
G1 E0 F2400
G1 X189.750 Y65.250 F12000.000
G1 E3 F2400
G92 E0.0000
; segment
G92 E0.0000
G1 F2400.000
G1 Z7.200
G1 X189.750 Y65.250
G1 X170.250 Y65.250 E0.6463 
G1 X170.250 Y75.000 E0.9695 
G92 E0.0000
; segment
G92 E0.0000
G1 F2400.000
G1 Z7.200
G1 X170.250 Y75.000
G1 X170.250 Y108.300 E1.1037 
G92 E0.0000
; segment
G92 E0.0000
G1 F2400.000
G1 Z7.200
G1 X170.250 Y108.300
G1 X170.250 Y112.000 E0.1226 
G92 E0.0000
; segment
G92 E0.0000
G1 F2400.000
G1 Z7.200
G1 X170.250 Y112.000
G1 X170.250 Y121.750 E0.3232 
G1 X189.750 Y121.750 E0.9695 
G1 X189.750 Y112.000 E1.2927 
G92 E0.0000
; segment
G92 E0.0000
G1 F2400.000
G1 Z7.200
G1 X189.750 Y112.000
G1 X189.750 Y78.700 E1.1037 
G92 E0.0000
; segment
G92 E0.0000
G1 F2400.000
G1 Z7.200
G1 X189.750 Y78.700
G1 X189.750 Y75.000 E0.1226 
G92 E0.0000
; segment
G92 E0.0000
G1 F2400.000
G1 Z7.200
G1 X189.750 Y75.000
G1 X189.750 Y65.250 E0.3232 
G92 E0.0000
; segment
G92 E0.0000
G1 F2400.000
G1 Z7.200
G1 X189.250 Y65.750
G1 X170.750 Y65.750 E0.6132 
G1 X170.750 Y75.000 E0.9198 
G92 E0.0000
; segment
G92 E0.0000
G1 F2400.000
G1 Z7.200
G1 X170.750 Y75.000
G1 X170.750 Y108.300 E1.1037 
G92 E0.0000
; segment
G92 E0.0000
G1 F2400.000
G1 Z7.200
G1 X170.750 Y108.300
G1 X170.750 Y112.000 E0.1226 
G92 E0.0000
; segment
G92 E0.0000
G1 F2400.000
G1 Z7.200
G1 X170.750 Y112.000
G1 X170.750 Y121.250 E0.3066 
G1 X189.250 Y121.250 E0.9198 
G1 X189.250 Y112.000 E1.2264 
G92 E0.0000
; segment
G92 E0.0000
G1 F2400.000
G1 Z7.200
G1 X189.250 Y112.000
G1 X189.250 Y78.700 E1.1037 
G92 E0.0000
; segment
G92 E0.0000
G1 F2400.000
G1 Z7.200
G1 X189.250 Y78.700
G1 X189.250 Y75.000 E0.1226 
G92 E0.0000
; segment
G92 E0.0000
G1 F2400.000
G1 Z7.200
G1 X189.250 Y75.000
G1 X189.250 Y65.750 E0.3066 
G92 E0.0000
; segment
G92 E0.0000
G1 F2400.000
G1 Z7.200
G1 X188.750 Y66.250
G1 X188.750 Y75.000 E0.2900 
G92 E0.0000
; segment
G92 E0.0000
G1 F2400.000
G1 Z7.200
G1 X188.750 Y75.000
G1 X188.750 Y108.300 E1.1037 
G92 E0.0000
; segment
G92 E0.0000
G1 F2400.000
G1 Z7.200
G1 X188.750 Y108.300
G1 X188.750 Y112.000 E0.1226 
G92 E0.0000
; segment
G92 E0.0000
G1 F2400.000
G1 Z7.200
G1 X188.750 Y112.000
G1 X188.750 Y120.750 E0.2900 
G1 X188.250 Y120.750 E0.3066 
G1 X188.250 Y112.000 E0.5966 
G92 E0.0000
; segment
G92 E0.0000
G1 F2400.000
G1 Z7.200
G1 X188.250 Y112.000
G1 X188.250 Y78.700 E1.1037 
G92 E0.0000
; segment
G92 E0.0000
G1 F2400.000
G1 Z7.200
G1 X188.250 Y78.700
G1 X188.250 Y75.000 E0.1226 
G92 E0.0000
; segment
G92 E0.0000
G1 F2400.000
G1 Z7.200
G1 X188.250 Y75.000
G1 X188.250 Y66.250 E0.2900 
G1 X187.750 Y66.250 E0.3066 
G1 X187.750 Y75.000 E0.5966 
G92 E0.0000
; segment
G92 E0.0000
G1 F2400.000
G1 Z7.200
G1 X187.750 Y75.000
G1 X187.750 Y108.300 E1.1037 
G92 E0.0000
; segment
G92 E0.0000
G1 F2400.000
G1 Z7.200
G1 X187.750 Y108.300
G1 X187.750 Y112.000 E0.1226 
G92 E0.0000
; segment
G92 E0.0000
G1 F2400.000
G1 Z7.200
G1 X187.750 Y112.000
G1 X187.750 Y120.750 E0.2900 
G1 X187.250 Y120.750 E0.3066 
G1 X187.250 Y112.000 E0.5966 
G92 E0.0000
; segment
G92 E0.0000
G1 F2400.000
G1 Z7.200
G1 X187.250 Y112.000
G1 X187.250 Y78.700 E1.1037 
G92 E0.0000
; segment
G92 E0.0000
G1 F2400.000
G1 Z7.200
G1 X187.250 Y78.700
G1 X187.250 Y75.000 E0.1226 
G92 E0.0000
; segment
G92 E0.0000
G1 F2400.000
G1 Z7.200
G1 X187.250 Y75.000
G1 X187.250 Y66.250 E0.2900 
G1 X186.750 Y66.250 E0.3066 
G1 X186.750 Y75.000 E0.5966 
G92 E0.0000
; segment
G92 E0.0000
G1 F2400.000
G1 Z7.200
G1 X186.750 Y75.000
G1 X186.750 Y108.300 E1.1037 
G92 E0.0000
; segment
G92 E0.0000
G1 F2400.000
G1 Z7.200
G1 X186.750 Y108.300
G1 X186.750 Y112.000 E0.1226 
G92 E0.0000
; segment
G92 E0.0000
G1 F2400.000
G1 Z7.200
G1 X186.750 Y112.000
G1 X186.750 Y120.750 E0.2900 
G1 X186.250 Y120.750 E0.3066 
G1 X186.250 Y112.000 E0.5966 
G92 E0.0000
; segment
G92 E0.0000
G1 F2400.000
G1 Z7.200
G1 X186.250 Y112.000
G1 X186.250 Y78.700 E1.1037 
G92 E0.0000
; segment
G92 E0.0000
G1 F2400.000
G1 Z7.200
G1 X186.250 Y78.700
G1 X186.250 Y75.000 E0.1226 
G92 E0.0000
; segment
G92 E0.0000
G1 F2400.000
G1 Z7.200
G1 X186.250 Y75.000
G1 X186.250 Y66.250 E0.2900 
G1 X185.750 Y66.250 E0.3066 
G1 X185.750 Y75.000 E0.5966 
G92 E0.0000
; segment
G92 E0.0000
G1 F2400.000
G1 Z7.200
G1 X185.750 Y75.000
G1 X185.750 Y108.300 E1.1037 
G92 E0.0000
; segment
G92 E0.0000
G1 F2400.000
G1 Z7.200
G1 X185.750 Y108.300
G1 X185.750 Y112.000 E0.1226 
G92 E0.0000
; segment
G92 E0.0000
G1 F2400.000
G1 Z7.200
G1 X185.750 Y112.000
G1 X185.750 Y120.750 E0.2900 
G1 X185.250 Y120.750 E0.3066 
G1 X185.250 Y112.000 E0.5966 
G92 E0.0000
; segment
G92 E0.0000
G1 F2400.000
G1 Z7.200
G1 X185.250 Y112.000
G1 X185.250 Y78.700 E1.1037 
G92 E0.0000
; segment
G92 E0.0000
G1 F2400.000
G1 Z7.200
G1 X185.250 Y78.700
G1 X185.250 Y75.000 E0.1226 
G92 E0.0000
; segment
G92 E0.0000
G1 F2400.000
G1 Z7.200
G1 X185.250 Y75.000
G1 X185.250 Y66.250 E0.2900 
G1 X184.750 Y66.250 E0.3066 
G1 X184.750 Y75.000 E0.5966 
G92 E0.0000
; segment
G92 E0.0000
G1 F2400.000
G1 Z7.200
G1 X184.750 Y75.000
G1 X184.750 Y108.300 E1.1037 
G92 E0.0000
; segment
G92 E0.0000
G1 F2400.000
G1 Z7.200
G1 X184.750 Y108.300
G1 X184.750 Y112.000 E0.1226 
G92 E0.0000
; segment
G92 E0.0000
G1 F2400.000
G1 Z7.200
G1 X184.750 Y112.000
G1 X184.750 Y120.750 E0.2900 
G1 X184.250 Y120.750 E0.3066 
G1 X184.250 Y112.000 E0.5966 
G92 E0.0000
; segment
G92 E0.0000
G1 F2400.000
G1 Z7.200
G1 X184.250 Y112.000
G1 X184.250 Y78.700 E1.1037 
G92 E0.0000
; segment
G92 E0.0000
G1 F2400.000
G1 Z7.200
G1 X184.250 Y78.700
G1 X184.250 Y75.000 E0.1226 
G92 E0.0000
; segment
G92 E0.0000
G1 F2400.000
G1 Z7.200
G1 X184.250 Y75.000
G1 X184.250 Y66.250 E0.2900 
G1 X183.750 Y66.250 E0.3066 
G1 X183.750 Y75.000 E0.5966 
G92 E0.0000
; segment
G92 E0.0000
G1 F2400.000
G1 Z7.200
G1 X183.750 Y75.000
G1 X183.750 Y108.300 E1.1037 
G92 E0.0000
; segment
G92 E0.0000
G1 F2400.000
G1 Z7.200
G1 X183.750 Y108.300
G1 X183.750 Y112.000 E0.1226 
G92 E0.0000
; segment
G92 E0.0000
G1 F2400.000
G1 Z7.200
G1 X183.750 Y112.000
G1 X183.750 Y120.750 E0.2900 
G1 X183.250 Y120.750 E0.3066 
G1 X183.250 Y112.000 E0.5966 
G92 E0.0000
; segment
G92 E0.0000
G1 F2400.000
G1 Z7.200
G1 X183.250 Y112.000
G1 X183.250 Y78.700 E1.1037 
G92 E0.0000
; segment
G92 E0.0000
G1 F2400.000
G1 Z7.200
G1 X183.250 Y78.700
G1 X183.250 Y75.000 E0.1226 
G92 E0.0000
; segment
G92 E0.0000
G1 F2400.000
G1 Z7.200
G1 X183.250 Y75.000
G1 X183.250 Y66.250 E0.2900 
G1 X182.750 Y66.250 E0.3066 
G1 X182.750 Y75.000 E0.5966 
G92 E0.0000
; segment
G92 E0.0000
G1 F2400.000
G1 Z7.200
G1 X182.750 Y75.000
G1 X182.750 Y108.300 E1.1037 
G92 E0.0000
; segment
G92 E0.0000
G1 F2400.000
G1 Z7.200
G1 X182.750 Y108.300
G1 X182.750 Y112.000 E0.1226 
G92 E0.0000
; segment
G92 E0.0000
G1 F2400.000
G1 Z7.200
G1 X182.750 Y112.000
G1 X182.750 Y120.750 E0.2900 
G1 X182.250 Y120.750 E0.3066 
G1 X182.250 Y112.000 E0.5966 
G92 E0.0000
; segment
G92 E0.0000
G1 F2400.000
G1 Z7.200
G1 X182.250 Y112.000
G1 X182.250 Y78.700 E1.1037 
G92 E0.0000
; segment
G92 E0.0000
G1 F2400.000
G1 Z7.200
G1 X182.250 Y78.700
G1 X182.250 Y75.000 E0.1226 
G92 E0.0000
; segment
G92 E0.0000
G1 F2400.000
G1 Z7.200
G1 X182.250 Y75.000
G1 X182.250 Y66.250 E0.2900 
G1 X181.750 Y66.250 E0.3066 
G1 X181.750 Y75.000 E0.5966 
G92 E0.0000
; segment
G92 E0.0000
G1 F2400.000
G1 Z7.200
G1 X181.750 Y75.000
G1 X181.750 Y108.300 E1.1037 
G92 E0.0000
; segment
G92 E0.0000
G1 F2400.000
G1 Z7.200
G1 X181.750 Y108.300
G1 X181.750 Y112.000 E0.1226 
G92 E0.0000
; segment
G92 E0.0000
G1 F2400.000
G1 Z7.200
G1 X181.750 Y112.000
G1 X181.750 Y120.750 E0.2900 
G1 X181.250 Y120.750 E0.3066 
G1 X181.250 Y112.000 E0.5966 
G92 E0.0000
; segment
G92 E0.0000
G1 F2400.000
G1 Z7.200
G1 X181.250 Y112.000
G1 X181.250 Y78.700 E1.1037 
G92 E0.0000
; segment
G92 E0.0000
G1 F2400.000
G1 Z7.200
G1 X181.250 Y78.700
G1 X181.250 Y75.000 E0.1226 
G92 E0.0000
; segment
G92 E0.0000
G1 F2400.000
G1 Z7.200
G1 X181.250 Y75.000
G1 X181.250 Y66.250 E0.2900 
G1 X180.750 Y66.250 E0.3066 
G1 X180.750 Y75.000 E0.5966 
G92 E0.0000
; segment
G92 E0.0000
G1 F2400.000
G1 Z7.200
G1 X180.750 Y75.000
G1 X180.750 Y108.300 E1.1037 
G92 E0.0000
; segment
G92 E0.0000
G1 F2400.000
G1 Z7.200
G1 X180.750 Y108.300
G1 X180.750 Y112.000 E0.1226 
G92 E0.0000
; segment
G92 E0.0000
G1 F2400.000
G1 Z7.200
G1 X180.750 Y112.000
G1 X180.750 Y120.750 E0.2900 
G1 X180.250 Y120.750 E0.3066 
G1 X180.250 Y112.000 E0.5966 
G92 E0.0000
; segment
G92 E0.0000
G1 F2400.000
G1 Z7.200
G1 X180.250 Y112.000
G1 X180.250 Y78.700 E1.1037 
G92 E0.0000
; segment
G92 E0.0000
G1 F2400.000
G1 Z7.200
G1 X180.250 Y78.700
G1 X180.250 Y75.000 E0.1226 
G92 E0.0000
; segment
G92 E0.0000
G1 F2400.000
G1 Z7.200
G1 X180.250 Y75.000
G1 X180.250 Y66.250 E0.2900 
G1 X179.750 Y66.250 E0.3066 
G1 X179.750 Y75.000 E0.5966 
G92 E0.0000
; segment
G92 E0.0000
G1 F2400.000
G1 Z7.200
G1 X179.750 Y75.000
G1 X179.750 Y108.300 E1.1037 
G92 E0.0000
; segment
G92 E0.0000
G1 F2400.000
G1 Z7.200
G1 X179.750 Y108.300
G1 X179.750 Y112.000 E0.1226 
G92 E0.0000
; segment
G92 E0.0000
G1 F2400.000
G1 Z7.200
G1 X179.750 Y112.000
G1 X179.750 Y120.750 E0.2900 
G1 X179.250 Y120.750 E0.3066 
G1 X179.250 Y112.000 E0.5966 
G92 E0.0000
; segment
G92 E0.0000
G1 F2400.000
G1 Z7.200
G1 X179.250 Y112.000
G1 X179.250 Y78.700 E1.1037 
G92 E0.0000
; segment
G92 E0.0000
G1 F2400.000
G1 Z7.200
G1 X179.250 Y78.700
G1 X179.250 Y75.000 E0.1226 
G92 E0.0000
; segment
G92 E0.0000
G1 F2400.000
G1 Z7.200
G1 X179.250 Y75.000
G1 X179.250 Y66.250 E0.2900 
G1 X178.750 Y66.250 E0.3066 
G1 X178.750 Y75.000 E0.5966 
G92 E0.0000
; segment
G92 E0.0000
G1 F2400.000
G1 Z7.200
G1 X178.750 Y75.000
G1 X178.750 Y108.300 E1.1037 
G92 E0.0000
; segment
G92 E0.0000
G1 F2400.000
G1 Z7.200
G1 X178.750 Y108.300
G1 X178.750 Y112.000 E0.1226 
G92 E0.0000
; segment
G92 E0.0000
G1 F2400.000
G1 Z7.200
G1 X178.750 Y112.000
G1 X178.750 Y120.750 E0.2900 
G1 X178.250 Y120.750 E0.3066 
G1 X178.250 Y112.000 E0.5966 
G92 E0.0000
; segment
G92 E0.0000
G1 F2400.000
G1 Z7.200
G1 X178.250 Y112.000
G1 X178.250 Y78.700 E1.1037 
G92 E0.0000
; segment
G92 E0.0000
G1 F2400.000
G1 Z7.200
G1 X178.250 Y78.700
G1 X178.250 Y75.000 E0.1226 
G92 E0.0000
; segment
G92 E0.0000
G1 F2400.000
G1 Z7.200
G1 X178.250 Y75.000
G1 X178.250 Y66.250 E0.2900 
G1 X177.750 Y66.250 E0.3066 
G1 X177.750 Y75.000 E0.5966 
G92 E0.0000
; segment
G92 E0.0000
G1 F2400.000
G1 Z7.200
G1 X177.750 Y75.000
G1 X177.750 Y108.300 E1.1037 
G92 E0.0000
; segment
G92 E0.0000
G1 F2400.000
G1 Z7.200
G1 X177.750 Y108.300
G1 X177.750 Y112.000 E0.1226 
G92 E0.0000
; segment
G92 E0.0000
G1 F2400.000
G1 Z7.200
G1 X177.750 Y112.000
G1 X177.750 Y120.750 E0.2900 
G1 X177.250 Y120.750 E0.3066 
G1 X177.250 Y112.000 E0.5966 
G92 E0.0000
; segment
G92 E0.0000
G1 F2400.000
G1 Z7.200
G1 X177.250 Y112.000
G1 X177.250 Y78.700 E1.1037 
G92 E0.0000
; segment
G92 E0.0000
G1 F2400.000
G1 Z7.200
G1 X177.250 Y78.700
G1 X177.250 Y75.000 E0.1226 
G92 E0.0000
; segment
G92 E0.0000
G1 F2400.000
G1 Z7.200
G1 X177.250 Y75.000
G1 X177.250 Y66.250 E0.2900 
G1 X176.750 Y66.250 E0.3066 
G1 X176.750 Y75.000 E0.5966 
G92 E0.0000
; segment
G92 E0.0000
G1 F2400.000
G1 Z7.200
G1 X176.750 Y75.000
G1 X176.750 Y108.300 E1.1037 
G92 E0.0000
; segment
G92 E0.0000
G1 F2400.000
G1 Z7.200
G1 X176.750 Y108.300
G1 X176.750 Y112.000 E0.1226 
G92 E0.0000
; segment
G92 E0.0000
G1 F2400.000
G1 Z7.200
G1 X176.750 Y112.000
G1 X176.750 Y120.750 E0.2900 
G1 X176.250 Y120.750 E0.3066 
G1 X176.250 Y112.000 E0.5966 
G92 E0.0000
; segment
G92 E0.0000
G1 F2400.000
G1 Z7.200
G1 X176.250 Y112.000
G1 X176.250 Y78.700 E1.1037 
G92 E0.0000
; segment
G92 E0.0000
G1 F2400.000
G1 Z7.200
G1 X176.250 Y78.700
G1 X176.250 Y75.000 E0.1226 
G92 E0.0000
; segment
G92 E0.0000
G1 F2400.000
G1 Z7.200
G1 X176.250 Y75.000
G1 X176.250 Y66.250 E0.2900 
G1 X175.750 Y66.250 E0.3066 
G1 X175.750 Y75.000 E0.5966 
G92 E0.0000
; segment
G92 E0.0000
G1 F2400.000
G1 Z7.200
G1 X175.750 Y75.000
G1 X175.750 Y108.300 E1.1037 
G92 E0.0000
; segment
G92 E0.0000
G1 F2400.000
G1 Z7.200
G1 X175.750 Y108.300
G1 X175.750 Y112.000 E0.1226 
G92 E0.0000
; segment
G92 E0.0000
G1 F2400.000
G1 Z7.200
G1 X175.750 Y112.000
G1 X175.750 Y120.750 E0.2900 
G1 X175.250 Y120.750 E0.3066 
G1 X175.250 Y112.000 E0.5966 
G92 E0.0000
; segment
G92 E0.0000
G1 F2400.000
G1 Z7.200
G1 X175.250 Y112.000
G1 X175.250 Y78.700 E1.1037 
G92 E0.0000
; segment
G92 E0.0000
G1 F2400.000
G1 Z7.200
G1 X175.250 Y78.700
G1 X175.250 Y75.000 E0.1226 
G92 E0.0000
; segment
G92 E0.0000
G1 F2400.000
G1 Z7.200
G1 X175.250 Y75.000
G1 X175.250 Y66.250 E0.2900 
G1 X174.750 Y66.250 E0.3066 
G1 X174.750 Y75.000 E0.5966 
G92 E0.0000
; segment
G92 E0.0000
G1 F2400.000
G1 Z7.200
G1 X174.750 Y75.000
G1 X174.750 Y108.300 E1.1037 
G92 E0.0000
; segment
G92 E0.0000
G1 F2400.000
G1 Z7.200
G1 X174.750 Y108.300
G1 X174.750 Y112.000 E0.1226 
G92 E0.0000
; segment
G92 E0.0000
G1 F2400.000
G1 Z7.200
G1 X174.750 Y112.000
G1 X174.750 Y120.750 E0.2900 
G1 X174.250 Y120.750 E0.3066 
G1 X174.250 Y112.000 E0.5966 
G92 E0.0000
; segment
G92 E0.0000
G1 F2400.000
G1 Z7.200
G1 X174.250 Y112.000
G1 X174.250 Y78.700 E1.1037 
G92 E0.0000
; segment
G92 E0.0000
G1 F2400.000
G1 Z7.200
G1 X174.250 Y78.700
G1 X174.250 Y75.000 E0.1226 
G92 E0.0000
; segment
G92 E0.0000
G1 F2400.000
G1 Z7.200
G1 X174.250 Y75.000
G1 X174.250 Y66.250 E0.2900 
G1 X173.750 Y66.250 E0.3066 
G1 X173.750 Y75.000 E0.5966 
G92 E0.0000
; segment
G92 E0.0000
G1 F2400.000
G1 Z7.200
G1 X173.750 Y75.000
G1 X173.750 Y108.300 E1.1037 
G92 E0.0000
; segment
G92 E0.0000
G1 F2400.000
G1 Z7.200
G1 X173.750 Y108.300
G1 X173.750 Y112.000 E0.1226 
G92 E0.0000
; segment
G92 E0.0000
G1 F2400.000
G1 Z7.200
G1 X173.750 Y112.000
G1 X173.750 Y120.750 E0.2900 
G1 X173.250 Y120.750 E0.3066 
G1 X173.250 Y112.000 E0.5966 
G92 E0.0000
; segment
G92 E0.0000
G1 F2400.000
G1 Z7.200
G1 X173.250 Y112.000
G1 X173.250 Y78.700 E1.1037 
G92 E0.0000
; segment
G92 E0.0000
G1 F2400.000
G1 Z7.200
G1 X173.250 Y78.700
G1 X173.250 Y75.000 E0.1226 
G92 E0.0000
; segment
G92 E0.0000
G1 F2400.000
G1 Z7.200
G1 X173.250 Y75.000
G1 X173.250 Y66.250 E0.2900 
G1 X172.750 Y66.250 E0.3066 
G1 X172.750 Y75.000 E0.5966 
G92 E0.0000
; segment
G92 E0.0000
G1 F2400.000
G1 Z7.200
G1 X172.750 Y75.000
G1 X172.750 Y108.300 E1.1037 
G92 E0.0000
; segment
G92 E0.0000
G1 F2400.000
G1 Z7.200
G1 X172.750 Y108.300
G1 X172.750 Y112.000 E0.1226 
G92 E0.0000
; segment
G92 E0.0000
G1 F2400.000
G1 Z7.200
G1 X172.750 Y112.000
G1 X172.750 Y120.750 E0.2900 
G1 X172.250 Y120.750 E0.3066 
G1 X172.250 Y112.000 E0.5966 
G92 E0.0000
; segment
G92 E0.0000
G1 F2400.000
G1 Z7.200
G1 X172.250 Y112.000
G1 X172.250 Y78.700 E1.1037 
G92 E0.0000
; segment
G92 E0.0000
G1 F2400.000
G1 Z7.200
G1 X172.250 Y78.700
G1 X172.250 Y75.000 E0.1226 
G92 E0.0000
; segment
G92 E0.0000
G1 F2400.000
G1 Z7.200
G1 X172.250 Y75.000
G1 X172.250 Y66.250 E0.2900 
G1 X171.750 Y66.250 E0.3066 
G1 X171.750 Y75.000 E0.5966 
G92 E0.0000
; segment
G92 E0.0000
G1 F2400.000
G1 Z7.200
G1 X171.750 Y75.000
G1 X171.750 Y108.300 E1.1037 
G92 E0.0000
; segment
G92 E0.0000
G1 F2400.000
G1 Z7.200
G1 X171.750 Y108.300
G1 X171.750 Y112.000 E0.1226 
G92 E0.0000
; segment
G92 E0.0000
G1 F2400.000
G1 Z7.200
G1 X171.750 Y112.000
G1 X171.750 Y120.750 E0.2900 
G1 X171.250 Y120.750 E0.3066 
G1 X171.250 Y112.000 E0.5966 
G92 E0.0000
; segment
G92 E0.0000
G1 F2400.000
G1 Z7.200
G1 X171.250 Y112.000
G1 X171.250 Y78.700 E1.1037 
G92 E0.0000
; segment
G92 E0.0000
G1 F2400.000
G1 Z7.200
G1 X171.250 Y78.700
G1 X171.250 Y75.000 E0.1226 
G92 E0.0000
; segment
G92 E0.0000
G1 F2400.000
G1 Z7.200
G1 X171.250 Y75.000
G1 X171.250 Y66.250 E0.2900 
G92 E0.0000
; jumping
G92 E3.0000
G1 E0 F2400
G1 X170.250 Y65.250 F12000.000
G1 E3 F2400
G92 E0.0000
; segment
G92 E0.0000
G1 F2400.000
G1 Z7.400
G1 X170.250 Y65.250
G1 X170.250 Y75.000 E0.3232 
G92 E0.0000
; segment
G92 E0.0000
G1 F2400.000
G1 Z7.400
G1 X170.250 Y75.000
G1 X170.250 Y108.300 E1.1037 
G92 E0.0000
; segment
G92 E0.0000
G1 F2400.000
G1 Z7.400
G1 X170.250 Y108.300
G1 X170.250 Y112.000 E0.1226 
G92 E0.0000
; segment
G92 E0.0000
G1 F2400.000
G1 Z7.400
G1 X170.250 Y112.000
G1 X170.250 Y121.750 E0.3232 
G1 X189.750 Y121.750 E0.9695 
G1 X189.750 Y112.000 E1.2927 
G92 E0.0000
; segment
G92 E0.0000
G1 F2400.000
G1 Z7.400
G1 X189.750 Y112.000
G1 X189.750 Y78.700 E1.1037 
G92 E0.0000
; segment
G92 E0.0000
G1 F2400.000
G1 Z7.400
G1 X189.750 Y78.700
G1 X189.750 Y75.000 E0.1226 
G92 E0.0000
; segment
G92 E0.0000
G1 F2400.000
G1 Z7.400
G1 X189.750 Y75.000
G1 X189.750 Y65.250 E0.3232 
G1 X170.250 Y65.250 E0.9695 
G92 E0.0000
; segment
G92 E0.0000
G1 F2400.000
G1 Z7.400
G1 X170.750 Y65.750
G1 X170.750 Y75.000 E0.3066 
G92 E0.0000
; segment
G92 E0.0000
G1 F2400.000
G1 Z7.400
G1 X170.750 Y75.000
G1 X170.750 Y108.300 E1.1037 
G92 E0.0000
; segment
G92 E0.0000
G1 F2400.000
G1 Z7.400
G1 X170.750 Y108.300
G1 X170.750 Y112.000 E0.1226 
G92 E0.0000
; segment
G92 E0.0000
G1 F2400.000
G1 Z7.400
G1 X170.750 Y112.000
G1 X170.750 Y121.250 E0.3066 
G1 X189.250 Y121.250 E0.9198 
G1 X189.250 Y112.000 E1.2264 
G92 E0.0000
; segment
G92 E0.0000
G1 F2400.000
G1 Z7.400
G1 X189.250 Y112.000
G1 X189.250 Y78.700 E1.1037 
G92 E0.0000
; segment
G92 E0.0000
G1 F2400.000
G1 Z7.400
G1 X189.250 Y78.700
G1 X189.250 Y75.000 E0.1226 
G92 E0.0000
; segment
G92 E0.0000
G1 F2400.000
G1 Z7.400
G1 X189.250 Y75.000
G1 X189.250 Y65.750 E0.3066 
G1 X170.750 Y65.750 E0.9198 
G92 E0.0000
; segment
G92 E0.0000
G1 F2400.000
G1 Z7.400
G1 X171.250 Y66.250
G1 X171.250 Y75.000 E0.2900 
G92 E0.0000
; segment
G92 E0.0000
G1 F2400.000
G1 Z7.400
G1 X171.250 Y75.000
G1 X171.250 Y108.300 E1.1037 
G92 E0.0000
; segment
G92 E0.0000
G1 F2400.000
G1 Z7.400
G1 X171.250 Y108.300
G1 X171.250 Y112.000 E0.1226 
G92 E0.0000
; segment
G92 E0.0000
G1 F2400.000
G1 Z7.400
G1 X171.250 Y112.000
G1 X171.250 Y120.750 E0.2900 
G1 X171.750 Y120.750 E0.3066 
G1 X171.750 Y112.000 E0.5966 
G92 E0.0000
; segment
G92 E0.0000
G1 F2400.000
G1 Z7.400
G1 X171.750 Y112.000
G1 X171.750 Y78.700 E1.1037 
G92 E0.0000
; segment
G92 E0.0000
G1 F2400.000
G1 Z7.400
G1 X171.750 Y78.700
G1 X171.750 Y75.000 E0.1226 
G92 E0.0000
; segment
G92 E0.0000
G1 F2400.000
G1 Z7.400
G1 X171.750 Y75.000
G1 X171.750 Y66.250 E0.2900 
G1 X172.250 Y66.250 E0.3066 
G1 X172.250 Y75.000 E0.5966 
G92 E0.0000
; segment
G92 E0.0000
G1 F2400.000
G1 Z7.400
G1 X172.250 Y75.000
G1 X172.250 Y108.300 E1.1037 
G92 E0.0000
; segment
G92 E0.0000
G1 F2400.000
G1 Z7.400
G1 X172.250 Y108.300
G1 X172.250 Y112.000 E0.1226 
G92 E0.0000
; segment
G92 E0.0000
G1 F2400.000
G1 Z7.400
G1 X172.250 Y112.000
G1 X172.250 Y120.750 E0.2900 
G1 X172.750 Y120.750 E0.3066 
G1 X172.750 Y112.000 E0.5966 
G92 E0.0000
; segment
G92 E0.0000
G1 F2400.000
G1 Z7.400
G1 X172.750 Y112.000
G1 X172.750 Y78.700 E1.1037 
G92 E0.0000
; segment
G92 E0.0000
G1 F2400.000
G1 Z7.400
G1 X172.750 Y78.700
G1 X172.750 Y75.000 E0.1226 
G92 E0.0000
; segment
G92 E0.0000
G1 F2400.000
G1 Z7.400
G1 X172.750 Y75.000
G1 X172.750 Y66.250 E0.2900 
G1 X173.250 Y66.250 E0.3066 
G1 X173.250 Y75.000 E0.5966 
G92 E0.0000
; segment
G92 E0.0000
G1 F2400.000
G1 Z7.400
G1 X173.250 Y75.000
G1 X173.250 Y108.300 E1.1037 
G92 E0.0000
; segment
G92 E0.0000
G1 F2400.000
G1 Z7.400
G1 X173.250 Y108.300
G1 X173.250 Y112.000 E0.1226 
G92 E0.0000
; segment
G92 E0.0000
G1 F2400.000
G1 Z7.400
G1 X173.250 Y112.000
G1 X173.250 Y120.750 E0.2900 
G1 X173.750 Y120.750 E0.3066 
G1 X173.750 Y112.000 E0.5966 
G92 E0.0000
; segment
G92 E0.0000
G1 F2400.000
G1 Z7.400
G1 X173.750 Y112.000
G1 X173.750 Y78.700 E1.1037 
G92 E0.0000
; segment
G92 E0.0000
G1 F2400.000
G1 Z7.400
G1 X173.750 Y78.700
G1 X173.750 Y75.000 E0.1226 
G92 E0.0000
; segment
G92 E0.0000
G1 F2400.000
G1 Z7.400
G1 X173.750 Y75.000
G1 X173.750 Y66.250 E0.2900 
G1 X174.250 Y66.250 E0.3066 
G1 X174.250 Y75.000 E0.5966 
G92 E0.0000
; segment
G92 E0.0000
G1 F2400.000
G1 Z7.400
G1 X174.250 Y75.000
G1 X174.250 Y108.300 E1.1037 
G92 E0.0000
; segment
G92 E0.0000
G1 F2400.000
G1 Z7.400
G1 X174.250 Y108.300
G1 X174.250 Y112.000 E0.1226 
G92 E0.0000
; segment
G92 E0.0000
G1 F2400.000
G1 Z7.400
G1 X174.250 Y112.000
G1 X174.250 Y120.750 E0.2900 
G1 X174.750 Y120.750 E0.3066 
G1 X174.750 Y112.000 E0.5966 
G92 E0.0000
; segment
G92 E0.0000
G1 F2400.000
G1 Z7.400
G1 X174.750 Y112.000
G1 X174.750 Y78.700 E1.1037 
G92 E0.0000
; segment
G92 E0.0000
G1 F2400.000
G1 Z7.400
G1 X174.750 Y78.700
G1 X174.750 Y75.000 E0.1226 
G92 E0.0000
; segment
G92 E0.0000
G1 F2400.000
G1 Z7.400
G1 X174.750 Y75.000
G1 X174.750 Y66.250 E0.2900 
G1 X175.250 Y66.250 E0.3066 
G1 X175.250 Y75.000 E0.5966 
G92 E0.0000
; segment
G92 E0.0000
G1 F2400.000
G1 Z7.400
G1 X175.250 Y75.000
G1 X175.250 Y108.300 E1.1037 
G92 E0.0000
; segment
G92 E0.0000
G1 F2400.000
G1 Z7.400
G1 X175.250 Y108.300
G1 X175.250 Y112.000 E0.1226 
G92 E0.0000
; segment
G92 E0.0000
G1 F2400.000
G1 Z7.400
G1 X175.250 Y112.000
G1 X175.250 Y120.750 E0.2900 
G1 X175.750 Y120.750 E0.3066 
G1 X175.750 Y112.000 E0.5966 
G92 E0.0000
; segment
G92 E0.0000
G1 F2400.000
G1 Z7.400
G1 X175.750 Y112.000
G1 X175.750 Y78.700 E1.1037 
G92 E0.0000
; segment
G92 E0.0000
G1 F2400.000
G1 Z7.400
G1 X175.750 Y78.700
G1 X175.750 Y75.000 E0.1226 
G92 E0.0000
; segment
G92 E0.0000
G1 F2400.000
G1 Z7.400
G1 X175.750 Y75.000
G1 X175.750 Y66.250 E0.2900 
G1 X176.250 Y66.250 E0.3066 
G1 X176.250 Y75.000 E0.5966 
G92 E0.0000
; segment
G92 E0.0000
G1 F2400.000
G1 Z7.400
G1 X176.250 Y75.000
G1 X176.250 Y108.300 E1.1037 
G92 E0.0000
; segment
G92 E0.0000
G1 F2400.000
G1 Z7.400
G1 X176.250 Y108.300
G1 X176.250 Y112.000 E0.1226 
G92 E0.0000
; segment
G92 E0.0000
G1 F2400.000
G1 Z7.400
G1 X176.250 Y112.000
G1 X176.250 Y120.750 E0.2900 
G1 X176.750 Y120.750 E0.3066 
G1 X176.750 Y112.000 E0.5966 
G92 E0.0000
; segment
G92 E0.0000
G1 F2400.000
G1 Z7.400
G1 X176.750 Y112.000
G1 X176.750 Y78.700 E1.1037 
G92 E0.0000
; segment
G92 E0.0000
G1 F2400.000
G1 Z7.400
G1 X176.750 Y78.700
G1 X176.750 Y75.000 E0.1226 
G92 E0.0000
; segment
G92 E0.0000
G1 F2400.000
G1 Z7.400
G1 X176.750 Y75.000
G1 X176.750 Y66.250 E0.2900 
G1 X177.250 Y66.250 E0.3066 
G1 X177.250 Y75.000 E0.5966 
G92 E0.0000
; segment
G92 E0.0000
G1 F2400.000
G1 Z7.400
G1 X177.250 Y75.000
G1 X177.250 Y108.300 E1.1037 
G92 E0.0000
; segment
G92 E0.0000
G1 F2400.000
G1 Z7.400
G1 X177.250 Y108.300
G1 X177.250 Y112.000 E0.1226 
G92 E0.0000
; segment
G92 E0.0000
G1 F2400.000
G1 Z7.400
G1 X177.250 Y112.000
G1 X177.250 Y120.750 E0.2900 
G1 X177.750 Y120.750 E0.3066 
G1 X177.750 Y112.000 E0.5966 
G92 E0.0000
; segment
G92 E0.0000
G1 F2400.000
G1 Z7.400
G1 X177.750 Y112.000
G1 X177.750 Y78.700 E1.1037 
G92 E0.0000
; segment
G92 E0.0000
G1 F2400.000
G1 Z7.400
G1 X177.750 Y78.700
G1 X177.750 Y75.000 E0.1226 
G92 E0.0000
; segment
G92 E0.0000
G1 F2400.000
G1 Z7.400
G1 X177.750 Y75.000
G1 X177.750 Y66.250 E0.2900 
G1 X178.250 Y66.250 E0.3066 
G1 X178.250 Y75.000 E0.5966 
G92 E0.0000
; segment
G92 E0.0000
G1 F2400.000
G1 Z7.400
G1 X178.250 Y75.000
G1 X178.250 Y108.300 E1.1037 
G92 E0.0000
; segment
G92 E0.0000
G1 F2400.000
G1 Z7.400
G1 X178.250 Y108.300
G1 X178.250 Y112.000 E0.1226 
G92 E0.0000
; segment
G92 E0.0000
G1 F2400.000
G1 Z7.400
G1 X178.250 Y112.000
G1 X178.250 Y120.750 E0.2900 
G1 X178.750 Y120.750 E0.3066 
G1 X178.750 Y112.000 E0.5966 
G92 E0.0000
; segment
G92 E0.0000
G1 F2400.000
G1 Z7.400
G1 X178.750 Y112.000
G1 X178.750 Y78.700 E1.1037 
G92 E0.0000
; segment
G92 E0.0000
G1 F2400.000
G1 Z7.400
G1 X178.750 Y78.700
G1 X178.750 Y75.000 E0.1226 
G92 E0.0000
; segment
G92 E0.0000
G1 F2400.000
G1 Z7.400
G1 X178.750 Y75.000
G1 X178.750 Y66.250 E0.2900 
G1 X179.250 Y66.250 E0.3066 
G1 X179.250 Y75.000 E0.5966 
G92 E0.0000
; segment
G92 E0.0000
G1 F2400.000
G1 Z7.400
G1 X179.250 Y75.000
G1 X179.250 Y108.300 E1.1037 
G92 E0.0000
; segment
G92 E0.0000
G1 F2400.000
G1 Z7.400
G1 X179.250 Y108.300
G1 X179.250 Y112.000 E0.1226 
G92 E0.0000
; segment
G92 E0.0000
G1 F2400.000
G1 Z7.400
G1 X179.250 Y112.000
G1 X179.250 Y120.750 E0.2900 
G1 X179.750 Y120.750 E0.3066 
G1 X179.750 Y112.000 E0.5966 
G92 E0.0000
; segment
G92 E0.0000
G1 F2400.000
G1 Z7.400
G1 X179.750 Y112.000
G1 X179.750 Y78.700 E1.1037 
G92 E0.0000
; segment
G92 E0.0000
G1 F2400.000
G1 Z7.400
G1 X179.750 Y78.700
G1 X179.750 Y75.000 E0.1226 
G92 E0.0000
; segment
G92 E0.0000
G1 F2400.000
G1 Z7.400
G1 X179.750 Y75.000
G1 X179.750 Y66.250 E0.2900 
G1 X180.250 Y66.250 E0.3066 
G1 X180.250 Y75.000 E0.5966 
G92 E0.0000
; segment
G92 E0.0000
G1 F2400.000
G1 Z7.400
G1 X180.250 Y75.000
G1 X180.250 Y108.300 E1.1037 
G92 E0.0000
; segment
G92 E0.0000
G1 F2400.000
G1 Z7.400
G1 X180.250 Y108.300
G1 X180.250 Y112.000 E0.1226 
G92 E0.0000
; segment
G92 E0.0000
G1 F2400.000
G1 Z7.400
G1 X180.250 Y112.000
G1 X180.250 Y120.750 E0.2900 
G1 X180.750 Y120.750 E0.3066 
G1 X180.750 Y112.000 E0.5966 
G92 E0.0000
; segment
G92 E0.0000
G1 F2400.000
G1 Z7.400
G1 X180.750 Y112.000
G1 X180.750 Y78.700 E1.1037 
G92 E0.0000
; segment
G92 E0.0000
G1 F2400.000
G1 Z7.400
G1 X180.750 Y78.700
G1 X180.750 Y75.000 E0.1226 
G92 E0.0000
; segment
G92 E0.0000
G1 F2400.000
G1 Z7.400
G1 X180.750 Y75.000
G1 X180.750 Y66.250 E0.2900 
G1 X181.250 Y66.250 E0.3066 
G1 X181.250 Y75.000 E0.5966 
G92 E0.0000
; segment
G92 E0.0000
G1 F2400.000
G1 Z7.400
G1 X181.250 Y75.000
G1 X181.250 Y108.300 E1.1037 
G92 E0.0000
; segment
G92 E0.0000
G1 F2400.000
G1 Z7.400
G1 X181.250 Y108.300
G1 X181.250 Y112.000 E0.1226 
G92 E0.0000
; segment
G92 E0.0000
G1 F2400.000
G1 Z7.400
G1 X181.250 Y112.000
G1 X181.250 Y120.750 E0.2900 
G1 X181.750 Y120.750 E0.3066 
G1 X181.750 Y112.000 E0.5966 
G92 E0.0000
; segment
G92 E0.0000
G1 F2400.000
G1 Z7.400
G1 X181.750 Y112.000
G1 X181.750 Y78.700 E1.1037 
G92 E0.0000
; segment
G92 E0.0000
G1 F2400.000
G1 Z7.400
G1 X181.750 Y78.700
G1 X181.750 Y75.000 E0.1226 
G92 E0.0000
; segment
G92 E0.0000
G1 F2400.000
G1 Z7.400
G1 X181.750 Y75.000
G1 X181.750 Y66.250 E0.2900 
G1 X182.250 Y66.250 E0.3066 
G1 X182.250 Y75.000 E0.5966 
G92 E0.0000
; segment
G92 E0.0000
G1 F2400.000
G1 Z7.400
G1 X182.250 Y75.000
G1 X182.250 Y108.300 E1.1037 
G92 E0.0000
; segment
G92 E0.0000
G1 F2400.000
G1 Z7.400
G1 X182.250 Y108.300
G1 X182.250 Y112.000 E0.1226 
G92 E0.0000
; segment
G92 E0.0000
G1 F2400.000
G1 Z7.400
G1 X182.250 Y112.000
G1 X182.250 Y120.750 E0.2900 
G1 X182.750 Y120.750 E0.3066 
G1 X182.750 Y112.000 E0.5966 
G92 E0.0000
; segment
G92 E0.0000
G1 F2400.000
G1 Z7.400
G1 X182.750 Y112.000
G1 X182.750 Y78.700 E1.1037 
G92 E0.0000
; segment
G92 E0.0000
G1 F2400.000
G1 Z7.400
G1 X182.750 Y78.700
G1 X182.750 Y75.000 E0.1226 
G92 E0.0000
; segment
G92 E0.0000
G1 F2400.000
G1 Z7.400
G1 X182.750 Y75.000
G1 X182.750 Y66.250 E0.2900 
G1 X183.250 Y66.250 E0.3066 
G1 X183.250 Y75.000 E0.5966 
G92 E0.0000
; segment
G92 E0.0000
G1 F2400.000
G1 Z7.400
G1 X183.250 Y75.000
G1 X183.250 Y108.300 E1.1037 
G92 E0.0000
; segment
G92 E0.0000
G1 F2400.000
G1 Z7.400
G1 X183.250 Y108.300
G1 X183.250 Y112.000 E0.1226 
G92 E0.0000
; segment
G92 E0.0000
G1 F2400.000
G1 Z7.400
G1 X183.250 Y112.000
G1 X183.250 Y120.750 E0.2900 
G1 X183.750 Y120.750 E0.3066 
G1 X183.750 Y112.000 E0.5966 
G92 E0.0000
; segment
G92 E0.0000
G1 F2400.000
G1 Z7.400
G1 X183.750 Y112.000
G1 X183.750 Y78.700 E1.1037 
G92 E0.0000
; segment
G92 E0.0000
G1 F2400.000
G1 Z7.400
G1 X183.750 Y78.700
G1 X183.750 Y75.000 E0.1226 
G92 E0.0000
; segment
G92 E0.0000
G1 F2400.000
G1 Z7.400
G1 X183.750 Y75.000
G1 X183.750 Y66.250 E0.2900 
G1 X184.250 Y66.250 E0.3066 
G1 X184.250 Y75.000 E0.5966 
G92 E0.0000
; segment
G92 E0.0000
G1 F2400.000
G1 Z7.400
G1 X184.250 Y75.000
G1 X184.250 Y108.300 E1.1037 
G92 E0.0000
; segment
G92 E0.0000
G1 F2400.000
G1 Z7.400
G1 X184.250 Y108.300
G1 X184.250 Y112.000 E0.1226 
G92 E0.0000
; segment
G92 E0.0000
G1 F2400.000
G1 Z7.400
G1 X184.250 Y112.000
G1 X184.250 Y120.750 E0.2900 
G1 X184.750 Y120.750 E0.3066 
G1 X184.750 Y112.000 E0.5966 
G92 E0.0000
; segment
G92 E0.0000
G1 F2400.000
G1 Z7.400
G1 X184.750 Y112.000
G1 X184.750 Y78.700 E1.1037 
G92 E0.0000
; segment
G92 E0.0000
G1 F2400.000
G1 Z7.400
G1 X184.750 Y78.700
G1 X184.750 Y75.000 E0.1226 
G92 E0.0000
; segment
G92 E0.0000
G1 F2400.000
G1 Z7.400
G1 X184.750 Y75.000
G1 X184.750 Y66.250 E0.2900 
G1 X185.250 Y66.250 E0.3066 
G1 X185.250 Y75.000 E0.5966 
G92 E0.0000
; segment
G92 E0.0000
G1 F2400.000
G1 Z7.400
G1 X185.250 Y75.000
G1 X185.250 Y108.300 E1.1037 
G92 E0.0000
; segment
G92 E0.0000
G1 F2400.000
G1 Z7.400
G1 X185.250 Y108.300
G1 X185.250 Y112.000 E0.1226 
G92 E0.0000
; segment
G92 E0.0000
G1 F2400.000
G1 Z7.400
G1 X185.250 Y112.000
G1 X185.250 Y120.750 E0.2900 
G1 X185.750 Y120.750 E0.3066 
G1 X185.750 Y112.000 E0.5966 
G92 E0.0000
; segment
G92 E0.0000
G1 F2400.000
G1 Z7.400
G1 X185.750 Y112.000
G1 X185.750 Y78.700 E1.1037 
G92 E0.0000
; segment
G92 E0.0000
G1 F2400.000
G1 Z7.400
G1 X185.750 Y78.700
G1 X185.750 Y75.000 E0.1226 
G92 E0.0000
; segment
G92 E0.0000
G1 F2400.000
G1 Z7.400
G1 X185.750 Y75.000
G1 X185.750 Y66.250 E0.2900 
G1 X186.250 Y66.250 E0.3066 
G1 X186.250 Y75.000 E0.5966 
G92 E0.0000
; segment
G92 E0.0000
G1 F2400.000
G1 Z7.400
G1 X186.250 Y75.000
G1 X186.250 Y108.300 E1.1037 
G92 E0.0000
; segment
G92 E0.0000
G1 F2400.000
G1 Z7.400
G1 X186.250 Y108.300
G1 X186.250 Y112.000 E0.1226 
G92 E0.0000
; segment
G92 E0.0000
G1 F2400.000
G1 Z7.400
G1 X186.250 Y112.000
G1 X186.250 Y120.750 E0.2900 
G1 X186.750 Y120.750 E0.3066 
G1 X186.750 Y112.000 E0.5966 
G92 E0.0000
; segment
G92 E0.0000
G1 F2400.000
G1 Z7.400
G1 X186.750 Y112.000
G1 X186.750 Y78.700 E1.1037 
G92 E0.0000
; segment
G92 E0.0000
G1 F2400.000
G1 Z7.400
G1 X186.750 Y78.700
G1 X186.750 Y75.000 E0.1226 
G92 E0.0000
; segment
G92 E0.0000
G1 F2400.000
G1 Z7.400
G1 X186.750 Y75.000
G1 X186.750 Y66.250 E0.2900 
G1 X187.250 Y66.250 E0.3066 
G1 X187.250 Y75.000 E0.5966 
G92 E0.0000
; segment
G92 E0.0000
G1 F2400.000
G1 Z7.400
G1 X187.250 Y75.000
G1 X187.250 Y108.300 E1.1037 
G92 E0.0000
; segment
G92 E0.0000
G1 F2400.000
G1 Z7.400
G1 X187.250 Y108.300
G1 X187.250 Y112.000 E0.1226 
G92 E0.0000
; segment
G92 E0.0000
G1 F2400.000
G1 Z7.400
G1 X187.250 Y112.000
G1 X187.250 Y120.750 E0.2900 
G1 X187.750 Y120.750 E0.3066 
G1 X187.750 Y112.000 E0.5966 
G92 E0.0000
; segment
G92 E0.0000
G1 F2400.000
G1 Z7.400
G1 X187.750 Y112.000
G1 X187.750 Y78.700 E1.1037 
G92 E0.0000
; segment
G92 E0.0000
G1 F2400.000
G1 Z7.400
G1 X187.750 Y78.700
G1 X187.750 Y75.000 E0.1226 
G92 E0.0000
; segment
G92 E0.0000
G1 F2400.000
G1 Z7.400
G1 X187.750 Y75.000
G1 X187.750 Y66.250 E0.2900 
G1 X188.250 Y66.250 E0.3066 
G1 X188.250 Y75.000 E0.5966 
G92 E0.0000
; segment
G92 E0.0000
G1 F2400.000
G1 Z7.400
G1 X188.250 Y75.000
G1 X188.250 Y108.300 E1.1037 
G92 E0.0000
; segment
G92 E0.0000
G1 F2400.000
G1 Z7.400
G1 X188.250 Y108.300
G1 X188.250 Y112.000 E0.1226 
G92 E0.0000
; segment
G92 E0.0000
G1 F2400.000
G1 Z7.400
G1 X188.250 Y112.000
G1 X188.250 Y120.750 E0.2900 
G1 X188.750 Y120.750 E0.3066 
G1 X188.750 Y112.000 E0.5966 
G92 E0.0000
; segment
G92 E0.0000
G1 F2400.000
G1 Z7.400
G1 X188.750 Y112.000
G1 X188.750 Y78.700 E1.1037 
G92 E0.0000
; segment
G92 E0.0000
G1 F2400.000
G1 Z7.400
G1 X188.750 Y78.700
G1 X188.750 Y75.000 E0.1226 
G92 E0.0000
; segment
G92 E0.0000
G1 F2400.000
G1 Z7.400
G1 X188.750 Y75.000
G1 X188.750 Y66.250 E0.2900 
G92 E0.0000
; jumping
G92 E3.0000
G1 E0 F2400
G1 X189.750 Y65.250 F12000.000
G1 E3 F2400
G92 E0.0000
; segment
G92 E0.0000
G1 F2400.000
G1 Z7.600
G1 X189.750 Y65.250
G1 X170.250 Y65.250 E0.6463 
G1 X170.250 Y75.000 E0.9695 
G92 E0.0000
; segment
G92 E0.0000
G1 F2400.000
G1 Z7.600
G1 X170.250 Y75.000
G1 X170.250 Y108.300 E1.1037 
G92 E0.0000
; segment
G92 E0.0000
G1 F2400.000
G1 Z7.600
G1 X170.250 Y108.300
G1 X170.250 Y112.000 E0.1226 
G92 E0.0000
; segment
G92 E0.0000
G1 F2400.000
G1 Z7.600
G1 X170.250 Y112.000
G1 X170.250 Y121.750 E0.3232 
G1 X189.750 Y121.750 E0.9695 
G1 X189.750 Y112.000 E1.2927 
G92 E0.0000
; segment
G92 E0.0000
G1 F2400.000
G1 Z7.600
G1 X189.750 Y112.000
G1 X189.750 Y78.700 E1.1037 
G92 E0.0000
; segment
G92 E0.0000
G1 F2400.000
G1 Z7.600
G1 X189.750 Y78.700
G1 X189.750 Y75.000 E0.1226 
G92 E0.0000
; segment
G92 E0.0000
G1 F2400.000
G1 Z7.600
G1 X189.750 Y75.000
G1 X189.750 Y65.250 E0.3232 
G92 E0.0000
; segment
G92 E0.0000
G1 F2400.000
G1 Z7.600
G1 X189.250 Y65.750
G1 X170.750 Y65.750 E0.6132 
G1 X170.750 Y75.000 E0.9198 
G92 E0.0000
; segment
G92 E0.0000
G1 F2400.000
G1 Z7.600
G1 X170.750 Y75.000
G1 X170.750 Y108.300 E1.1037 
G92 E0.0000
; segment
G92 E0.0000
G1 F2400.000
G1 Z7.600
G1 X170.750 Y108.300
G1 X170.750 Y112.000 E0.1226 
G92 E0.0000
; segment
G92 E0.0000
G1 F2400.000
G1 Z7.600
G1 X170.750 Y112.000
G1 X170.750 Y121.250 E0.3066 
G1 X189.250 Y121.250 E0.9198 
G1 X189.250 Y112.000 E1.2264 
G92 E0.0000
; segment
G92 E0.0000
G1 F2400.000
G1 Z7.600
G1 X189.250 Y112.000
G1 X189.250 Y78.700 E1.1037 
G92 E0.0000
; segment
G92 E0.0000
G1 F2400.000
G1 Z7.600
G1 X189.250 Y78.700
G1 X189.250 Y75.000 E0.1226 
G92 E0.0000
; segment
G92 E0.0000
G1 F2400.000
G1 Z7.600
G1 X189.250 Y75.000
G1 X189.250 Y65.750 E0.3066 
G92 E0.0000
; segment
G92 E0.0000
G1 F2400.000
G1 Z7.600
G1 X188.750 Y66.250
G1 X188.750 Y75.000 E0.2900 
G92 E0.0000
; segment
G92 E0.0000
G1 F2400.000
G1 Z7.600
G1 X188.750 Y75.000
G1 X188.750 Y108.300 E1.1037 
G92 E0.0000
; segment
G92 E0.0000
G1 F2400.000
G1 Z7.600
G1 X188.750 Y108.300
G1 X188.750 Y112.000 E0.1226 
G92 E0.0000
; segment
G92 E0.0000
G1 F2400.000
G1 Z7.600
G1 X188.750 Y112.000
G1 X188.750 Y120.750 E0.2900 
G1 X188.250 Y120.750 E0.3066 
G1 X188.250 Y112.000 E0.5966 
G92 E0.0000
; segment
G92 E0.0000
G1 F2400.000
G1 Z7.600
G1 X188.250 Y112.000
G1 X188.250 Y78.700 E1.1037 
G92 E0.0000
; segment
G92 E0.0000
G1 F2400.000
G1 Z7.600
G1 X188.250 Y78.700
G1 X188.250 Y75.000 E0.1226 
G92 E0.0000
; segment
G92 E0.0000
G1 F2400.000
G1 Z7.600
G1 X188.250 Y75.000
G1 X188.250 Y66.250 E0.2900 
G1 X187.750 Y66.250 E0.3066 
G1 X187.750 Y75.000 E0.5966 
G92 E0.0000
; segment
G92 E0.0000
G1 F2400.000
G1 Z7.600
G1 X187.750 Y75.000
G1 X187.750 Y108.300 E1.1037 
G92 E0.0000
; segment
G92 E0.0000
G1 F2400.000
G1 Z7.600
G1 X187.750 Y108.300
G1 X187.750 Y112.000 E0.1226 
G92 E0.0000
; segment
G92 E0.0000
G1 F2400.000
G1 Z7.600
G1 X187.750 Y112.000
G1 X187.750 Y120.750 E0.2900 
G1 X187.250 Y120.750 E0.3066 
G1 X187.250 Y112.000 E0.5966 
G92 E0.0000
; segment
G92 E0.0000
G1 F2400.000
G1 Z7.600
G1 X187.250 Y112.000
G1 X187.250 Y78.700 E1.1037 
G92 E0.0000
; segment
G92 E0.0000
G1 F2400.000
G1 Z7.600
G1 X187.250 Y78.700
G1 X187.250 Y75.000 E0.1226 
G92 E0.0000
; segment
G92 E0.0000
G1 F2400.000
G1 Z7.600
G1 X187.250 Y75.000
G1 X187.250 Y66.250 E0.2900 
G1 X186.750 Y66.250 E0.3066 
G1 X186.750 Y75.000 E0.5966 
G92 E0.0000
; segment
G92 E0.0000
G1 F2400.000
G1 Z7.600
G1 X186.750 Y75.000
G1 X186.750 Y108.300 E1.1037 
G92 E0.0000
; segment
G92 E0.0000
G1 F2400.000
G1 Z7.600
G1 X186.750 Y108.300
G1 X186.750 Y112.000 E0.1226 
G92 E0.0000
; segment
G92 E0.0000
G1 F2400.000
G1 Z7.600
G1 X186.750 Y112.000
G1 X186.750 Y120.750 E0.2900 
G1 X186.250 Y120.750 E0.3066 
G1 X186.250 Y112.000 E0.5966 
G92 E0.0000
; segment
G92 E0.0000
G1 F2400.000
G1 Z7.600
G1 X186.250 Y112.000
G1 X186.250 Y78.700 E1.1037 
G92 E0.0000
; segment
G92 E0.0000
G1 F2400.000
G1 Z7.600
G1 X186.250 Y78.700
G1 X186.250 Y75.000 E0.1226 
G92 E0.0000
; segment
G92 E0.0000
G1 F2400.000
G1 Z7.600
G1 X186.250 Y75.000
G1 X186.250 Y66.250 E0.2900 
G1 X185.750 Y66.250 E0.3066 
G1 X185.750 Y75.000 E0.5966 
G92 E0.0000
; segment
G92 E0.0000
G1 F2400.000
G1 Z7.600
G1 X185.750 Y75.000
G1 X185.750 Y108.300 E1.1037 
G92 E0.0000
; segment
G92 E0.0000
G1 F2400.000
G1 Z7.600
G1 X185.750 Y108.300
G1 X185.750 Y112.000 E0.1226 
G92 E0.0000
; segment
G92 E0.0000
G1 F2400.000
G1 Z7.600
G1 X185.750 Y112.000
G1 X185.750 Y120.750 E0.2900 
G1 X185.250 Y120.750 E0.3066 
G1 X185.250 Y112.000 E0.5966 
G92 E0.0000
; segment
G92 E0.0000
G1 F2400.000
G1 Z7.600
G1 X185.250 Y112.000
G1 X185.250 Y78.700 E1.1037 
G92 E0.0000
; segment
G92 E0.0000
G1 F2400.000
G1 Z7.600
G1 X185.250 Y78.700
G1 X185.250 Y75.000 E0.1226 
G92 E0.0000
; segment
G92 E0.0000
G1 F2400.000
G1 Z7.600
G1 X185.250 Y75.000
G1 X185.250 Y66.250 E0.2900 
G1 X184.750 Y66.250 E0.3066 
G1 X184.750 Y75.000 E0.5966 
G92 E0.0000
; segment
G92 E0.0000
G1 F2400.000
G1 Z7.600
G1 X184.750 Y75.000
G1 X184.750 Y108.300 E1.1037 
G92 E0.0000
; segment
G92 E0.0000
G1 F2400.000
G1 Z7.600
G1 X184.750 Y108.300
G1 X184.750 Y112.000 E0.1226 
G92 E0.0000
; segment
G92 E0.0000
G1 F2400.000
G1 Z7.600
G1 X184.750 Y112.000
G1 X184.750 Y120.750 E0.2900 
G1 X184.250 Y120.750 E0.3066 
G1 X184.250 Y112.000 E0.5966 
G92 E0.0000
; segment
G92 E0.0000
G1 F2400.000
G1 Z7.600
G1 X184.250 Y112.000
G1 X184.250 Y78.700 E1.1037 
G92 E0.0000
; segment
G92 E0.0000
G1 F2400.000
G1 Z7.600
G1 X184.250 Y78.700
G1 X184.250 Y75.000 E0.1226 
G92 E0.0000
; segment
G92 E0.0000
G1 F2400.000
G1 Z7.600
G1 X184.250 Y75.000
G1 X184.250 Y66.250 E0.2900 
G1 X183.750 Y66.250 E0.3066 
G1 X183.750 Y75.000 E0.5966 
G92 E0.0000
; segment
G92 E0.0000
G1 F2400.000
G1 Z7.600
G1 X183.750 Y75.000
G1 X183.750 Y108.300 E1.1037 
G92 E0.0000
; segment
G92 E0.0000
G1 F2400.000
G1 Z7.600
G1 X183.750 Y108.300
G1 X183.750 Y112.000 E0.1226 
G92 E0.0000
; segment
G92 E0.0000
G1 F2400.000
G1 Z7.600
G1 X183.750 Y112.000
G1 X183.750 Y120.750 E0.2900 
G1 X183.250 Y120.750 E0.3066 
G1 X183.250 Y112.000 E0.5966 
G92 E0.0000
; segment
G92 E0.0000
G1 F2400.000
G1 Z7.600
G1 X183.250 Y112.000
G1 X183.250 Y78.700 E1.1037 
G92 E0.0000
; segment
G92 E0.0000
G1 F2400.000
G1 Z7.600
G1 X183.250 Y78.700
G1 X183.250 Y75.000 E0.1226 
G92 E0.0000
; segment
G92 E0.0000
G1 F2400.000
G1 Z7.600
G1 X183.250 Y75.000
G1 X183.250 Y66.250 E0.2900 
G1 X182.750 Y66.250 E0.3066 
G1 X182.750 Y75.000 E0.5966 
G92 E0.0000
; segment
G92 E0.0000
G1 F2400.000
G1 Z7.600
G1 X182.750 Y75.000
G1 X182.750 Y108.300 E1.1037 
G92 E0.0000
; segment
G92 E0.0000
G1 F2400.000
G1 Z7.600
G1 X182.750 Y108.300
G1 X182.750 Y112.000 E0.1226 
G92 E0.0000
; segment
G92 E0.0000
G1 F2400.000
G1 Z7.600
G1 X182.750 Y112.000
G1 X182.750 Y120.750 E0.2900 
G1 X182.250 Y120.750 E0.3066 
G1 X182.250 Y112.000 E0.5966 
G92 E0.0000
; segment
G92 E0.0000
G1 F2400.000
G1 Z7.600
G1 X182.250 Y112.000
G1 X182.250 Y78.700 E1.1037 
G92 E0.0000
; segment
G92 E0.0000
G1 F2400.000
G1 Z7.600
G1 X182.250 Y78.700
G1 X182.250 Y75.000 E0.1226 
G92 E0.0000
; segment
G92 E0.0000
G1 F2400.000
G1 Z7.600
G1 X182.250 Y75.000
G1 X182.250 Y66.250 E0.2900 
G1 X181.750 Y66.250 E0.3066 
G1 X181.750 Y75.000 E0.5966 
G92 E0.0000
; segment
G92 E0.0000
G1 F2400.000
G1 Z7.600
G1 X181.750 Y75.000
G1 X181.750 Y108.300 E1.1037 
G92 E0.0000
; segment
G92 E0.0000
G1 F2400.000
G1 Z7.600
G1 X181.750 Y108.300
G1 X181.750 Y112.000 E0.1226 
G92 E0.0000
; segment
G92 E0.0000
G1 F2400.000
G1 Z7.600
G1 X181.750 Y112.000
G1 X181.750 Y120.750 E0.2900 
G1 X181.250 Y120.750 E0.3066 
G1 X181.250 Y112.000 E0.5966 
G92 E0.0000
; segment
G92 E0.0000
G1 F2400.000
G1 Z7.600
G1 X181.250 Y112.000
G1 X181.250 Y78.700 E1.1037 
G92 E0.0000
; segment
G92 E0.0000
G1 F2400.000
G1 Z7.600
G1 X181.250 Y78.700
G1 X181.250 Y75.000 E0.1226 
G92 E0.0000
; segment
G92 E0.0000
G1 F2400.000
G1 Z7.600
G1 X181.250 Y75.000
G1 X181.250 Y66.250 E0.2900 
G1 X180.750 Y66.250 E0.3066 
G1 X180.750 Y75.000 E0.5966 
G92 E0.0000
; segment
G92 E0.0000
G1 F2400.000
G1 Z7.600
G1 X180.750 Y75.000
G1 X180.750 Y108.300 E1.1037 
G92 E0.0000
; segment
G92 E0.0000
G1 F2400.000
G1 Z7.600
G1 X180.750 Y108.300
G1 X180.750 Y112.000 E0.1226 
G92 E0.0000
; segment
G92 E0.0000
G1 F2400.000
G1 Z7.600
G1 X180.750 Y112.000
G1 X180.750 Y120.750 E0.2900 
G1 X180.250 Y120.750 E0.3066 
G1 X180.250 Y112.000 E0.5966 
G92 E0.0000
; segment
G92 E0.0000
G1 F2400.000
G1 Z7.600
G1 X180.250 Y112.000
G1 X180.250 Y78.700 E1.1037 
G92 E0.0000
; segment
G92 E0.0000
G1 F2400.000
G1 Z7.600
G1 X180.250 Y78.700
G1 X180.250 Y75.000 E0.1226 
G92 E0.0000
; segment
G92 E0.0000
G1 F2400.000
G1 Z7.600
G1 X180.250 Y75.000
G1 X180.250 Y66.250 E0.2900 
G1 X179.750 Y66.250 E0.3066 
G1 X179.750 Y75.000 E0.5966 
G92 E0.0000
; segment
G92 E0.0000
G1 F2400.000
G1 Z7.600
G1 X179.750 Y75.000
G1 X179.750 Y108.300 E1.1037 
G92 E0.0000
; segment
G92 E0.0000
G1 F2400.000
G1 Z7.600
G1 X179.750 Y108.300
G1 X179.750 Y112.000 E0.1226 
G92 E0.0000
; segment
G92 E0.0000
G1 F2400.000
G1 Z7.600
G1 X179.750 Y112.000
G1 X179.750 Y120.750 E0.2900 
G1 X179.250 Y120.750 E0.3066 
G1 X179.250 Y112.000 E0.5966 
G92 E0.0000
; segment
G92 E0.0000
G1 F2400.000
G1 Z7.600
G1 X179.250 Y112.000
G1 X179.250 Y78.700 E1.1037 
G92 E0.0000
; segment
G92 E0.0000
G1 F2400.000
G1 Z7.600
G1 X179.250 Y78.700
G1 X179.250 Y75.000 E0.1226 
G92 E0.0000
; segment
G92 E0.0000
G1 F2400.000
G1 Z7.600
G1 X179.250 Y75.000
G1 X179.250 Y66.250 E0.2900 
G1 X178.750 Y66.250 E0.3066 
G1 X178.750 Y75.000 E0.5966 
G92 E0.0000
; segment
G92 E0.0000
G1 F2400.000
G1 Z7.600
G1 X178.750 Y75.000
G1 X178.750 Y108.300 E1.1037 
G92 E0.0000
; segment
G92 E0.0000
G1 F2400.000
G1 Z7.600
G1 X178.750 Y108.300
G1 X178.750 Y112.000 E0.1226 
G92 E0.0000
; segment
G92 E0.0000
G1 F2400.000
G1 Z7.600
G1 X178.750 Y112.000
G1 X178.750 Y120.750 E0.2900 
G1 X178.250 Y120.750 E0.3066 
G1 X178.250 Y112.000 E0.5966 
G92 E0.0000
; segment
G92 E0.0000
G1 F2400.000
G1 Z7.600
G1 X178.250 Y112.000
G1 X178.250 Y78.700 E1.1037 
G92 E0.0000
; segment
G92 E0.0000
G1 F2400.000
G1 Z7.600
G1 X178.250 Y78.700
G1 X178.250 Y75.000 E0.1226 
G92 E0.0000
; segment
G92 E0.0000
G1 F2400.000
G1 Z7.600
G1 X178.250 Y75.000
G1 X178.250 Y66.250 E0.2900 
G1 X177.750 Y66.250 E0.3066 
G1 X177.750 Y75.000 E0.5966 
G92 E0.0000
; segment
G92 E0.0000
G1 F2400.000
G1 Z7.600
G1 X177.750 Y75.000
G1 X177.750 Y108.300 E1.1037 
G92 E0.0000
; segment
G92 E0.0000
G1 F2400.000
G1 Z7.600
G1 X177.750 Y108.300
G1 X177.750 Y112.000 E0.1226 
G92 E0.0000
; segment
G92 E0.0000
G1 F2400.000
G1 Z7.600
G1 X177.750 Y112.000
G1 X177.750 Y120.750 E0.2900 
G1 X177.250 Y120.750 E0.3066 
G1 X177.250 Y112.000 E0.5966 
G92 E0.0000
; segment
G92 E0.0000
G1 F2400.000
G1 Z7.600
G1 X177.250 Y112.000
G1 X177.250 Y78.700 E1.1037 
G92 E0.0000
; segment
G92 E0.0000
G1 F2400.000
G1 Z7.600
G1 X177.250 Y78.700
G1 X177.250 Y75.000 E0.1226 
G92 E0.0000
; segment
G92 E0.0000
G1 F2400.000
G1 Z7.600
G1 X177.250 Y75.000
G1 X177.250 Y66.250 E0.2900 
G1 X176.750 Y66.250 E0.3066 
G1 X176.750 Y75.000 E0.5966 
G92 E0.0000
; segment
G92 E0.0000
G1 F2400.000
G1 Z7.600
G1 X176.750 Y75.000
G1 X176.750 Y108.300 E1.1037 
G92 E0.0000
; segment
G92 E0.0000
G1 F2400.000
G1 Z7.600
G1 X176.750 Y108.300
G1 X176.750 Y112.000 E0.1226 
G92 E0.0000
; segment
G92 E0.0000
G1 F2400.000
G1 Z7.600
G1 X176.750 Y112.000
G1 X176.750 Y120.750 E0.2900 
G1 X176.250 Y120.750 E0.3066 
G1 X176.250 Y112.000 E0.5966 
G92 E0.0000
; segment
G92 E0.0000
G1 F2400.000
G1 Z7.600
G1 X176.250 Y112.000
G1 X176.250 Y78.700 E1.1037 
G92 E0.0000
; segment
G92 E0.0000
G1 F2400.000
G1 Z7.600
G1 X176.250 Y78.700
G1 X176.250 Y75.000 E0.1226 
G92 E0.0000
; segment
G92 E0.0000
G1 F2400.000
G1 Z7.600
G1 X176.250 Y75.000
G1 X176.250 Y66.250 E0.2900 
G1 X175.750 Y66.250 E0.3066 
G1 X175.750 Y75.000 E0.5966 
G92 E0.0000
; segment
G92 E0.0000
G1 F2400.000
G1 Z7.600
G1 X175.750 Y75.000
G1 X175.750 Y108.300 E1.1037 
G92 E0.0000
; segment
G92 E0.0000
G1 F2400.000
G1 Z7.600
G1 X175.750 Y108.300
G1 X175.750 Y112.000 E0.1226 
G92 E0.0000
; segment
G92 E0.0000
G1 F2400.000
G1 Z7.600
G1 X175.750 Y112.000
G1 X175.750 Y120.750 E0.2900 
G1 X175.250 Y120.750 E0.3066 
G1 X175.250 Y112.000 E0.5966 
G92 E0.0000
; segment
G92 E0.0000
G1 F2400.000
G1 Z7.600
G1 X175.250 Y112.000
G1 X175.250 Y78.700 E1.1037 
G92 E0.0000
; segment
G92 E0.0000
G1 F2400.000
G1 Z7.600
G1 X175.250 Y78.700
G1 X175.250 Y75.000 E0.1226 
G92 E0.0000
; segment
G92 E0.0000
G1 F2400.000
G1 Z7.600
G1 X175.250 Y75.000
G1 X175.250 Y66.250 E0.2900 
G1 X174.750 Y66.250 E0.3066 
G1 X174.750 Y75.000 E0.5966 
G92 E0.0000
; segment
G92 E0.0000
G1 F2400.000
G1 Z7.600
G1 X174.750 Y75.000
G1 X174.750 Y108.300 E1.1037 
G92 E0.0000
; segment
G92 E0.0000
G1 F2400.000
G1 Z7.600
G1 X174.750 Y108.300
G1 X174.750 Y112.000 E0.1226 
G92 E0.0000
; segment
G92 E0.0000
G1 F2400.000
G1 Z7.600
G1 X174.750 Y112.000
G1 X174.750 Y120.750 E0.2900 
G1 X174.250 Y120.750 E0.3066 
G1 X174.250 Y112.000 E0.5966 
G92 E0.0000
; segment
G92 E0.0000
G1 F2400.000
G1 Z7.600
G1 X174.250 Y112.000
G1 X174.250 Y78.700 E1.1037 
G92 E0.0000
; segment
G92 E0.0000
G1 F2400.000
G1 Z7.600
G1 X174.250 Y78.700
G1 X174.250 Y75.000 E0.1226 
G92 E0.0000
; segment
G92 E0.0000
G1 F2400.000
G1 Z7.600
G1 X174.250 Y75.000
G1 X174.250 Y66.250 E0.2900 
G1 X173.750 Y66.250 E0.3066 
G1 X173.750 Y75.000 E0.5966 
G92 E0.0000
; segment
G92 E0.0000
G1 F2400.000
G1 Z7.600
G1 X173.750 Y75.000
G1 X173.750 Y108.300 E1.1037 
G92 E0.0000
; segment
G92 E0.0000
G1 F2400.000
G1 Z7.600
G1 X173.750 Y108.300
G1 X173.750 Y112.000 E0.1226 
G92 E0.0000
; segment
G92 E0.0000
G1 F2400.000
G1 Z7.600
G1 X173.750 Y112.000
G1 X173.750 Y120.750 E0.2900 
G1 X173.250 Y120.750 E0.3066 
G1 X173.250 Y112.000 E0.5966 
G92 E0.0000
; segment
G92 E0.0000
G1 F2400.000
G1 Z7.600
G1 X173.250 Y112.000
G1 X173.250 Y78.700 E1.1037 
G92 E0.0000
; segment
G92 E0.0000
G1 F2400.000
G1 Z7.600
G1 X173.250 Y78.700
G1 X173.250 Y75.000 E0.1226 
G92 E0.0000
; segment
G92 E0.0000
G1 F2400.000
G1 Z7.600
G1 X173.250 Y75.000
G1 X173.250 Y66.250 E0.2900 
G1 X172.750 Y66.250 E0.3066 
G1 X172.750 Y75.000 E0.5966 
G92 E0.0000
; segment
G92 E0.0000
G1 F2400.000
G1 Z7.600
G1 X172.750 Y75.000
G1 X172.750 Y108.300 E1.1037 
G92 E0.0000
; segment
G92 E0.0000
G1 F2400.000
G1 Z7.600
G1 X172.750 Y108.300
G1 X172.750 Y112.000 E0.1226 
G92 E0.0000
; segment
G92 E0.0000
G1 F2400.000
G1 Z7.600
G1 X172.750 Y112.000
G1 X172.750 Y120.750 E0.2900 
G1 X172.250 Y120.750 E0.3066 
G1 X172.250 Y112.000 E0.5966 
G92 E0.0000
; segment
G92 E0.0000
G1 F2400.000
G1 Z7.600
G1 X172.250 Y112.000
G1 X172.250 Y78.700 E1.1037 
G92 E0.0000
; segment
G92 E0.0000
G1 F2400.000
G1 Z7.600
G1 X172.250 Y78.700
G1 X172.250 Y75.000 E0.1226 
G92 E0.0000
; segment
G92 E0.0000
G1 F2400.000
G1 Z7.600
G1 X172.250 Y75.000
G1 X172.250 Y66.250 E0.2900 
G1 X171.750 Y66.250 E0.3066 
G1 X171.750 Y75.000 E0.5966 
G92 E0.0000
; segment
G92 E0.0000
G1 F2400.000
G1 Z7.600
G1 X171.750 Y75.000
G1 X171.750 Y108.300 E1.1037 
G92 E0.0000
; segment
G92 E0.0000
G1 F2400.000
G1 Z7.600
G1 X171.750 Y108.300
G1 X171.750 Y112.000 E0.1226 
G92 E0.0000
; segment
G92 E0.0000
G1 F2400.000
G1 Z7.600
G1 X171.750 Y112.000
G1 X171.750 Y120.750 E0.2900 
G1 X171.250 Y120.750 E0.3066 
G1 X171.250 Y112.000 E0.5966 
G92 E0.0000
; segment
G92 E0.0000
G1 F2400.000
G1 Z7.600
G1 X171.250 Y112.000
G1 X171.250 Y78.700 E1.1037 
G92 E0.0000
; segment
G92 E0.0000
G1 F2400.000
G1 Z7.600
G1 X171.250 Y78.700
G1 X171.250 Y75.000 E0.1226 
G92 E0.0000
; segment
G92 E0.0000
G1 F2400.000
G1 Z7.600
G1 X171.250 Y75.000
G1 X171.250 Y66.250 E0.2900 
G92 E0.0000
; jumping
G92 E3.0000
G1 E0 F2400
G1 X170.250 Y65.250 F12000.000
G1 E3 F2400
G92 E0.0000
; segment
G92 E0.0000
G1 F2400.000
G1 Z7.800
G1 X170.250 Y65.250
G1 X170.250 Y75.000 E0.3232 
G92 E0.0000
; segment
G92 E0.0000
G1 F2400.000
G1 Z7.800
G1 X170.250 Y75.000
G1 X170.250 Y108.300 E1.1037 
G92 E0.0000
; segment
G92 E0.0000
G1 F2400.000
G1 Z7.800
G1 X170.250 Y108.300
G1 X170.250 Y112.000 E0.1226 
G92 E0.0000
; segment
G92 E0.0000
G1 F2400.000
G1 Z7.800
G1 X170.250 Y112.000
G1 X170.250 Y121.750 E0.3232 
G1 X189.750 Y121.750 E0.9695 
G1 X189.750 Y112.000 E1.2927 
G92 E0.0000
; segment
G92 E0.0000
G1 F2400.000
G1 Z7.800
G1 X189.750 Y112.000
G1 X189.750 Y78.700 E1.1037 
G92 E0.0000
; segment
G92 E0.0000
G1 F2400.000
G1 Z7.800
G1 X189.750 Y78.700
G1 X189.750 Y75.000 E0.1226 
G92 E0.0000
; segment
G92 E0.0000
G1 F2400.000
G1 Z7.800
G1 X189.750 Y75.000
G1 X189.750 Y65.250 E0.3232 
G1 X170.250 Y65.250 E0.9695 
G92 E0.0000
; segment
G92 E0.0000
G1 F2400.000
G1 Z7.800
G1 X170.750 Y65.750
G1 X170.750 Y75.000 E0.3066 
G92 E0.0000
; segment
G92 E0.0000
G1 F2400.000
G1 Z7.800
G1 X170.750 Y75.000
G1 X170.750 Y108.300 E1.1037 
G92 E0.0000
; segment
G92 E0.0000
G1 F2400.000
G1 Z7.800
G1 X170.750 Y108.300
G1 X170.750 Y112.000 E0.1226 
G92 E0.0000
; segment
G92 E0.0000
G1 F2400.000
G1 Z7.800
G1 X170.750 Y112.000
G1 X170.750 Y121.250 E0.3066 
G1 X189.250 Y121.250 E0.9198 
G1 X189.250 Y112.000 E1.2264 
G92 E0.0000
; segment
G92 E0.0000
G1 F2400.000
G1 Z7.800
G1 X189.250 Y112.000
G1 X189.250 Y78.700 E1.1037 
G92 E0.0000
; segment
G92 E0.0000
G1 F2400.000
G1 Z7.800
G1 X189.250 Y78.700
G1 X189.250 Y75.000 E0.1226 
G92 E0.0000
; segment
G92 E0.0000
G1 F2400.000
G1 Z7.800
G1 X189.250 Y75.000
G1 X189.250 Y65.750 E0.3066 
G1 X170.750 Y65.750 E0.9198 
G92 E0.0000
; segment
G92 E0.0000
G1 F2400.000
G1 Z7.800
G1 X171.250 Y66.250
G1 X171.250 Y75.000 E0.2900 
G92 E0.0000
; segment
G92 E0.0000
G1 F2400.000
G1 Z7.800
G1 X171.250 Y75.000
G1 X171.250 Y108.300 E1.1037 
G92 E0.0000
; segment
G92 E0.0000
G1 F2400.000
G1 Z7.800
G1 X171.250 Y108.300
G1 X171.250 Y112.000 E0.1226 
G92 E0.0000
; segment
G92 E0.0000
G1 F2400.000
G1 Z7.800
G1 X171.250 Y112.000
G1 X171.250 Y120.750 E0.2900 
G1 X171.750 Y120.750 E0.3066 
G1 X171.750 Y112.000 E0.5966 
G92 E0.0000
; segment
G92 E0.0000
G1 F2400.000
G1 Z7.800
G1 X171.750 Y112.000
G1 X171.750 Y78.700 E1.1037 
G92 E0.0000
; segment
G92 E0.0000
G1 F2400.000
G1 Z7.800
G1 X171.750 Y78.700
G1 X171.750 Y75.000 E0.1226 
G92 E0.0000
; segment
G92 E0.0000
G1 F2400.000
G1 Z7.800
G1 X171.750 Y75.000
G1 X171.750 Y66.250 E0.2900 
G1 X172.250 Y66.250 E0.3066 
G1 X172.250 Y75.000 E0.5966 
G92 E0.0000
; segment
G92 E0.0000
G1 F2400.000
G1 Z7.800
G1 X172.250 Y75.000
G1 X172.250 Y108.300 E1.1037 
G92 E0.0000
; segment
G92 E0.0000
G1 F2400.000
G1 Z7.800
G1 X172.250 Y108.300
G1 X172.250 Y112.000 E0.1226 
G92 E0.0000
; segment
G92 E0.0000
G1 F2400.000
G1 Z7.800
G1 X172.250 Y112.000
G1 X172.250 Y120.750 E0.2900 
G1 X172.750 Y120.750 E0.3066 
G1 X172.750 Y112.000 E0.5966 
G92 E0.0000
; segment
G92 E0.0000
G1 F2400.000
G1 Z7.800
G1 X172.750 Y112.000
G1 X172.750 Y78.700 E1.1037 
G92 E0.0000
; segment
G92 E0.0000
G1 F2400.000
G1 Z7.800
G1 X172.750 Y78.700
G1 X172.750 Y75.000 E0.1226 
G92 E0.0000
; segment
G92 E0.0000
G1 F2400.000
G1 Z7.800
G1 X172.750 Y75.000
G1 X172.750 Y66.250 E0.2900 
G1 X173.250 Y66.250 E0.3066 
G1 X173.250 Y75.000 E0.5966 
G92 E0.0000
; segment
G92 E0.0000
G1 F2400.000
G1 Z7.800
G1 X173.250 Y75.000
G1 X173.250 Y108.300 E1.1037 
G92 E0.0000
; segment
G92 E0.0000
G1 F2400.000
G1 Z7.800
G1 X173.250 Y108.300
G1 X173.250 Y112.000 E0.1226 
G92 E0.0000
; segment
G92 E0.0000
G1 F2400.000
G1 Z7.800
G1 X173.250 Y112.000
G1 X173.250 Y120.750 E0.2900 
G1 X173.750 Y120.750 E0.3066 
G1 X173.750 Y112.000 E0.5966 
G92 E0.0000
; segment
G92 E0.0000
G1 F2400.000
G1 Z7.800
G1 X173.750 Y112.000
G1 X173.750 Y78.700 E1.1037 
G92 E0.0000
; segment
G92 E0.0000
G1 F2400.000
G1 Z7.800
G1 X173.750 Y78.700
G1 X173.750 Y75.000 E0.1226 
G92 E0.0000
; segment
G92 E0.0000
G1 F2400.000
G1 Z7.800
G1 X173.750 Y75.000
G1 X173.750 Y66.250 E0.2900 
G1 X174.250 Y66.250 E0.3066 
G1 X174.250 Y75.000 E0.5966 
G92 E0.0000
; segment
G92 E0.0000
G1 F2400.000
G1 Z7.800
G1 X174.250 Y75.000
G1 X174.250 Y108.300 E1.1037 
G92 E0.0000
; segment
G92 E0.0000
G1 F2400.000
G1 Z7.800
G1 X174.250 Y108.300
G1 X174.250 Y112.000 E0.1226 
G92 E0.0000
; segment
G92 E0.0000
G1 F2400.000
G1 Z7.800
G1 X174.250 Y112.000
G1 X174.250 Y120.750 E0.2900 
G1 X174.750 Y120.750 E0.3066 
G1 X174.750 Y112.000 E0.5966 
G92 E0.0000
; segment
G92 E0.0000
G1 F2400.000
G1 Z7.800
G1 X174.750 Y112.000
G1 X174.750 Y78.700 E1.1037 
G92 E0.0000
; segment
G92 E0.0000
G1 F2400.000
G1 Z7.800
G1 X174.750 Y78.700
G1 X174.750 Y75.000 E0.1226 
G92 E0.0000
; segment
G92 E0.0000
G1 F2400.000
G1 Z7.800
G1 X174.750 Y75.000
G1 X174.750 Y66.250 E0.2900 
G1 X175.250 Y66.250 E0.3066 
G1 X175.250 Y75.000 E0.5966 
G92 E0.0000
; segment
G92 E0.0000
G1 F2400.000
G1 Z7.800
G1 X175.250 Y75.000
G1 X175.250 Y108.300 E1.1037 
G92 E0.0000
; segment
G92 E0.0000
G1 F2400.000
G1 Z7.800
G1 X175.250 Y108.300
G1 X175.250 Y112.000 E0.1226 
G92 E0.0000
; segment
G92 E0.0000
G1 F2400.000
G1 Z7.800
G1 X175.250 Y112.000
G1 X175.250 Y120.750 E0.2900 
G1 X175.750 Y120.750 E0.3066 
G1 X175.750 Y112.000 E0.5966 
G92 E0.0000
; segment
G92 E0.0000
G1 F2400.000
G1 Z7.800
G1 X175.750 Y112.000
G1 X175.750 Y78.700 E1.1037 
G92 E0.0000
; segment
G92 E0.0000
G1 F2400.000
G1 Z7.800
G1 X175.750 Y78.700
G1 X175.750 Y75.000 E0.1226 
G92 E0.0000
; segment
G92 E0.0000
G1 F2400.000
G1 Z7.800
G1 X175.750 Y75.000
G1 X175.750 Y66.250 E0.2900 
G1 X176.250 Y66.250 E0.3066 
G1 X176.250 Y75.000 E0.5966 
G92 E0.0000
; segment
G92 E0.0000
G1 F2400.000
G1 Z7.800
G1 X176.250 Y75.000
G1 X176.250 Y108.300 E1.1037 
G92 E0.0000
; segment
G92 E0.0000
G1 F2400.000
G1 Z7.800
G1 X176.250 Y108.300
G1 X176.250 Y112.000 E0.1226 
G92 E0.0000
; segment
G92 E0.0000
G1 F2400.000
G1 Z7.800
G1 X176.250 Y112.000
G1 X176.250 Y120.750 E0.2900 
G1 X176.750 Y120.750 E0.3066 
G1 X176.750 Y112.000 E0.5966 
G92 E0.0000
; segment
G92 E0.0000
G1 F2400.000
G1 Z7.800
G1 X176.750 Y112.000
G1 X176.750 Y78.700 E1.1037 
G92 E0.0000
; segment
G92 E0.0000
G1 F2400.000
G1 Z7.800
G1 X176.750 Y78.700
G1 X176.750 Y75.000 E0.1226 
G92 E0.0000
; segment
G92 E0.0000
G1 F2400.000
G1 Z7.800
G1 X176.750 Y75.000
G1 X176.750 Y66.250 E0.2900 
G1 X177.250 Y66.250 E0.3066 
G1 X177.250 Y75.000 E0.5966 
G92 E0.0000
; segment
G92 E0.0000
G1 F2400.000
G1 Z7.800
G1 X177.250 Y75.000
G1 X177.250 Y108.300 E1.1037 
G92 E0.0000
; segment
G92 E0.0000
G1 F2400.000
G1 Z7.800
G1 X177.250 Y108.300
G1 X177.250 Y112.000 E0.1226 
G92 E0.0000
; segment
G92 E0.0000
G1 F2400.000
G1 Z7.800
G1 X177.250 Y112.000
G1 X177.250 Y120.750 E0.2900 
G1 X177.750 Y120.750 E0.3066 
G1 X177.750 Y112.000 E0.5966 
G92 E0.0000
; segment
G92 E0.0000
G1 F2400.000
G1 Z7.800
G1 X177.750 Y112.000
G1 X177.750 Y78.700 E1.1037 
G92 E0.0000
; segment
G92 E0.0000
G1 F2400.000
G1 Z7.800
G1 X177.750 Y78.700
G1 X177.750 Y75.000 E0.1226 
G92 E0.0000
; segment
G92 E0.0000
G1 F2400.000
G1 Z7.800
G1 X177.750 Y75.000
G1 X177.750 Y66.250 E0.2900 
G1 X178.250 Y66.250 E0.3066 
G1 X178.250 Y75.000 E0.5966 
G92 E0.0000
; segment
G92 E0.0000
G1 F2400.000
G1 Z7.800
G1 X178.250 Y75.000
G1 X178.250 Y108.300 E1.1037 
G92 E0.0000
; segment
G92 E0.0000
G1 F2400.000
G1 Z7.800
G1 X178.250 Y108.300
G1 X178.250 Y112.000 E0.1226 
G92 E0.0000
; segment
G92 E0.0000
G1 F2400.000
G1 Z7.800
G1 X178.250 Y112.000
G1 X178.250 Y120.750 E0.2900 
G1 X178.750 Y120.750 E0.3066 
G1 X178.750 Y112.000 E0.5966 
G92 E0.0000
; segment
G92 E0.0000
G1 F2400.000
G1 Z7.800
G1 X178.750 Y112.000
G1 X178.750 Y78.700 E1.1037 
G92 E0.0000
; segment
G92 E0.0000
G1 F2400.000
G1 Z7.800
G1 X178.750 Y78.700
G1 X178.750 Y75.000 E0.1226 
G92 E0.0000
; segment
G92 E0.0000
G1 F2400.000
G1 Z7.800
G1 X178.750 Y75.000
G1 X178.750 Y66.250 E0.2900 
G1 X179.250 Y66.250 E0.3066 
G1 X179.250 Y75.000 E0.5966 
G92 E0.0000
; segment
G92 E0.0000
G1 F2400.000
G1 Z7.800
G1 X179.250 Y75.000
G1 X179.250 Y108.300 E1.1037 
G92 E0.0000
; segment
G92 E0.0000
G1 F2400.000
G1 Z7.800
G1 X179.250 Y108.300
G1 X179.250 Y112.000 E0.1226 
G92 E0.0000
; segment
G92 E0.0000
G1 F2400.000
G1 Z7.800
G1 X179.250 Y112.000
G1 X179.250 Y120.750 E0.2900 
G1 X179.750 Y120.750 E0.3066 
G1 X179.750 Y112.000 E0.5966 
G92 E0.0000
; segment
G92 E0.0000
G1 F2400.000
G1 Z7.800
G1 X179.750 Y112.000
G1 X179.750 Y78.700 E1.1037 
G92 E0.0000
; segment
G92 E0.0000
G1 F2400.000
G1 Z7.800
G1 X179.750 Y78.700
G1 X179.750 Y75.000 E0.1226 
G92 E0.0000
; segment
G92 E0.0000
G1 F2400.000
G1 Z7.800
G1 X179.750 Y75.000
G1 X179.750 Y66.250 E0.2900 
G1 X180.250 Y66.250 E0.3066 
G1 X180.250 Y75.000 E0.5966 
G92 E0.0000
; segment
G92 E0.0000
G1 F2400.000
G1 Z7.800
G1 X180.250 Y75.000
G1 X180.250 Y108.300 E1.1037 
G92 E0.0000
; segment
G92 E0.0000
G1 F2400.000
G1 Z7.800
G1 X180.250 Y108.300
G1 X180.250 Y112.000 E0.1226 
G92 E0.0000
; segment
G92 E0.0000
G1 F2400.000
G1 Z7.800
G1 X180.250 Y112.000
G1 X180.250 Y120.750 E0.2900 
G1 X180.750 Y120.750 E0.3066 
G1 X180.750 Y112.000 E0.5966 
G92 E0.0000
; segment
G92 E0.0000
G1 F2400.000
G1 Z7.800
G1 X180.750 Y112.000
G1 X180.750 Y78.700 E1.1037 
G92 E0.0000
; segment
G92 E0.0000
G1 F2400.000
G1 Z7.800
G1 X180.750 Y78.700
G1 X180.750 Y75.000 E0.1226 
G92 E0.0000
; segment
G92 E0.0000
G1 F2400.000
G1 Z7.800
G1 X180.750 Y75.000
G1 X180.750 Y66.250 E0.2900 
G1 X181.250 Y66.250 E0.3066 
G1 X181.250 Y75.000 E0.5966 
G92 E0.0000
; segment
G92 E0.0000
G1 F2400.000
G1 Z7.800
G1 X181.250 Y75.000
G1 X181.250 Y108.300 E1.1037 
G92 E0.0000
; segment
G92 E0.0000
G1 F2400.000
G1 Z7.800
G1 X181.250 Y108.300
G1 X181.250 Y112.000 E0.1226 
G92 E0.0000
; segment
G92 E0.0000
G1 F2400.000
G1 Z7.800
G1 X181.250 Y112.000
G1 X181.250 Y120.750 E0.2900 
G1 X181.750 Y120.750 E0.3066 
G1 X181.750 Y112.000 E0.5966 
G92 E0.0000
; segment
G92 E0.0000
G1 F2400.000
G1 Z7.800
G1 X181.750 Y112.000
G1 X181.750 Y78.700 E1.1037 
G92 E0.0000
; segment
G92 E0.0000
G1 F2400.000
G1 Z7.800
G1 X181.750 Y78.700
G1 X181.750 Y75.000 E0.1226 
G92 E0.0000
; segment
G92 E0.0000
G1 F2400.000
G1 Z7.800
G1 X181.750 Y75.000
G1 X181.750 Y66.250 E0.2900 
G1 X182.250 Y66.250 E0.3066 
G1 X182.250 Y75.000 E0.5966 
G92 E0.0000
; segment
G92 E0.0000
G1 F2400.000
G1 Z7.800
G1 X182.250 Y75.000
G1 X182.250 Y108.300 E1.1037 
G92 E0.0000
; segment
G92 E0.0000
G1 F2400.000
G1 Z7.800
G1 X182.250 Y108.300
G1 X182.250 Y112.000 E0.1226 
G92 E0.0000
; segment
G92 E0.0000
G1 F2400.000
G1 Z7.800
G1 X182.250 Y112.000
G1 X182.250 Y120.750 E0.2900 
G1 X182.750 Y120.750 E0.3066 
G1 X182.750 Y112.000 E0.5966 
G92 E0.0000
; segment
G92 E0.0000
G1 F2400.000
G1 Z7.800
G1 X182.750 Y112.000
G1 X182.750 Y78.700 E1.1037 
G92 E0.0000
; segment
G92 E0.0000
G1 F2400.000
G1 Z7.800
G1 X182.750 Y78.700
G1 X182.750 Y75.000 E0.1226 
G92 E0.0000
; segment
G92 E0.0000
G1 F2400.000
G1 Z7.800
G1 X182.750 Y75.000
G1 X182.750 Y66.250 E0.2900 
G1 X183.250 Y66.250 E0.3066 
G1 X183.250 Y75.000 E0.5966 
G92 E0.0000
; segment
G92 E0.0000
G1 F2400.000
G1 Z7.800
G1 X183.250 Y75.000
G1 X183.250 Y108.300 E1.1037 
G92 E0.0000
; segment
G92 E0.0000
G1 F2400.000
G1 Z7.800
G1 X183.250 Y108.300
G1 X183.250 Y112.000 E0.1226 
G92 E0.0000
; segment
G92 E0.0000
G1 F2400.000
G1 Z7.800
G1 X183.250 Y112.000
G1 X183.250 Y120.750 E0.2900 
G1 X183.750 Y120.750 E0.3066 
G1 X183.750 Y112.000 E0.5966 
G92 E0.0000
; segment
G92 E0.0000
G1 F2400.000
G1 Z7.800
G1 X183.750 Y112.000
G1 X183.750 Y78.700 E1.1037 
G92 E0.0000
; segment
G92 E0.0000
G1 F2400.000
G1 Z7.800
G1 X183.750 Y78.700
G1 X183.750 Y75.000 E0.1226 
G92 E0.0000
; segment
G92 E0.0000
G1 F2400.000
G1 Z7.800
G1 X183.750 Y75.000
G1 X183.750 Y66.250 E0.2900 
G1 X184.250 Y66.250 E0.3066 
G1 X184.250 Y75.000 E0.5966 
G92 E0.0000
; segment
G92 E0.0000
G1 F2400.000
G1 Z7.800
G1 X184.250 Y75.000
G1 X184.250 Y108.300 E1.1037 
G92 E0.0000
; segment
G92 E0.0000
G1 F2400.000
G1 Z7.800
G1 X184.250 Y108.300
G1 X184.250 Y112.000 E0.1226 
G92 E0.0000
; segment
G92 E0.0000
G1 F2400.000
G1 Z7.800
G1 X184.250 Y112.000
G1 X184.250 Y120.750 E0.2900 
G1 X184.750 Y120.750 E0.3066 
G1 X184.750 Y112.000 E0.5966 
G92 E0.0000
; segment
G92 E0.0000
G1 F2400.000
G1 Z7.800
G1 X184.750 Y112.000
G1 X184.750 Y78.700 E1.1037 
G92 E0.0000
; segment
G92 E0.0000
G1 F2400.000
G1 Z7.800
G1 X184.750 Y78.700
G1 X184.750 Y75.000 E0.1226 
G92 E0.0000
; segment
G92 E0.0000
G1 F2400.000
G1 Z7.800
G1 X184.750 Y75.000
G1 X184.750 Y66.250 E0.2900 
G1 X185.250 Y66.250 E0.3066 
G1 X185.250 Y75.000 E0.5966 
G92 E0.0000
; segment
G92 E0.0000
G1 F2400.000
G1 Z7.800
G1 X185.250 Y75.000
G1 X185.250 Y108.300 E1.1037 
G92 E0.0000
; segment
G92 E0.0000
G1 F2400.000
G1 Z7.800
G1 X185.250 Y108.300
G1 X185.250 Y112.000 E0.1226 
G92 E0.0000
; segment
G92 E0.0000
G1 F2400.000
G1 Z7.800
G1 X185.250 Y112.000
G1 X185.250 Y120.750 E0.2900 
G1 X185.750 Y120.750 E0.3066 
G1 X185.750 Y112.000 E0.5966 
G92 E0.0000
; segment
G92 E0.0000
G1 F2400.000
G1 Z7.800
G1 X185.750 Y112.000
G1 X185.750 Y78.700 E1.1037 
G92 E0.0000
; segment
G92 E0.0000
G1 F2400.000
G1 Z7.800
G1 X185.750 Y78.700
G1 X185.750 Y75.000 E0.1226 
G92 E0.0000
; segment
G92 E0.0000
G1 F2400.000
G1 Z7.800
G1 X185.750 Y75.000
G1 X185.750 Y66.250 E0.2900 
G1 X186.250 Y66.250 E0.3066 
G1 X186.250 Y75.000 E0.5966 
G92 E0.0000
; segment
G92 E0.0000
G1 F2400.000
G1 Z7.800
G1 X186.250 Y75.000
G1 X186.250 Y108.300 E1.1037 
G92 E0.0000
; segment
G92 E0.0000
G1 F2400.000
G1 Z7.800
G1 X186.250 Y108.300
G1 X186.250 Y112.000 E0.1226 
G92 E0.0000
; segment
G92 E0.0000
G1 F2400.000
G1 Z7.800
G1 X186.250 Y112.000
G1 X186.250 Y120.750 E0.2900 
G1 X186.750 Y120.750 E0.3066 
G1 X186.750 Y112.000 E0.5966 
G92 E0.0000
; segment
G92 E0.0000
G1 F2400.000
G1 Z7.800
G1 X186.750 Y112.000
G1 X186.750 Y78.700 E1.1037 
G92 E0.0000
; segment
G92 E0.0000
G1 F2400.000
G1 Z7.800
G1 X186.750 Y78.700
G1 X186.750 Y75.000 E0.1226 
G92 E0.0000
; segment
G92 E0.0000
G1 F2400.000
G1 Z7.800
G1 X186.750 Y75.000
G1 X186.750 Y66.250 E0.2900 
G1 X187.250 Y66.250 E0.3066 
G1 X187.250 Y75.000 E0.5966 
G92 E0.0000
; segment
G92 E0.0000
G1 F2400.000
G1 Z7.800
G1 X187.250 Y75.000
G1 X187.250 Y108.300 E1.1037 
G92 E0.0000
; segment
G92 E0.0000
G1 F2400.000
G1 Z7.800
G1 X187.250 Y108.300
G1 X187.250 Y112.000 E0.1226 
G92 E0.0000
; segment
G92 E0.0000
G1 F2400.000
G1 Z7.800
G1 X187.250 Y112.000
G1 X187.250 Y120.750 E0.2900 
G1 X187.750 Y120.750 E0.3066 
G1 X187.750 Y112.000 E0.5966 
G92 E0.0000
; segment
G92 E0.0000
G1 F2400.000
G1 Z7.800
G1 X187.750 Y112.000
G1 X187.750 Y78.700 E1.1037 
G92 E0.0000
; segment
G92 E0.0000
G1 F2400.000
G1 Z7.800
G1 X187.750 Y78.700
G1 X187.750 Y75.000 E0.1226 
G92 E0.0000
; segment
G92 E0.0000
G1 F2400.000
G1 Z7.800
G1 X187.750 Y75.000
G1 X187.750 Y66.250 E0.2900 
G1 X188.250 Y66.250 E0.3066 
G1 X188.250 Y75.000 E0.5966 
G92 E0.0000
; segment
G92 E0.0000
G1 F2400.000
G1 Z7.800
G1 X188.250 Y75.000
G1 X188.250 Y108.300 E1.1037 
G92 E0.0000
; segment
G92 E0.0000
G1 F2400.000
G1 Z7.800
G1 X188.250 Y108.300
G1 X188.250 Y112.000 E0.1226 
G92 E0.0000
; segment
G92 E0.0000
G1 F2400.000
G1 Z7.800
G1 X188.250 Y112.000
G1 X188.250 Y120.750 E0.2900 
G1 X188.750 Y120.750 E0.3066 
G1 X188.750 Y112.000 E0.5966 
G92 E0.0000
; segment
G92 E0.0000
G1 F2400.000
G1 Z7.800
G1 X188.750 Y112.000
G1 X188.750 Y78.700 E1.1037 
G92 E0.0000
; segment
G92 E0.0000
G1 F2400.000
G1 Z7.800
G1 X188.750 Y78.700
G1 X188.750 Y75.000 E0.1226 
G92 E0.0000
; segment
G92 E0.0000
G1 F2400.000
G1 Z7.800
G1 X188.750 Y75.000
G1 X188.750 Y66.250 E0.2900 
G92 E0.0000
; jumping
G92 E3.0000
G1 E0 F2400
G1 X189.750 Y65.250 F12000.000
G1 E3 F2400
G92 E0.0000
; segment
G92 E0.0000
G1 F2400.000
G1 Z8.000
G1 X189.750 Y65.250
G1 X170.250 Y65.250 E0.6463 
G1 X170.250 Y75.000 E0.9695 
G92 E0.0000
; segment
G92 E0.0000
G1 F2400.000
G1 Z8.000
G1 X170.250 Y75.000
G1 X170.250 Y108.300 E1.1037 
G92 E0.0000
; segment
G92 E0.0000
G1 F2400.000
G1 Z8.000
G1 X170.250 Y108.300
G1 X170.250 Y112.000 E0.1226 
G92 E0.0000
; segment
G92 E0.0000
G1 F2400.000
G1 Z8.000
G1 X170.250 Y112.000
G1 X170.250 Y121.750 E0.3232 
G1 X189.750 Y121.750 E0.9695 
G1 X189.750 Y112.000 E1.2927 
G92 E0.0000
; segment
G92 E0.0000
G1 F2400.000
G1 Z8.000
G1 X189.750 Y112.000
G1 X189.750 Y78.700 E1.1037 
G92 E0.0000
; segment
G92 E0.0000
G1 F2400.000
G1 Z8.000
G1 X189.750 Y78.700
G1 X189.750 Y75.000 E0.1226 
G92 E0.0000
; segment
G92 E0.0000
G1 F2400.000
G1 Z8.000
G1 X189.750 Y75.000
G1 X189.750 Y65.250 E0.3232 
G92 E0.0000
; segment
G92 E0.0000
G1 F2400.000
G1 Z8.000
G1 X189.250 Y65.750
G1 X170.750 Y65.750 E0.6132 
G1 X170.750 Y75.000 E0.9198 
G92 E0.0000
; segment
G92 E0.0000
G1 F2400.000
G1 Z8.000
G1 X170.750 Y75.000
G1 X170.750 Y108.300 E1.1037 
G92 E0.0000
; segment
G92 E0.0000
G1 F2400.000
G1 Z8.000
G1 X170.750 Y108.300
G1 X170.750 Y112.000 E0.1226 
G92 E0.0000
; segment
G92 E0.0000
G1 F2400.000
G1 Z8.000
G1 X170.750 Y112.000
G1 X170.750 Y121.250 E0.3066 
G1 X189.250 Y121.250 E0.9198 
G1 X189.250 Y112.000 E1.2264 
G92 E0.0000
; segment
G92 E0.0000
G1 F2400.000
G1 Z8.000
G1 X189.250 Y112.000
G1 X189.250 Y78.700 E1.1037 
G92 E0.0000
; segment
G92 E0.0000
G1 F2400.000
G1 Z8.000
G1 X189.250 Y78.700
G1 X189.250 Y75.000 E0.1226 
G92 E0.0000
; segment
G92 E0.0000
G1 F2400.000
G1 Z8.000
G1 X189.250 Y75.000
G1 X189.250 Y65.750 E0.3066 
G92 E0.0000
; segment
G92 E0.0000
G1 F2400.000
G1 Z8.000
G1 X188.750 Y66.250
G1 X188.750 Y75.000 E0.2900 
G92 E0.0000
; segment
G92 E0.0000
G1 F2400.000
G1 Z8.000
G1 X188.750 Y75.000
G1 X188.750 Y108.300 E1.1037 
G92 E0.0000
; segment
G92 E0.0000
G1 F2400.000
G1 Z8.000
G1 X188.750 Y108.300
G1 X188.750 Y112.000 E0.1226 
G92 E0.0000
; segment
G92 E0.0000
G1 F2400.000
G1 Z8.000
G1 X188.750 Y112.000
G1 X188.750 Y120.750 E0.2900 
G1 X188.250 Y120.750 E0.3066 
G1 X188.250 Y112.000 E0.5966 
G92 E0.0000
; segment
G92 E0.0000
G1 F2400.000
G1 Z8.000
G1 X188.250 Y112.000
G1 X188.250 Y78.700 E1.1037 
G92 E0.0000
; segment
G92 E0.0000
G1 F2400.000
G1 Z8.000
G1 X188.250 Y78.700
G1 X188.250 Y75.000 E0.1226 
G92 E0.0000
; segment
G92 E0.0000
G1 F2400.000
G1 Z8.000
G1 X188.250 Y75.000
G1 X188.250 Y66.250 E0.2900 
G1 X187.750 Y66.250 E0.3066 
G1 X187.750 Y75.000 E0.5966 
G92 E0.0000
; segment
G92 E0.0000
G1 F2400.000
G1 Z8.000
G1 X187.750 Y75.000
G1 X187.750 Y108.300 E1.1037 
G92 E0.0000
; segment
G92 E0.0000
G1 F2400.000
G1 Z8.000
G1 X187.750 Y108.300
G1 X187.750 Y112.000 E0.1226 
G92 E0.0000
; segment
G92 E0.0000
G1 F2400.000
G1 Z8.000
G1 X187.750 Y112.000
G1 X187.750 Y120.750 E0.2900 
G1 X187.250 Y120.750 E0.3066 
G1 X187.250 Y112.000 E0.5966 
G92 E0.0000
; segment
G92 E0.0000
G1 F2400.000
G1 Z8.000
G1 X187.250 Y112.000
G1 X187.250 Y78.700 E1.1037 
G92 E0.0000
; segment
G92 E0.0000
G1 F2400.000
G1 Z8.000
G1 X187.250 Y78.700
G1 X187.250 Y75.000 E0.1226 
G92 E0.0000
; segment
G92 E0.0000
G1 F2400.000
G1 Z8.000
G1 X187.250 Y75.000
G1 X187.250 Y66.250 E0.2900 
G1 X186.750 Y66.250 E0.3066 
G1 X186.750 Y75.000 E0.5966 
G92 E0.0000
; segment
G92 E0.0000
G1 F2400.000
G1 Z8.000
G1 X186.750 Y75.000
G1 X186.750 Y108.300 E1.1037 
G92 E0.0000
; segment
G92 E0.0000
G1 F2400.000
G1 Z8.000
G1 X186.750 Y108.300
G1 X186.750 Y112.000 E0.1226 
G92 E0.0000
; segment
G92 E0.0000
G1 F2400.000
G1 Z8.000
G1 X186.750 Y112.000
G1 X186.750 Y120.750 E0.2900 
G1 X186.250 Y120.750 E0.3066 
G1 X186.250 Y112.000 E0.5966 
G92 E0.0000
; segment
G92 E0.0000
G1 F2400.000
G1 Z8.000
G1 X186.250 Y112.000
G1 X186.250 Y78.700 E1.1037 
G92 E0.0000
; segment
G92 E0.0000
G1 F2400.000
G1 Z8.000
G1 X186.250 Y78.700
G1 X186.250 Y75.000 E0.1226 
G92 E0.0000
; segment
G92 E0.0000
G1 F2400.000
G1 Z8.000
G1 X186.250 Y75.000
G1 X186.250 Y66.250 E0.2900 
G1 X185.750 Y66.250 E0.3066 
G1 X185.750 Y75.000 E0.5966 
G92 E0.0000
; segment
G92 E0.0000
G1 F2400.000
G1 Z8.000
G1 X185.750 Y75.000
G1 X185.750 Y108.300 E1.1037 
G92 E0.0000
; segment
G92 E0.0000
G1 F2400.000
G1 Z8.000
G1 X185.750 Y108.300
G1 X185.750 Y112.000 E0.1226 
G92 E0.0000
; segment
G92 E0.0000
G1 F2400.000
G1 Z8.000
G1 X185.750 Y112.000
G1 X185.750 Y120.750 E0.2900 
G1 X185.250 Y120.750 E0.3066 
G1 X185.250 Y112.000 E0.5966 
G92 E0.0000
; segment
G92 E0.0000
G1 F2400.000
G1 Z8.000
G1 X185.250 Y112.000
G1 X185.250 Y78.700 E1.1037 
G92 E0.0000
; segment
G92 E0.0000
G1 F2400.000
G1 Z8.000
G1 X185.250 Y78.700
G1 X185.250 Y75.000 E0.1226 
G92 E0.0000
; segment
G92 E0.0000
G1 F2400.000
G1 Z8.000
G1 X185.250 Y75.000
G1 X185.250 Y66.250 E0.2900 
G1 X184.750 Y66.250 E0.3066 
G1 X184.750 Y75.000 E0.5966 
G92 E0.0000
; segment
G92 E0.0000
G1 F2400.000
G1 Z8.000
G1 X184.750 Y75.000
G1 X184.750 Y108.300 E1.1037 
G92 E0.0000
; segment
G92 E0.0000
G1 F2400.000
G1 Z8.000
G1 X184.750 Y108.300
G1 X184.750 Y112.000 E0.1226 
G92 E0.0000
; segment
G92 E0.0000
G1 F2400.000
G1 Z8.000
G1 X184.750 Y112.000
G1 X184.750 Y120.750 E0.2900 
G1 X184.250 Y120.750 E0.3066 
G1 X184.250 Y112.000 E0.5966 
G92 E0.0000
; segment
G92 E0.0000
G1 F2400.000
G1 Z8.000
G1 X184.250 Y112.000
G1 X184.250 Y78.700 E1.1037 
G92 E0.0000
; segment
G92 E0.0000
G1 F2400.000
G1 Z8.000
G1 X184.250 Y78.700
G1 X184.250 Y75.000 E0.1226 
G92 E0.0000
; segment
G92 E0.0000
G1 F2400.000
G1 Z8.000
G1 X184.250 Y75.000
G1 X184.250 Y66.250 E0.2900 
G1 X183.750 Y66.250 E0.3066 
G1 X183.750 Y75.000 E0.5966 
G92 E0.0000
; segment
G92 E0.0000
G1 F2400.000
G1 Z8.000
G1 X183.750 Y75.000
G1 X183.750 Y108.300 E1.1037 
G92 E0.0000
; segment
G92 E0.0000
G1 F2400.000
G1 Z8.000
G1 X183.750 Y108.300
G1 X183.750 Y112.000 E0.1226 
G92 E0.0000
; segment
G92 E0.0000
G1 F2400.000
G1 Z8.000
G1 X183.750 Y112.000
G1 X183.750 Y120.750 E0.2900 
G1 X183.250 Y120.750 E0.3066 
G1 X183.250 Y112.000 E0.5966 
G92 E0.0000
; segment
G92 E0.0000
G1 F2400.000
G1 Z8.000
G1 X183.250 Y112.000
G1 X183.250 Y78.700 E1.1037 
G92 E0.0000
; segment
G92 E0.0000
G1 F2400.000
G1 Z8.000
G1 X183.250 Y78.700
G1 X183.250 Y75.000 E0.1226 
G92 E0.0000
; segment
G92 E0.0000
G1 F2400.000
G1 Z8.000
G1 X183.250 Y75.000
G1 X183.250 Y66.250 E0.2900 
G1 X182.750 Y66.250 E0.3066 
G1 X182.750 Y75.000 E0.5966 
G92 E0.0000
; segment
G92 E0.0000
G1 F2400.000
G1 Z8.000
G1 X182.750 Y75.000
G1 X182.750 Y108.300 E1.1037 
G92 E0.0000
; segment
G92 E0.0000
G1 F2400.000
G1 Z8.000
G1 X182.750 Y108.300
G1 X182.750 Y112.000 E0.1226 
G92 E0.0000
; segment
G92 E0.0000
G1 F2400.000
G1 Z8.000
G1 X182.750 Y112.000
G1 X182.750 Y120.750 E0.2900 
G1 X182.250 Y120.750 E0.3066 
G1 X182.250 Y112.000 E0.5966 
G92 E0.0000
; segment
G92 E0.0000
G1 F2400.000
G1 Z8.000
G1 X182.250 Y112.000
G1 X182.250 Y78.700 E1.1037 
G92 E0.0000
; segment
G92 E0.0000
G1 F2400.000
G1 Z8.000
G1 X182.250 Y78.700
G1 X182.250 Y75.000 E0.1226 
G92 E0.0000
; segment
G92 E0.0000
G1 F2400.000
G1 Z8.000
G1 X182.250 Y75.000
G1 X182.250 Y66.250 E0.2900 
G1 X181.750 Y66.250 E0.3066 
G1 X181.750 Y75.000 E0.5966 
G92 E0.0000
; segment
G92 E0.0000
G1 F2400.000
G1 Z8.000
G1 X181.750 Y75.000
G1 X181.750 Y108.300 E1.1037 
G92 E0.0000
; segment
G92 E0.0000
G1 F2400.000
G1 Z8.000
G1 X181.750 Y108.300
G1 X181.750 Y112.000 E0.1226 
G92 E0.0000
; segment
G92 E0.0000
G1 F2400.000
G1 Z8.000
G1 X181.750 Y112.000
G1 X181.750 Y120.750 E0.2900 
G1 X181.250 Y120.750 E0.3066 
G1 X181.250 Y112.000 E0.5966 
G92 E0.0000
; segment
G92 E0.0000
G1 F2400.000
G1 Z8.000
G1 X181.250 Y112.000
G1 X181.250 Y78.700 E1.1037 
G92 E0.0000
; segment
G92 E0.0000
G1 F2400.000
G1 Z8.000
G1 X181.250 Y78.700
G1 X181.250 Y75.000 E0.1226 
G92 E0.0000
; segment
G92 E0.0000
G1 F2400.000
G1 Z8.000
G1 X181.250 Y75.000
G1 X181.250 Y66.250 E0.2900 
G1 X180.750 Y66.250 E0.3066 
G1 X180.750 Y75.000 E0.5966 
G92 E0.0000
; segment
G92 E0.0000
G1 F2400.000
G1 Z8.000
G1 X180.750 Y75.000
G1 X180.750 Y108.300 E1.1037 
G92 E0.0000
; segment
G92 E0.0000
G1 F2400.000
G1 Z8.000
G1 X180.750 Y108.300
G1 X180.750 Y112.000 E0.1226 
G92 E0.0000
; segment
G92 E0.0000
G1 F2400.000
G1 Z8.000
G1 X180.750 Y112.000
G1 X180.750 Y120.750 E0.2900 
G1 X180.250 Y120.750 E0.3066 
G1 X180.250 Y112.000 E0.5966 
G92 E0.0000
; segment
G92 E0.0000
G1 F2400.000
G1 Z8.000
G1 X180.250 Y112.000
G1 X180.250 Y78.700 E1.1037 
G92 E0.0000
; segment
G92 E0.0000
G1 F2400.000
G1 Z8.000
G1 X180.250 Y78.700
G1 X180.250 Y75.000 E0.1226 
G92 E0.0000
; segment
G92 E0.0000
G1 F2400.000
G1 Z8.000
G1 X180.250 Y75.000
G1 X180.250 Y66.250 E0.2900 
G1 X179.750 Y66.250 E0.3066 
G1 X179.750 Y75.000 E0.5966 
G92 E0.0000
; segment
G92 E0.0000
G1 F2400.000
G1 Z8.000
G1 X179.750 Y75.000
G1 X179.750 Y108.300 E1.1037 
G92 E0.0000
; segment
G92 E0.0000
G1 F2400.000
G1 Z8.000
G1 X179.750 Y108.300
G1 X179.750 Y112.000 E0.1226 
G92 E0.0000
; segment
G92 E0.0000
G1 F2400.000
G1 Z8.000
G1 X179.750 Y112.000
G1 X179.750 Y120.750 E0.2900 
G1 X179.250 Y120.750 E0.3066 
G1 X179.250 Y112.000 E0.5966 
G92 E0.0000
; segment
G92 E0.0000
G1 F2400.000
G1 Z8.000
G1 X179.250 Y112.000
G1 X179.250 Y78.700 E1.1037 
G92 E0.0000
; segment
G92 E0.0000
G1 F2400.000
G1 Z8.000
G1 X179.250 Y78.700
G1 X179.250 Y75.000 E0.1226 
G92 E0.0000
; segment
G92 E0.0000
G1 F2400.000
G1 Z8.000
G1 X179.250 Y75.000
G1 X179.250 Y66.250 E0.2900 
G1 X178.750 Y66.250 E0.3066 
G1 X178.750 Y75.000 E0.5966 
G92 E0.0000
; segment
G92 E0.0000
G1 F2400.000
G1 Z8.000
G1 X178.750 Y75.000
G1 X178.750 Y108.300 E1.1037 
G92 E0.0000
; segment
G92 E0.0000
G1 F2400.000
G1 Z8.000
G1 X178.750 Y108.300
G1 X178.750 Y112.000 E0.1226 
G92 E0.0000
; segment
G92 E0.0000
G1 F2400.000
G1 Z8.000
G1 X178.750 Y112.000
G1 X178.750 Y120.750 E0.2900 
G1 X178.250 Y120.750 E0.3066 
G1 X178.250 Y112.000 E0.5966 
G92 E0.0000
; segment
G92 E0.0000
G1 F2400.000
G1 Z8.000
G1 X178.250 Y112.000
G1 X178.250 Y78.700 E1.1037 
G92 E0.0000
; segment
G92 E0.0000
G1 F2400.000
G1 Z8.000
G1 X178.250 Y78.700
G1 X178.250 Y75.000 E0.1226 
G92 E0.0000
; segment
G92 E0.0000
G1 F2400.000
G1 Z8.000
G1 X178.250 Y75.000
G1 X178.250 Y66.250 E0.2900 
G1 X177.750 Y66.250 E0.3066 
G1 X177.750 Y75.000 E0.5966 
G92 E0.0000
; segment
G92 E0.0000
G1 F2400.000
G1 Z8.000
G1 X177.750 Y75.000
G1 X177.750 Y108.300 E1.1037 
G92 E0.0000
; segment
G92 E0.0000
G1 F2400.000
G1 Z8.000
G1 X177.750 Y108.300
G1 X177.750 Y112.000 E0.1226 
G92 E0.0000
; segment
G92 E0.0000
G1 F2400.000
G1 Z8.000
G1 X177.750 Y112.000
G1 X177.750 Y120.750 E0.2900 
G1 X177.250 Y120.750 E0.3066 
G1 X177.250 Y112.000 E0.5966 
G92 E0.0000
; segment
G92 E0.0000
G1 F2400.000
G1 Z8.000
G1 X177.250 Y112.000
G1 X177.250 Y78.700 E1.1037 
G92 E0.0000
; segment
G92 E0.0000
G1 F2400.000
G1 Z8.000
G1 X177.250 Y78.700
G1 X177.250 Y75.000 E0.1226 
G92 E0.0000
; segment
G92 E0.0000
G1 F2400.000
G1 Z8.000
G1 X177.250 Y75.000
G1 X177.250 Y66.250 E0.2900 
G1 X176.750 Y66.250 E0.3066 
G1 X176.750 Y75.000 E0.5966 
G92 E0.0000
; segment
G92 E0.0000
G1 F2400.000
G1 Z8.000
G1 X176.750 Y75.000
G1 X176.750 Y108.300 E1.1037 
G92 E0.0000
; segment
G92 E0.0000
G1 F2400.000
G1 Z8.000
G1 X176.750 Y108.300
G1 X176.750 Y112.000 E0.1226 
G92 E0.0000
; segment
G92 E0.0000
G1 F2400.000
G1 Z8.000
G1 X176.750 Y112.000
G1 X176.750 Y120.750 E0.2900 
G1 X176.250 Y120.750 E0.3066 
G1 X176.250 Y112.000 E0.5966 
G92 E0.0000
; segment
G92 E0.0000
G1 F2400.000
G1 Z8.000
G1 X176.250 Y112.000
G1 X176.250 Y78.700 E1.1037 
G92 E0.0000
; segment
G92 E0.0000
G1 F2400.000
G1 Z8.000
G1 X176.250 Y78.700
G1 X176.250 Y75.000 E0.1226 
G92 E0.0000
; segment
G92 E0.0000
G1 F2400.000
G1 Z8.000
G1 X176.250 Y75.000
G1 X176.250 Y66.250 E0.2900 
G1 X175.750 Y66.250 E0.3066 
G1 X175.750 Y75.000 E0.5966 
G92 E0.0000
; segment
G92 E0.0000
G1 F2400.000
G1 Z8.000
G1 X175.750 Y75.000
G1 X175.750 Y108.300 E1.1037 
G92 E0.0000
; segment
G92 E0.0000
G1 F2400.000
G1 Z8.000
G1 X175.750 Y108.300
G1 X175.750 Y112.000 E0.1226 
G92 E0.0000
; segment
G92 E0.0000
G1 F2400.000
G1 Z8.000
G1 X175.750 Y112.000
G1 X175.750 Y120.750 E0.2900 
G1 X175.250 Y120.750 E0.3066 
G1 X175.250 Y112.000 E0.5966 
G92 E0.0000
; segment
G92 E0.0000
G1 F2400.000
G1 Z8.000
G1 X175.250 Y112.000
G1 X175.250 Y78.700 E1.1037 
G92 E0.0000
; segment
G92 E0.0000
G1 F2400.000
G1 Z8.000
G1 X175.250 Y78.700
G1 X175.250 Y75.000 E0.1226 
G92 E0.0000
; segment
G92 E0.0000
G1 F2400.000
G1 Z8.000
G1 X175.250 Y75.000
G1 X175.250 Y66.250 E0.2900 
G1 X174.750 Y66.250 E0.3066 
G1 X174.750 Y75.000 E0.5966 
G92 E0.0000
; segment
G92 E0.0000
G1 F2400.000
G1 Z8.000
G1 X174.750 Y75.000
G1 X174.750 Y108.300 E1.1037 
G92 E0.0000
; segment
G92 E0.0000
G1 F2400.000
G1 Z8.000
G1 X174.750 Y108.300
G1 X174.750 Y112.000 E0.1226 
G92 E0.0000
; segment
G92 E0.0000
G1 F2400.000
G1 Z8.000
G1 X174.750 Y112.000
G1 X174.750 Y120.750 E0.2900 
G1 X174.250 Y120.750 E0.3066 
G1 X174.250 Y112.000 E0.5966 
G92 E0.0000
; segment
G92 E0.0000
G1 F2400.000
G1 Z8.000
G1 X174.250 Y112.000
G1 X174.250 Y78.700 E1.1037 
G92 E0.0000
; segment
G92 E0.0000
G1 F2400.000
G1 Z8.000
G1 X174.250 Y78.700
G1 X174.250 Y75.000 E0.1226 
G92 E0.0000
; segment
G92 E0.0000
G1 F2400.000
G1 Z8.000
G1 X174.250 Y75.000
G1 X174.250 Y66.250 E0.2900 
G1 X173.750 Y66.250 E0.3066 
G1 X173.750 Y75.000 E0.5966 
G92 E0.0000
; segment
G92 E0.0000
G1 F2400.000
G1 Z8.000
G1 X173.750 Y75.000
G1 X173.750 Y108.300 E1.1037 
G92 E0.0000
; segment
G92 E0.0000
G1 F2400.000
G1 Z8.000
G1 X173.750 Y108.300
G1 X173.750 Y112.000 E0.1226 
G92 E0.0000
; segment
G92 E0.0000
G1 F2400.000
G1 Z8.000
G1 X173.750 Y112.000
G1 X173.750 Y120.750 E0.2900 
G1 X173.250 Y120.750 E0.3066 
G1 X173.250 Y112.000 E0.5966 
G92 E0.0000
; segment
G92 E0.0000
G1 F2400.000
G1 Z8.000
G1 X173.250 Y112.000
G1 X173.250 Y78.700 E1.1037 
G92 E0.0000
; segment
G92 E0.0000
G1 F2400.000
G1 Z8.000
G1 X173.250 Y78.700
G1 X173.250 Y75.000 E0.1226 
G92 E0.0000
; segment
G92 E0.0000
G1 F2400.000
G1 Z8.000
G1 X173.250 Y75.000
G1 X173.250 Y66.250 E0.2900 
G1 X172.750 Y66.250 E0.3066 
G1 X172.750 Y75.000 E0.5966 
G92 E0.0000
; segment
G92 E0.0000
G1 F2400.000
G1 Z8.000
G1 X172.750 Y75.000
G1 X172.750 Y108.300 E1.1037 
G92 E0.0000
; segment
G92 E0.0000
G1 F2400.000
G1 Z8.000
G1 X172.750 Y108.300
G1 X172.750 Y112.000 E0.1226 
G92 E0.0000
; segment
G92 E0.0000
G1 F2400.000
G1 Z8.000
G1 X172.750 Y112.000
G1 X172.750 Y120.750 E0.2900 
G1 X172.250 Y120.750 E0.3066 
G1 X172.250 Y112.000 E0.5966 
G92 E0.0000
; segment
G92 E0.0000
G1 F2400.000
G1 Z8.000
G1 X172.250 Y112.000
G1 X172.250 Y78.700 E1.1037 
G92 E0.0000
; segment
G92 E0.0000
G1 F2400.000
G1 Z8.000
G1 X172.250 Y78.700
G1 X172.250 Y75.000 E0.1226 
G92 E0.0000
; segment
G92 E0.0000
G1 F2400.000
G1 Z8.000
G1 X172.250 Y75.000
G1 X172.250 Y66.250 E0.2900 
G1 X171.750 Y66.250 E0.3066 
G1 X171.750 Y75.000 E0.5966 
G92 E0.0000
; segment
G92 E0.0000
G1 F2400.000
G1 Z8.000
G1 X171.750 Y75.000
G1 X171.750 Y108.300 E1.1037 
G92 E0.0000
; segment
G92 E0.0000
G1 F2400.000
G1 Z8.000
G1 X171.750 Y108.300
G1 X171.750 Y112.000 E0.1226 
G92 E0.0000
; segment
G92 E0.0000
G1 F2400.000
G1 Z8.000
G1 X171.750 Y112.000
G1 X171.750 Y120.750 E0.2900 
G1 X171.250 Y120.750 E0.3066 
G1 X171.250 Y112.000 E0.5966 
G92 E0.0000
; segment
G92 E0.0000
G1 F2400.000
G1 Z8.000
G1 X171.250 Y112.000
G1 X171.250 Y78.700 E1.1037 
G92 E0.0000
; segment
G92 E0.0000
G1 F2400.000
G1 Z8.000
G1 X171.250 Y78.700
G1 X171.250 Y75.000 E0.1226 
G92 E0.0000
; segment
G92 E0.0000
G1 F2400.000
G1 Z8.000
G1 X171.250 Y75.000
G1 X171.250 Y66.250 E0.2900 
G92 E0.0000
; jumping
G92 E3.0000
G1 E0 F2400
G1 X170.250 Y65.250 F12000.000
G1 E3 F2400
G92 E0.0000
; segment
G92 E0.0000
G1 F2400.000
G1 Z8.200
G1 X170.250 Y65.250
G1 X170.250 Y75.000 E0.3232 
G92 E0.0000
; segment
G92 E0.0000
G1 F2400.000
G1 Z8.200
G1 X170.250 Y75.000
G1 X170.250 Y108.300 E1.1037 
G92 E0.0000
; segment
G92 E0.0000
G1 F2400.000
G1 Z8.200
G1 X170.250 Y108.300
G1 X170.250 Y112.000 E0.1226 
G92 E0.0000
; segment
G92 E0.0000
G1 F2400.000
G1 Z8.200
G1 X170.250 Y112.000
G1 X170.250 Y121.750 E0.3232 
G1 X189.750 Y121.750 E0.9695 
G1 X189.750 Y112.000 E1.2927 
G92 E0.0000
; segment
G92 E0.0000
G1 F2400.000
G1 Z8.200
G1 X189.750 Y112.000
G1 X189.750 Y78.700 E1.1037 
G92 E0.0000
; segment
G92 E0.0000
G1 F2400.000
G1 Z8.200
G1 X189.750 Y78.700
G1 X189.750 Y75.000 E0.1226 
G92 E0.0000
; segment
G92 E0.0000
G1 F2400.000
G1 Z8.200
G1 X189.750 Y75.000
G1 X189.750 Y65.250 E0.3232 
G1 X170.250 Y65.250 E0.9695 
G92 E0.0000
; segment
G92 E0.0000
G1 F2400.000
G1 Z8.200
G1 X170.750 Y65.750
G1 X170.750 Y75.000 E0.3066 
G92 E0.0000
; segment
G92 E0.0000
G1 F2400.000
G1 Z8.200
G1 X170.750 Y75.000
G1 X170.750 Y108.300 E1.1037 
G92 E0.0000
; segment
G92 E0.0000
G1 F2400.000
G1 Z8.200
G1 X170.750 Y108.300
G1 X170.750 Y112.000 E0.1226 
G92 E0.0000
; segment
G92 E0.0000
G1 F2400.000
G1 Z8.200
G1 X170.750 Y112.000
G1 X170.750 Y121.250 E0.3066 
G1 X189.250 Y121.250 E0.9198 
G1 X189.250 Y112.000 E1.2264 
G92 E0.0000
; segment
G92 E0.0000
G1 F2400.000
G1 Z8.200
G1 X189.250 Y112.000
G1 X189.250 Y78.700 E1.1037 
G92 E0.0000
; segment
G92 E0.0000
G1 F2400.000
G1 Z8.200
G1 X189.250 Y78.700
G1 X189.250 Y75.000 E0.1226 
G92 E0.0000
; segment
G92 E0.0000
G1 F2400.000
G1 Z8.200
G1 X189.250 Y75.000
G1 X189.250 Y65.750 E0.3066 
G1 X170.750 Y65.750 E0.9198 
G92 E0.0000
; segment
G92 E0.0000
G1 F2400.000
G1 Z8.200
G1 X171.250 Y66.250
G1 X171.250 Y75.000 E0.2900 
G92 E0.0000
; segment
G92 E0.0000
G1 F2400.000
G1 Z8.200
G1 X171.250 Y75.000
G1 X171.250 Y108.300 E1.1037 
G92 E0.0000
; segment
G92 E0.0000
G1 F2400.000
G1 Z8.200
G1 X171.250 Y108.300
G1 X171.250 Y112.000 E0.1226 
G92 E0.0000
; segment
G92 E0.0000
G1 F2400.000
G1 Z8.200
G1 X171.250 Y112.000
G1 X171.250 Y120.750 E0.2900 
G1 X171.750 Y120.750 E0.3066 
G1 X171.750 Y112.000 E0.5966 
G92 E0.0000
; segment
G92 E0.0000
G1 F2400.000
G1 Z8.200
G1 X171.750 Y112.000
G1 X171.750 Y78.700 E1.1037 
G92 E0.0000
; segment
G92 E0.0000
G1 F2400.000
G1 Z8.200
G1 X171.750 Y78.700
G1 X171.750 Y75.000 E0.1226 
G92 E0.0000
; segment
G92 E0.0000
G1 F2400.000
G1 Z8.200
G1 X171.750 Y75.000
G1 X171.750 Y66.250 E0.2900 
G1 X172.250 Y66.250 E0.3066 
G1 X172.250 Y75.000 E0.5966 
G92 E0.0000
; segment
G92 E0.0000
G1 F2400.000
G1 Z8.200
G1 X172.250 Y75.000
G1 X172.250 Y108.300 E1.1037 
G92 E0.0000
; segment
G92 E0.0000
G1 F2400.000
G1 Z8.200
G1 X172.250 Y108.300
G1 X172.250 Y112.000 E0.1226 
G92 E0.0000
; segment
G92 E0.0000
G1 F2400.000
G1 Z8.200
G1 X172.250 Y112.000
G1 X172.250 Y120.750 E0.2900 
G1 X172.750 Y120.750 E0.3066 
G1 X172.750 Y112.000 E0.5966 
G92 E0.0000
; segment
G92 E0.0000
G1 F2400.000
G1 Z8.200
G1 X172.750 Y112.000
G1 X172.750 Y78.700 E1.1037 
G92 E0.0000
; segment
G92 E0.0000
G1 F2400.000
G1 Z8.200
G1 X172.750 Y78.700
G1 X172.750 Y75.000 E0.1226 
G92 E0.0000
; segment
G92 E0.0000
G1 F2400.000
G1 Z8.200
G1 X172.750 Y75.000
G1 X172.750 Y66.250 E0.2900 
G1 X173.250 Y66.250 E0.3066 
G1 X173.250 Y75.000 E0.5966 
G92 E0.0000
; segment
G92 E0.0000
G1 F2400.000
G1 Z8.200
G1 X173.250 Y75.000
G1 X173.250 Y108.300 E1.1037 
G92 E0.0000
; segment
G92 E0.0000
G1 F2400.000
G1 Z8.200
G1 X173.250 Y108.300
G1 X173.250 Y112.000 E0.1226 
G92 E0.0000
; segment
G92 E0.0000
G1 F2400.000
G1 Z8.200
G1 X173.250 Y112.000
G1 X173.250 Y120.750 E0.2900 
G1 X173.750 Y120.750 E0.3066 
G1 X173.750 Y112.000 E0.5966 
G92 E0.0000
; segment
G92 E0.0000
G1 F2400.000
G1 Z8.200
G1 X173.750 Y112.000
G1 X173.750 Y78.700 E1.1037 
G92 E0.0000
; segment
G92 E0.0000
G1 F2400.000
G1 Z8.200
G1 X173.750 Y78.700
G1 X173.750 Y75.000 E0.1226 
G92 E0.0000
; segment
G92 E0.0000
G1 F2400.000
G1 Z8.200
G1 X173.750 Y75.000
G1 X173.750 Y66.250 E0.2900 
G1 X174.250 Y66.250 E0.3066 
G1 X174.250 Y75.000 E0.5966 
G92 E0.0000
; segment
G92 E0.0000
G1 F2400.000
G1 Z8.200
G1 X174.250 Y75.000
G1 X174.250 Y108.300 E1.1037 
G92 E0.0000
; segment
G92 E0.0000
G1 F2400.000
G1 Z8.200
G1 X174.250 Y108.300
G1 X174.250 Y112.000 E0.1226 
G92 E0.0000
; segment
G92 E0.0000
G1 F2400.000
G1 Z8.200
G1 X174.250 Y112.000
G1 X174.250 Y120.750 E0.2900 
G1 X174.750 Y120.750 E0.3066 
G1 X174.750 Y112.000 E0.5966 
G92 E0.0000
; segment
G92 E0.0000
G1 F2400.000
G1 Z8.200
G1 X174.750 Y112.000
G1 X174.750 Y78.700 E1.1037 
G92 E0.0000
; segment
G92 E0.0000
G1 F2400.000
G1 Z8.200
G1 X174.750 Y78.700
G1 X174.750 Y75.000 E0.1226 
G92 E0.0000
; segment
G92 E0.0000
G1 F2400.000
G1 Z8.200
G1 X174.750 Y75.000
G1 X174.750 Y66.250 E0.2900 
G1 X175.250 Y66.250 E0.3066 
G1 X175.250 Y75.000 E0.5966 
G92 E0.0000
; segment
G92 E0.0000
G1 F2400.000
G1 Z8.200
G1 X175.250 Y75.000
G1 X175.250 Y108.300 E1.1037 
G92 E0.0000
; segment
G92 E0.0000
G1 F2400.000
G1 Z8.200
G1 X175.250 Y108.300
G1 X175.250 Y112.000 E0.1226 
G92 E0.0000
; segment
G92 E0.0000
G1 F2400.000
G1 Z8.200
G1 X175.250 Y112.000
G1 X175.250 Y120.750 E0.2900 
G1 X175.750 Y120.750 E0.3066 
G1 X175.750 Y112.000 E0.5966 
G92 E0.0000
; segment
G92 E0.0000
G1 F2400.000
G1 Z8.200
G1 X175.750 Y112.000
G1 X175.750 Y78.700 E1.1037 
G92 E0.0000
; segment
G92 E0.0000
G1 F2400.000
G1 Z8.200
G1 X175.750 Y78.700
G1 X175.750 Y75.000 E0.1226 
G92 E0.0000
; segment
G92 E0.0000
G1 F2400.000
G1 Z8.200
G1 X175.750 Y75.000
G1 X175.750 Y66.250 E0.2900 
G1 X176.250 Y66.250 E0.3066 
G1 X176.250 Y75.000 E0.5966 
G92 E0.0000
; segment
G92 E0.0000
G1 F2400.000
G1 Z8.200
G1 X176.250 Y75.000
G1 X176.250 Y108.300 E1.1037 
G92 E0.0000
; segment
G92 E0.0000
G1 F2400.000
G1 Z8.200
G1 X176.250 Y108.300
G1 X176.250 Y112.000 E0.1226 
G92 E0.0000
; segment
G92 E0.0000
G1 F2400.000
G1 Z8.200
G1 X176.250 Y112.000
G1 X176.250 Y120.750 E0.2900 
G1 X176.750 Y120.750 E0.3066 
G1 X176.750 Y112.000 E0.5966 
G92 E0.0000
; segment
G92 E0.0000
G1 F2400.000
G1 Z8.200
G1 X176.750 Y112.000
G1 X176.750 Y78.700 E1.1037 
G92 E0.0000
; segment
G92 E0.0000
G1 F2400.000
G1 Z8.200
G1 X176.750 Y78.700
G1 X176.750 Y75.000 E0.1226 
G92 E0.0000
; segment
G92 E0.0000
G1 F2400.000
G1 Z8.200
G1 X176.750 Y75.000
G1 X176.750 Y66.250 E0.2900 
G1 X177.250 Y66.250 E0.3066 
G1 X177.250 Y75.000 E0.5966 
G92 E0.0000
; segment
G92 E0.0000
G1 F2400.000
G1 Z8.200
G1 X177.250 Y75.000
G1 X177.250 Y108.300 E1.1037 
G92 E0.0000
; segment
G92 E0.0000
G1 F2400.000
G1 Z8.200
G1 X177.250 Y108.300
G1 X177.250 Y112.000 E0.1226 
G92 E0.0000
; segment
G92 E0.0000
G1 F2400.000
G1 Z8.200
G1 X177.250 Y112.000
G1 X177.250 Y120.750 E0.2900 
G1 X177.750 Y120.750 E0.3066 
G1 X177.750 Y112.000 E0.5966 
G92 E0.0000
; segment
G92 E0.0000
G1 F2400.000
G1 Z8.200
G1 X177.750 Y112.000
G1 X177.750 Y78.700 E1.1037 
G92 E0.0000
; segment
G92 E0.0000
G1 F2400.000
G1 Z8.200
G1 X177.750 Y78.700
G1 X177.750 Y75.000 E0.1226 
G92 E0.0000
; segment
G92 E0.0000
G1 F2400.000
G1 Z8.200
G1 X177.750 Y75.000
G1 X177.750 Y66.250 E0.2900 
G1 X178.250 Y66.250 E0.3066 
G1 X178.250 Y75.000 E0.5966 
G92 E0.0000
; segment
G92 E0.0000
G1 F2400.000
G1 Z8.200
G1 X178.250 Y75.000
G1 X178.250 Y108.300 E1.1037 
G92 E0.0000
; segment
G92 E0.0000
G1 F2400.000
G1 Z8.200
G1 X178.250 Y108.300
G1 X178.250 Y112.000 E0.1226 
G92 E0.0000
; segment
G92 E0.0000
G1 F2400.000
G1 Z8.200
G1 X178.250 Y112.000
G1 X178.250 Y120.750 E0.2900 
G1 X178.750 Y120.750 E0.3066 
G1 X178.750 Y112.000 E0.5966 
G92 E0.0000
; segment
G92 E0.0000
G1 F2400.000
G1 Z8.200
G1 X178.750 Y112.000
G1 X178.750 Y78.700 E1.1037 
G92 E0.0000
; segment
G92 E0.0000
G1 F2400.000
G1 Z8.200
G1 X178.750 Y78.700
G1 X178.750 Y75.000 E0.1226 
G92 E0.0000
; segment
G92 E0.0000
G1 F2400.000
G1 Z8.200
G1 X178.750 Y75.000
G1 X178.750 Y66.250 E0.2900 
G1 X179.250 Y66.250 E0.3066 
G1 X179.250 Y75.000 E0.5966 
G92 E0.0000
; segment
G92 E0.0000
G1 F2400.000
G1 Z8.200
G1 X179.250 Y75.000
G1 X179.250 Y108.300 E1.1037 
G92 E0.0000
; segment
G92 E0.0000
G1 F2400.000
G1 Z8.200
G1 X179.250 Y108.300
G1 X179.250 Y112.000 E0.1226 
G92 E0.0000
; segment
G92 E0.0000
G1 F2400.000
G1 Z8.200
G1 X179.250 Y112.000
G1 X179.250 Y120.750 E0.2900 
G1 X179.750 Y120.750 E0.3066 
G1 X179.750 Y112.000 E0.5966 
G92 E0.0000
; segment
G92 E0.0000
G1 F2400.000
G1 Z8.200
G1 X179.750 Y112.000
G1 X179.750 Y78.700 E1.1037 
G92 E0.0000
; segment
G92 E0.0000
G1 F2400.000
G1 Z8.200
G1 X179.750 Y78.700
G1 X179.750 Y75.000 E0.1226 
G92 E0.0000
; segment
G92 E0.0000
G1 F2400.000
G1 Z8.200
G1 X179.750 Y75.000
G1 X179.750 Y66.250 E0.2900 
G1 X180.250 Y66.250 E0.3066 
G1 X180.250 Y75.000 E0.5966 
G92 E0.0000
; segment
G92 E0.0000
G1 F2400.000
G1 Z8.200
G1 X180.250 Y75.000
G1 X180.250 Y108.300 E1.1037 
G92 E0.0000
; segment
G92 E0.0000
G1 F2400.000
G1 Z8.200
G1 X180.250 Y108.300
G1 X180.250 Y112.000 E0.1226 
G92 E0.0000
; segment
G92 E0.0000
G1 F2400.000
G1 Z8.200
G1 X180.250 Y112.000
G1 X180.250 Y120.750 E0.2900 
G1 X180.750 Y120.750 E0.3066 
G1 X180.750 Y112.000 E0.5966 
G92 E0.0000
; segment
G92 E0.0000
G1 F2400.000
G1 Z8.200
G1 X180.750 Y112.000
G1 X180.750 Y78.700 E1.1037 
G92 E0.0000
; segment
G92 E0.0000
G1 F2400.000
G1 Z8.200
G1 X180.750 Y78.700
G1 X180.750 Y75.000 E0.1226 
G92 E0.0000
; segment
G92 E0.0000
G1 F2400.000
G1 Z8.200
G1 X180.750 Y75.000
G1 X180.750 Y66.250 E0.2900 
G1 X181.250 Y66.250 E0.3066 
G1 X181.250 Y75.000 E0.5966 
G92 E0.0000
; segment
G92 E0.0000
G1 F2400.000
G1 Z8.200
G1 X181.250 Y75.000
G1 X181.250 Y108.300 E1.1037 
G92 E0.0000
; segment
G92 E0.0000
G1 F2400.000
G1 Z8.200
G1 X181.250 Y108.300
G1 X181.250 Y112.000 E0.1226 
G92 E0.0000
; segment
G92 E0.0000
G1 F2400.000
G1 Z8.200
G1 X181.250 Y112.000
G1 X181.250 Y120.750 E0.2900 
G1 X181.750 Y120.750 E0.3066 
G1 X181.750 Y112.000 E0.5966 
G92 E0.0000
; segment
G92 E0.0000
G1 F2400.000
G1 Z8.200
G1 X181.750 Y112.000
G1 X181.750 Y78.700 E1.1037 
G92 E0.0000
; segment
G92 E0.0000
G1 F2400.000
G1 Z8.200
G1 X181.750 Y78.700
G1 X181.750 Y75.000 E0.1226 
G92 E0.0000
; segment
G92 E0.0000
G1 F2400.000
G1 Z8.200
G1 X181.750 Y75.000
G1 X181.750 Y66.250 E0.2900 
G1 X182.250 Y66.250 E0.3066 
G1 X182.250 Y75.000 E0.5966 
G92 E0.0000
; segment
G92 E0.0000
G1 F2400.000
G1 Z8.200
G1 X182.250 Y75.000
G1 X182.250 Y108.300 E1.1037 
G92 E0.0000
; segment
G92 E0.0000
G1 F2400.000
G1 Z8.200
G1 X182.250 Y108.300
G1 X182.250 Y112.000 E0.1226 
G92 E0.0000
; segment
G92 E0.0000
G1 F2400.000
G1 Z8.200
G1 X182.250 Y112.000
G1 X182.250 Y120.750 E0.2900 
G1 X182.750 Y120.750 E0.3066 
G1 X182.750 Y112.000 E0.5966 
G92 E0.0000
; segment
G92 E0.0000
G1 F2400.000
G1 Z8.200
G1 X182.750 Y112.000
G1 X182.750 Y78.700 E1.1037 
G92 E0.0000
; segment
G92 E0.0000
G1 F2400.000
G1 Z8.200
G1 X182.750 Y78.700
G1 X182.750 Y75.000 E0.1226 
G92 E0.0000
; segment
G92 E0.0000
G1 F2400.000
G1 Z8.200
G1 X182.750 Y75.000
G1 X182.750 Y66.250 E0.2900 
G1 X183.250 Y66.250 E0.3066 
G1 X183.250 Y75.000 E0.5966 
G92 E0.0000
; segment
G92 E0.0000
G1 F2400.000
G1 Z8.200
G1 X183.250 Y75.000
G1 X183.250 Y108.300 E1.1037 
G92 E0.0000
; segment
G92 E0.0000
G1 F2400.000
G1 Z8.200
G1 X183.250 Y108.300
G1 X183.250 Y112.000 E0.1226 
G92 E0.0000
; segment
G92 E0.0000
G1 F2400.000
G1 Z8.200
G1 X183.250 Y112.000
G1 X183.250 Y120.750 E0.2900 
G1 X183.750 Y120.750 E0.3066 
G1 X183.750 Y112.000 E0.5966 
G92 E0.0000
; segment
G92 E0.0000
G1 F2400.000
G1 Z8.200
G1 X183.750 Y112.000
G1 X183.750 Y78.700 E1.1037 
G92 E0.0000
; segment
G92 E0.0000
G1 F2400.000
G1 Z8.200
G1 X183.750 Y78.700
G1 X183.750 Y75.000 E0.1226 
G92 E0.0000
; segment
G92 E0.0000
G1 F2400.000
G1 Z8.200
G1 X183.750 Y75.000
G1 X183.750 Y66.250 E0.2900 
G1 X184.250 Y66.250 E0.3066 
G1 X184.250 Y75.000 E0.5966 
G92 E0.0000
; segment
G92 E0.0000
G1 F2400.000
G1 Z8.200
G1 X184.250 Y75.000
G1 X184.250 Y108.300 E1.1037 
G92 E0.0000
; segment
G92 E0.0000
G1 F2400.000
G1 Z8.200
G1 X184.250 Y108.300
G1 X184.250 Y112.000 E0.1226 
G92 E0.0000
; segment
G92 E0.0000
G1 F2400.000
G1 Z8.200
G1 X184.250 Y112.000
G1 X184.250 Y120.750 E0.2900 
G1 X184.750 Y120.750 E0.3066 
G1 X184.750 Y112.000 E0.5966 
G92 E0.0000
; segment
G92 E0.0000
G1 F2400.000
G1 Z8.200
G1 X184.750 Y112.000
G1 X184.750 Y78.700 E1.1037 
G92 E0.0000
; segment
G92 E0.0000
G1 F2400.000
G1 Z8.200
G1 X184.750 Y78.700
G1 X184.750 Y75.000 E0.1226 
G92 E0.0000
; segment
G92 E0.0000
G1 F2400.000
G1 Z8.200
G1 X184.750 Y75.000
G1 X184.750 Y66.250 E0.2900 
G1 X185.250 Y66.250 E0.3066 
G1 X185.250 Y75.000 E0.5966 
G92 E0.0000
; segment
G92 E0.0000
G1 F2400.000
G1 Z8.200
G1 X185.250 Y75.000
G1 X185.250 Y108.300 E1.1037 
G92 E0.0000
; segment
G92 E0.0000
G1 F2400.000
G1 Z8.200
G1 X185.250 Y108.300
G1 X185.250 Y112.000 E0.1226 
G92 E0.0000
; segment
G92 E0.0000
G1 F2400.000
G1 Z8.200
G1 X185.250 Y112.000
G1 X185.250 Y120.750 E0.2900 
G1 X185.750 Y120.750 E0.3066 
G1 X185.750 Y112.000 E0.5966 
G92 E0.0000
; segment
G92 E0.0000
G1 F2400.000
G1 Z8.200
G1 X185.750 Y112.000
G1 X185.750 Y78.700 E1.1037 
G92 E0.0000
; segment
G92 E0.0000
G1 F2400.000
G1 Z8.200
G1 X185.750 Y78.700
G1 X185.750 Y75.000 E0.1226 
G92 E0.0000
; segment
G92 E0.0000
G1 F2400.000
G1 Z8.200
G1 X185.750 Y75.000
G1 X185.750 Y66.250 E0.2900 
G1 X186.250 Y66.250 E0.3066 
G1 X186.250 Y75.000 E0.5966 
G92 E0.0000
; segment
G92 E0.0000
G1 F2400.000
G1 Z8.200
G1 X186.250 Y75.000
G1 X186.250 Y108.300 E1.1037 
G92 E0.0000
; segment
G92 E0.0000
G1 F2400.000
G1 Z8.200
G1 X186.250 Y108.300
G1 X186.250 Y112.000 E0.1226 
G92 E0.0000
; segment
G92 E0.0000
G1 F2400.000
G1 Z8.200
G1 X186.250 Y112.000
G1 X186.250 Y120.750 E0.2900 
G1 X186.750 Y120.750 E0.3066 
G1 X186.750 Y112.000 E0.5966 
G92 E0.0000
; segment
G92 E0.0000
G1 F2400.000
G1 Z8.200
G1 X186.750 Y112.000
G1 X186.750 Y78.700 E1.1037 
G92 E0.0000
; segment
G92 E0.0000
G1 F2400.000
G1 Z8.200
G1 X186.750 Y78.700
G1 X186.750 Y75.000 E0.1226 
G92 E0.0000
; segment
G92 E0.0000
G1 F2400.000
G1 Z8.200
G1 X186.750 Y75.000
G1 X186.750 Y66.250 E0.2900 
G1 X187.250 Y66.250 E0.3066 
G1 X187.250 Y75.000 E0.5966 
G92 E0.0000
; segment
G92 E0.0000
G1 F2400.000
G1 Z8.200
G1 X187.250 Y75.000
G1 X187.250 Y108.300 E1.1037 
G92 E0.0000
; segment
G92 E0.0000
G1 F2400.000
G1 Z8.200
G1 X187.250 Y108.300
G1 X187.250 Y112.000 E0.1226 
G92 E0.0000
; segment
G92 E0.0000
G1 F2400.000
G1 Z8.200
G1 X187.250 Y112.000
G1 X187.250 Y120.750 E0.2900 
G1 X187.750 Y120.750 E0.3066 
G1 X187.750 Y112.000 E0.5966 
G92 E0.0000
; segment
G92 E0.0000
G1 F2400.000
G1 Z8.200
G1 X187.750 Y112.000
G1 X187.750 Y78.700 E1.1037 
G92 E0.0000
; segment
G92 E0.0000
G1 F2400.000
G1 Z8.200
G1 X187.750 Y78.700
G1 X187.750 Y75.000 E0.1226 
G92 E0.0000
; segment
G92 E0.0000
G1 F2400.000
G1 Z8.200
G1 X187.750 Y75.000
G1 X187.750 Y66.250 E0.2900 
G1 X188.250 Y66.250 E0.3066 
G1 X188.250 Y75.000 E0.5966 
G92 E0.0000
; segment
G92 E0.0000
G1 F2400.000
G1 Z8.200
G1 X188.250 Y75.000
G1 X188.250 Y108.300 E1.1037 
G92 E0.0000
; segment
G92 E0.0000
G1 F2400.000
G1 Z8.200
G1 X188.250 Y108.300
G1 X188.250 Y112.000 E0.1226 
G92 E0.0000
; segment
G92 E0.0000
G1 F2400.000
G1 Z8.200
G1 X188.250 Y112.000
G1 X188.250 Y120.750 E0.2900 
G1 X188.750 Y120.750 E0.3066 
G1 X188.750 Y112.000 E0.5966 
G92 E0.0000
; segment
G92 E0.0000
G1 F2400.000
G1 Z8.200
G1 X188.750 Y112.000
G1 X188.750 Y78.700 E1.1037 
G92 E0.0000
; segment
G92 E0.0000
G1 F2400.000
G1 Z8.200
G1 X188.750 Y78.700
G1 X188.750 Y75.000 E0.1226 
G92 E0.0000
; segment
G92 E0.0000
G1 F2400.000
G1 Z8.200
G1 X188.750 Y75.000
G1 X188.750 Y66.250 E0.2900 
G92 E0.0000
; jumping
G92 E3.0000
G1 E0 F2400
G1 X189.750 Y65.250 F12000.000
G1 E3 F2400
G92 E0.0000
; segment
G92 E0.0000
G1 F2400.000
G1 Z8.400
G1 X189.750 Y65.250
G1 X170.250 Y65.250 E0.6463 
G1 X170.250 Y75.000 E0.9695 
G92 E0.0000
; segment
G92 E0.0000
G1 F2400.000
G1 Z8.400
G1 X170.250 Y75.000
G1 X170.250 Y108.300 E1.1037 
G92 E0.0000
; segment
G92 E0.0000
G1 F2400.000
G1 Z8.400
G1 X170.250 Y108.300
G1 X170.250 Y112.000 E0.1226 
G92 E0.0000
; segment
G92 E0.0000
G1 F2400.000
G1 Z8.400
G1 X170.250 Y112.000
G1 X170.250 Y121.750 E0.3232 
G1 X189.750 Y121.750 E0.9695 
G1 X189.750 Y112.000 E1.2927 
G92 E0.0000
; segment
G92 E0.0000
G1 F2400.000
G1 Z8.400
G1 X189.750 Y112.000
G1 X189.750 Y78.700 E1.1037 
G92 E0.0000
; segment
G92 E0.0000
G1 F2400.000
G1 Z8.400
G1 X189.750 Y78.700
G1 X189.750 Y75.000 E0.1226 
G92 E0.0000
; segment
G92 E0.0000
G1 F2400.000
G1 Z8.400
G1 X189.750 Y75.000
G1 X189.750 Y65.250 E0.3232 
G92 E0.0000
; segment
G92 E0.0000
G1 F2400.000
G1 Z8.400
G1 X189.250 Y65.750
G1 X170.750 Y65.750 E0.6132 
G1 X170.750 Y75.000 E0.9198 
G92 E0.0000
; segment
G92 E0.0000
G1 F2400.000
G1 Z8.400
G1 X170.750 Y75.000
G1 X170.750 Y108.300 E1.1037 
G92 E0.0000
; segment
G92 E0.0000
G1 F2400.000
G1 Z8.400
G1 X170.750 Y108.300
G1 X170.750 Y112.000 E0.1226 
G92 E0.0000
; segment
G92 E0.0000
G1 F2400.000
G1 Z8.400
G1 X170.750 Y112.000
G1 X170.750 Y121.250 E0.3066 
G1 X189.250 Y121.250 E0.9198 
G1 X189.250 Y112.000 E1.2264 
G92 E0.0000
; segment
G92 E0.0000
G1 F2400.000
G1 Z8.400
G1 X189.250 Y112.000
G1 X189.250 Y78.700 E1.1037 
G92 E0.0000
; segment
G92 E0.0000
G1 F2400.000
G1 Z8.400
G1 X189.250 Y78.700
G1 X189.250 Y75.000 E0.1226 
G92 E0.0000
; segment
G92 E0.0000
G1 F2400.000
G1 Z8.400
G1 X189.250 Y75.000
G1 X189.250 Y65.750 E0.3066 
G92 E0.0000
; segment
G92 E0.0000
G1 F2400.000
G1 Z8.400
G1 X188.750 Y66.250
G1 X188.750 Y75.000 E0.2900 
G92 E0.0000
; segment
G92 E0.0000
G1 F2400.000
G1 Z8.400
G1 X188.750 Y75.000
G1 X188.750 Y108.300 E1.1037 
G92 E0.0000
; segment
G92 E0.0000
G1 F2400.000
G1 Z8.400
G1 X188.750 Y108.300
G1 X188.750 Y112.000 E0.1226 
G92 E0.0000
; segment
G92 E0.0000
G1 F2400.000
G1 Z8.400
G1 X188.750 Y112.000
G1 X188.750 Y120.750 E0.2900 
G1 X188.250 Y120.750 E0.3066 
G1 X188.250 Y112.000 E0.5966 
G92 E0.0000
; segment
G92 E0.0000
G1 F2400.000
G1 Z8.400
G1 X188.250 Y112.000
G1 X188.250 Y78.700 E1.1037 
G92 E0.0000
; segment
G92 E0.0000
G1 F2400.000
G1 Z8.400
G1 X188.250 Y78.700
G1 X188.250 Y75.000 E0.1226 
G92 E0.0000
; segment
G92 E0.0000
G1 F2400.000
G1 Z8.400
G1 X188.250 Y75.000
G1 X188.250 Y66.250 E0.2900 
G1 X187.750 Y66.250 E0.3066 
G1 X187.750 Y75.000 E0.5966 
G92 E0.0000
; segment
G92 E0.0000
G1 F2400.000
G1 Z8.400
G1 X187.750 Y75.000
G1 X187.750 Y108.300 E1.1037 
G92 E0.0000
; segment
G92 E0.0000
G1 F2400.000
G1 Z8.400
G1 X187.750 Y108.300
G1 X187.750 Y112.000 E0.1226 
G92 E0.0000
; segment
G92 E0.0000
G1 F2400.000
G1 Z8.400
G1 X187.750 Y112.000
G1 X187.750 Y120.750 E0.2900 
G1 X187.250 Y120.750 E0.3066 
G1 X187.250 Y112.000 E0.5966 
G92 E0.0000
; segment
G92 E0.0000
G1 F2400.000
G1 Z8.400
G1 X187.250 Y112.000
G1 X187.250 Y78.700 E1.1037 
G92 E0.0000
; segment
G92 E0.0000
G1 F2400.000
G1 Z8.400
G1 X187.250 Y78.700
G1 X187.250 Y75.000 E0.1226 
G92 E0.0000
; segment
G92 E0.0000
G1 F2400.000
G1 Z8.400
G1 X187.250 Y75.000
G1 X187.250 Y66.250 E0.2900 
G1 X186.750 Y66.250 E0.3066 
G1 X186.750 Y75.000 E0.5966 
G92 E0.0000
; segment
G92 E0.0000
G1 F2400.000
G1 Z8.400
G1 X186.750 Y75.000
G1 X186.750 Y108.300 E1.1037 
G92 E0.0000
; segment
G92 E0.0000
G1 F2400.000
G1 Z8.400
G1 X186.750 Y108.300
G1 X186.750 Y112.000 E0.1226 
G92 E0.0000
; segment
G92 E0.0000
G1 F2400.000
G1 Z8.400
G1 X186.750 Y112.000
G1 X186.750 Y120.750 E0.2900 
G1 X186.250 Y120.750 E0.3066 
G1 X186.250 Y112.000 E0.5966 
G92 E0.0000
; segment
G92 E0.0000
G1 F2400.000
G1 Z8.400
G1 X186.250 Y112.000
G1 X186.250 Y78.700 E1.1037 
G92 E0.0000
; segment
G92 E0.0000
G1 F2400.000
G1 Z8.400
G1 X186.250 Y78.700
G1 X186.250 Y75.000 E0.1226 
G92 E0.0000
; segment
G92 E0.0000
G1 F2400.000
G1 Z8.400
G1 X186.250 Y75.000
G1 X186.250 Y66.250 E0.2900 
G1 X185.750 Y66.250 E0.3066 
G1 X185.750 Y75.000 E0.5966 
G92 E0.0000
; segment
G92 E0.0000
G1 F2400.000
G1 Z8.400
G1 X185.750 Y75.000
G1 X185.750 Y108.300 E1.1037 
G92 E0.0000
; segment
G92 E0.0000
G1 F2400.000
G1 Z8.400
G1 X185.750 Y108.300
G1 X185.750 Y112.000 E0.1226 
G92 E0.0000
; segment
G92 E0.0000
G1 F2400.000
G1 Z8.400
G1 X185.750 Y112.000
G1 X185.750 Y120.750 E0.2900 
G1 X185.250 Y120.750 E0.3066 
G1 X185.250 Y112.000 E0.5966 
G92 E0.0000
; segment
G92 E0.0000
G1 F2400.000
G1 Z8.400
G1 X185.250 Y112.000
G1 X185.250 Y78.700 E1.1037 
G92 E0.0000
; segment
G92 E0.0000
G1 F2400.000
G1 Z8.400
G1 X185.250 Y78.700
G1 X185.250 Y75.000 E0.1226 
G92 E0.0000
; segment
G92 E0.0000
G1 F2400.000
G1 Z8.400
G1 X185.250 Y75.000
G1 X185.250 Y66.250 E0.2900 
G1 X184.750 Y66.250 E0.3066 
G1 X184.750 Y75.000 E0.5966 
G92 E0.0000
; segment
G92 E0.0000
G1 F2400.000
G1 Z8.400
G1 X184.750 Y75.000
G1 X184.750 Y108.300 E1.1037 
G92 E0.0000
; segment
G92 E0.0000
G1 F2400.000
G1 Z8.400
G1 X184.750 Y108.300
G1 X184.750 Y112.000 E0.1226 
G92 E0.0000
; segment
G92 E0.0000
G1 F2400.000
G1 Z8.400
G1 X184.750 Y112.000
G1 X184.750 Y120.750 E0.2900 
G1 X184.250 Y120.750 E0.3066 
G1 X184.250 Y112.000 E0.5966 
G92 E0.0000
; segment
G92 E0.0000
G1 F2400.000
G1 Z8.400
G1 X184.250 Y112.000
G1 X184.250 Y78.700 E1.1037 
G92 E0.0000
; segment
G92 E0.0000
G1 F2400.000
G1 Z8.400
G1 X184.250 Y78.700
G1 X184.250 Y75.000 E0.1226 
G92 E0.0000
; segment
G92 E0.0000
G1 F2400.000
G1 Z8.400
G1 X184.250 Y75.000
G1 X184.250 Y66.250 E0.2900 
G1 X183.750 Y66.250 E0.3066 
G1 X183.750 Y75.000 E0.5966 
G92 E0.0000
; segment
G92 E0.0000
G1 F2400.000
G1 Z8.400
G1 X183.750 Y75.000
G1 X183.750 Y108.300 E1.1037 
G92 E0.0000
; segment
G92 E0.0000
G1 F2400.000
G1 Z8.400
G1 X183.750 Y108.300
G1 X183.750 Y112.000 E0.1226 
G92 E0.0000
; segment
G92 E0.0000
G1 F2400.000
G1 Z8.400
G1 X183.750 Y112.000
G1 X183.750 Y120.750 E0.2900 
G1 X183.250 Y120.750 E0.3066 
G1 X183.250 Y112.000 E0.5966 
G92 E0.0000
; segment
G92 E0.0000
G1 F2400.000
G1 Z8.400
G1 X183.250 Y112.000
G1 X183.250 Y78.700 E1.1037 
G92 E0.0000
; segment
G92 E0.0000
G1 F2400.000
G1 Z8.400
G1 X183.250 Y78.700
G1 X183.250 Y75.000 E0.1226 
G92 E0.0000
; segment
G92 E0.0000
G1 F2400.000
G1 Z8.400
G1 X183.250 Y75.000
G1 X183.250 Y66.250 E0.2900 
G1 X182.750 Y66.250 E0.3066 
G1 X182.750 Y75.000 E0.5966 
G92 E0.0000
; segment
G92 E0.0000
G1 F2400.000
G1 Z8.400
G1 X182.750 Y75.000
G1 X182.750 Y108.300 E1.1037 
G92 E0.0000
; segment
G92 E0.0000
G1 F2400.000
G1 Z8.400
G1 X182.750 Y108.300
G1 X182.750 Y112.000 E0.1226 
G92 E0.0000
; segment
G92 E0.0000
G1 F2400.000
G1 Z8.400
G1 X182.750 Y112.000
G1 X182.750 Y120.750 E0.2900 
G1 X182.250 Y120.750 E0.3066 
G1 X182.250 Y112.000 E0.5966 
G92 E0.0000
; segment
G92 E0.0000
G1 F2400.000
G1 Z8.400
G1 X182.250 Y112.000
G1 X182.250 Y78.700 E1.1037 
G92 E0.0000
; segment
G92 E0.0000
G1 F2400.000
G1 Z8.400
G1 X182.250 Y78.700
G1 X182.250 Y75.000 E0.1226 
G92 E0.0000
; segment
G92 E0.0000
G1 F2400.000
G1 Z8.400
G1 X182.250 Y75.000
G1 X182.250 Y66.250 E0.2900 
G1 X181.750 Y66.250 E0.3066 
G1 X181.750 Y75.000 E0.5966 
G92 E0.0000
; segment
G92 E0.0000
G1 F2400.000
G1 Z8.400
G1 X181.750 Y75.000
G1 X181.750 Y108.300 E1.1037 
G92 E0.0000
; segment
G92 E0.0000
G1 F2400.000
G1 Z8.400
G1 X181.750 Y108.300
G1 X181.750 Y112.000 E0.1226 
G92 E0.0000
; segment
G92 E0.0000
G1 F2400.000
G1 Z8.400
G1 X181.750 Y112.000
G1 X181.750 Y120.750 E0.2900 
G1 X181.250 Y120.750 E0.3066 
G1 X181.250 Y112.000 E0.5966 
G92 E0.0000
; segment
G92 E0.0000
G1 F2400.000
G1 Z8.400
G1 X181.250 Y112.000
G1 X181.250 Y78.700 E1.1037 
G92 E0.0000
; segment
G92 E0.0000
G1 F2400.000
G1 Z8.400
G1 X181.250 Y78.700
G1 X181.250 Y75.000 E0.1226 
G92 E0.0000
; segment
G92 E0.0000
G1 F2400.000
G1 Z8.400
G1 X181.250 Y75.000
G1 X181.250 Y66.250 E0.2900 
G1 X180.750 Y66.250 E0.3066 
G1 X180.750 Y75.000 E0.5966 
G92 E0.0000
; segment
G92 E0.0000
G1 F2400.000
G1 Z8.400
G1 X180.750 Y75.000
G1 X180.750 Y108.300 E1.1037 
G92 E0.0000
; segment
G92 E0.0000
G1 F2400.000
G1 Z8.400
G1 X180.750 Y108.300
G1 X180.750 Y112.000 E0.1226 
G92 E0.0000
; segment
G92 E0.0000
G1 F2400.000
G1 Z8.400
G1 X180.750 Y112.000
G1 X180.750 Y120.750 E0.2900 
G1 X180.250 Y120.750 E0.3066 
G1 X180.250 Y112.000 E0.5966 
G92 E0.0000
; segment
G92 E0.0000
G1 F2400.000
G1 Z8.400
G1 X180.250 Y112.000
G1 X180.250 Y78.700 E1.1037 
G92 E0.0000
; segment
G92 E0.0000
G1 F2400.000
G1 Z8.400
G1 X180.250 Y78.700
G1 X180.250 Y75.000 E0.1226 
G92 E0.0000
; segment
G92 E0.0000
G1 F2400.000
G1 Z8.400
G1 X180.250 Y75.000
G1 X180.250 Y66.250 E0.2900 
G1 X179.750 Y66.250 E0.3066 
G1 X179.750 Y75.000 E0.5966 
G92 E0.0000
; segment
G92 E0.0000
G1 F2400.000
G1 Z8.400
G1 X179.750 Y75.000
G1 X179.750 Y108.300 E1.1037 
G92 E0.0000
; segment
G92 E0.0000
G1 F2400.000
G1 Z8.400
G1 X179.750 Y108.300
G1 X179.750 Y112.000 E0.1226 
G92 E0.0000
; segment
G92 E0.0000
G1 F2400.000
G1 Z8.400
G1 X179.750 Y112.000
G1 X179.750 Y120.750 E0.2900 
G1 X179.250 Y120.750 E0.3066 
G1 X179.250 Y112.000 E0.5966 
G92 E0.0000
; segment
G92 E0.0000
G1 F2400.000
G1 Z8.400
G1 X179.250 Y112.000
G1 X179.250 Y78.700 E1.1037 
G92 E0.0000
; segment
G92 E0.0000
G1 F2400.000
G1 Z8.400
G1 X179.250 Y78.700
G1 X179.250 Y75.000 E0.1226 
G92 E0.0000
; segment
G92 E0.0000
G1 F2400.000
G1 Z8.400
G1 X179.250 Y75.000
G1 X179.250 Y66.250 E0.2900 
G1 X178.750 Y66.250 E0.3066 
G1 X178.750 Y75.000 E0.5966 
G92 E0.0000
; segment
G92 E0.0000
G1 F2400.000
G1 Z8.400
G1 X178.750 Y75.000
G1 X178.750 Y108.300 E1.1037 
G92 E0.0000
; segment
G92 E0.0000
G1 F2400.000
G1 Z8.400
G1 X178.750 Y108.300
G1 X178.750 Y112.000 E0.1226 
G92 E0.0000
; segment
G92 E0.0000
G1 F2400.000
G1 Z8.400
G1 X178.750 Y112.000
G1 X178.750 Y120.750 E0.2900 
G1 X178.250 Y120.750 E0.3066 
G1 X178.250 Y112.000 E0.5966 
G92 E0.0000
; segment
G92 E0.0000
G1 F2400.000
G1 Z8.400
G1 X178.250 Y112.000
G1 X178.250 Y78.700 E1.1037 
G92 E0.0000
; segment
G92 E0.0000
G1 F2400.000
G1 Z8.400
G1 X178.250 Y78.700
G1 X178.250 Y75.000 E0.1226 
G92 E0.0000
; segment
G92 E0.0000
G1 F2400.000
G1 Z8.400
G1 X178.250 Y75.000
G1 X178.250 Y66.250 E0.2900 
G1 X177.750 Y66.250 E0.3066 
G1 X177.750 Y75.000 E0.5966 
G92 E0.0000
; segment
G92 E0.0000
G1 F2400.000
G1 Z8.400
G1 X177.750 Y75.000
G1 X177.750 Y108.300 E1.1037 
G92 E0.0000
; segment
G92 E0.0000
G1 F2400.000
G1 Z8.400
G1 X177.750 Y108.300
G1 X177.750 Y112.000 E0.1226 
G92 E0.0000
; segment
G92 E0.0000
G1 F2400.000
G1 Z8.400
G1 X177.750 Y112.000
G1 X177.750 Y120.750 E0.2900 
G1 X177.250 Y120.750 E0.3066 
G1 X177.250 Y112.000 E0.5966 
G92 E0.0000
; segment
G92 E0.0000
G1 F2400.000
G1 Z8.400
G1 X177.250 Y112.000
G1 X177.250 Y78.700 E1.1037 
G92 E0.0000
; segment
G92 E0.0000
G1 F2400.000
G1 Z8.400
G1 X177.250 Y78.700
G1 X177.250 Y75.000 E0.1226 
G92 E0.0000
; segment
G92 E0.0000
G1 F2400.000
G1 Z8.400
G1 X177.250 Y75.000
G1 X177.250 Y66.250 E0.2900 
G1 X176.750 Y66.250 E0.3066 
G1 X176.750 Y75.000 E0.5966 
G92 E0.0000
; segment
G92 E0.0000
G1 F2400.000
G1 Z8.400
G1 X176.750 Y75.000
G1 X176.750 Y108.300 E1.1037 
G92 E0.0000
; segment
G92 E0.0000
G1 F2400.000
G1 Z8.400
G1 X176.750 Y108.300
G1 X176.750 Y112.000 E0.1226 
G92 E0.0000
; segment
G92 E0.0000
G1 F2400.000
G1 Z8.400
G1 X176.750 Y112.000
G1 X176.750 Y120.750 E0.2900 
G1 X176.250 Y120.750 E0.3066 
G1 X176.250 Y112.000 E0.5966 
G92 E0.0000
; segment
G92 E0.0000
G1 F2400.000
G1 Z8.400
G1 X176.250 Y112.000
G1 X176.250 Y78.700 E1.1037 
G92 E0.0000
; segment
G92 E0.0000
G1 F2400.000
G1 Z8.400
G1 X176.250 Y78.700
G1 X176.250 Y75.000 E0.1226 
G92 E0.0000
; segment
G92 E0.0000
G1 F2400.000
G1 Z8.400
G1 X176.250 Y75.000
G1 X176.250 Y66.250 E0.2900 
G1 X175.750 Y66.250 E0.3066 
G1 X175.750 Y75.000 E0.5966 
G92 E0.0000
; segment
G92 E0.0000
G1 F2400.000
G1 Z8.400
G1 X175.750 Y75.000
G1 X175.750 Y108.300 E1.1037 
G92 E0.0000
; segment
G92 E0.0000
G1 F2400.000
G1 Z8.400
G1 X175.750 Y108.300
G1 X175.750 Y112.000 E0.1226 
G92 E0.0000
; segment
G92 E0.0000
G1 F2400.000
G1 Z8.400
G1 X175.750 Y112.000
G1 X175.750 Y120.750 E0.2900 
G1 X175.250 Y120.750 E0.3066 
G1 X175.250 Y112.000 E0.5966 
G92 E0.0000
; segment
G92 E0.0000
G1 F2400.000
G1 Z8.400
G1 X175.250 Y112.000
G1 X175.250 Y78.700 E1.1037 
G92 E0.0000
; segment
G92 E0.0000
G1 F2400.000
G1 Z8.400
G1 X175.250 Y78.700
G1 X175.250 Y75.000 E0.1226 
G92 E0.0000
; segment
G92 E0.0000
G1 F2400.000
G1 Z8.400
G1 X175.250 Y75.000
G1 X175.250 Y66.250 E0.2900 
G1 X174.750 Y66.250 E0.3066 
G1 X174.750 Y75.000 E0.5966 
G92 E0.0000
; segment
G92 E0.0000
G1 F2400.000
G1 Z8.400
G1 X174.750 Y75.000
G1 X174.750 Y108.300 E1.1037 
G92 E0.0000
; segment
G92 E0.0000
G1 F2400.000
G1 Z8.400
G1 X174.750 Y108.300
G1 X174.750 Y112.000 E0.1226 
G92 E0.0000
; segment
G92 E0.0000
G1 F2400.000
G1 Z8.400
G1 X174.750 Y112.000
G1 X174.750 Y120.750 E0.2900 
G1 X174.250 Y120.750 E0.3066 
G1 X174.250 Y112.000 E0.5966 
G92 E0.0000
; segment
G92 E0.0000
G1 F2400.000
G1 Z8.400
G1 X174.250 Y112.000
G1 X174.250 Y78.700 E1.1037 
G92 E0.0000
; segment
G92 E0.0000
G1 F2400.000
G1 Z8.400
G1 X174.250 Y78.700
G1 X174.250 Y75.000 E0.1226 
G92 E0.0000
; segment
G92 E0.0000
G1 F2400.000
G1 Z8.400
G1 X174.250 Y75.000
G1 X174.250 Y66.250 E0.2900 
G1 X173.750 Y66.250 E0.3066 
G1 X173.750 Y75.000 E0.5966 
G92 E0.0000
; segment
G92 E0.0000
G1 F2400.000
G1 Z8.400
G1 X173.750 Y75.000
G1 X173.750 Y108.300 E1.1037 
G92 E0.0000
; segment
G92 E0.0000
G1 F2400.000
G1 Z8.400
G1 X173.750 Y108.300
G1 X173.750 Y112.000 E0.1226 
G92 E0.0000
; segment
G92 E0.0000
G1 F2400.000
G1 Z8.400
G1 X173.750 Y112.000
G1 X173.750 Y120.750 E0.2900 
G1 X173.250 Y120.750 E0.3066 
G1 X173.250 Y112.000 E0.5966 
G92 E0.0000
; segment
G92 E0.0000
G1 F2400.000
G1 Z8.400
G1 X173.250 Y112.000
G1 X173.250 Y78.700 E1.1037 
G92 E0.0000
; segment
G92 E0.0000
G1 F2400.000
G1 Z8.400
G1 X173.250 Y78.700
G1 X173.250 Y75.000 E0.1226 
G92 E0.0000
; segment
G92 E0.0000
G1 F2400.000
G1 Z8.400
G1 X173.250 Y75.000
G1 X173.250 Y66.250 E0.2900 
G1 X172.750 Y66.250 E0.3066 
G1 X172.750 Y75.000 E0.5966 
G92 E0.0000
; segment
G92 E0.0000
G1 F2400.000
G1 Z8.400
G1 X172.750 Y75.000
G1 X172.750 Y108.300 E1.1037 
G92 E0.0000
; segment
G92 E0.0000
G1 F2400.000
G1 Z8.400
G1 X172.750 Y108.300
G1 X172.750 Y112.000 E0.1226 
G92 E0.0000
; segment
G92 E0.0000
G1 F2400.000
G1 Z8.400
G1 X172.750 Y112.000
G1 X172.750 Y120.750 E0.2900 
G1 X172.250 Y120.750 E0.3066 
G1 X172.250 Y112.000 E0.5966 
G92 E0.0000
; segment
G92 E0.0000
G1 F2400.000
G1 Z8.400
G1 X172.250 Y112.000
G1 X172.250 Y78.700 E1.1037 
G92 E0.0000
; segment
G92 E0.0000
G1 F2400.000
G1 Z8.400
G1 X172.250 Y78.700
G1 X172.250 Y75.000 E0.1226 
G92 E0.0000
; segment
G92 E0.0000
G1 F2400.000
G1 Z8.400
G1 X172.250 Y75.000
G1 X172.250 Y66.250 E0.2900 
G1 X171.750 Y66.250 E0.3066 
G1 X171.750 Y75.000 E0.5966 
G92 E0.0000
; segment
G92 E0.0000
G1 F2400.000
G1 Z8.400
G1 X171.750 Y75.000
G1 X171.750 Y108.300 E1.1037 
G92 E0.0000
; segment
G92 E0.0000
G1 F2400.000
G1 Z8.400
G1 X171.750 Y108.300
G1 X171.750 Y112.000 E0.1226 
G92 E0.0000
; segment
G92 E0.0000
G1 F2400.000
G1 Z8.400
G1 X171.750 Y112.000
G1 X171.750 Y120.750 E0.2900 
G1 X171.250 Y120.750 E0.3066 
G1 X171.250 Y112.000 E0.5966 
G92 E0.0000
; segment
G92 E0.0000
G1 F2400.000
G1 Z8.400
G1 X171.250 Y112.000
G1 X171.250 Y78.700 E1.1037 
G92 E0.0000
; segment
G92 E0.0000
G1 F2400.000
G1 Z8.400
G1 X171.250 Y78.700
G1 X171.250 Y75.000 E0.1226 
G92 E0.0000
; segment
G92 E0.0000
G1 F2400.000
G1 Z8.400
G1 X171.250 Y75.000
G1 X171.250 Y66.250 E0.2900 
G92 E0.0000
; jumping
G92 E3.0000
G1 E0 F2400
G1 X170.250 Y65.250 F12000.000
G1 E3 F2400
G92 E0.0000
; segment
G92 E0.0000
G1 F2400.000
G1 Z8.600
G1 X170.250 Y65.250
G1 X170.250 Y75.000 E0.3232 
G92 E0.0000
; segment
G92 E0.0000
G1 F2400.000
G1 Z8.600
G1 X170.250 Y75.000
G1 X170.250 Y108.300 E1.1037 
G92 E0.0000
; segment
G92 E0.0000
G1 F2400.000
G1 Z8.600
G1 X170.250 Y108.300
G1 X170.250 Y112.000 E0.1226 
G92 E0.0000
; segment
G92 E0.0000
G1 F2400.000
G1 Z8.600
G1 X170.250 Y112.000
G1 X170.250 Y121.750 E0.3232 
G1 X189.750 Y121.750 E0.9695 
G1 X189.750 Y112.000 E1.2927 
G92 E0.0000
; segment
G92 E0.0000
G1 F2400.000
G1 Z8.600
G1 X189.750 Y112.000
G1 X189.750 Y78.700 E1.1037 
G92 E0.0000
; segment
G92 E0.0000
G1 F2400.000
G1 Z8.600
G1 X189.750 Y78.700
G1 X189.750 Y75.000 E0.1226 
G92 E0.0000
; segment
G92 E0.0000
G1 F2400.000
G1 Z8.600
G1 X189.750 Y75.000
G1 X189.750 Y65.250 E0.3232 
G1 X170.250 Y65.250 E0.9695 
G92 E0.0000
; segment
G92 E0.0000
G1 F2400.000
G1 Z8.600
G1 X170.750 Y65.750
G1 X170.750 Y75.000 E0.3066 
G92 E0.0000
; segment
G92 E0.0000
G1 F2400.000
G1 Z8.600
G1 X170.750 Y75.000
G1 X170.750 Y108.300 E1.1037 
G92 E0.0000
; segment
G92 E0.0000
G1 F2400.000
G1 Z8.600
G1 X170.750 Y108.300
G1 X170.750 Y112.000 E0.1226 
G92 E0.0000
; segment
G92 E0.0000
G1 F2400.000
G1 Z8.600
G1 X170.750 Y112.000
G1 X170.750 Y121.250 E0.3066 
G1 X189.250 Y121.250 E0.9198 
G1 X189.250 Y112.000 E1.2264 
G92 E0.0000
; segment
G92 E0.0000
G1 F2400.000
G1 Z8.600
G1 X189.250 Y112.000
G1 X189.250 Y78.700 E1.1037 
G92 E0.0000
; segment
G92 E0.0000
G1 F2400.000
G1 Z8.600
G1 X189.250 Y78.700
G1 X189.250 Y75.000 E0.1226 
G92 E0.0000
; segment
G92 E0.0000
G1 F2400.000
G1 Z8.600
G1 X189.250 Y75.000
G1 X189.250 Y65.750 E0.3066 
G1 X170.750 Y65.750 E0.9198 
G92 E0.0000
; segment
G92 E0.0000
G1 F2400.000
G1 Z8.600
G1 X171.250 Y66.250
G1 X171.250 Y75.000 E0.2900 
G92 E0.0000
; segment
G92 E0.0000
G1 F2400.000
G1 Z8.600
G1 X171.250 Y75.000
G1 X171.250 Y108.300 E1.1037 
G92 E0.0000
; segment
G92 E0.0000
G1 F2400.000
G1 Z8.600
G1 X171.250 Y108.300
G1 X171.250 Y112.000 E0.1226 
G92 E0.0000
; segment
G92 E0.0000
G1 F2400.000
G1 Z8.600
G1 X171.250 Y112.000
G1 X171.250 Y120.750 E0.2900 
G1 X171.750 Y120.750 E0.3066 
G1 X171.750 Y112.000 E0.5966 
G92 E0.0000
; segment
G92 E0.0000
G1 F2400.000
G1 Z8.600
G1 X171.750 Y112.000
G1 X171.750 Y78.700 E1.1037 
G92 E0.0000
; segment
G92 E0.0000
G1 F2400.000
G1 Z8.600
G1 X171.750 Y78.700
G1 X171.750 Y75.000 E0.1226 
G92 E0.0000
; segment
G92 E0.0000
G1 F2400.000
G1 Z8.600
G1 X171.750 Y75.000
G1 X171.750 Y66.250 E0.2900 
G1 X172.250 Y66.250 E0.3066 
G1 X172.250 Y75.000 E0.5966 
G92 E0.0000
; segment
G92 E0.0000
G1 F2400.000
G1 Z8.600
G1 X172.250 Y75.000
G1 X172.250 Y108.300 E1.1037 
G92 E0.0000
; segment
G92 E0.0000
G1 F2400.000
G1 Z8.600
G1 X172.250 Y108.300
G1 X172.250 Y112.000 E0.1226 
G92 E0.0000
; segment
G92 E0.0000
G1 F2400.000
G1 Z8.600
G1 X172.250 Y112.000
G1 X172.250 Y120.750 E0.2900 
G1 X172.750 Y120.750 E0.3066 
G1 X172.750 Y112.000 E0.5966 
G92 E0.0000
; segment
G92 E0.0000
G1 F2400.000
G1 Z8.600
G1 X172.750 Y112.000
G1 X172.750 Y78.700 E1.1037 
G92 E0.0000
; segment
G92 E0.0000
G1 F2400.000
G1 Z8.600
G1 X172.750 Y78.700
G1 X172.750 Y75.000 E0.1226 
G92 E0.0000
; segment
G92 E0.0000
G1 F2400.000
G1 Z8.600
G1 X172.750 Y75.000
G1 X172.750 Y66.250 E0.2900 
G1 X173.250 Y66.250 E0.3066 
G1 X173.250 Y75.000 E0.5966 
G92 E0.0000
; segment
G92 E0.0000
G1 F2400.000
G1 Z8.600
G1 X173.250 Y75.000
G1 X173.250 Y108.300 E1.1037 
G92 E0.0000
; segment
G92 E0.0000
G1 F2400.000
G1 Z8.600
G1 X173.250 Y108.300
G1 X173.250 Y112.000 E0.1226 
G92 E0.0000
; segment
G92 E0.0000
G1 F2400.000
G1 Z8.600
G1 X173.250 Y112.000
G1 X173.250 Y120.750 E0.2900 
G1 X173.750 Y120.750 E0.3066 
G1 X173.750 Y112.000 E0.5966 
G92 E0.0000
; segment
G92 E0.0000
G1 F2400.000
G1 Z8.600
G1 X173.750 Y112.000
G1 X173.750 Y78.700 E1.1037 
G92 E0.0000
; segment
G92 E0.0000
G1 F2400.000
G1 Z8.600
G1 X173.750 Y78.700
G1 X173.750 Y75.000 E0.1226 
G92 E0.0000
; segment
G92 E0.0000
G1 F2400.000
G1 Z8.600
G1 X173.750 Y75.000
G1 X173.750 Y66.250 E0.2900 
G1 X174.250 Y66.250 E0.3066 
G1 X174.250 Y75.000 E0.5966 
G92 E0.0000
; segment
G92 E0.0000
G1 F2400.000
G1 Z8.600
G1 X174.250 Y75.000
G1 X174.250 Y108.300 E1.1037 
G92 E0.0000
; segment
G92 E0.0000
G1 F2400.000
G1 Z8.600
G1 X174.250 Y108.300
G1 X174.250 Y112.000 E0.1226 
G92 E0.0000
; segment
G92 E0.0000
G1 F2400.000
G1 Z8.600
G1 X174.250 Y112.000
G1 X174.250 Y120.750 E0.2900 
G1 X174.750 Y120.750 E0.3066 
G1 X174.750 Y112.000 E0.5966 
G92 E0.0000
; segment
G92 E0.0000
G1 F2400.000
G1 Z8.600
G1 X174.750 Y112.000
G1 X174.750 Y78.700 E1.1037 
G92 E0.0000
; segment
G92 E0.0000
G1 F2400.000
G1 Z8.600
G1 X174.750 Y78.700
G1 X174.750 Y75.000 E0.1226 
G92 E0.0000
; segment
G92 E0.0000
G1 F2400.000
G1 Z8.600
G1 X174.750 Y75.000
G1 X174.750 Y66.250 E0.2900 
G1 X175.250 Y66.250 E0.3066 
G1 X175.250 Y75.000 E0.5966 
G92 E0.0000
; segment
G92 E0.0000
G1 F2400.000
G1 Z8.600
G1 X175.250 Y75.000
G1 X175.250 Y108.300 E1.1037 
G92 E0.0000
; segment
G92 E0.0000
G1 F2400.000
G1 Z8.600
G1 X175.250 Y108.300
G1 X175.250 Y112.000 E0.1226 
G92 E0.0000
; segment
G92 E0.0000
G1 F2400.000
G1 Z8.600
G1 X175.250 Y112.000
G1 X175.250 Y120.750 E0.2900 
G1 X175.750 Y120.750 E0.3066 
G1 X175.750 Y112.000 E0.5966 
G92 E0.0000
; segment
G92 E0.0000
G1 F2400.000
G1 Z8.600
G1 X175.750 Y112.000
G1 X175.750 Y78.700 E1.1037 
G92 E0.0000
; segment
G92 E0.0000
G1 F2400.000
G1 Z8.600
G1 X175.750 Y78.700
G1 X175.750 Y75.000 E0.1226 
G92 E0.0000
; segment
G92 E0.0000
G1 F2400.000
G1 Z8.600
G1 X175.750 Y75.000
G1 X175.750 Y66.250 E0.2900 
G1 X176.250 Y66.250 E0.3066 
G1 X176.250 Y75.000 E0.5966 
G92 E0.0000
; segment
G92 E0.0000
G1 F2400.000
G1 Z8.600
G1 X176.250 Y75.000
G1 X176.250 Y108.300 E1.1037 
G92 E0.0000
; segment
G92 E0.0000
G1 F2400.000
G1 Z8.600
G1 X176.250 Y108.300
G1 X176.250 Y112.000 E0.1226 
G92 E0.0000
; segment
G92 E0.0000
G1 F2400.000
G1 Z8.600
G1 X176.250 Y112.000
G1 X176.250 Y120.750 E0.2900 
G1 X176.750 Y120.750 E0.3066 
G1 X176.750 Y112.000 E0.5966 
G92 E0.0000
; segment
G92 E0.0000
G1 F2400.000
G1 Z8.600
G1 X176.750 Y112.000
G1 X176.750 Y78.700 E1.1037 
G92 E0.0000
; segment
G92 E0.0000
G1 F2400.000
G1 Z8.600
G1 X176.750 Y78.700
G1 X176.750 Y75.000 E0.1226 
G92 E0.0000
; segment
G92 E0.0000
G1 F2400.000
G1 Z8.600
G1 X176.750 Y75.000
G1 X176.750 Y66.250 E0.2900 
G1 X177.250 Y66.250 E0.3066 
G1 X177.250 Y75.000 E0.5966 
G92 E0.0000
; segment
G92 E0.0000
G1 F2400.000
G1 Z8.600
G1 X177.250 Y75.000
G1 X177.250 Y108.300 E1.1037 
G92 E0.0000
; segment
G92 E0.0000
G1 F2400.000
G1 Z8.600
G1 X177.250 Y108.300
G1 X177.250 Y112.000 E0.1226 
G92 E0.0000
; segment
G92 E0.0000
G1 F2400.000
G1 Z8.600
G1 X177.250 Y112.000
G1 X177.250 Y120.750 E0.2900 
G1 X177.750 Y120.750 E0.3066 
G1 X177.750 Y112.000 E0.5966 
G92 E0.0000
; segment
G92 E0.0000
G1 F2400.000
G1 Z8.600
G1 X177.750 Y112.000
G1 X177.750 Y78.700 E1.1037 
G92 E0.0000
; segment
G92 E0.0000
G1 F2400.000
G1 Z8.600
G1 X177.750 Y78.700
G1 X177.750 Y75.000 E0.1226 
G92 E0.0000
; segment
G92 E0.0000
G1 F2400.000
G1 Z8.600
G1 X177.750 Y75.000
G1 X177.750 Y66.250 E0.2900 
G1 X178.250 Y66.250 E0.3066 
G1 X178.250 Y75.000 E0.5966 
G92 E0.0000
; segment
G92 E0.0000
G1 F2400.000
G1 Z8.600
G1 X178.250 Y75.000
G1 X178.250 Y108.300 E1.1037 
G92 E0.0000
; segment
G92 E0.0000
G1 F2400.000
G1 Z8.600
G1 X178.250 Y108.300
G1 X178.250 Y112.000 E0.1226 
G92 E0.0000
; segment
G92 E0.0000
G1 F2400.000
G1 Z8.600
G1 X178.250 Y112.000
G1 X178.250 Y120.750 E0.2900 
G1 X178.750 Y120.750 E0.3066 
G1 X178.750 Y112.000 E0.5966 
G92 E0.0000
; segment
G92 E0.0000
G1 F2400.000
G1 Z8.600
G1 X178.750 Y112.000
G1 X178.750 Y78.700 E1.1037 
G92 E0.0000
; segment
G92 E0.0000
G1 F2400.000
G1 Z8.600
G1 X178.750 Y78.700
G1 X178.750 Y75.000 E0.1226 
G92 E0.0000
; segment
G92 E0.0000
G1 F2400.000
G1 Z8.600
G1 X178.750 Y75.000
G1 X178.750 Y66.250 E0.2900 
G1 X179.250 Y66.250 E0.3066 
G1 X179.250 Y75.000 E0.5966 
G92 E0.0000
; segment
G92 E0.0000
G1 F2400.000
G1 Z8.600
G1 X179.250 Y75.000
G1 X179.250 Y108.300 E1.1037 
G92 E0.0000
; segment
G92 E0.0000
G1 F2400.000
G1 Z8.600
G1 X179.250 Y108.300
G1 X179.250 Y112.000 E0.1226 
G92 E0.0000
; segment
G92 E0.0000
G1 F2400.000
G1 Z8.600
G1 X179.250 Y112.000
G1 X179.250 Y120.750 E0.2900 
G1 X179.750 Y120.750 E0.3066 
G1 X179.750 Y112.000 E0.5966 
G92 E0.0000
; segment
G92 E0.0000
G1 F2400.000
G1 Z8.600
G1 X179.750 Y112.000
G1 X179.750 Y78.700 E1.1037 
G92 E0.0000
; segment
G92 E0.0000
G1 F2400.000
G1 Z8.600
G1 X179.750 Y78.700
G1 X179.750 Y75.000 E0.1226 
G92 E0.0000
; segment
G92 E0.0000
G1 F2400.000
G1 Z8.600
G1 X179.750 Y75.000
G1 X179.750 Y66.250 E0.2900 
G1 X180.250 Y66.250 E0.3066 
G1 X180.250 Y75.000 E0.5966 
G92 E0.0000
; segment
G92 E0.0000
G1 F2400.000
G1 Z8.600
G1 X180.250 Y75.000
G1 X180.250 Y108.300 E1.1037 
G92 E0.0000
; segment
G92 E0.0000
G1 F2400.000
G1 Z8.600
G1 X180.250 Y108.300
G1 X180.250 Y112.000 E0.1226 
G92 E0.0000
; segment
G92 E0.0000
G1 F2400.000
G1 Z8.600
G1 X180.250 Y112.000
G1 X180.250 Y120.750 E0.2900 
G1 X180.750 Y120.750 E0.3066 
G1 X180.750 Y112.000 E0.5966 
G92 E0.0000
; segment
G92 E0.0000
G1 F2400.000
G1 Z8.600
G1 X180.750 Y112.000
G1 X180.750 Y78.700 E1.1037 
G92 E0.0000
; segment
G92 E0.0000
G1 F2400.000
G1 Z8.600
G1 X180.750 Y78.700
G1 X180.750 Y75.000 E0.1226 
G92 E0.0000
; segment
G92 E0.0000
G1 F2400.000
G1 Z8.600
G1 X180.750 Y75.000
G1 X180.750 Y66.250 E0.2900 
G1 X181.250 Y66.250 E0.3066 
G1 X181.250 Y75.000 E0.5966 
G92 E0.0000
; segment
G92 E0.0000
G1 F2400.000
G1 Z8.600
G1 X181.250 Y75.000
G1 X181.250 Y108.300 E1.1037 
G92 E0.0000
; segment
G92 E0.0000
G1 F2400.000
G1 Z8.600
G1 X181.250 Y108.300
G1 X181.250 Y112.000 E0.1226 
G92 E0.0000
; segment
G92 E0.0000
G1 F2400.000
G1 Z8.600
G1 X181.250 Y112.000
G1 X181.250 Y120.750 E0.2900 
G1 X181.750 Y120.750 E0.3066 
G1 X181.750 Y112.000 E0.5966 
G92 E0.0000
; segment
G92 E0.0000
G1 F2400.000
G1 Z8.600
G1 X181.750 Y112.000
G1 X181.750 Y78.700 E1.1037 
G92 E0.0000
; segment
G92 E0.0000
G1 F2400.000
G1 Z8.600
G1 X181.750 Y78.700
G1 X181.750 Y75.000 E0.1226 
G92 E0.0000
; segment
G92 E0.0000
G1 F2400.000
G1 Z8.600
G1 X181.750 Y75.000
G1 X181.750 Y66.250 E0.2900 
G1 X182.250 Y66.250 E0.3066 
G1 X182.250 Y75.000 E0.5966 
G92 E0.0000
; segment
G92 E0.0000
G1 F2400.000
G1 Z8.600
G1 X182.250 Y75.000
G1 X182.250 Y108.300 E1.1037 
G92 E0.0000
; segment
G92 E0.0000
G1 F2400.000
G1 Z8.600
G1 X182.250 Y108.300
G1 X182.250 Y112.000 E0.1226 
G92 E0.0000
; segment
G92 E0.0000
G1 F2400.000
G1 Z8.600
G1 X182.250 Y112.000
G1 X182.250 Y120.750 E0.2900 
G1 X182.750 Y120.750 E0.3066 
G1 X182.750 Y112.000 E0.5966 
G92 E0.0000
; segment
G92 E0.0000
G1 F2400.000
G1 Z8.600
G1 X182.750 Y112.000
G1 X182.750 Y78.700 E1.1037 
G92 E0.0000
; segment
G92 E0.0000
G1 F2400.000
G1 Z8.600
G1 X182.750 Y78.700
G1 X182.750 Y75.000 E0.1226 
G92 E0.0000
; segment
G92 E0.0000
G1 F2400.000
G1 Z8.600
G1 X182.750 Y75.000
G1 X182.750 Y66.250 E0.2900 
G1 X183.250 Y66.250 E0.3066 
G1 X183.250 Y75.000 E0.5966 
G92 E0.0000
; segment
G92 E0.0000
G1 F2400.000
G1 Z8.600
G1 X183.250 Y75.000
G1 X183.250 Y108.300 E1.1037 
G92 E0.0000
; segment
G92 E0.0000
G1 F2400.000
G1 Z8.600
G1 X183.250 Y108.300
G1 X183.250 Y112.000 E0.1226 
G92 E0.0000
; segment
G92 E0.0000
G1 F2400.000
G1 Z8.600
G1 X183.250 Y112.000
G1 X183.250 Y120.750 E0.2900 
G1 X183.750 Y120.750 E0.3066 
G1 X183.750 Y112.000 E0.5966 
G92 E0.0000
; segment
G92 E0.0000
G1 F2400.000
G1 Z8.600
G1 X183.750 Y112.000
G1 X183.750 Y78.700 E1.1037 
G92 E0.0000
; segment
G92 E0.0000
G1 F2400.000
G1 Z8.600
G1 X183.750 Y78.700
G1 X183.750 Y75.000 E0.1226 
G92 E0.0000
; segment
G92 E0.0000
G1 F2400.000
G1 Z8.600
G1 X183.750 Y75.000
G1 X183.750 Y66.250 E0.2900 
G1 X184.250 Y66.250 E0.3066 
G1 X184.250 Y75.000 E0.5966 
G92 E0.0000
; segment
G92 E0.0000
G1 F2400.000
G1 Z8.600
G1 X184.250 Y75.000
G1 X184.250 Y108.300 E1.1037 
G92 E0.0000
; segment
G92 E0.0000
G1 F2400.000
G1 Z8.600
G1 X184.250 Y108.300
G1 X184.250 Y112.000 E0.1226 
G92 E0.0000
; segment
G92 E0.0000
G1 F2400.000
G1 Z8.600
G1 X184.250 Y112.000
G1 X184.250 Y120.750 E0.2900 
G1 X184.750 Y120.750 E0.3066 
G1 X184.750 Y112.000 E0.5966 
G92 E0.0000
; segment
G92 E0.0000
G1 F2400.000
G1 Z8.600
G1 X184.750 Y112.000
G1 X184.750 Y78.700 E1.1037 
G92 E0.0000
; segment
G92 E0.0000
G1 F2400.000
G1 Z8.600
G1 X184.750 Y78.700
G1 X184.750 Y75.000 E0.1226 
G92 E0.0000
; segment
G92 E0.0000
G1 F2400.000
G1 Z8.600
G1 X184.750 Y75.000
G1 X184.750 Y66.250 E0.2900 
G1 X185.250 Y66.250 E0.3066 
G1 X185.250 Y75.000 E0.5966 
G92 E0.0000
; segment
G92 E0.0000
G1 F2400.000
G1 Z8.600
G1 X185.250 Y75.000
G1 X185.250 Y108.300 E1.1037 
G92 E0.0000
; segment
G92 E0.0000
G1 F2400.000
G1 Z8.600
G1 X185.250 Y108.300
G1 X185.250 Y112.000 E0.1226 
G92 E0.0000
; segment
G92 E0.0000
G1 F2400.000
G1 Z8.600
G1 X185.250 Y112.000
G1 X185.250 Y120.750 E0.2900 
G1 X185.750 Y120.750 E0.3066 
G1 X185.750 Y112.000 E0.5966 
G92 E0.0000
; segment
G92 E0.0000
G1 F2400.000
G1 Z8.600
G1 X185.750 Y112.000
G1 X185.750 Y78.700 E1.1037 
G92 E0.0000
; segment
G92 E0.0000
G1 F2400.000
G1 Z8.600
G1 X185.750 Y78.700
G1 X185.750 Y75.000 E0.1226 
G92 E0.0000
; segment
G92 E0.0000
G1 F2400.000
G1 Z8.600
G1 X185.750 Y75.000
G1 X185.750 Y66.250 E0.2900 
G1 X186.250 Y66.250 E0.3066 
G1 X186.250 Y75.000 E0.5966 
G92 E0.0000
; segment
G92 E0.0000
G1 F2400.000
G1 Z8.600
G1 X186.250 Y75.000
G1 X186.250 Y108.300 E1.1037 
G92 E0.0000
; segment
G92 E0.0000
G1 F2400.000
G1 Z8.600
G1 X186.250 Y108.300
G1 X186.250 Y112.000 E0.1226 
G92 E0.0000
; segment
G92 E0.0000
G1 F2400.000
G1 Z8.600
G1 X186.250 Y112.000
G1 X186.250 Y120.750 E0.2900 
G1 X186.750 Y120.750 E0.3066 
G1 X186.750 Y112.000 E0.5966 
G92 E0.0000
; segment
G92 E0.0000
G1 F2400.000
G1 Z8.600
G1 X186.750 Y112.000
G1 X186.750 Y78.700 E1.1037 
G92 E0.0000
; segment
G92 E0.0000
G1 F2400.000
G1 Z8.600
G1 X186.750 Y78.700
G1 X186.750 Y75.000 E0.1226 
G92 E0.0000
; segment
G92 E0.0000
G1 F2400.000
G1 Z8.600
G1 X186.750 Y75.000
G1 X186.750 Y66.250 E0.2900 
G1 X187.250 Y66.250 E0.3066 
G1 X187.250 Y75.000 E0.5966 
G92 E0.0000
; segment
G92 E0.0000
G1 F2400.000
G1 Z8.600
G1 X187.250 Y75.000
G1 X187.250 Y108.300 E1.1037 
G92 E0.0000
; segment
G92 E0.0000
G1 F2400.000
G1 Z8.600
G1 X187.250 Y108.300
G1 X187.250 Y112.000 E0.1226 
G92 E0.0000
; segment
G92 E0.0000
G1 F2400.000
G1 Z8.600
G1 X187.250 Y112.000
G1 X187.250 Y120.750 E0.2900 
G1 X187.750 Y120.750 E0.3066 
G1 X187.750 Y112.000 E0.5966 
G92 E0.0000
; segment
G92 E0.0000
G1 F2400.000
G1 Z8.600
G1 X187.750 Y112.000
G1 X187.750 Y78.700 E1.1037 
G92 E0.0000
; segment
G92 E0.0000
G1 F2400.000
G1 Z8.600
G1 X187.750 Y78.700
G1 X187.750 Y75.000 E0.1226 
G92 E0.0000
; segment
G92 E0.0000
G1 F2400.000
G1 Z8.600
G1 X187.750 Y75.000
G1 X187.750 Y66.250 E0.2900 
G1 X188.250 Y66.250 E0.3066 
G1 X188.250 Y75.000 E0.5966 
G92 E0.0000
; segment
G92 E0.0000
G1 F2400.000
G1 Z8.600
G1 X188.250 Y75.000
G1 X188.250 Y108.300 E1.1037 
G92 E0.0000
; segment
G92 E0.0000
G1 F2400.000
G1 Z8.600
G1 X188.250 Y108.300
G1 X188.250 Y112.000 E0.1226 
G92 E0.0000
; segment
G92 E0.0000
G1 F2400.000
G1 Z8.600
G1 X188.250 Y112.000
G1 X188.250 Y120.750 E0.2900 
G1 X188.750 Y120.750 E0.3066 
G1 X188.750 Y112.000 E0.5966 
G92 E0.0000
; segment
G92 E0.0000
G1 F2400.000
G1 Z8.600
G1 X188.750 Y112.000
G1 X188.750 Y78.700 E1.1037 
G92 E0.0000
; segment
G92 E0.0000
G1 F2400.000
G1 Z8.600
G1 X188.750 Y78.700
G1 X188.750 Y75.000 E0.1226 
G92 E0.0000
; segment
G92 E0.0000
G1 F2400.000
G1 Z8.600
G1 X188.750 Y75.000
G1 X188.750 Y66.250 E0.2900 
G92 E0.0000
; jumping
G92 E3.0000
G1 E0 F2400
G1 X189.750 Y65.250 F12000.000
G1 E3 F2400
G92 E0.0000
; segment
G92 E0.0000
G1 F2400.000
G1 Z8.800
G1 X189.750 Y65.250
G1 X170.250 Y65.250 E0.6463 
G1 X170.250 Y75.000 E0.9695 
G92 E0.0000
; segment
G92 E0.0000
G1 F2400.000
G1 Z8.800
G1 X170.250 Y75.000
G1 X170.250 Y108.300 E1.1037 
G92 E0.0000
; segment
G92 E0.0000
G1 F2400.000
G1 Z8.800
G1 X170.250 Y108.300
G1 X170.250 Y112.000 E0.1226 
G92 E0.0000
; segment
G92 E0.0000
G1 F2400.000
G1 Z8.800
G1 X170.250 Y112.000
G1 X170.250 Y121.750 E0.3232 
G1 X189.750 Y121.750 E0.9695 
G1 X189.750 Y112.000 E1.2927 
G92 E0.0000
; segment
G92 E0.0000
G1 F2400.000
G1 Z8.800
G1 X189.750 Y112.000
G1 X189.750 Y78.700 E1.1037 
G92 E0.0000
; segment
G92 E0.0000
G1 F2400.000
G1 Z8.800
G1 X189.750 Y78.700
G1 X189.750 Y75.000 E0.1226 
G92 E0.0000
; segment
G92 E0.0000
G1 F2400.000
G1 Z8.800
G1 X189.750 Y75.000
G1 X189.750 Y65.250 E0.3232 
G92 E0.0000
; segment
G92 E0.0000
G1 F2400.000
G1 Z8.800
G1 X189.250 Y65.750
G1 X170.750 Y65.750 E0.6132 
G1 X170.750 Y75.000 E0.9198 
G92 E0.0000
; segment
G92 E0.0000
G1 F2400.000
G1 Z8.800
G1 X170.750 Y75.000
G1 X170.750 Y108.300 E1.1037 
G92 E0.0000
; segment
G92 E0.0000
G1 F2400.000
G1 Z8.800
G1 X170.750 Y108.300
G1 X170.750 Y112.000 E0.1226 
G92 E0.0000
; segment
G92 E0.0000
G1 F2400.000
G1 Z8.800
G1 X170.750 Y112.000
G1 X170.750 Y121.250 E0.3066 
G1 X189.250 Y121.250 E0.9198 
G1 X189.250 Y112.000 E1.2264 
G92 E0.0000
; segment
G92 E0.0000
G1 F2400.000
G1 Z8.800
G1 X189.250 Y112.000
G1 X189.250 Y78.700 E1.1037 
G92 E0.0000
; segment
G92 E0.0000
G1 F2400.000
G1 Z8.800
G1 X189.250 Y78.700
G1 X189.250 Y75.000 E0.1226 
G92 E0.0000
; segment
G92 E0.0000
G1 F2400.000
G1 Z8.800
G1 X189.250 Y75.000
G1 X189.250 Y65.750 E0.3066 
G92 E0.0000
; segment
G92 E0.0000
G1 F2400.000
G1 Z8.800
G1 X188.750 Y66.250
G1 X188.750 Y75.000 E0.2900 
G92 E0.0000
; segment
G92 E0.0000
G1 F2400.000
G1 Z8.800
G1 X188.750 Y75.000
G1 X188.750 Y108.300 E1.1037 
G92 E0.0000
; segment
G92 E0.0000
G1 F2400.000
G1 Z8.800
G1 X188.750 Y108.300
G1 X188.750 Y112.000 E0.1226 
G92 E0.0000
; segment
G92 E0.0000
G1 F2400.000
G1 Z8.800
G1 X188.750 Y112.000
G1 X188.750 Y120.750 E0.2900 
G1 X188.250 Y120.750 E0.3066 
G1 X188.250 Y112.000 E0.5966 
G92 E0.0000
; segment
G92 E0.0000
G1 F2400.000
G1 Z8.800
G1 X188.250 Y112.000
G1 X188.250 Y78.700 E1.1037 
G92 E0.0000
; segment
G92 E0.0000
G1 F2400.000
G1 Z8.800
G1 X188.250 Y78.700
G1 X188.250 Y75.000 E0.1226 
G92 E0.0000
; segment
G92 E0.0000
G1 F2400.000
G1 Z8.800
G1 X188.250 Y75.000
G1 X188.250 Y66.250 E0.2900 
G1 X187.750 Y66.250 E0.3066 
G1 X187.750 Y75.000 E0.5966 
G92 E0.0000
; segment
G92 E0.0000
G1 F2400.000
G1 Z8.800
G1 X187.750 Y75.000
G1 X187.750 Y108.300 E1.1037 
G92 E0.0000
; segment
G92 E0.0000
G1 F2400.000
G1 Z8.800
G1 X187.750 Y108.300
G1 X187.750 Y112.000 E0.1226 
G92 E0.0000
; segment
G92 E0.0000
G1 F2400.000
G1 Z8.800
G1 X187.750 Y112.000
G1 X187.750 Y120.750 E0.2900 
G1 X187.250 Y120.750 E0.3066 
G1 X187.250 Y112.000 E0.5966 
G92 E0.0000
; segment
G92 E0.0000
G1 F2400.000
G1 Z8.800
G1 X187.250 Y112.000
G1 X187.250 Y78.700 E1.1037 
G92 E0.0000
; segment
G92 E0.0000
G1 F2400.000
G1 Z8.800
G1 X187.250 Y78.700
G1 X187.250 Y75.000 E0.1226 
G92 E0.0000
; segment
G92 E0.0000
G1 F2400.000
G1 Z8.800
G1 X187.250 Y75.000
G1 X187.250 Y66.250 E0.2900 
G1 X186.750 Y66.250 E0.3066 
G1 X186.750 Y75.000 E0.5966 
G92 E0.0000
; segment
G92 E0.0000
G1 F2400.000
G1 Z8.800
G1 X186.750 Y75.000
G1 X186.750 Y108.300 E1.1037 
G92 E0.0000
; segment
G92 E0.0000
G1 F2400.000
G1 Z8.800
G1 X186.750 Y108.300
G1 X186.750 Y112.000 E0.1226 
G92 E0.0000
; segment
G92 E0.0000
G1 F2400.000
G1 Z8.800
G1 X186.750 Y112.000
G1 X186.750 Y120.750 E0.2900 
G1 X186.250 Y120.750 E0.3066 
G1 X186.250 Y112.000 E0.5966 
G92 E0.0000
; segment
G92 E0.0000
G1 F2400.000
G1 Z8.800
G1 X186.250 Y112.000
G1 X186.250 Y78.700 E1.1037 
G92 E0.0000
; segment
G92 E0.0000
G1 F2400.000
G1 Z8.800
G1 X186.250 Y78.700
G1 X186.250 Y75.000 E0.1226 
G92 E0.0000
; segment
G92 E0.0000
G1 F2400.000
G1 Z8.800
G1 X186.250 Y75.000
G1 X186.250 Y66.250 E0.2900 
G1 X185.750 Y66.250 E0.3066 
G1 X185.750 Y75.000 E0.5966 
G92 E0.0000
; segment
G92 E0.0000
G1 F2400.000
G1 Z8.800
G1 X185.750 Y75.000
G1 X185.750 Y108.300 E1.1037 
G92 E0.0000
; segment
G92 E0.0000
G1 F2400.000
G1 Z8.800
G1 X185.750 Y108.300
G1 X185.750 Y112.000 E0.1226 
G92 E0.0000
; segment
G92 E0.0000
G1 F2400.000
G1 Z8.800
G1 X185.750 Y112.000
G1 X185.750 Y120.750 E0.2900 
G1 X185.250 Y120.750 E0.3066 
G1 X185.250 Y112.000 E0.5966 
G92 E0.0000
; segment
G92 E0.0000
G1 F2400.000
G1 Z8.800
G1 X185.250 Y112.000
G1 X185.250 Y78.700 E1.1037 
G92 E0.0000
; segment
G92 E0.0000
G1 F2400.000
G1 Z8.800
G1 X185.250 Y78.700
G1 X185.250 Y75.000 E0.1226 
G92 E0.0000
; segment
G92 E0.0000
G1 F2400.000
G1 Z8.800
G1 X185.250 Y75.000
G1 X185.250 Y66.250 E0.2900 
G1 X184.750 Y66.250 E0.3066 
G1 X184.750 Y75.000 E0.5966 
G92 E0.0000
; segment
G92 E0.0000
G1 F2400.000
G1 Z8.800
G1 X184.750 Y75.000
G1 X184.750 Y108.300 E1.1037 
G92 E0.0000
; segment
G92 E0.0000
G1 F2400.000
G1 Z8.800
G1 X184.750 Y108.300
G1 X184.750 Y112.000 E0.1226 
G92 E0.0000
; segment
G92 E0.0000
G1 F2400.000
G1 Z8.800
G1 X184.750 Y112.000
G1 X184.750 Y120.750 E0.2900 
G1 X184.250 Y120.750 E0.3066 
G1 X184.250 Y112.000 E0.5966 
G92 E0.0000
; segment
G92 E0.0000
G1 F2400.000
G1 Z8.800
G1 X184.250 Y112.000
G1 X184.250 Y78.700 E1.1037 
G92 E0.0000
; segment
G92 E0.0000
G1 F2400.000
G1 Z8.800
G1 X184.250 Y78.700
G1 X184.250 Y75.000 E0.1226 
G92 E0.0000
; segment
G92 E0.0000
G1 F2400.000
G1 Z8.800
G1 X184.250 Y75.000
G1 X184.250 Y66.250 E0.2900 
G1 X183.750 Y66.250 E0.3066 
G1 X183.750 Y75.000 E0.5966 
G92 E0.0000
; segment
G92 E0.0000
G1 F2400.000
G1 Z8.800
G1 X183.750 Y75.000
G1 X183.750 Y108.300 E1.1037 
G92 E0.0000
; segment
G92 E0.0000
G1 F2400.000
G1 Z8.800
G1 X183.750 Y108.300
G1 X183.750 Y112.000 E0.1226 
G92 E0.0000
; segment
G92 E0.0000
G1 F2400.000
G1 Z8.800
G1 X183.750 Y112.000
G1 X183.750 Y120.750 E0.2900 
G1 X183.250 Y120.750 E0.3066 
G1 X183.250 Y112.000 E0.5966 
G92 E0.0000
; segment
G92 E0.0000
G1 F2400.000
G1 Z8.800
G1 X183.250 Y112.000
G1 X183.250 Y78.700 E1.1037 
G92 E0.0000
; segment
G92 E0.0000
G1 F2400.000
G1 Z8.800
G1 X183.250 Y78.700
G1 X183.250 Y75.000 E0.1226 
G92 E0.0000
; segment
G92 E0.0000
G1 F2400.000
G1 Z8.800
G1 X183.250 Y75.000
G1 X183.250 Y66.250 E0.2900 
G1 X182.750 Y66.250 E0.3066 
G1 X182.750 Y75.000 E0.5966 
G92 E0.0000
; segment
G92 E0.0000
G1 F2400.000
G1 Z8.800
G1 X182.750 Y75.000
G1 X182.750 Y108.300 E1.1037 
G92 E0.0000
; segment
G92 E0.0000
G1 F2400.000
G1 Z8.800
G1 X182.750 Y108.300
G1 X182.750 Y112.000 E0.1226 
G92 E0.0000
; segment
G92 E0.0000
G1 F2400.000
G1 Z8.800
G1 X182.750 Y112.000
G1 X182.750 Y120.750 E0.2900 
G1 X182.250 Y120.750 E0.3066 
G1 X182.250 Y112.000 E0.5966 
G92 E0.0000
; segment
G92 E0.0000
G1 F2400.000
G1 Z8.800
G1 X182.250 Y112.000
G1 X182.250 Y78.700 E1.1037 
G92 E0.0000
; segment
G92 E0.0000
G1 F2400.000
G1 Z8.800
G1 X182.250 Y78.700
G1 X182.250 Y75.000 E0.1226 
G92 E0.0000
; segment
G92 E0.0000
G1 F2400.000
G1 Z8.800
G1 X182.250 Y75.000
G1 X182.250 Y66.250 E0.2900 
G1 X181.750 Y66.250 E0.3066 
G1 X181.750 Y75.000 E0.5966 
G92 E0.0000
; segment
G92 E0.0000
G1 F2400.000
G1 Z8.800
G1 X181.750 Y75.000
G1 X181.750 Y108.300 E1.1037 
G92 E0.0000
; segment
G92 E0.0000
G1 F2400.000
G1 Z8.800
G1 X181.750 Y108.300
G1 X181.750 Y112.000 E0.1226 
G92 E0.0000
; segment
G92 E0.0000
G1 F2400.000
G1 Z8.800
G1 X181.750 Y112.000
G1 X181.750 Y120.750 E0.2900 
G1 X181.250 Y120.750 E0.3066 
G1 X181.250 Y112.000 E0.5966 
G92 E0.0000
; segment
G92 E0.0000
G1 F2400.000
G1 Z8.800
G1 X181.250 Y112.000
G1 X181.250 Y78.700 E1.1037 
G92 E0.0000
; segment
G92 E0.0000
G1 F2400.000
G1 Z8.800
G1 X181.250 Y78.700
G1 X181.250 Y75.000 E0.1226 
G92 E0.0000
; segment
G92 E0.0000
G1 F2400.000
G1 Z8.800
G1 X181.250 Y75.000
G1 X181.250 Y66.250 E0.2900 
G1 X180.750 Y66.250 E0.3066 
G1 X180.750 Y75.000 E0.5966 
G92 E0.0000
; segment
G92 E0.0000
G1 F2400.000
G1 Z8.800
G1 X180.750 Y75.000
G1 X180.750 Y108.300 E1.1037 
G92 E0.0000
; segment
G92 E0.0000
G1 F2400.000
G1 Z8.800
G1 X180.750 Y108.300
G1 X180.750 Y112.000 E0.1226 
G92 E0.0000
; segment
G92 E0.0000
G1 F2400.000
G1 Z8.800
G1 X180.750 Y112.000
G1 X180.750 Y120.750 E0.2900 
G1 X180.250 Y120.750 E0.3066 
G1 X180.250 Y112.000 E0.5966 
G92 E0.0000
; segment
G92 E0.0000
G1 F2400.000
G1 Z8.800
G1 X180.250 Y112.000
G1 X180.250 Y78.700 E1.1037 
G92 E0.0000
; segment
G92 E0.0000
G1 F2400.000
G1 Z8.800
G1 X180.250 Y78.700
G1 X180.250 Y75.000 E0.1226 
G92 E0.0000
; segment
G92 E0.0000
G1 F2400.000
G1 Z8.800
G1 X180.250 Y75.000
G1 X180.250 Y66.250 E0.2900 
G1 X179.750 Y66.250 E0.3066 
G1 X179.750 Y75.000 E0.5966 
G92 E0.0000
; segment
G92 E0.0000
G1 F2400.000
G1 Z8.800
G1 X179.750 Y75.000
G1 X179.750 Y108.300 E1.1037 
G92 E0.0000
; segment
G92 E0.0000
G1 F2400.000
G1 Z8.800
G1 X179.750 Y108.300
G1 X179.750 Y112.000 E0.1226 
G92 E0.0000
; segment
G92 E0.0000
G1 F2400.000
G1 Z8.800
G1 X179.750 Y112.000
G1 X179.750 Y120.750 E0.2900 
G1 X179.250 Y120.750 E0.3066 
G1 X179.250 Y112.000 E0.5966 
G92 E0.0000
; segment
G92 E0.0000
G1 F2400.000
G1 Z8.800
G1 X179.250 Y112.000
G1 X179.250 Y78.700 E1.1037 
G92 E0.0000
; segment
G92 E0.0000
G1 F2400.000
G1 Z8.800
G1 X179.250 Y78.700
G1 X179.250 Y75.000 E0.1226 
G92 E0.0000
; segment
G92 E0.0000
G1 F2400.000
G1 Z8.800
G1 X179.250 Y75.000
G1 X179.250 Y66.250 E0.2900 
G1 X178.750 Y66.250 E0.3066 
G1 X178.750 Y75.000 E0.5966 
G92 E0.0000
; segment
G92 E0.0000
G1 F2400.000
G1 Z8.800
G1 X178.750 Y75.000
G1 X178.750 Y108.300 E1.1037 
G92 E0.0000
; segment
G92 E0.0000
G1 F2400.000
G1 Z8.800
G1 X178.750 Y108.300
G1 X178.750 Y112.000 E0.1226 
G92 E0.0000
; segment
G92 E0.0000
G1 F2400.000
G1 Z8.800
G1 X178.750 Y112.000
G1 X178.750 Y120.750 E0.2900 
G1 X178.250 Y120.750 E0.3066 
G1 X178.250 Y112.000 E0.5966 
G92 E0.0000
; segment
G92 E0.0000
G1 F2400.000
G1 Z8.800
G1 X178.250 Y112.000
G1 X178.250 Y78.700 E1.1037 
G92 E0.0000
; segment
G92 E0.0000
G1 F2400.000
G1 Z8.800
G1 X178.250 Y78.700
G1 X178.250 Y75.000 E0.1226 
G92 E0.0000
; segment
G92 E0.0000
G1 F2400.000
G1 Z8.800
G1 X178.250 Y75.000
G1 X178.250 Y66.250 E0.2900 
G1 X177.750 Y66.250 E0.3066 
G1 X177.750 Y75.000 E0.5966 
G92 E0.0000
; segment
G92 E0.0000
G1 F2400.000
G1 Z8.800
G1 X177.750 Y75.000
G1 X177.750 Y108.300 E1.1037 
G92 E0.0000
; segment
G92 E0.0000
G1 F2400.000
G1 Z8.800
G1 X177.750 Y108.300
G1 X177.750 Y112.000 E0.1226 
G92 E0.0000
; segment
G92 E0.0000
G1 F2400.000
G1 Z8.800
G1 X177.750 Y112.000
G1 X177.750 Y120.750 E0.2900 
G1 X177.250 Y120.750 E0.3066 
G1 X177.250 Y112.000 E0.5966 
G92 E0.0000
; segment
G92 E0.0000
G1 F2400.000
G1 Z8.800
G1 X177.250 Y112.000
G1 X177.250 Y78.700 E1.1037 
G92 E0.0000
; segment
G92 E0.0000
G1 F2400.000
G1 Z8.800
G1 X177.250 Y78.700
G1 X177.250 Y75.000 E0.1226 
G92 E0.0000
; segment
G92 E0.0000
G1 F2400.000
G1 Z8.800
G1 X177.250 Y75.000
G1 X177.250 Y66.250 E0.2900 
G1 X176.750 Y66.250 E0.3066 
G1 X176.750 Y75.000 E0.5966 
G92 E0.0000
; segment
G92 E0.0000
G1 F2400.000
G1 Z8.800
G1 X176.750 Y75.000
G1 X176.750 Y108.300 E1.1037 
G92 E0.0000
; segment
G92 E0.0000
G1 F2400.000
G1 Z8.800
G1 X176.750 Y108.300
G1 X176.750 Y112.000 E0.1226 
G92 E0.0000
; segment
G92 E0.0000
G1 F2400.000
G1 Z8.800
G1 X176.750 Y112.000
G1 X176.750 Y120.750 E0.2900 
G1 X176.250 Y120.750 E0.3066 
G1 X176.250 Y112.000 E0.5966 
G92 E0.0000
; segment
G92 E0.0000
G1 F2400.000
G1 Z8.800
G1 X176.250 Y112.000
G1 X176.250 Y78.700 E1.1037 
G92 E0.0000
; segment
G92 E0.0000
G1 F2400.000
G1 Z8.800
G1 X176.250 Y78.700
G1 X176.250 Y75.000 E0.1226 
G92 E0.0000
; segment
G92 E0.0000
G1 F2400.000
G1 Z8.800
G1 X176.250 Y75.000
G1 X176.250 Y66.250 E0.2900 
G1 X175.750 Y66.250 E0.3066 
G1 X175.750 Y75.000 E0.5966 
G92 E0.0000
; segment
G92 E0.0000
G1 F2400.000
G1 Z8.800
G1 X175.750 Y75.000
G1 X175.750 Y108.300 E1.1037 
G92 E0.0000
; segment
G92 E0.0000
G1 F2400.000
G1 Z8.800
G1 X175.750 Y108.300
G1 X175.750 Y112.000 E0.1226 
G92 E0.0000
; segment
G92 E0.0000
G1 F2400.000
G1 Z8.800
G1 X175.750 Y112.000
G1 X175.750 Y120.750 E0.2900 
G1 X175.250 Y120.750 E0.3066 
G1 X175.250 Y112.000 E0.5966 
G92 E0.0000
; segment
G92 E0.0000
G1 F2400.000
G1 Z8.800
G1 X175.250 Y112.000
G1 X175.250 Y78.700 E1.1037 
G92 E0.0000
; segment
G92 E0.0000
G1 F2400.000
G1 Z8.800
G1 X175.250 Y78.700
G1 X175.250 Y75.000 E0.1226 
G92 E0.0000
; segment
G92 E0.0000
G1 F2400.000
G1 Z8.800
G1 X175.250 Y75.000
G1 X175.250 Y66.250 E0.2900 
G1 X174.750 Y66.250 E0.3066 
G1 X174.750 Y75.000 E0.5966 
G92 E0.0000
; segment
G92 E0.0000
G1 F2400.000
G1 Z8.800
G1 X174.750 Y75.000
G1 X174.750 Y108.300 E1.1037 
G92 E0.0000
; segment
G92 E0.0000
G1 F2400.000
G1 Z8.800
G1 X174.750 Y108.300
G1 X174.750 Y112.000 E0.1226 
G92 E0.0000
; segment
G92 E0.0000
G1 F2400.000
G1 Z8.800
G1 X174.750 Y112.000
G1 X174.750 Y120.750 E0.2900 
G1 X174.250 Y120.750 E0.3066 
G1 X174.250 Y112.000 E0.5966 
G92 E0.0000
; segment
G92 E0.0000
G1 F2400.000
G1 Z8.800
G1 X174.250 Y112.000
G1 X174.250 Y78.700 E1.1037 
G92 E0.0000
; segment
G92 E0.0000
G1 F2400.000
G1 Z8.800
G1 X174.250 Y78.700
G1 X174.250 Y75.000 E0.1226 
G92 E0.0000
; segment
G92 E0.0000
G1 F2400.000
G1 Z8.800
G1 X174.250 Y75.000
G1 X174.250 Y66.250 E0.2900 
G1 X173.750 Y66.250 E0.3066 
G1 X173.750 Y75.000 E0.5966 
G92 E0.0000
; segment
G92 E0.0000
G1 F2400.000
G1 Z8.800
G1 X173.750 Y75.000
G1 X173.750 Y108.300 E1.1037 
G92 E0.0000
; segment
G92 E0.0000
G1 F2400.000
G1 Z8.800
G1 X173.750 Y108.300
G1 X173.750 Y112.000 E0.1226 
G92 E0.0000
; segment
G92 E0.0000
G1 F2400.000
G1 Z8.800
G1 X173.750 Y112.000
G1 X173.750 Y120.750 E0.2900 
G1 X173.250 Y120.750 E0.3066 
G1 X173.250 Y112.000 E0.5966 
G92 E0.0000
; segment
G92 E0.0000
G1 F2400.000
G1 Z8.800
G1 X173.250 Y112.000
G1 X173.250 Y78.700 E1.1037 
G92 E0.0000
; segment
G92 E0.0000
G1 F2400.000
G1 Z8.800
G1 X173.250 Y78.700
G1 X173.250 Y75.000 E0.1226 
G92 E0.0000
; segment
G92 E0.0000
G1 F2400.000
G1 Z8.800
G1 X173.250 Y75.000
G1 X173.250 Y66.250 E0.2900 
G1 X172.750 Y66.250 E0.3066 
G1 X172.750 Y75.000 E0.5966 
G92 E0.0000
; segment
G92 E0.0000
G1 F2400.000
G1 Z8.800
G1 X172.750 Y75.000
G1 X172.750 Y108.300 E1.1037 
G92 E0.0000
; segment
G92 E0.0000
G1 F2400.000
G1 Z8.800
G1 X172.750 Y108.300
G1 X172.750 Y112.000 E0.1226 
G92 E0.0000
; segment
G92 E0.0000
G1 F2400.000
G1 Z8.800
G1 X172.750 Y112.000
G1 X172.750 Y120.750 E0.2900 
G1 X172.250 Y120.750 E0.3066 
G1 X172.250 Y112.000 E0.5966 
G92 E0.0000
; segment
G92 E0.0000
G1 F2400.000
G1 Z8.800
G1 X172.250 Y112.000
G1 X172.250 Y78.700 E1.1037 
G92 E0.0000
; segment
G92 E0.0000
G1 F2400.000
G1 Z8.800
G1 X172.250 Y78.700
G1 X172.250 Y75.000 E0.1226 
G92 E0.0000
; segment
G92 E0.0000
G1 F2400.000
G1 Z8.800
G1 X172.250 Y75.000
G1 X172.250 Y66.250 E0.2900 
G1 X171.750 Y66.250 E0.3066 
G1 X171.750 Y75.000 E0.5966 
G92 E0.0000
; segment
G92 E0.0000
G1 F2400.000
G1 Z8.800
G1 X171.750 Y75.000
G1 X171.750 Y108.300 E1.1037 
G92 E0.0000
; segment
G92 E0.0000
G1 F2400.000
G1 Z8.800
G1 X171.750 Y108.300
G1 X171.750 Y112.000 E0.1226 
G92 E0.0000
; segment
G92 E0.0000
G1 F2400.000
G1 Z8.800
G1 X171.750 Y112.000
G1 X171.750 Y120.750 E0.2900 
G1 X171.250 Y120.750 E0.3066 
G1 X171.250 Y112.000 E0.5966 
G92 E0.0000
; segment
G92 E0.0000
G1 F2400.000
G1 Z8.800
G1 X171.250 Y112.000
G1 X171.250 Y78.700 E1.1037 
G92 E0.0000
; segment
G92 E0.0000
G1 F2400.000
G1 Z8.800
G1 X171.250 Y78.700
G1 X171.250 Y75.000 E0.1226 
G92 E0.0000
; segment
G92 E0.0000
G1 F2400.000
G1 Z8.800
G1 X171.250 Y75.000
G1 X171.250 Y66.250 E0.2900 
G92 E0.0000
; jumping
G92 E3.0000
G1 E0 F2400
G1 X170.250 Y65.250 F12000.000
G1 E3 F2400
G92 E0.0000
; segment
G92 E0.0000
G1 F2400.000
G1 Z9.000
G1 X170.250 Y65.250
G1 X170.250 Y75.000 E0.3232 
G92 E0.0000
; segment
G92 E0.0000
G1 F2400.000
G1 Z9.000
G1 X170.250 Y75.000
G1 X170.250 Y108.300 E1.1037 
G92 E0.0000
; segment
G92 E0.0000
G1 F2400.000
G1 Z9.000
G1 X170.250 Y108.300
G1 X170.250 Y112.000 E0.1226 
G92 E0.0000
; segment
G92 E0.0000
G1 F2400.000
G1 Z9.000
G1 X170.250 Y112.000
G1 X170.250 Y121.750 E0.3232 
G1 X189.750 Y121.750 E0.9695 
G1 X189.750 Y112.000 E1.2927 
G92 E0.0000
; segment
G92 E0.0000
G1 F2400.000
G1 Z9.000
G1 X189.750 Y112.000
G1 X189.750 Y78.700 E1.1037 
G92 E0.0000
; segment
G92 E0.0000
G1 F2400.000
G1 Z9.000
G1 X189.750 Y78.700
G1 X189.750 Y75.000 E0.1226 
G92 E0.0000
; segment
G92 E0.0000
G1 F2400.000
G1 Z9.000
G1 X189.750 Y75.000
G1 X189.750 Y65.250 E0.3232 
G1 X170.250 Y65.250 E0.9695 
G92 E0.0000
; segment
G92 E0.0000
G1 F2400.000
G1 Z9.000
G1 X170.750 Y65.750
G1 X170.750 Y75.000 E0.3066 
G92 E0.0000
; segment
G92 E0.0000
G1 F2400.000
G1 Z9.000
G1 X170.750 Y75.000
G1 X170.750 Y108.300 E1.1037 
G92 E0.0000
; segment
G92 E0.0000
G1 F2400.000
G1 Z9.000
G1 X170.750 Y108.300
G1 X170.750 Y112.000 E0.1226 
G92 E0.0000
; segment
G92 E0.0000
G1 F2400.000
G1 Z9.000
G1 X170.750 Y112.000
G1 X170.750 Y121.250 E0.3066 
G1 X189.250 Y121.250 E0.9198 
G1 X189.250 Y112.000 E1.2264 
G92 E0.0000
; segment
G92 E0.0000
G1 F2400.000
G1 Z9.000
G1 X189.250 Y112.000
G1 X189.250 Y78.700 E1.1037 
G92 E0.0000
; segment
G92 E0.0000
G1 F2400.000
G1 Z9.000
G1 X189.250 Y78.700
G1 X189.250 Y75.000 E0.1226 
G92 E0.0000
; segment
G92 E0.0000
G1 F2400.000
G1 Z9.000
G1 X189.250 Y75.000
G1 X189.250 Y65.750 E0.3066 
G1 X170.750 Y65.750 E0.9198 
G92 E0.0000
; segment
G92 E0.0000
G1 F2400.000
G1 Z9.000
G1 X171.250 Y66.250
G1 X171.250 Y75.000 E0.2900 
G92 E0.0000
; segment
G92 E0.0000
G1 F2400.000
G1 Z9.000
G1 X171.250 Y75.000
G1 X171.250 Y108.300 E1.1037 
G92 E0.0000
; segment
G92 E0.0000
G1 F2400.000
G1 Z9.000
G1 X171.250 Y108.300
G1 X171.250 Y112.000 E0.1226 
G92 E0.0000
; segment
G92 E0.0000
G1 F2400.000
G1 Z9.000
G1 X171.250 Y112.000
G1 X171.250 Y120.750 E0.2900 
G1 X171.750 Y120.750 E0.3066 
G1 X171.750 Y112.000 E0.5966 
G92 E0.0000
; segment
G92 E0.0000
G1 F2400.000
G1 Z9.000
G1 X171.750 Y112.000
G1 X171.750 Y78.700 E1.1037 
G92 E0.0000
; segment
G92 E0.0000
G1 F2400.000
G1 Z9.000
G1 X171.750 Y78.700
G1 X171.750 Y75.000 E0.1226 
G92 E0.0000
; segment
G92 E0.0000
G1 F2400.000
G1 Z9.000
G1 X171.750 Y75.000
G1 X171.750 Y66.250 E0.2900 
G1 X172.250 Y66.250 E0.3066 
G1 X172.250 Y75.000 E0.5966 
G92 E0.0000
; segment
G92 E0.0000
G1 F2400.000
G1 Z9.000
G1 X172.250 Y75.000
G1 X172.250 Y108.300 E1.1037 
G92 E0.0000
; segment
G92 E0.0000
G1 F2400.000
G1 Z9.000
G1 X172.250 Y108.300
G1 X172.250 Y112.000 E0.1226 
G92 E0.0000
; segment
G92 E0.0000
G1 F2400.000
G1 Z9.000
G1 X172.250 Y112.000
G1 X172.250 Y120.750 E0.2900 
G1 X172.750 Y120.750 E0.3066 
G1 X172.750 Y112.000 E0.5966 
G92 E0.0000
; segment
G92 E0.0000
G1 F2400.000
G1 Z9.000
G1 X172.750 Y112.000
G1 X172.750 Y78.700 E1.1037 
G92 E0.0000
; segment
G92 E0.0000
G1 F2400.000
G1 Z9.000
G1 X172.750 Y78.700
G1 X172.750 Y75.000 E0.1226 
G92 E0.0000
; segment
G92 E0.0000
G1 F2400.000
G1 Z9.000
G1 X172.750 Y75.000
G1 X172.750 Y66.250 E0.2900 
G1 X173.250 Y66.250 E0.3066 
G1 X173.250 Y75.000 E0.5966 
G92 E0.0000
; segment
G92 E0.0000
G1 F2400.000
G1 Z9.000
G1 X173.250 Y75.000
G1 X173.250 Y108.300 E1.1037 
G92 E0.0000
; segment
G92 E0.0000
G1 F2400.000
G1 Z9.000
G1 X173.250 Y108.300
G1 X173.250 Y112.000 E0.1226 
G92 E0.0000
; segment
G92 E0.0000
G1 F2400.000
G1 Z9.000
G1 X173.250 Y112.000
G1 X173.250 Y120.750 E0.2900 
G1 X173.750 Y120.750 E0.3066 
G1 X173.750 Y112.000 E0.5966 
G92 E0.0000
; segment
G92 E0.0000
G1 F2400.000
G1 Z9.000
G1 X173.750 Y112.000
G1 X173.750 Y78.700 E1.1037 
G92 E0.0000
; segment
G92 E0.0000
G1 F2400.000
G1 Z9.000
G1 X173.750 Y78.700
G1 X173.750 Y75.000 E0.1226 
G92 E0.0000
; segment
G92 E0.0000
G1 F2400.000
G1 Z9.000
G1 X173.750 Y75.000
G1 X173.750 Y66.250 E0.2900 
G1 X174.250 Y66.250 E0.3066 
G1 X174.250 Y75.000 E0.5966 
G92 E0.0000
; segment
G92 E0.0000
G1 F2400.000
G1 Z9.000
G1 X174.250 Y75.000
G1 X174.250 Y108.300 E1.1037 
G92 E0.0000
; segment
G92 E0.0000
G1 F2400.000
G1 Z9.000
G1 X174.250 Y108.300
G1 X174.250 Y112.000 E0.1226 
G92 E0.0000
; segment
G92 E0.0000
G1 F2400.000
G1 Z9.000
G1 X174.250 Y112.000
G1 X174.250 Y120.750 E0.2900 
G1 X174.750 Y120.750 E0.3066 
G1 X174.750 Y112.000 E0.5966 
G92 E0.0000
; segment
G92 E0.0000
G1 F2400.000
G1 Z9.000
G1 X174.750 Y112.000
G1 X174.750 Y78.700 E1.1037 
G92 E0.0000
; segment
G92 E0.0000
G1 F2400.000
G1 Z9.000
G1 X174.750 Y78.700
G1 X174.750 Y75.000 E0.1226 
G92 E0.0000
; segment
G92 E0.0000
G1 F2400.000
G1 Z9.000
G1 X174.750 Y75.000
G1 X174.750 Y66.250 E0.2900 
G1 X175.250 Y66.250 E0.3066 
G1 X175.250 Y75.000 E0.5966 
G92 E0.0000
; segment
G92 E0.0000
G1 F2400.000
G1 Z9.000
G1 X175.250 Y75.000
G1 X175.250 Y108.300 E1.1037 
G92 E0.0000
; segment
G92 E0.0000
G1 F2400.000
G1 Z9.000
G1 X175.250 Y108.300
G1 X175.250 Y112.000 E0.1226 
G92 E0.0000
; segment
G92 E0.0000
G1 F2400.000
G1 Z9.000
G1 X175.250 Y112.000
G1 X175.250 Y120.750 E0.2900 
G1 X175.750 Y120.750 E0.3066 
G1 X175.750 Y112.000 E0.5966 
G92 E0.0000
; segment
G92 E0.0000
G1 F2400.000
G1 Z9.000
G1 X175.750 Y112.000
G1 X175.750 Y78.700 E1.1037 
G92 E0.0000
; segment
G92 E0.0000
G1 F2400.000
G1 Z9.000
G1 X175.750 Y78.700
G1 X175.750 Y75.000 E0.1226 
G92 E0.0000
; segment
G92 E0.0000
G1 F2400.000
G1 Z9.000
G1 X175.750 Y75.000
G1 X175.750 Y66.250 E0.2900 
G1 X176.250 Y66.250 E0.3066 
G1 X176.250 Y75.000 E0.5966 
G92 E0.0000
; segment
G92 E0.0000
G1 F2400.000
G1 Z9.000
G1 X176.250 Y75.000
G1 X176.250 Y108.300 E1.1037 
G92 E0.0000
; segment
G92 E0.0000
G1 F2400.000
G1 Z9.000
G1 X176.250 Y108.300
G1 X176.250 Y112.000 E0.1226 
G92 E0.0000
; segment
G92 E0.0000
G1 F2400.000
G1 Z9.000
G1 X176.250 Y112.000
G1 X176.250 Y120.750 E0.2900 
G1 X176.750 Y120.750 E0.3066 
G1 X176.750 Y112.000 E0.5966 
G92 E0.0000
; segment
G92 E0.0000
G1 F2400.000
G1 Z9.000
G1 X176.750 Y112.000
G1 X176.750 Y78.700 E1.1037 
G92 E0.0000
; segment
G92 E0.0000
G1 F2400.000
G1 Z9.000
G1 X176.750 Y78.700
G1 X176.750 Y75.000 E0.1226 
G92 E0.0000
; segment
G92 E0.0000
G1 F2400.000
G1 Z9.000
G1 X176.750 Y75.000
G1 X176.750 Y66.250 E0.2900 
G1 X177.250 Y66.250 E0.3066 
G1 X177.250 Y75.000 E0.5966 
G92 E0.0000
; segment
G92 E0.0000
G1 F2400.000
G1 Z9.000
G1 X177.250 Y75.000
G1 X177.250 Y108.300 E1.1037 
G92 E0.0000
; segment
G92 E0.0000
G1 F2400.000
G1 Z9.000
G1 X177.250 Y108.300
G1 X177.250 Y112.000 E0.1226 
G92 E0.0000
; segment
G92 E0.0000
G1 F2400.000
G1 Z9.000
G1 X177.250 Y112.000
G1 X177.250 Y120.750 E0.2900 
G1 X177.750 Y120.750 E0.3066 
G1 X177.750 Y112.000 E0.5966 
G92 E0.0000
; segment
G92 E0.0000
G1 F2400.000
G1 Z9.000
G1 X177.750 Y112.000
G1 X177.750 Y78.700 E1.1037 
G92 E0.0000
; segment
G92 E0.0000
G1 F2400.000
G1 Z9.000
G1 X177.750 Y78.700
G1 X177.750 Y75.000 E0.1226 
G92 E0.0000
; segment
G92 E0.0000
G1 F2400.000
G1 Z9.000
G1 X177.750 Y75.000
G1 X177.750 Y66.250 E0.2900 
G1 X178.250 Y66.250 E0.3066 
G1 X178.250 Y75.000 E0.5966 
G92 E0.0000
; segment
G92 E0.0000
G1 F2400.000
G1 Z9.000
G1 X178.250 Y75.000
G1 X178.250 Y108.300 E1.1037 
G92 E0.0000
; segment
G92 E0.0000
G1 F2400.000
G1 Z9.000
G1 X178.250 Y108.300
G1 X178.250 Y112.000 E0.1226 
G92 E0.0000
; segment
G92 E0.0000
G1 F2400.000
G1 Z9.000
G1 X178.250 Y112.000
G1 X178.250 Y120.750 E0.2900 
G1 X178.750 Y120.750 E0.3066 
G1 X178.750 Y112.000 E0.5966 
G92 E0.0000
; segment
G92 E0.0000
G1 F2400.000
G1 Z9.000
G1 X178.750 Y112.000
G1 X178.750 Y78.700 E1.1037 
G92 E0.0000
; segment
G92 E0.0000
G1 F2400.000
G1 Z9.000
G1 X178.750 Y78.700
G1 X178.750 Y75.000 E0.1226 
G92 E0.0000
; segment
G92 E0.0000
G1 F2400.000
G1 Z9.000
G1 X178.750 Y75.000
G1 X178.750 Y66.250 E0.2900 
G1 X179.250 Y66.250 E0.3066 
G1 X179.250 Y75.000 E0.5966 
G92 E0.0000
; segment
G92 E0.0000
G1 F2400.000
G1 Z9.000
G1 X179.250 Y75.000
G1 X179.250 Y108.300 E1.1037 
G92 E0.0000
; segment
G92 E0.0000
G1 F2400.000
G1 Z9.000
G1 X179.250 Y108.300
G1 X179.250 Y112.000 E0.1226 
G92 E0.0000
; segment
G92 E0.0000
G1 F2400.000
G1 Z9.000
G1 X179.250 Y112.000
G1 X179.250 Y120.750 E0.2900 
G1 X179.750 Y120.750 E0.3066 
G1 X179.750 Y112.000 E0.5966 
G92 E0.0000
; segment
G92 E0.0000
G1 F2400.000
G1 Z9.000
G1 X179.750 Y112.000
G1 X179.750 Y78.700 E1.1037 
G92 E0.0000
; segment
G92 E0.0000
G1 F2400.000
G1 Z9.000
G1 X179.750 Y78.700
G1 X179.750 Y75.000 E0.1226 
G92 E0.0000
; segment
G92 E0.0000
G1 F2400.000
G1 Z9.000
G1 X179.750 Y75.000
G1 X179.750 Y66.250 E0.2900 
G1 X180.250 Y66.250 E0.3066 
G1 X180.250 Y75.000 E0.5966 
G92 E0.0000
; segment
G92 E0.0000
G1 F2400.000
G1 Z9.000
G1 X180.250 Y75.000
G1 X180.250 Y108.300 E1.1037 
G92 E0.0000
; segment
G92 E0.0000
G1 F2400.000
G1 Z9.000
G1 X180.250 Y108.300
G1 X180.250 Y112.000 E0.1226 
G92 E0.0000
; segment
G92 E0.0000
G1 F2400.000
G1 Z9.000
G1 X180.250 Y112.000
G1 X180.250 Y120.750 E0.2900 
G1 X180.750 Y120.750 E0.3066 
G1 X180.750 Y112.000 E0.5966 
G92 E0.0000
; segment
G92 E0.0000
G1 F2400.000
G1 Z9.000
G1 X180.750 Y112.000
G1 X180.750 Y78.700 E1.1037 
G92 E0.0000
; segment
G92 E0.0000
G1 F2400.000
G1 Z9.000
G1 X180.750 Y78.700
G1 X180.750 Y75.000 E0.1226 
G92 E0.0000
; segment
G92 E0.0000
G1 F2400.000
G1 Z9.000
G1 X180.750 Y75.000
G1 X180.750 Y66.250 E0.2900 
G1 X181.250 Y66.250 E0.3066 
G1 X181.250 Y75.000 E0.5966 
G92 E0.0000
; segment
G92 E0.0000
G1 F2400.000
G1 Z9.000
G1 X181.250 Y75.000
G1 X181.250 Y108.300 E1.1037 
G92 E0.0000
; segment
G92 E0.0000
G1 F2400.000
G1 Z9.000
G1 X181.250 Y108.300
G1 X181.250 Y112.000 E0.1226 
G92 E0.0000
; segment
G92 E0.0000
G1 F2400.000
G1 Z9.000
G1 X181.250 Y112.000
G1 X181.250 Y120.750 E0.2900 
G1 X181.750 Y120.750 E0.3066 
G1 X181.750 Y112.000 E0.5966 
G92 E0.0000
; segment
G92 E0.0000
G1 F2400.000
G1 Z9.000
G1 X181.750 Y112.000
G1 X181.750 Y78.700 E1.1037 
G92 E0.0000
; segment
G92 E0.0000
G1 F2400.000
G1 Z9.000
G1 X181.750 Y78.700
G1 X181.750 Y75.000 E0.1226 
G92 E0.0000
; segment
G92 E0.0000
G1 F2400.000
G1 Z9.000
G1 X181.750 Y75.000
G1 X181.750 Y66.250 E0.2900 
G1 X182.250 Y66.250 E0.3066 
G1 X182.250 Y75.000 E0.5966 
G92 E0.0000
; segment
G92 E0.0000
G1 F2400.000
G1 Z9.000
G1 X182.250 Y75.000
G1 X182.250 Y108.300 E1.1037 
G92 E0.0000
; segment
G92 E0.0000
G1 F2400.000
G1 Z9.000
G1 X182.250 Y108.300
G1 X182.250 Y112.000 E0.1226 
G92 E0.0000
; segment
G92 E0.0000
G1 F2400.000
G1 Z9.000
G1 X182.250 Y112.000
G1 X182.250 Y120.750 E0.2900 
G1 X182.750 Y120.750 E0.3066 
G1 X182.750 Y112.000 E0.5966 
G92 E0.0000
; segment
G92 E0.0000
G1 F2400.000
G1 Z9.000
G1 X182.750 Y112.000
G1 X182.750 Y78.700 E1.1037 
G92 E0.0000
; segment
G92 E0.0000
G1 F2400.000
G1 Z9.000
G1 X182.750 Y78.700
G1 X182.750 Y75.000 E0.1226 
G92 E0.0000
; segment
G92 E0.0000
G1 F2400.000
G1 Z9.000
G1 X182.750 Y75.000
G1 X182.750 Y66.250 E0.2900 
G1 X183.250 Y66.250 E0.3066 
G1 X183.250 Y75.000 E0.5966 
G92 E0.0000
; segment
G92 E0.0000
G1 F2400.000
G1 Z9.000
G1 X183.250 Y75.000
G1 X183.250 Y108.300 E1.1037 
G92 E0.0000
; segment
G92 E0.0000
G1 F2400.000
G1 Z9.000
G1 X183.250 Y108.300
G1 X183.250 Y112.000 E0.1226 
G92 E0.0000
; segment
G92 E0.0000
G1 F2400.000
G1 Z9.000
G1 X183.250 Y112.000
G1 X183.250 Y120.750 E0.2900 
G1 X183.750 Y120.750 E0.3066 
G1 X183.750 Y112.000 E0.5966 
G92 E0.0000
; segment
G92 E0.0000
G1 F2400.000
G1 Z9.000
G1 X183.750 Y112.000
G1 X183.750 Y78.700 E1.1037 
G92 E0.0000
; segment
G92 E0.0000
G1 F2400.000
G1 Z9.000
G1 X183.750 Y78.700
G1 X183.750 Y75.000 E0.1226 
G92 E0.0000
; segment
G92 E0.0000
G1 F2400.000
G1 Z9.000
G1 X183.750 Y75.000
G1 X183.750 Y66.250 E0.2900 
G1 X184.250 Y66.250 E0.3066 
G1 X184.250 Y75.000 E0.5966 
G92 E0.0000
; segment
G92 E0.0000
G1 F2400.000
G1 Z9.000
G1 X184.250 Y75.000
G1 X184.250 Y108.300 E1.1037 
G92 E0.0000
; segment
G92 E0.0000
G1 F2400.000
G1 Z9.000
G1 X184.250 Y108.300
G1 X184.250 Y112.000 E0.1226 
G92 E0.0000
; segment
G92 E0.0000
G1 F2400.000
G1 Z9.000
G1 X184.250 Y112.000
G1 X184.250 Y120.750 E0.2900 
G1 X184.750 Y120.750 E0.3066 
G1 X184.750 Y112.000 E0.5966 
G92 E0.0000
; segment
G92 E0.0000
G1 F2400.000
G1 Z9.000
G1 X184.750 Y112.000
G1 X184.750 Y78.700 E1.1037 
G92 E0.0000
; segment
G92 E0.0000
G1 F2400.000
G1 Z9.000
G1 X184.750 Y78.700
G1 X184.750 Y75.000 E0.1226 
G92 E0.0000
; segment
G92 E0.0000
G1 F2400.000
G1 Z9.000
G1 X184.750 Y75.000
G1 X184.750 Y66.250 E0.2900 
G1 X185.250 Y66.250 E0.3066 
G1 X185.250 Y75.000 E0.5966 
G92 E0.0000
; segment
G92 E0.0000
G1 F2400.000
G1 Z9.000
G1 X185.250 Y75.000
G1 X185.250 Y108.300 E1.1037 
G92 E0.0000
; segment
G92 E0.0000
G1 F2400.000
G1 Z9.000
G1 X185.250 Y108.300
G1 X185.250 Y112.000 E0.1226 
G92 E0.0000
; segment
G92 E0.0000
G1 F2400.000
G1 Z9.000
G1 X185.250 Y112.000
G1 X185.250 Y120.750 E0.2900 
G1 X185.750 Y120.750 E0.3066 
G1 X185.750 Y112.000 E0.5966 
G92 E0.0000
; segment
G92 E0.0000
G1 F2400.000
G1 Z9.000
G1 X185.750 Y112.000
G1 X185.750 Y78.700 E1.1037 
G92 E0.0000
; segment
G92 E0.0000
G1 F2400.000
G1 Z9.000
G1 X185.750 Y78.700
G1 X185.750 Y75.000 E0.1226 
G92 E0.0000
; segment
G92 E0.0000
G1 F2400.000
G1 Z9.000
G1 X185.750 Y75.000
G1 X185.750 Y66.250 E0.2900 
G1 X186.250 Y66.250 E0.3066 
G1 X186.250 Y75.000 E0.5966 
G92 E0.0000
; segment
G92 E0.0000
G1 F2400.000
G1 Z9.000
G1 X186.250 Y75.000
G1 X186.250 Y108.300 E1.1037 
G92 E0.0000
; segment
G92 E0.0000
G1 F2400.000
G1 Z9.000
G1 X186.250 Y108.300
G1 X186.250 Y112.000 E0.1226 
G92 E0.0000
; segment
G92 E0.0000
G1 F2400.000
G1 Z9.000
G1 X186.250 Y112.000
G1 X186.250 Y120.750 E0.2900 
G1 X186.750 Y120.750 E0.3066 
G1 X186.750 Y112.000 E0.5966 
G92 E0.0000
; segment
G92 E0.0000
G1 F2400.000
G1 Z9.000
G1 X186.750 Y112.000
G1 X186.750 Y78.700 E1.1037 
G92 E0.0000
; segment
G92 E0.0000
G1 F2400.000
G1 Z9.000
G1 X186.750 Y78.700
G1 X186.750 Y75.000 E0.1226 
G92 E0.0000
; segment
G92 E0.0000
G1 F2400.000
G1 Z9.000
G1 X186.750 Y75.000
G1 X186.750 Y66.250 E0.2900 
G1 X187.250 Y66.250 E0.3066 
G1 X187.250 Y75.000 E0.5966 
G92 E0.0000
; segment
G92 E0.0000
G1 F2400.000
G1 Z9.000
G1 X187.250 Y75.000
G1 X187.250 Y108.300 E1.1037 
G92 E0.0000
; segment
G92 E0.0000
G1 F2400.000
G1 Z9.000
G1 X187.250 Y108.300
G1 X187.250 Y112.000 E0.1226 
G92 E0.0000
; segment
G92 E0.0000
G1 F2400.000
G1 Z9.000
G1 X187.250 Y112.000
G1 X187.250 Y120.750 E0.2900 
G1 X187.750 Y120.750 E0.3066 
G1 X187.750 Y112.000 E0.5966 
G92 E0.0000
; segment
G92 E0.0000
G1 F2400.000
G1 Z9.000
G1 X187.750 Y112.000
G1 X187.750 Y78.700 E1.1037 
G92 E0.0000
; segment
G92 E0.0000
G1 F2400.000
G1 Z9.000
G1 X187.750 Y78.700
G1 X187.750 Y75.000 E0.1226 
G92 E0.0000
; segment
G92 E0.0000
G1 F2400.000
G1 Z9.000
G1 X187.750 Y75.000
G1 X187.750 Y66.250 E0.2900 
G1 X188.250 Y66.250 E0.3066 
G1 X188.250 Y75.000 E0.5966 
G92 E0.0000
; segment
G92 E0.0000
G1 F2400.000
G1 Z9.000
G1 X188.250 Y75.000
G1 X188.250 Y108.300 E1.1037 
G92 E0.0000
; segment
G92 E0.0000
G1 F2400.000
G1 Z9.000
G1 X188.250 Y108.300
G1 X188.250 Y112.000 E0.1226 
G92 E0.0000
; segment
G92 E0.0000
G1 F2400.000
G1 Z9.000
G1 X188.250 Y112.000
G1 X188.250 Y120.750 E0.2900 
G1 X188.750 Y120.750 E0.3066 
G1 X188.750 Y112.000 E0.5966 
G92 E0.0000
; segment
G92 E0.0000
G1 F2400.000
G1 Z9.000
G1 X188.750 Y112.000
G1 X188.750 Y78.700 E1.1037 
G92 E0.0000
; segment
G92 E0.0000
G1 F2400.000
G1 Z9.000
G1 X188.750 Y78.700
G1 X188.750 Y75.000 E0.1226 
G92 E0.0000
; segment
G92 E0.0000
G1 F2400.000
G1 Z9.000
G1 X188.750 Y75.000
G1 X188.750 Y66.250 E0.2900 
G92 E0.0000
; jumping
G92 E3.0000
G1 E0 F2400
G1 X189.750 Y65.250 F12000.000
G1 E3 F2400
G92 E0.0000
; segment
G92 E0.0000
G1 F2400.000
G1 Z9.200
G1 X189.750 Y65.250
G1 X170.250 Y65.250 E0.6463 
G1 X170.250 Y75.000 E0.9695 
G92 E0.0000
; segment
G92 E0.0000
G1 F2400.000
G1 Z9.200
G1 X170.250 Y75.000
G1 X170.250 Y108.300 E1.1037 
G92 E0.0000
; segment
G92 E0.0000
G1 F2400.000
G1 Z9.200
G1 X170.250 Y108.300
G1 X170.250 Y112.000 E0.1226 
G92 E0.0000
; segment
G92 E0.0000
G1 F2400.000
G1 Z9.200
G1 X170.250 Y112.000
G1 X170.250 Y121.750 E0.3232 
G1 X189.750 Y121.750 E0.9695 
G1 X189.750 Y112.000 E1.2927 
G92 E0.0000
; segment
G92 E0.0000
G1 F2400.000
G1 Z9.200
G1 X189.750 Y112.000
G1 X189.750 Y78.700 E1.1037 
G92 E0.0000
; segment
G92 E0.0000
G1 F2400.000
G1 Z9.200
G1 X189.750 Y78.700
G1 X189.750 Y75.000 E0.1226 
G92 E0.0000
; segment
G92 E0.0000
G1 F2400.000
G1 Z9.200
G1 X189.750 Y75.000
G1 X189.750 Y65.250 E0.3232 
G92 E0.0000
; segment
G92 E0.0000
G1 F2400.000
G1 Z9.200
G1 X189.250 Y65.750
G1 X170.750 Y65.750 E0.6132 
G1 X170.750 Y75.000 E0.9198 
G92 E0.0000
; segment
G92 E0.0000
G1 F2400.000
G1 Z9.200
G1 X170.750 Y75.000
G1 X170.750 Y108.300 E1.1037 
G92 E0.0000
; segment
G92 E0.0000
G1 F2400.000
G1 Z9.200
G1 X170.750 Y108.300
G1 X170.750 Y112.000 E0.1226 
G92 E0.0000
; segment
G92 E0.0000
G1 F2400.000
G1 Z9.200
G1 X170.750 Y112.000
G1 X170.750 Y121.250 E0.3066 
G1 X189.250 Y121.250 E0.9198 
G1 X189.250 Y112.000 E1.2264 
G92 E0.0000
; segment
G92 E0.0000
G1 F2400.000
G1 Z9.200
G1 X189.250 Y112.000
G1 X189.250 Y78.700 E1.1037 
G92 E0.0000
; segment
G92 E0.0000
G1 F2400.000
G1 Z9.200
G1 X189.250 Y78.700
G1 X189.250 Y75.000 E0.1226 
G92 E0.0000
; segment
G92 E0.0000
G1 F2400.000
G1 Z9.200
G1 X189.250 Y75.000
G1 X189.250 Y65.750 E0.3066 
G92 E0.0000
; segment
G92 E0.0000
G1 F2400.000
G1 Z9.200
G1 X188.750 Y66.250
G1 X188.750 Y75.000 E0.2900 
G92 E0.0000
; segment
G92 E0.0000
G1 F2400.000
G1 Z9.200
G1 X188.750 Y75.000
G1 X188.750 Y108.300 E1.1037 
G92 E0.0000
; segment
G92 E0.0000
G1 F2400.000
G1 Z9.200
G1 X188.750 Y108.300
G1 X188.750 Y112.000 E0.1226 
G92 E0.0000
; segment
G92 E0.0000
G1 F2400.000
G1 Z9.200
G1 X188.750 Y112.000
G1 X188.750 Y120.750 E0.2900 
G1 X188.250 Y120.750 E0.3066 
G1 X188.250 Y112.000 E0.5966 
G92 E0.0000
; segment
G92 E0.0000
G1 F2400.000
G1 Z9.200
G1 X188.250 Y112.000
G1 X188.250 Y78.700 E1.1037 
G92 E0.0000
; segment
G92 E0.0000
G1 F2400.000
G1 Z9.200
G1 X188.250 Y78.700
G1 X188.250 Y75.000 E0.1226 
G92 E0.0000
; segment
G92 E0.0000
G1 F2400.000
G1 Z9.200
G1 X188.250 Y75.000
G1 X188.250 Y66.250 E0.2900 
G1 X187.750 Y66.250 E0.3066 
G1 X187.750 Y75.000 E0.5966 
G92 E0.0000
; segment
G92 E0.0000
G1 F2400.000
G1 Z9.200
G1 X187.750 Y75.000
G1 X187.750 Y108.300 E1.1037 
G92 E0.0000
; segment
G92 E0.0000
G1 F2400.000
G1 Z9.200
G1 X187.750 Y108.300
G1 X187.750 Y112.000 E0.1226 
G92 E0.0000
; segment
G92 E0.0000
G1 F2400.000
G1 Z9.200
G1 X187.750 Y112.000
G1 X187.750 Y120.750 E0.2900 
G1 X187.250 Y120.750 E0.3066 
G1 X187.250 Y112.000 E0.5966 
G92 E0.0000
; segment
G92 E0.0000
G1 F2400.000
G1 Z9.200
G1 X187.250 Y112.000
G1 X187.250 Y78.700 E1.1037 
G92 E0.0000
; segment
G92 E0.0000
G1 F2400.000
G1 Z9.200
G1 X187.250 Y78.700
G1 X187.250 Y75.000 E0.1226 
G92 E0.0000
; segment
G92 E0.0000
G1 F2400.000
G1 Z9.200
G1 X187.250 Y75.000
G1 X187.250 Y66.250 E0.2900 
G1 X186.750 Y66.250 E0.3066 
G1 X186.750 Y75.000 E0.5966 
G92 E0.0000
; segment
G92 E0.0000
G1 F2400.000
G1 Z9.200
G1 X186.750 Y75.000
G1 X186.750 Y108.300 E1.1037 
G92 E0.0000
; segment
G92 E0.0000
G1 F2400.000
G1 Z9.200
G1 X186.750 Y108.300
G1 X186.750 Y112.000 E0.1226 
G92 E0.0000
; segment
G92 E0.0000
G1 F2400.000
G1 Z9.200
G1 X186.750 Y112.000
G1 X186.750 Y120.750 E0.2900 
G1 X186.250 Y120.750 E0.3066 
G1 X186.250 Y112.000 E0.5966 
G92 E0.0000
; segment
G92 E0.0000
G1 F2400.000
G1 Z9.200
G1 X186.250 Y112.000
G1 X186.250 Y78.700 E1.1037 
G92 E0.0000
; segment
G92 E0.0000
G1 F2400.000
G1 Z9.200
G1 X186.250 Y78.700
G1 X186.250 Y75.000 E0.1226 
G92 E0.0000
; segment
G92 E0.0000
G1 F2400.000
G1 Z9.200
G1 X186.250 Y75.000
G1 X186.250 Y66.250 E0.2900 
G1 X185.750 Y66.250 E0.3066 
G1 X185.750 Y75.000 E0.5966 
G92 E0.0000
; segment
G92 E0.0000
G1 F2400.000
G1 Z9.200
G1 X185.750 Y75.000
G1 X185.750 Y108.300 E1.1037 
G92 E0.0000
; segment
G92 E0.0000
G1 F2400.000
G1 Z9.200
G1 X185.750 Y108.300
G1 X185.750 Y112.000 E0.1226 
G92 E0.0000
; segment
G92 E0.0000
G1 F2400.000
G1 Z9.200
G1 X185.750 Y112.000
G1 X185.750 Y120.750 E0.2900 
G1 X185.250 Y120.750 E0.3066 
G1 X185.250 Y112.000 E0.5966 
G92 E0.0000
; segment
G92 E0.0000
G1 F2400.000
G1 Z9.200
G1 X185.250 Y112.000
G1 X185.250 Y78.700 E1.1037 
G92 E0.0000
; segment
G92 E0.0000
G1 F2400.000
G1 Z9.200
G1 X185.250 Y78.700
G1 X185.250 Y75.000 E0.1226 
G92 E0.0000
; segment
G92 E0.0000
G1 F2400.000
G1 Z9.200
G1 X185.250 Y75.000
G1 X185.250 Y66.250 E0.2900 
G1 X184.750 Y66.250 E0.3066 
G1 X184.750 Y75.000 E0.5966 
G92 E0.0000
; segment
G92 E0.0000
G1 F2400.000
G1 Z9.200
G1 X184.750 Y75.000
G1 X184.750 Y108.300 E1.1037 
G92 E0.0000
; segment
G92 E0.0000
G1 F2400.000
G1 Z9.200
G1 X184.750 Y108.300
G1 X184.750 Y112.000 E0.1226 
G92 E0.0000
; segment
G92 E0.0000
G1 F2400.000
G1 Z9.200
G1 X184.750 Y112.000
G1 X184.750 Y120.750 E0.2900 
G1 X184.250 Y120.750 E0.3066 
G1 X184.250 Y112.000 E0.5966 
G92 E0.0000
; segment
G92 E0.0000
G1 F2400.000
G1 Z9.200
G1 X184.250 Y112.000
G1 X184.250 Y78.700 E1.1037 
G92 E0.0000
; segment
G92 E0.0000
G1 F2400.000
G1 Z9.200
G1 X184.250 Y78.700
G1 X184.250 Y75.000 E0.1226 
G92 E0.0000
; segment
G92 E0.0000
G1 F2400.000
G1 Z9.200
G1 X184.250 Y75.000
G1 X184.250 Y66.250 E0.2900 
G1 X183.750 Y66.250 E0.3066 
G1 X183.750 Y75.000 E0.5966 
G92 E0.0000
; segment
G92 E0.0000
G1 F2400.000
G1 Z9.200
G1 X183.750 Y75.000
G1 X183.750 Y108.300 E1.1037 
G92 E0.0000
; segment
G92 E0.0000
G1 F2400.000
G1 Z9.200
G1 X183.750 Y108.300
G1 X183.750 Y112.000 E0.1226 
G92 E0.0000
; segment
G92 E0.0000
G1 F2400.000
G1 Z9.200
G1 X183.750 Y112.000
G1 X183.750 Y120.750 E0.2900 
G1 X183.250 Y120.750 E0.3066 
G1 X183.250 Y112.000 E0.5966 
G92 E0.0000
; segment
G92 E0.0000
G1 F2400.000
G1 Z9.200
G1 X183.250 Y112.000
G1 X183.250 Y78.700 E1.1037 
G92 E0.0000
; segment
G92 E0.0000
G1 F2400.000
G1 Z9.200
G1 X183.250 Y78.700
G1 X183.250 Y75.000 E0.1226 
G92 E0.0000
; segment
G92 E0.0000
G1 F2400.000
G1 Z9.200
G1 X183.250 Y75.000
G1 X183.250 Y66.250 E0.2900 
G1 X182.750 Y66.250 E0.3066 
G1 X182.750 Y75.000 E0.5966 
G92 E0.0000
; segment
G92 E0.0000
G1 F2400.000
G1 Z9.200
G1 X182.750 Y75.000
G1 X182.750 Y108.300 E1.1037 
G92 E0.0000
; segment
G92 E0.0000
G1 F2400.000
G1 Z9.200
G1 X182.750 Y108.300
G1 X182.750 Y112.000 E0.1226 
G92 E0.0000
; segment
G92 E0.0000
G1 F2400.000
G1 Z9.200
G1 X182.750 Y112.000
G1 X182.750 Y120.750 E0.2900 
G1 X182.250 Y120.750 E0.3066 
G1 X182.250 Y112.000 E0.5966 
G92 E0.0000
; segment
G92 E0.0000
G1 F2400.000
G1 Z9.200
G1 X182.250 Y112.000
G1 X182.250 Y78.700 E1.1037 
G92 E0.0000
; segment
G92 E0.0000
G1 F2400.000
G1 Z9.200
G1 X182.250 Y78.700
G1 X182.250 Y75.000 E0.1226 
G92 E0.0000
; segment
G92 E0.0000
G1 F2400.000
G1 Z9.200
G1 X182.250 Y75.000
G1 X182.250 Y66.250 E0.2900 
G1 X181.750 Y66.250 E0.3066 
G1 X181.750 Y75.000 E0.5966 
G92 E0.0000
; segment
G92 E0.0000
G1 F2400.000
G1 Z9.200
G1 X181.750 Y75.000
G1 X181.750 Y108.300 E1.1037 
G92 E0.0000
; segment
G92 E0.0000
G1 F2400.000
G1 Z9.200
G1 X181.750 Y108.300
G1 X181.750 Y112.000 E0.1226 
G92 E0.0000
; segment
G92 E0.0000
G1 F2400.000
G1 Z9.200
G1 X181.750 Y112.000
G1 X181.750 Y120.750 E0.2900 
G1 X181.250 Y120.750 E0.3066 
G1 X181.250 Y112.000 E0.5966 
G92 E0.0000
; segment
G92 E0.0000
G1 F2400.000
G1 Z9.200
G1 X181.250 Y112.000
G1 X181.250 Y78.700 E1.1037 
G92 E0.0000
; segment
G92 E0.0000
G1 F2400.000
G1 Z9.200
G1 X181.250 Y78.700
G1 X181.250 Y75.000 E0.1226 
G92 E0.0000
; segment
G92 E0.0000
G1 F2400.000
G1 Z9.200
G1 X181.250 Y75.000
G1 X181.250 Y66.250 E0.2900 
G1 X180.750 Y66.250 E0.3066 
G1 X180.750 Y75.000 E0.5966 
G92 E0.0000
; segment
G92 E0.0000
G1 F2400.000
G1 Z9.200
G1 X180.750 Y75.000
G1 X180.750 Y108.300 E1.1037 
G92 E0.0000
; segment
G92 E0.0000
G1 F2400.000
G1 Z9.200
G1 X180.750 Y108.300
G1 X180.750 Y112.000 E0.1226 
G92 E0.0000
; segment
G92 E0.0000
G1 F2400.000
G1 Z9.200
G1 X180.750 Y112.000
G1 X180.750 Y120.750 E0.2900 
G1 X180.250 Y120.750 E0.3066 
G1 X180.250 Y112.000 E0.5966 
G92 E0.0000
; segment
G92 E0.0000
G1 F2400.000
G1 Z9.200
G1 X180.250 Y112.000
G1 X180.250 Y78.700 E1.1037 
G92 E0.0000
; segment
G92 E0.0000
G1 F2400.000
G1 Z9.200
G1 X180.250 Y78.700
G1 X180.250 Y75.000 E0.1226 
G92 E0.0000
; segment
G92 E0.0000
G1 F2400.000
G1 Z9.200
G1 X180.250 Y75.000
G1 X180.250 Y66.250 E0.2900 
G1 X179.750 Y66.250 E0.3066 
G1 X179.750 Y75.000 E0.5966 
G92 E0.0000
; segment
G92 E0.0000
G1 F2400.000
G1 Z9.200
G1 X179.750 Y75.000
G1 X179.750 Y108.300 E1.1037 
G92 E0.0000
; segment
G92 E0.0000
G1 F2400.000
G1 Z9.200
G1 X179.750 Y108.300
G1 X179.750 Y112.000 E0.1226 
G92 E0.0000
; segment
G92 E0.0000
G1 F2400.000
G1 Z9.200
G1 X179.750 Y112.000
G1 X179.750 Y120.750 E0.2900 
G1 X179.250 Y120.750 E0.3066 
G1 X179.250 Y112.000 E0.5966 
G92 E0.0000
; segment
G92 E0.0000
G1 F2400.000
G1 Z9.200
G1 X179.250 Y112.000
G1 X179.250 Y78.700 E1.1037 
G92 E0.0000
; segment
G92 E0.0000
G1 F2400.000
G1 Z9.200
G1 X179.250 Y78.700
G1 X179.250 Y75.000 E0.1226 
G92 E0.0000
; segment
G92 E0.0000
G1 F2400.000
G1 Z9.200
G1 X179.250 Y75.000
G1 X179.250 Y66.250 E0.2900 
G1 X178.750 Y66.250 E0.3066 
G1 X178.750 Y75.000 E0.5966 
G92 E0.0000
; segment
G92 E0.0000
G1 F2400.000
G1 Z9.200
G1 X178.750 Y75.000
G1 X178.750 Y108.300 E1.1037 
G92 E0.0000
; segment
G92 E0.0000
G1 F2400.000
G1 Z9.200
G1 X178.750 Y108.300
G1 X178.750 Y112.000 E0.1226 
G92 E0.0000
; segment
G92 E0.0000
G1 F2400.000
G1 Z9.200
G1 X178.750 Y112.000
G1 X178.750 Y120.750 E0.2900 
G1 X178.250 Y120.750 E0.3066 
G1 X178.250 Y112.000 E0.5966 
G92 E0.0000
; segment
G92 E0.0000
G1 F2400.000
G1 Z9.200
G1 X178.250 Y112.000
G1 X178.250 Y78.700 E1.1037 
G92 E0.0000
; segment
G92 E0.0000
G1 F2400.000
G1 Z9.200
G1 X178.250 Y78.700
G1 X178.250 Y75.000 E0.1226 
G92 E0.0000
; segment
G92 E0.0000
G1 F2400.000
G1 Z9.200
G1 X178.250 Y75.000
G1 X178.250 Y66.250 E0.2900 
G1 X177.750 Y66.250 E0.3066 
G1 X177.750 Y75.000 E0.5966 
G92 E0.0000
; segment
G92 E0.0000
G1 F2400.000
G1 Z9.200
G1 X177.750 Y75.000
G1 X177.750 Y108.300 E1.1037 
G92 E0.0000
; segment
G92 E0.0000
G1 F2400.000
G1 Z9.200
G1 X177.750 Y108.300
G1 X177.750 Y112.000 E0.1226 
G92 E0.0000
; segment
G92 E0.0000
G1 F2400.000
G1 Z9.200
G1 X177.750 Y112.000
G1 X177.750 Y120.750 E0.2900 
G1 X177.250 Y120.750 E0.3066 
G1 X177.250 Y112.000 E0.5966 
G92 E0.0000
; segment
G92 E0.0000
G1 F2400.000
G1 Z9.200
G1 X177.250 Y112.000
G1 X177.250 Y78.700 E1.1037 
G92 E0.0000
; segment
G92 E0.0000
G1 F2400.000
G1 Z9.200
G1 X177.250 Y78.700
G1 X177.250 Y75.000 E0.1226 
G92 E0.0000
; segment
G92 E0.0000
G1 F2400.000
G1 Z9.200
G1 X177.250 Y75.000
G1 X177.250 Y66.250 E0.2900 
G1 X176.750 Y66.250 E0.3066 
G1 X176.750 Y75.000 E0.5966 
G92 E0.0000
; segment
G92 E0.0000
G1 F2400.000
G1 Z9.200
G1 X176.750 Y75.000
G1 X176.750 Y108.300 E1.1037 
G92 E0.0000
; segment
G92 E0.0000
G1 F2400.000
G1 Z9.200
G1 X176.750 Y108.300
G1 X176.750 Y112.000 E0.1226 
G92 E0.0000
; segment
G92 E0.0000
G1 F2400.000
G1 Z9.200
G1 X176.750 Y112.000
G1 X176.750 Y120.750 E0.2900 
G1 X176.250 Y120.750 E0.3066 
G1 X176.250 Y112.000 E0.5966 
G92 E0.0000
; segment
G92 E0.0000
G1 F2400.000
G1 Z9.200
G1 X176.250 Y112.000
G1 X176.250 Y78.700 E1.1037 
G92 E0.0000
; segment
G92 E0.0000
G1 F2400.000
G1 Z9.200
G1 X176.250 Y78.700
G1 X176.250 Y75.000 E0.1226 
G92 E0.0000
; segment
G92 E0.0000
G1 F2400.000
G1 Z9.200
G1 X176.250 Y75.000
G1 X176.250 Y66.250 E0.2900 
G1 X175.750 Y66.250 E0.3066 
G1 X175.750 Y75.000 E0.5966 
G92 E0.0000
; segment
G92 E0.0000
G1 F2400.000
G1 Z9.200
G1 X175.750 Y75.000
G1 X175.750 Y108.300 E1.1037 
G92 E0.0000
; segment
G92 E0.0000
G1 F2400.000
G1 Z9.200
G1 X175.750 Y108.300
G1 X175.750 Y112.000 E0.1226 
G92 E0.0000
; segment
G92 E0.0000
G1 F2400.000
G1 Z9.200
G1 X175.750 Y112.000
G1 X175.750 Y120.750 E0.2900 
G1 X175.250 Y120.750 E0.3066 
G1 X175.250 Y112.000 E0.5966 
G92 E0.0000
; segment
G92 E0.0000
G1 F2400.000
G1 Z9.200
G1 X175.250 Y112.000
G1 X175.250 Y78.700 E1.1037 
G92 E0.0000
; segment
G92 E0.0000
G1 F2400.000
G1 Z9.200
G1 X175.250 Y78.700
G1 X175.250 Y75.000 E0.1226 
G92 E0.0000
; segment
G92 E0.0000
G1 F2400.000
G1 Z9.200
G1 X175.250 Y75.000
G1 X175.250 Y66.250 E0.2900 
G1 X174.750 Y66.250 E0.3066 
G1 X174.750 Y75.000 E0.5966 
G92 E0.0000
; segment
G92 E0.0000
G1 F2400.000
G1 Z9.200
G1 X174.750 Y75.000
G1 X174.750 Y108.300 E1.1037 
G92 E0.0000
; segment
G92 E0.0000
G1 F2400.000
G1 Z9.200
G1 X174.750 Y108.300
G1 X174.750 Y112.000 E0.1226 
G92 E0.0000
; segment
G92 E0.0000
G1 F2400.000
G1 Z9.200
G1 X174.750 Y112.000
G1 X174.750 Y120.750 E0.2900 
G1 X174.250 Y120.750 E0.3066 
G1 X174.250 Y112.000 E0.5966 
G92 E0.0000
; segment
G92 E0.0000
G1 F2400.000
G1 Z9.200
G1 X174.250 Y112.000
G1 X174.250 Y78.700 E1.1037 
G92 E0.0000
; segment
G92 E0.0000
G1 F2400.000
G1 Z9.200
G1 X174.250 Y78.700
G1 X174.250 Y75.000 E0.1226 
G92 E0.0000
; segment
G92 E0.0000
G1 F2400.000
G1 Z9.200
G1 X174.250 Y75.000
G1 X174.250 Y66.250 E0.2900 
G1 X173.750 Y66.250 E0.3066 
G1 X173.750 Y75.000 E0.5966 
G92 E0.0000
; segment
G92 E0.0000
G1 F2400.000
G1 Z9.200
G1 X173.750 Y75.000
G1 X173.750 Y108.300 E1.1037 
G92 E0.0000
; segment
G92 E0.0000
G1 F2400.000
G1 Z9.200
G1 X173.750 Y108.300
G1 X173.750 Y112.000 E0.1226 
G92 E0.0000
; segment
G92 E0.0000
G1 F2400.000
G1 Z9.200
G1 X173.750 Y112.000
G1 X173.750 Y120.750 E0.2900 
G1 X173.250 Y120.750 E0.3066 
G1 X173.250 Y112.000 E0.5966 
G92 E0.0000
; segment
G92 E0.0000
G1 F2400.000
G1 Z9.200
G1 X173.250 Y112.000
G1 X173.250 Y78.700 E1.1037 
G92 E0.0000
; segment
G92 E0.0000
G1 F2400.000
G1 Z9.200
G1 X173.250 Y78.700
G1 X173.250 Y75.000 E0.1226 
G92 E0.0000
; segment
G92 E0.0000
G1 F2400.000
G1 Z9.200
G1 X173.250 Y75.000
G1 X173.250 Y66.250 E0.2900 
G1 X172.750 Y66.250 E0.3066 
G1 X172.750 Y75.000 E0.5966 
G92 E0.0000
; segment
G92 E0.0000
G1 F2400.000
G1 Z9.200
G1 X172.750 Y75.000
G1 X172.750 Y108.300 E1.1037 
G92 E0.0000
; segment
G92 E0.0000
G1 F2400.000
G1 Z9.200
G1 X172.750 Y108.300
G1 X172.750 Y112.000 E0.1226 
G92 E0.0000
; segment
G92 E0.0000
G1 F2400.000
G1 Z9.200
G1 X172.750 Y112.000
G1 X172.750 Y120.750 E0.2900 
G1 X172.250 Y120.750 E0.3066 
G1 X172.250 Y112.000 E0.5966 
G92 E0.0000
; segment
G92 E0.0000
G1 F2400.000
G1 Z9.200
G1 X172.250 Y112.000
G1 X172.250 Y78.700 E1.1037 
G92 E0.0000
; segment
G92 E0.0000
G1 F2400.000
G1 Z9.200
G1 X172.250 Y78.700
G1 X172.250 Y75.000 E0.1226 
G92 E0.0000
; segment
G92 E0.0000
G1 F2400.000
G1 Z9.200
G1 X172.250 Y75.000
G1 X172.250 Y66.250 E0.2900 
G1 X171.750 Y66.250 E0.3066 
G1 X171.750 Y75.000 E0.5966 
G92 E0.0000
; segment
G92 E0.0000
G1 F2400.000
G1 Z9.200
G1 X171.750 Y75.000
G1 X171.750 Y108.300 E1.1037 
G92 E0.0000
; segment
G92 E0.0000
G1 F2400.000
G1 Z9.200
G1 X171.750 Y108.300
G1 X171.750 Y112.000 E0.1226 
G92 E0.0000
; segment
G92 E0.0000
G1 F2400.000
G1 Z9.200
G1 X171.750 Y112.000
G1 X171.750 Y120.750 E0.2900 
G1 X171.250 Y120.750 E0.3066 
G1 X171.250 Y112.000 E0.5966 
G92 E0.0000
; segment
G92 E0.0000
G1 F2400.000
G1 Z9.200
G1 X171.250 Y112.000
G1 X171.250 Y78.700 E1.1037 
G92 E0.0000
; segment
G92 E0.0000
G1 F2400.000
G1 Z9.200
G1 X171.250 Y78.700
G1 X171.250 Y75.000 E0.1226 
G92 E0.0000
; segment
G92 E0.0000
G1 F2400.000
G1 Z9.200
G1 X171.250 Y75.000
G1 X171.250 Y66.250 E0.2900 
G92 E0.0000
; jumping
G92 E3.0000
G1 E0 F2400
G1 X170.250 Y65.250 F12000.000
G1 E3 F2400
G92 E0.0000
; segment
G92 E0.0000
G1 F2400.000
G1 Z9.400
G1 X170.250 Y65.250
G1 X170.250 Y75.000 E0.3232 
G92 E0.0000
; segment
G92 E0.0000
G1 F2400.000
G1 Z9.400
G1 X170.250 Y75.000
G1 X170.250 Y108.300 E1.1037 
G92 E0.0000
; segment
G92 E0.0000
G1 F2400.000
G1 Z9.400
G1 X170.250 Y108.300
G1 X170.250 Y112.000 E0.1226 
G92 E0.0000
; segment
G92 E0.0000
G1 F2400.000
G1 Z9.400
G1 X170.250 Y112.000
G1 X170.250 Y121.750 E0.3232 
G1 X189.750 Y121.750 E0.9695 
G1 X189.750 Y112.000 E1.2927 
G92 E0.0000
; segment
G92 E0.0000
G1 F2400.000
G1 Z9.400
G1 X189.750 Y112.000
G1 X189.750 Y78.700 E1.1037 
G92 E0.0000
; segment
G92 E0.0000
G1 F2400.000
G1 Z9.400
G1 X189.750 Y78.700
G1 X189.750 Y75.000 E0.1226 
G92 E0.0000
; segment
G92 E0.0000
G1 F2400.000
G1 Z9.400
G1 X189.750 Y75.000
G1 X189.750 Y65.250 E0.3232 
G1 X170.250 Y65.250 E0.9695 
G92 E0.0000
; segment
G92 E0.0000
G1 F2400.000
G1 Z9.400
G1 X170.750 Y65.750
G1 X170.750 Y75.000 E0.3066 
G92 E0.0000
; segment
G92 E0.0000
G1 F2400.000
G1 Z9.400
G1 X170.750 Y75.000
G1 X170.750 Y108.300 E1.1037 
G92 E0.0000
; segment
G92 E0.0000
G1 F2400.000
G1 Z9.400
G1 X170.750 Y108.300
G1 X170.750 Y112.000 E0.1226 
G92 E0.0000
; segment
G92 E0.0000
G1 F2400.000
G1 Z9.400
G1 X170.750 Y112.000
G1 X170.750 Y121.250 E0.3066 
G1 X189.250 Y121.250 E0.9198 
G1 X189.250 Y112.000 E1.2264 
G92 E0.0000
; segment
G92 E0.0000
G1 F2400.000
G1 Z9.400
G1 X189.250 Y112.000
G1 X189.250 Y78.700 E1.1037 
G92 E0.0000
; segment
G92 E0.0000
G1 F2400.000
G1 Z9.400
G1 X189.250 Y78.700
G1 X189.250 Y75.000 E0.1226 
G92 E0.0000
; segment
G92 E0.0000
G1 F2400.000
G1 Z9.400
G1 X189.250 Y75.000
G1 X189.250 Y65.750 E0.3066 
G1 X170.750 Y65.750 E0.9198 
G92 E0.0000
; segment
G92 E0.0000
G1 F2400.000
G1 Z9.400
G1 X171.250 Y66.250
G1 X171.250 Y75.000 E0.2900 
G92 E0.0000
; segment
G92 E0.0000
G1 F2400.000
G1 Z9.400
G1 X171.250 Y75.000
G1 X171.250 Y108.300 E1.1037 
G92 E0.0000
; segment
G92 E0.0000
G1 F2400.000
G1 Z9.400
G1 X171.250 Y108.300
G1 X171.250 Y112.000 E0.1226 
G92 E0.0000
; segment
G92 E0.0000
G1 F2400.000
G1 Z9.400
G1 X171.250 Y112.000
G1 X171.250 Y120.750 E0.2900 
G1 X171.750 Y120.750 E0.3066 
G1 X171.750 Y112.000 E0.5966 
G92 E0.0000
; segment
G92 E0.0000
G1 F2400.000
G1 Z9.400
G1 X171.750 Y112.000
G1 X171.750 Y78.700 E1.1037 
G92 E0.0000
; segment
G92 E0.0000
G1 F2400.000
G1 Z9.400
G1 X171.750 Y78.700
G1 X171.750 Y75.000 E0.1226 
G92 E0.0000
; segment
G92 E0.0000
G1 F2400.000
G1 Z9.400
G1 X171.750 Y75.000
G1 X171.750 Y66.250 E0.2900 
G1 X172.250 Y66.250 E0.3066 
G1 X172.250 Y75.000 E0.5966 
G92 E0.0000
; segment
G92 E0.0000
G1 F2400.000
G1 Z9.400
G1 X172.250 Y75.000
G1 X172.250 Y108.300 E1.1037 
G92 E0.0000
; segment
G92 E0.0000
G1 F2400.000
G1 Z9.400
G1 X172.250 Y108.300
G1 X172.250 Y112.000 E0.1226 
G92 E0.0000
; segment
G92 E0.0000
G1 F2400.000
G1 Z9.400
G1 X172.250 Y112.000
G1 X172.250 Y120.750 E0.2900 
G1 X172.750 Y120.750 E0.3066 
G1 X172.750 Y112.000 E0.5966 
G92 E0.0000
; segment
G92 E0.0000
G1 F2400.000
G1 Z9.400
G1 X172.750 Y112.000
G1 X172.750 Y78.700 E1.1037 
G92 E0.0000
; segment
G92 E0.0000
G1 F2400.000
G1 Z9.400
G1 X172.750 Y78.700
G1 X172.750 Y75.000 E0.1226 
G92 E0.0000
; segment
G92 E0.0000
G1 F2400.000
G1 Z9.400
G1 X172.750 Y75.000
G1 X172.750 Y66.250 E0.2900 
G1 X173.250 Y66.250 E0.3066 
G1 X173.250 Y75.000 E0.5966 
G92 E0.0000
; segment
G92 E0.0000
G1 F2400.000
G1 Z9.400
G1 X173.250 Y75.000
G1 X173.250 Y108.300 E1.1037 
G92 E0.0000
; segment
G92 E0.0000
G1 F2400.000
G1 Z9.400
G1 X173.250 Y108.300
G1 X173.250 Y112.000 E0.1226 
G92 E0.0000
; segment
G92 E0.0000
G1 F2400.000
G1 Z9.400
G1 X173.250 Y112.000
G1 X173.250 Y120.750 E0.2900 
G1 X173.750 Y120.750 E0.3066 
G1 X173.750 Y112.000 E0.5966 
G92 E0.0000
; segment
G92 E0.0000
G1 F2400.000
G1 Z9.400
G1 X173.750 Y112.000
G1 X173.750 Y78.700 E1.1037 
G92 E0.0000
; segment
G92 E0.0000
G1 F2400.000
G1 Z9.400
G1 X173.750 Y78.700
G1 X173.750 Y75.000 E0.1226 
G92 E0.0000
; segment
G92 E0.0000
G1 F2400.000
G1 Z9.400
G1 X173.750 Y75.000
G1 X173.750 Y66.250 E0.2900 
G1 X174.250 Y66.250 E0.3066 
G1 X174.250 Y75.000 E0.5966 
G92 E0.0000
; segment
G92 E0.0000
G1 F2400.000
G1 Z9.400
G1 X174.250 Y75.000
G1 X174.250 Y108.300 E1.1037 
G92 E0.0000
; segment
G92 E0.0000
G1 F2400.000
G1 Z9.400
G1 X174.250 Y108.300
G1 X174.250 Y112.000 E0.1226 
G92 E0.0000
; segment
G92 E0.0000
G1 F2400.000
G1 Z9.400
G1 X174.250 Y112.000
G1 X174.250 Y120.750 E0.2900 
G1 X174.750 Y120.750 E0.3066 
G1 X174.750 Y112.000 E0.5966 
G92 E0.0000
; segment
G92 E0.0000
G1 F2400.000
G1 Z9.400
G1 X174.750 Y112.000
G1 X174.750 Y78.700 E1.1037 
G92 E0.0000
; segment
G92 E0.0000
G1 F2400.000
G1 Z9.400
G1 X174.750 Y78.700
G1 X174.750 Y75.000 E0.1226 
G92 E0.0000
; segment
G92 E0.0000
G1 F2400.000
G1 Z9.400
G1 X174.750 Y75.000
G1 X174.750 Y66.250 E0.2900 
G1 X175.250 Y66.250 E0.3066 
G1 X175.250 Y75.000 E0.5966 
G92 E0.0000
; segment
G92 E0.0000
G1 F2400.000
G1 Z9.400
G1 X175.250 Y75.000
G1 X175.250 Y108.300 E1.1037 
G92 E0.0000
; segment
G92 E0.0000
G1 F2400.000
G1 Z9.400
G1 X175.250 Y108.300
G1 X175.250 Y112.000 E0.1226 
G92 E0.0000
; segment
G92 E0.0000
G1 F2400.000
G1 Z9.400
G1 X175.250 Y112.000
G1 X175.250 Y120.750 E0.2900 
G1 X175.750 Y120.750 E0.3066 
G1 X175.750 Y112.000 E0.5966 
G92 E0.0000
; segment
G92 E0.0000
G1 F2400.000
G1 Z9.400
G1 X175.750 Y112.000
G1 X175.750 Y78.700 E1.1037 
G92 E0.0000
; segment
G92 E0.0000
G1 F2400.000
G1 Z9.400
G1 X175.750 Y78.700
G1 X175.750 Y75.000 E0.1226 
G92 E0.0000
; segment
G92 E0.0000
G1 F2400.000
G1 Z9.400
G1 X175.750 Y75.000
G1 X175.750 Y66.250 E0.2900 
G1 X176.250 Y66.250 E0.3066 
G1 X176.250 Y75.000 E0.5966 
G92 E0.0000
; segment
G92 E0.0000
G1 F2400.000
G1 Z9.400
G1 X176.250 Y75.000
G1 X176.250 Y108.300 E1.1037 
G92 E0.0000
; segment
G92 E0.0000
G1 F2400.000
G1 Z9.400
G1 X176.250 Y108.300
G1 X176.250 Y112.000 E0.1226 
G92 E0.0000
; segment
G92 E0.0000
G1 F2400.000
G1 Z9.400
G1 X176.250 Y112.000
G1 X176.250 Y120.750 E0.2900 
G1 X176.750 Y120.750 E0.3066 
G1 X176.750 Y112.000 E0.5966 
G92 E0.0000
; segment
G92 E0.0000
G1 F2400.000
G1 Z9.400
G1 X176.750 Y112.000
G1 X176.750 Y78.700 E1.1037 
G92 E0.0000
; segment
G92 E0.0000
G1 F2400.000
G1 Z9.400
G1 X176.750 Y78.700
G1 X176.750 Y75.000 E0.1226 
G92 E0.0000
; segment
G92 E0.0000
G1 F2400.000
G1 Z9.400
G1 X176.750 Y75.000
G1 X176.750 Y66.250 E0.2900 
G1 X177.250 Y66.250 E0.3066 
G1 X177.250 Y75.000 E0.5966 
G92 E0.0000
; segment
G92 E0.0000
G1 F2400.000
G1 Z9.400
G1 X177.250 Y75.000
G1 X177.250 Y108.300 E1.1037 
G92 E0.0000
; segment
G92 E0.0000
G1 F2400.000
G1 Z9.400
G1 X177.250 Y108.300
G1 X177.250 Y112.000 E0.1226 
G92 E0.0000
; segment
G92 E0.0000
G1 F2400.000
G1 Z9.400
G1 X177.250 Y112.000
G1 X177.250 Y120.750 E0.2900 
G1 X177.750 Y120.750 E0.3066 
G1 X177.750 Y112.000 E0.5966 
G92 E0.0000
; segment
G92 E0.0000
G1 F2400.000
G1 Z9.400
G1 X177.750 Y112.000
G1 X177.750 Y78.700 E1.1037 
G92 E0.0000
; segment
G92 E0.0000
G1 F2400.000
G1 Z9.400
G1 X177.750 Y78.700
G1 X177.750 Y75.000 E0.1226 
G92 E0.0000
; segment
G92 E0.0000
G1 F2400.000
G1 Z9.400
G1 X177.750 Y75.000
G1 X177.750 Y66.250 E0.2900 
G1 X178.250 Y66.250 E0.3066 
G1 X178.250 Y75.000 E0.5966 
G92 E0.0000
; segment
G92 E0.0000
G1 F2400.000
G1 Z9.400
G1 X178.250 Y75.000
G1 X178.250 Y108.300 E1.1037 
G92 E0.0000
; segment
G92 E0.0000
G1 F2400.000
G1 Z9.400
G1 X178.250 Y108.300
G1 X178.250 Y112.000 E0.1226 
G92 E0.0000
; segment
G92 E0.0000
G1 F2400.000
G1 Z9.400
G1 X178.250 Y112.000
G1 X178.250 Y120.750 E0.2900 
G1 X178.750 Y120.750 E0.3066 
G1 X178.750 Y112.000 E0.5966 
G92 E0.0000
; segment
G92 E0.0000
G1 F2400.000
G1 Z9.400
G1 X178.750 Y112.000
G1 X178.750 Y78.700 E1.1037 
G92 E0.0000
; segment
G92 E0.0000
G1 F2400.000
G1 Z9.400
G1 X178.750 Y78.700
G1 X178.750 Y75.000 E0.1226 
G92 E0.0000
; segment
G92 E0.0000
G1 F2400.000
G1 Z9.400
G1 X178.750 Y75.000
G1 X178.750 Y66.250 E0.2900 
G1 X179.250 Y66.250 E0.3066 
G1 X179.250 Y75.000 E0.5966 
G92 E0.0000
; segment
G92 E0.0000
G1 F2400.000
G1 Z9.400
G1 X179.250 Y75.000
G1 X179.250 Y108.300 E1.1037 
G92 E0.0000
; segment
G92 E0.0000
G1 F2400.000
G1 Z9.400
G1 X179.250 Y108.300
G1 X179.250 Y112.000 E0.1226 
G92 E0.0000
; segment
G92 E0.0000
G1 F2400.000
G1 Z9.400
G1 X179.250 Y112.000
G1 X179.250 Y120.750 E0.2900 
G1 X179.750 Y120.750 E0.3066 
G1 X179.750 Y112.000 E0.5966 
G92 E0.0000
; segment
G92 E0.0000
G1 F2400.000
G1 Z9.400
G1 X179.750 Y112.000
G1 X179.750 Y78.700 E1.1037 
G92 E0.0000
; segment
G92 E0.0000
G1 F2400.000
G1 Z9.400
G1 X179.750 Y78.700
G1 X179.750 Y75.000 E0.1226 
G92 E0.0000
; segment
G92 E0.0000
G1 F2400.000
G1 Z9.400
G1 X179.750 Y75.000
G1 X179.750 Y66.250 E0.2900 
G1 X180.250 Y66.250 E0.3066 
G1 X180.250 Y75.000 E0.5966 
G92 E0.0000
; segment
G92 E0.0000
G1 F2400.000
G1 Z9.400
G1 X180.250 Y75.000
G1 X180.250 Y108.300 E1.1037 
G92 E0.0000
; segment
G92 E0.0000
G1 F2400.000
G1 Z9.400
G1 X180.250 Y108.300
G1 X180.250 Y112.000 E0.1226 
G92 E0.0000
; segment
G92 E0.0000
G1 F2400.000
G1 Z9.400
G1 X180.250 Y112.000
G1 X180.250 Y120.750 E0.2900 
G1 X180.750 Y120.750 E0.3066 
G1 X180.750 Y112.000 E0.5966 
G92 E0.0000
; segment
G92 E0.0000
G1 F2400.000
G1 Z9.400
G1 X180.750 Y112.000
G1 X180.750 Y78.700 E1.1037 
G92 E0.0000
; segment
G92 E0.0000
G1 F2400.000
G1 Z9.400
G1 X180.750 Y78.700
G1 X180.750 Y75.000 E0.1226 
G92 E0.0000
; segment
G92 E0.0000
G1 F2400.000
G1 Z9.400
G1 X180.750 Y75.000
G1 X180.750 Y66.250 E0.2900 
G1 X181.250 Y66.250 E0.3066 
G1 X181.250 Y75.000 E0.5966 
G92 E0.0000
; segment
G92 E0.0000
G1 F2400.000
G1 Z9.400
G1 X181.250 Y75.000
G1 X181.250 Y108.300 E1.1037 
G92 E0.0000
; segment
G92 E0.0000
G1 F2400.000
G1 Z9.400
G1 X181.250 Y108.300
G1 X181.250 Y112.000 E0.1226 
G92 E0.0000
; segment
G92 E0.0000
G1 F2400.000
G1 Z9.400
G1 X181.250 Y112.000
G1 X181.250 Y120.750 E0.2900 
G1 X181.750 Y120.750 E0.3066 
G1 X181.750 Y112.000 E0.5966 
G92 E0.0000
; segment
G92 E0.0000
G1 F2400.000
G1 Z9.400
G1 X181.750 Y112.000
G1 X181.750 Y78.700 E1.1037 
G92 E0.0000
; segment
G92 E0.0000
G1 F2400.000
G1 Z9.400
G1 X181.750 Y78.700
G1 X181.750 Y75.000 E0.1226 
G92 E0.0000
; segment
G92 E0.0000
G1 F2400.000
G1 Z9.400
G1 X181.750 Y75.000
G1 X181.750 Y66.250 E0.2900 
G1 X182.250 Y66.250 E0.3066 
G1 X182.250 Y75.000 E0.5966 
G92 E0.0000
; segment
G92 E0.0000
G1 F2400.000
G1 Z9.400
G1 X182.250 Y75.000
G1 X182.250 Y108.300 E1.1037 
G92 E0.0000
; segment
G92 E0.0000
G1 F2400.000
G1 Z9.400
G1 X182.250 Y108.300
G1 X182.250 Y112.000 E0.1226 
G92 E0.0000
; segment
G92 E0.0000
G1 F2400.000
G1 Z9.400
G1 X182.250 Y112.000
G1 X182.250 Y120.750 E0.2900 
G1 X182.750 Y120.750 E0.3066 
G1 X182.750 Y112.000 E0.5966 
G92 E0.0000
; segment
G92 E0.0000
G1 F2400.000
G1 Z9.400
G1 X182.750 Y112.000
G1 X182.750 Y78.700 E1.1037 
G92 E0.0000
; segment
G92 E0.0000
G1 F2400.000
G1 Z9.400
G1 X182.750 Y78.700
G1 X182.750 Y75.000 E0.1226 
G92 E0.0000
; segment
G92 E0.0000
G1 F2400.000
G1 Z9.400
G1 X182.750 Y75.000
G1 X182.750 Y66.250 E0.2900 
G1 X183.250 Y66.250 E0.3066 
G1 X183.250 Y75.000 E0.5966 
G92 E0.0000
; segment
G92 E0.0000
G1 F2400.000
G1 Z9.400
G1 X183.250 Y75.000
G1 X183.250 Y108.300 E1.1037 
G92 E0.0000
; segment
G92 E0.0000
G1 F2400.000
G1 Z9.400
G1 X183.250 Y108.300
G1 X183.250 Y112.000 E0.1226 
G92 E0.0000
; segment
G92 E0.0000
G1 F2400.000
G1 Z9.400
G1 X183.250 Y112.000
G1 X183.250 Y120.750 E0.2900 
G1 X183.750 Y120.750 E0.3066 
G1 X183.750 Y112.000 E0.5966 
G92 E0.0000
; segment
G92 E0.0000
G1 F2400.000
G1 Z9.400
G1 X183.750 Y112.000
G1 X183.750 Y78.700 E1.1037 
G92 E0.0000
; segment
G92 E0.0000
G1 F2400.000
G1 Z9.400
G1 X183.750 Y78.700
G1 X183.750 Y75.000 E0.1226 
G92 E0.0000
; segment
G92 E0.0000
G1 F2400.000
G1 Z9.400
G1 X183.750 Y75.000
G1 X183.750 Y66.250 E0.2900 
G1 X184.250 Y66.250 E0.3066 
G1 X184.250 Y75.000 E0.5966 
G92 E0.0000
; segment
G92 E0.0000
G1 F2400.000
G1 Z9.400
G1 X184.250 Y75.000
G1 X184.250 Y108.300 E1.1037 
G92 E0.0000
; segment
G92 E0.0000
G1 F2400.000
G1 Z9.400
G1 X184.250 Y108.300
G1 X184.250 Y112.000 E0.1226 
G92 E0.0000
; segment
G92 E0.0000
G1 F2400.000
G1 Z9.400
G1 X184.250 Y112.000
G1 X184.250 Y120.750 E0.2900 
G1 X184.750 Y120.750 E0.3066 
G1 X184.750 Y112.000 E0.5966 
G92 E0.0000
; segment
G92 E0.0000
G1 F2400.000
G1 Z9.400
G1 X184.750 Y112.000
G1 X184.750 Y78.700 E1.1037 
G92 E0.0000
; segment
G92 E0.0000
G1 F2400.000
G1 Z9.400
G1 X184.750 Y78.700
G1 X184.750 Y75.000 E0.1226 
G92 E0.0000
; segment
G92 E0.0000
G1 F2400.000
G1 Z9.400
G1 X184.750 Y75.000
G1 X184.750 Y66.250 E0.2900 
G1 X185.250 Y66.250 E0.3066 
G1 X185.250 Y75.000 E0.5966 
G92 E0.0000
; segment
G92 E0.0000
G1 F2400.000
G1 Z9.400
G1 X185.250 Y75.000
G1 X185.250 Y108.300 E1.1037 
G92 E0.0000
; segment
G92 E0.0000
G1 F2400.000
G1 Z9.400
G1 X185.250 Y108.300
G1 X185.250 Y112.000 E0.1226 
G92 E0.0000
; segment
G92 E0.0000
G1 F2400.000
G1 Z9.400
G1 X185.250 Y112.000
G1 X185.250 Y120.750 E0.2900 
G1 X185.750 Y120.750 E0.3066 
G1 X185.750 Y112.000 E0.5966 
G92 E0.0000
; segment
G92 E0.0000
G1 F2400.000
G1 Z9.400
G1 X185.750 Y112.000
G1 X185.750 Y78.700 E1.1037 
G92 E0.0000
; segment
G92 E0.0000
G1 F2400.000
G1 Z9.400
G1 X185.750 Y78.700
G1 X185.750 Y75.000 E0.1226 
G92 E0.0000
; segment
G92 E0.0000
G1 F2400.000
G1 Z9.400
G1 X185.750 Y75.000
G1 X185.750 Y66.250 E0.2900 
G1 X186.250 Y66.250 E0.3066 
G1 X186.250 Y75.000 E0.5966 
G92 E0.0000
; segment
G92 E0.0000
G1 F2400.000
G1 Z9.400
G1 X186.250 Y75.000
G1 X186.250 Y108.300 E1.1037 
G92 E0.0000
; segment
G92 E0.0000
G1 F2400.000
G1 Z9.400
G1 X186.250 Y108.300
G1 X186.250 Y112.000 E0.1226 
G92 E0.0000
; segment
G92 E0.0000
G1 F2400.000
G1 Z9.400
G1 X186.250 Y112.000
G1 X186.250 Y120.750 E0.2900 
G1 X186.750 Y120.750 E0.3066 
G1 X186.750 Y112.000 E0.5966 
G92 E0.0000
; segment
G92 E0.0000
G1 F2400.000
G1 Z9.400
G1 X186.750 Y112.000
G1 X186.750 Y78.700 E1.1037 
G92 E0.0000
; segment
G92 E0.0000
G1 F2400.000
G1 Z9.400
G1 X186.750 Y78.700
G1 X186.750 Y75.000 E0.1226 
G92 E0.0000
; segment
G92 E0.0000
G1 F2400.000
G1 Z9.400
G1 X186.750 Y75.000
G1 X186.750 Y66.250 E0.2900 
G1 X187.250 Y66.250 E0.3066 
G1 X187.250 Y75.000 E0.5966 
G92 E0.0000
; segment
G92 E0.0000
G1 F2400.000
G1 Z9.400
G1 X187.250 Y75.000
G1 X187.250 Y108.300 E1.1037 
G92 E0.0000
; segment
G92 E0.0000
G1 F2400.000
G1 Z9.400
G1 X187.250 Y108.300
G1 X187.250 Y112.000 E0.1226 
G92 E0.0000
; segment
G92 E0.0000
G1 F2400.000
G1 Z9.400
G1 X187.250 Y112.000
G1 X187.250 Y120.750 E0.2900 
G1 X187.750 Y120.750 E0.3066 
G1 X187.750 Y112.000 E0.5966 
G92 E0.0000
; segment
G92 E0.0000
G1 F2400.000
G1 Z9.400
G1 X187.750 Y112.000
G1 X187.750 Y78.700 E1.1037 
G92 E0.0000
; segment
G92 E0.0000
G1 F2400.000
G1 Z9.400
G1 X187.750 Y78.700
G1 X187.750 Y75.000 E0.1226 
G92 E0.0000
; segment
G92 E0.0000
G1 F2400.000
G1 Z9.400
G1 X187.750 Y75.000
G1 X187.750 Y66.250 E0.2900 
G1 X188.250 Y66.250 E0.3066 
G1 X188.250 Y75.000 E0.5966 
G92 E0.0000
; segment
G92 E0.0000
G1 F2400.000
G1 Z9.400
G1 X188.250 Y75.000
G1 X188.250 Y108.300 E1.1037 
G92 E0.0000
; segment
G92 E0.0000
G1 F2400.000
G1 Z9.400
G1 X188.250 Y108.300
G1 X188.250 Y112.000 E0.1226 
G92 E0.0000
; segment
G92 E0.0000
G1 F2400.000
G1 Z9.400
G1 X188.250 Y112.000
G1 X188.250 Y120.750 E0.2900 
G1 X188.750 Y120.750 E0.3066 
G1 X188.750 Y112.000 E0.5966 
G92 E0.0000
; segment
G92 E0.0000
G1 F2400.000
G1 Z9.400
G1 X188.750 Y112.000
G1 X188.750 Y78.700 E1.1037 
G92 E0.0000
; segment
G92 E0.0000
G1 F2400.000
G1 Z9.400
G1 X188.750 Y78.700
G1 X188.750 Y75.000 E0.1226 
G92 E0.0000
; segment
G92 E0.0000
G1 F2400.000
G1 Z9.400
G1 X188.750 Y75.000
G1 X188.750 Y66.250 E0.2900 
G92 E0.0000
; jumping
G92 E3.0000
G1 E0 F2400
G1 X189.750 Y65.250 F12000.000
G1 E3 F2400
G92 E0.0000
; segment
G92 E0.0000
G1 F2400.000
G1 Z9.600
G1 X189.750 Y65.250
G1 X170.250 Y65.250 E0.6463 
G1 X170.250 Y75.000 E0.9695 
G92 E0.0000
; segment
G92 E0.0000
G1 F2400.000
G1 Z9.600
G1 X170.250 Y75.000
G1 X170.250 Y108.300 E1.1037 
G92 E0.0000
; segment
G92 E0.0000
G1 F2400.000
G1 Z9.600
G1 X170.250 Y108.300
G1 X170.250 Y112.000 E0.1226 
G92 E0.0000
; segment
G92 E0.0000
G1 F2400.000
G1 Z9.600
G1 X170.250 Y112.000
G1 X170.250 Y121.750 E0.3232 
G1 X189.750 Y121.750 E0.9695 
G1 X189.750 Y112.000 E1.2927 
G92 E0.0000
; segment
G92 E0.0000
G1 F2400.000
G1 Z9.600
G1 X189.750 Y112.000
G1 X189.750 Y78.700 E1.1037 
G92 E0.0000
; segment
G92 E0.0000
G1 F2400.000
G1 Z9.600
G1 X189.750 Y78.700
G1 X189.750 Y75.000 E0.1226 
G92 E0.0000
; segment
G92 E0.0000
G1 F2400.000
G1 Z9.600
G1 X189.750 Y75.000
G1 X189.750 Y65.250 E0.3232 
G92 E0.0000
; segment
G92 E0.0000
G1 F2400.000
G1 Z9.600
G1 X189.250 Y65.750
G1 X170.750 Y65.750 E0.6132 
G1 X170.750 Y75.000 E0.9198 
G92 E0.0000
; segment
G92 E0.0000
G1 F2400.000
G1 Z9.600
G1 X170.750 Y75.000
G1 X170.750 Y108.300 E1.1037 
G92 E0.0000
; segment
G92 E0.0000
G1 F2400.000
G1 Z9.600
G1 X170.750 Y108.300
G1 X170.750 Y112.000 E0.1226 
G92 E0.0000
; segment
G92 E0.0000
G1 F2400.000
G1 Z9.600
G1 X170.750 Y112.000
G1 X170.750 Y121.250 E0.3066 
G1 X189.250 Y121.250 E0.9198 
G1 X189.250 Y112.000 E1.2264 
G92 E0.0000
; segment
G92 E0.0000
G1 F2400.000
G1 Z9.600
G1 X189.250 Y112.000
G1 X189.250 Y78.700 E1.1037 
G92 E0.0000
; segment
G92 E0.0000
G1 F2400.000
G1 Z9.600
G1 X189.250 Y78.700
G1 X189.250 Y75.000 E0.1226 
G92 E0.0000
; segment
G92 E0.0000
G1 F2400.000
G1 Z9.600
G1 X189.250 Y75.000
G1 X189.250 Y65.750 E0.3066 
G92 E0.0000
; segment
G92 E0.0000
G1 F2400.000
G1 Z9.600
G1 X188.750 Y66.250
G1 X188.750 Y75.000 E0.2900 
G92 E0.0000
; segment
G92 E0.0000
G1 F2400.000
G1 Z9.600
G1 X188.750 Y75.000
G1 X188.750 Y108.300 E1.1037 
G92 E0.0000
; segment
G92 E0.0000
G1 F2400.000
G1 Z9.600
G1 X188.750 Y108.300
G1 X188.750 Y112.000 E0.1226 
G92 E0.0000
; segment
G92 E0.0000
G1 F2400.000
G1 Z9.600
G1 X188.750 Y112.000
G1 X188.750 Y120.750 E0.2900 
G1 X188.250 Y120.750 E0.3066 
G1 X188.250 Y112.000 E0.5966 
G92 E0.0000
; segment
G92 E0.0000
G1 F2400.000
G1 Z9.600
G1 X188.250 Y112.000
G1 X188.250 Y78.700 E1.1037 
G92 E0.0000
; segment
G92 E0.0000
G1 F2400.000
G1 Z9.600
G1 X188.250 Y78.700
G1 X188.250 Y75.000 E0.1226 
G92 E0.0000
; segment
G92 E0.0000
G1 F2400.000
G1 Z9.600
G1 X188.250 Y75.000
G1 X188.250 Y66.250 E0.2900 
G1 X187.750 Y66.250 E0.3066 
G1 X187.750 Y75.000 E0.5966 
G92 E0.0000
; segment
G92 E0.0000
G1 F2400.000
G1 Z9.600
G1 X187.750 Y75.000
G1 X187.750 Y108.300 E1.1037 
G92 E0.0000
; segment
G92 E0.0000
G1 F2400.000
G1 Z9.600
G1 X187.750 Y108.300
G1 X187.750 Y112.000 E0.1226 
G92 E0.0000
; segment
G92 E0.0000
G1 F2400.000
G1 Z9.600
G1 X187.750 Y112.000
G1 X187.750 Y120.750 E0.2900 
G1 X187.250 Y120.750 E0.3066 
G1 X187.250 Y112.000 E0.5966 
G92 E0.0000
; segment
G92 E0.0000
G1 F2400.000
G1 Z9.600
G1 X187.250 Y112.000
G1 X187.250 Y78.700 E1.1037 
G92 E0.0000
; segment
G92 E0.0000
G1 F2400.000
G1 Z9.600
G1 X187.250 Y78.700
G1 X187.250 Y75.000 E0.1226 
G92 E0.0000
; segment
G92 E0.0000
G1 F2400.000
G1 Z9.600
G1 X187.250 Y75.000
G1 X187.250 Y66.250 E0.2900 
G1 X186.750 Y66.250 E0.3066 
G1 X186.750 Y75.000 E0.5966 
G92 E0.0000
; segment
G92 E0.0000
G1 F2400.000
G1 Z9.600
G1 X186.750 Y75.000
G1 X186.750 Y108.300 E1.1037 
G92 E0.0000
; segment
G92 E0.0000
G1 F2400.000
G1 Z9.600
G1 X186.750 Y108.300
G1 X186.750 Y112.000 E0.1226 
G92 E0.0000
; segment
G92 E0.0000
G1 F2400.000
G1 Z9.600
G1 X186.750 Y112.000
G1 X186.750 Y120.750 E0.2900 
G1 X186.250 Y120.750 E0.3066 
G1 X186.250 Y112.000 E0.5966 
G92 E0.0000
; segment
G92 E0.0000
G1 F2400.000
G1 Z9.600
G1 X186.250 Y112.000
G1 X186.250 Y78.700 E1.1037 
G92 E0.0000
; segment
G92 E0.0000
G1 F2400.000
G1 Z9.600
G1 X186.250 Y78.700
G1 X186.250 Y75.000 E0.1226 
G92 E0.0000
; segment
G92 E0.0000
G1 F2400.000
G1 Z9.600
G1 X186.250 Y75.000
G1 X186.250 Y66.250 E0.2900 
G1 X185.750 Y66.250 E0.3066 
G1 X185.750 Y75.000 E0.5966 
G92 E0.0000
; segment
G92 E0.0000
G1 F2400.000
G1 Z9.600
G1 X185.750 Y75.000
G1 X185.750 Y108.300 E1.1037 
G92 E0.0000
; segment
G92 E0.0000
G1 F2400.000
G1 Z9.600
G1 X185.750 Y108.300
G1 X185.750 Y112.000 E0.1226 
G92 E0.0000
; segment
G92 E0.0000
G1 F2400.000
G1 Z9.600
G1 X185.750 Y112.000
G1 X185.750 Y120.750 E0.2900 
G1 X185.250 Y120.750 E0.3066 
G1 X185.250 Y112.000 E0.5966 
G92 E0.0000
; segment
G92 E0.0000
G1 F2400.000
G1 Z9.600
G1 X185.250 Y112.000
G1 X185.250 Y78.700 E1.1037 
G92 E0.0000
; segment
G92 E0.0000
G1 F2400.000
G1 Z9.600
G1 X185.250 Y78.700
G1 X185.250 Y75.000 E0.1226 
G92 E0.0000
; segment
G92 E0.0000
G1 F2400.000
G1 Z9.600
G1 X185.250 Y75.000
G1 X185.250 Y66.250 E0.2900 
G1 X184.750 Y66.250 E0.3066 
G1 X184.750 Y75.000 E0.5966 
G92 E0.0000
; segment
G92 E0.0000
G1 F2400.000
G1 Z9.600
G1 X184.750 Y75.000
G1 X184.750 Y108.300 E1.1037 
G92 E0.0000
; segment
G92 E0.0000
G1 F2400.000
G1 Z9.600
G1 X184.750 Y108.300
G1 X184.750 Y112.000 E0.1226 
G92 E0.0000
; segment
G92 E0.0000
G1 F2400.000
G1 Z9.600
G1 X184.750 Y112.000
G1 X184.750 Y120.750 E0.2900 
G1 X184.250 Y120.750 E0.3066 
G1 X184.250 Y112.000 E0.5966 
G92 E0.0000
; segment
G92 E0.0000
G1 F2400.000
G1 Z9.600
G1 X184.250 Y112.000
G1 X184.250 Y78.700 E1.1037 
G92 E0.0000
; segment
G92 E0.0000
G1 F2400.000
G1 Z9.600
G1 X184.250 Y78.700
G1 X184.250 Y75.000 E0.1226 
G92 E0.0000
; segment
G92 E0.0000
G1 F2400.000
G1 Z9.600
G1 X184.250 Y75.000
G1 X184.250 Y66.250 E0.2900 
G1 X183.750 Y66.250 E0.3066 
G1 X183.750 Y75.000 E0.5966 
G92 E0.0000
; segment
G92 E0.0000
G1 F2400.000
G1 Z9.600
G1 X183.750 Y75.000
G1 X183.750 Y108.300 E1.1037 
G92 E0.0000
; segment
G92 E0.0000
G1 F2400.000
G1 Z9.600
G1 X183.750 Y108.300
G1 X183.750 Y112.000 E0.1226 
G92 E0.0000
; segment
G92 E0.0000
G1 F2400.000
G1 Z9.600
G1 X183.750 Y112.000
G1 X183.750 Y120.750 E0.2900 
G1 X183.250 Y120.750 E0.3066 
G1 X183.250 Y112.000 E0.5966 
G92 E0.0000
; segment
G92 E0.0000
G1 F2400.000
G1 Z9.600
G1 X183.250 Y112.000
G1 X183.250 Y78.700 E1.1037 
G92 E0.0000
; segment
G92 E0.0000
G1 F2400.000
G1 Z9.600
G1 X183.250 Y78.700
G1 X183.250 Y75.000 E0.1226 
G92 E0.0000
; segment
G92 E0.0000
G1 F2400.000
G1 Z9.600
G1 X183.250 Y75.000
G1 X183.250 Y66.250 E0.2900 
G1 X182.750 Y66.250 E0.3066 
G1 X182.750 Y75.000 E0.5966 
G92 E0.0000
; segment
G92 E0.0000
G1 F2400.000
G1 Z9.600
G1 X182.750 Y75.000
G1 X182.750 Y108.300 E1.1037 
G92 E0.0000
; segment
G92 E0.0000
G1 F2400.000
G1 Z9.600
G1 X182.750 Y108.300
G1 X182.750 Y112.000 E0.1226 
G92 E0.0000
; segment
G92 E0.0000
G1 F2400.000
G1 Z9.600
G1 X182.750 Y112.000
G1 X182.750 Y120.750 E0.2900 
G1 X182.250 Y120.750 E0.3066 
G1 X182.250 Y112.000 E0.5966 
G92 E0.0000
; segment
G92 E0.0000
G1 F2400.000
G1 Z9.600
G1 X182.250 Y112.000
G1 X182.250 Y78.700 E1.1037 
G92 E0.0000
; segment
G92 E0.0000
G1 F2400.000
G1 Z9.600
G1 X182.250 Y78.700
G1 X182.250 Y75.000 E0.1226 
G92 E0.0000
; segment
G92 E0.0000
G1 F2400.000
G1 Z9.600
G1 X182.250 Y75.000
G1 X182.250 Y66.250 E0.2900 
G1 X181.750 Y66.250 E0.3066 
G1 X181.750 Y75.000 E0.5966 
G92 E0.0000
; segment
G92 E0.0000
G1 F2400.000
G1 Z9.600
G1 X181.750 Y75.000
G1 X181.750 Y108.300 E1.1037 
G92 E0.0000
; segment
G92 E0.0000
G1 F2400.000
G1 Z9.600
G1 X181.750 Y108.300
G1 X181.750 Y112.000 E0.1226 
G92 E0.0000
; segment
G92 E0.0000
G1 F2400.000
G1 Z9.600
G1 X181.750 Y112.000
G1 X181.750 Y120.750 E0.2900 
G1 X181.250 Y120.750 E0.3066 
G1 X181.250 Y112.000 E0.5966 
G92 E0.0000
; segment
G92 E0.0000
G1 F2400.000
G1 Z9.600
G1 X181.250 Y112.000
G1 X181.250 Y78.700 E1.1037 
G92 E0.0000
; segment
G92 E0.0000
G1 F2400.000
G1 Z9.600
G1 X181.250 Y78.700
G1 X181.250 Y75.000 E0.1226 
G92 E0.0000
; segment
G92 E0.0000
G1 F2400.000
G1 Z9.600
G1 X181.250 Y75.000
G1 X181.250 Y66.250 E0.2900 
G1 X180.750 Y66.250 E0.3066 
G1 X180.750 Y75.000 E0.5966 
G92 E0.0000
; segment
G92 E0.0000
G1 F2400.000
G1 Z9.600
G1 X180.750 Y75.000
G1 X180.750 Y108.300 E1.1037 
G92 E0.0000
; segment
G92 E0.0000
G1 F2400.000
G1 Z9.600
G1 X180.750 Y108.300
G1 X180.750 Y112.000 E0.1226 
G92 E0.0000
; segment
G92 E0.0000
G1 F2400.000
G1 Z9.600
G1 X180.750 Y112.000
G1 X180.750 Y120.750 E0.2900 
G1 X180.250 Y120.750 E0.3066 
G1 X180.250 Y112.000 E0.5966 
G92 E0.0000
; segment
G92 E0.0000
G1 F2400.000
G1 Z9.600
G1 X180.250 Y112.000
G1 X180.250 Y78.700 E1.1037 
G92 E0.0000
; segment
G92 E0.0000
G1 F2400.000
G1 Z9.600
G1 X180.250 Y78.700
G1 X180.250 Y75.000 E0.1226 
G92 E0.0000
; segment
G92 E0.0000
G1 F2400.000
G1 Z9.600
G1 X180.250 Y75.000
G1 X180.250 Y66.250 E0.2900 
G1 X179.750 Y66.250 E0.3066 
G1 X179.750 Y75.000 E0.5966 
G92 E0.0000
; segment
G92 E0.0000
G1 F2400.000
G1 Z9.600
G1 X179.750 Y75.000
G1 X179.750 Y108.300 E1.1037 
G92 E0.0000
; segment
G92 E0.0000
G1 F2400.000
G1 Z9.600
G1 X179.750 Y108.300
G1 X179.750 Y112.000 E0.1226 
G92 E0.0000
; segment
G92 E0.0000
G1 F2400.000
G1 Z9.600
G1 X179.750 Y112.000
G1 X179.750 Y120.750 E0.2900 
G1 X179.250 Y120.750 E0.3066 
G1 X179.250 Y112.000 E0.5966 
G92 E0.0000
; segment
G92 E0.0000
G1 F2400.000
G1 Z9.600
G1 X179.250 Y112.000
G1 X179.250 Y78.700 E1.1037 
G92 E0.0000
; segment
G92 E0.0000
G1 F2400.000
G1 Z9.600
G1 X179.250 Y78.700
G1 X179.250 Y75.000 E0.1226 
G92 E0.0000
; segment
G92 E0.0000
G1 F2400.000
G1 Z9.600
G1 X179.250 Y75.000
G1 X179.250 Y66.250 E0.2900 
G1 X178.750 Y66.250 E0.3066 
G1 X178.750 Y75.000 E0.5966 
G92 E0.0000
; segment
G92 E0.0000
G1 F2400.000
G1 Z9.600
G1 X178.750 Y75.000
G1 X178.750 Y108.300 E1.1037 
G92 E0.0000
; segment
G92 E0.0000
G1 F2400.000
G1 Z9.600
G1 X178.750 Y108.300
G1 X178.750 Y112.000 E0.1226 
G92 E0.0000
; segment
G92 E0.0000
G1 F2400.000
G1 Z9.600
G1 X178.750 Y112.000
G1 X178.750 Y120.750 E0.2900 
G1 X178.250 Y120.750 E0.3066 
G1 X178.250 Y112.000 E0.5966 
G92 E0.0000
; segment
G92 E0.0000
G1 F2400.000
G1 Z9.600
G1 X178.250 Y112.000
G1 X178.250 Y78.700 E1.1037 
G92 E0.0000
; segment
G92 E0.0000
G1 F2400.000
G1 Z9.600
G1 X178.250 Y78.700
G1 X178.250 Y75.000 E0.1226 
G92 E0.0000
; segment
G92 E0.0000
G1 F2400.000
G1 Z9.600
G1 X178.250 Y75.000
G1 X178.250 Y66.250 E0.2900 
G1 X177.750 Y66.250 E0.3066 
G1 X177.750 Y75.000 E0.5966 
G92 E0.0000
; segment
G92 E0.0000
G1 F2400.000
G1 Z9.600
G1 X177.750 Y75.000
G1 X177.750 Y108.300 E1.1037 
G92 E0.0000
; segment
G92 E0.0000
G1 F2400.000
G1 Z9.600
G1 X177.750 Y108.300
G1 X177.750 Y112.000 E0.1226 
G92 E0.0000
; segment
G92 E0.0000
G1 F2400.000
G1 Z9.600
G1 X177.750 Y112.000
G1 X177.750 Y120.750 E0.2900 
G1 X177.250 Y120.750 E0.3066 
G1 X177.250 Y112.000 E0.5966 
G92 E0.0000
; segment
G92 E0.0000
G1 F2400.000
G1 Z9.600
G1 X177.250 Y112.000
G1 X177.250 Y78.700 E1.1037 
G92 E0.0000
; segment
G92 E0.0000
G1 F2400.000
G1 Z9.600
G1 X177.250 Y78.700
G1 X177.250 Y75.000 E0.1226 
G92 E0.0000
; segment
G92 E0.0000
G1 F2400.000
G1 Z9.600
G1 X177.250 Y75.000
G1 X177.250 Y66.250 E0.2900 
G1 X176.750 Y66.250 E0.3066 
G1 X176.750 Y75.000 E0.5966 
G92 E0.0000
; segment
G92 E0.0000
G1 F2400.000
G1 Z9.600
G1 X176.750 Y75.000
G1 X176.750 Y108.300 E1.1037 
G92 E0.0000
; segment
G92 E0.0000
G1 F2400.000
G1 Z9.600
G1 X176.750 Y108.300
G1 X176.750 Y112.000 E0.1226 
G92 E0.0000
; segment
G92 E0.0000
G1 F2400.000
G1 Z9.600
G1 X176.750 Y112.000
G1 X176.750 Y120.750 E0.2900 
G1 X176.250 Y120.750 E0.3066 
G1 X176.250 Y112.000 E0.5966 
G92 E0.0000
; segment
G92 E0.0000
G1 F2400.000
G1 Z9.600
G1 X176.250 Y112.000
G1 X176.250 Y78.700 E1.1037 
G92 E0.0000
; segment
G92 E0.0000
G1 F2400.000
G1 Z9.600
G1 X176.250 Y78.700
G1 X176.250 Y75.000 E0.1226 
G92 E0.0000
; segment
G92 E0.0000
G1 F2400.000
G1 Z9.600
G1 X176.250 Y75.000
G1 X176.250 Y66.250 E0.2900 
G1 X175.750 Y66.250 E0.3066 
G1 X175.750 Y75.000 E0.5966 
G92 E0.0000
; segment
G92 E0.0000
G1 F2400.000
G1 Z9.600
G1 X175.750 Y75.000
G1 X175.750 Y108.300 E1.1037 
G92 E0.0000
; segment
G92 E0.0000
G1 F2400.000
G1 Z9.600
G1 X175.750 Y108.300
G1 X175.750 Y112.000 E0.1226 
G92 E0.0000
; segment
G92 E0.0000
G1 F2400.000
G1 Z9.600
G1 X175.750 Y112.000
G1 X175.750 Y120.750 E0.2900 
G1 X175.250 Y120.750 E0.3066 
G1 X175.250 Y112.000 E0.5966 
G92 E0.0000
; segment
G92 E0.0000
G1 F2400.000
G1 Z9.600
G1 X175.250 Y112.000
G1 X175.250 Y78.700 E1.1037 
G92 E0.0000
; segment
G92 E0.0000
G1 F2400.000
G1 Z9.600
G1 X175.250 Y78.700
G1 X175.250 Y75.000 E0.1226 
G92 E0.0000
; segment
G92 E0.0000
G1 F2400.000
G1 Z9.600
G1 X175.250 Y75.000
G1 X175.250 Y66.250 E0.2900 
G1 X174.750 Y66.250 E0.3066 
G1 X174.750 Y75.000 E0.5966 
G92 E0.0000
; segment
G92 E0.0000
G1 F2400.000
G1 Z9.600
G1 X174.750 Y75.000
G1 X174.750 Y108.300 E1.1037 
G92 E0.0000
; segment
G92 E0.0000
G1 F2400.000
G1 Z9.600
G1 X174.750 Y108.300
G1 X174.750 Y112.000 E0.1226 
G92 E0.0000
; segment
G92 E0.0000
G1 F2400.000
G1 Z9.600
G1 X174.750 Y112.000
G1 X174.750 Y120.750 E0.2900 
G1 X174.250 Y120.750 E0.3066 
G1 X174.250 Y112.000 E0.5966 
G92 E0.0000
; segment
G92 E0.0000
G1 F2400.000
G1 Z9.600
G1 X174.250 Y112.000
G1 X174.250 Y78.700 E1.1037 
G92 E0.0000
; segment
G92 E0.0000
G1 F2400.000
G1 Z9.600
G1 X174.250 Y78.700
G1 X174.250 Y75.000 E0.1226 
G92 E0.0000
; segment
G92 E0.0000
G1 F2400.000
G1 Z9.600
G1 X174.250 Y75.000
G1 X174.250 Y66.250 E0.2900 
G1 X173.750 Y66.250 E0.3066 
G1 X173.750 Y75.000 E0.5966 
G92 E0.0000
; segment
G92 E0.0000
G1 F2400.000
G1 Z9.600
G1 X173.750 Y75.000
G1 X173.750 Y108.300 E1.1037 
G92 E0.0000
; segment
G92 E0.0000
G1 F2400.000
G1 Z9.600
G1 X173.750 Y108.300
G1 X173.750 Y112.000 E0.1226 
G92 E0.0000
; segment
G92 E0.0000
G1 F2400.000
G1 Z9.600
G1 X173.750 Y112.000
G1 X173.750 Y120.750 E0.2900 
G1 X173.250 Y120.750 E0.3066 
G1 X173.250 Y112.000 E0.5966 
G92 E0.0000
; segment
G92 E0.0000
G1 F2400.000
G1 Z9.600
G1 X173.250 Y112.000
G1 X173.250 Y78.700 E1.1037 
G92 E0.0000
; segment
G92 E0.0000
G1 F2400.000
G1 Z9.600
G1 X173.250 Y78.700
G1 X173.250 Y75.000 E0.1226 
G92 E0.0000
; segment
G92 E0.0000
G1 F2400.000
G1 Z9.600
G1 X173.250 Y75.000
G1 X173.250 Y66.250 E0.2900 
G1 X172.750 Y66.250 E0.3066 
G1 X172.750 Y75.000 E0.5966 
G92 E0.0000
; segment
G92 E0.0000
G1 F2400.000
G1 Z9.600
G1 X172.750 Y75.000
G1 X172.750 Y108.300 E1.1037 
G92 E0.0000
; segment
G92 E0.0000
G1 F2400.000
G1 Z9.600
G1 X172.750 Y108.300
G1 X172.750 Y112.000 E0.1226 
G92 E0.0000
; segment
G92 E0.0000
G1 F2400.000
G1 Z9.600
G1 X172.750 Y112.000
G1 X172.750 Y120.750 E0.2900 
G1 X172.250 Y120.750 E0.3066 
G1 X172.250 Y112.000 E0.5966 
G92 E0.0000
; segment
G92 E0.0000
G1 F2400.000
G1 Z9.600
G1 X172.250 Y112.000
G1 X172.250 Y78.700 E1.1037 
G92 E0.0000
; segment
G92 E0.0000
G1 F2400.000
G1 Z9.600
G1 X172.250 Y78.700
G1 X172.250 Y75.000 E0.1226 
G92 E0.0000
; segment
G92 E0.0000
G1 F2400.000
G1 Z9.600
G1 X172.250 Y75.000
G1 X172.250 Y66.250 E0.2900 
G1 X171.750 Y66.250 E0.3066 
G1 X171.750 Y75.000 E0.5966 
G92 E0.0000
; segment
G92 E0.0000
G1 F2400.000
G1 Z9.600
G1 X171.750 Y75.000
G1 X171.750 Y108.300 E1.1037 
G92 E0.0000
; segment
G92 E0.0000
G1 F2400.000
G1 Z9.600
G1 X171.750 Y108.300
G1 X171.750 Y112.000 E0.1226 
G92 E0.0000
; segment
G92 E0.0000
G1 F2400.000
G1 Z9.600
G1 X171.750 Y112.000
G1 X171.750 Y120.750 E0.2900 
G1 X171.250 Y120.750 E0.3066 
G1 X171.250 Y112.000 E0.5966 
G92 E0.0000
; segment
G92 E0.0000
G1 F2400.000
G1 Z9.600
G1 X171.250 Y112.000
G1 X171.250 Y78.700 E1.1037 
G92 E0.0000
; segment
G92 E0.0000
G1 F2400.000
G1 Z9.600
G1 X171.250 Y78.700
G1 X171.250 Y75.000 E0.1226 
G92 E0.0000
; segment
G92 E0.0000
G1 F2400.000
G1 Z9.600
G1 X171.250 Y75.000
G1 X171.250 Y66.250 E0.2900 
G92 E0.0000
; jumping
G92 E3.0000
G1 E0 F2400
G1 X170.250 Y65.250 F12000.000
G1 E3 F2400
G92 E0.0000
; segment
G92 E0.0000
G1 F2400.000
G1 Z9.800
G1 X170.250 Y65.250
G1 X170.250 Y75.000 E0.3232 
G92 E0.0000
; segment
G92 E0.0000
G1 F2400.000
G1 Z9.800
G1 X170.250 Y75.000
G1 X170.250 Y108.300 E1.1037 
G92 E0.0000
; segment
G92 E0.0000
G1 F2400.000
G1 Z9.800
G1 X170.250 Y108.300
G1 X170.250 Y112.000 E0.1226 
G92 E0.0000
; segment
G92 E0.0000
G1 F2400.000
G1 Z9.800
G1 X170.250 Y112.000
G1 X170.250 Y121.750 E0.3232 
G1 X189.750 Y121.750 E0.9695 
G1 X189.750 Y112.000 E1.2927 
G92 E0.0000
; segment
G92 E0.0000
G1 F2400.000
G1 Z9.800
G1 X189.750 Y112.000
G1 X189.750 Y78.700 E1.1037 
G92 E0.0000
; segment
G92 E0.0000
G1 F2400.000
G1 Z9.800
G1 X189.750 Y78.700
G1 X189.750 Y75.000 E0.1226 
G92 E0.0000
; segment
G92 E0.0000
G1 F2400.000
G1 Z9.800
G1 X189.750 Y75.000
G1 X189.750 Y65.250 E0.3232 
G1 X170.250 Y65.250 E0.9695 
G92 E0.0000
; segment
G92 E0.0000
G1 F2400.000
G1 Z9.800
G1 X170.750 Y65.750
G1 X170.750 Y75.000 E0.3066 
G92 E0.0000
; segment
G92 E0.0000
G1 F2400.000
G1 Z9.800
G1 X170.750 Y75.000
G1 X170.750 Y108.300 E1.1037 
G92 E0.0000
; segment
G92 E0.0000
G1 F2400.000
G1 Z9.800
G1 X170.750 Y108.300
G1 X170.750 Y112.000 E0.1226 
G92 E0.0000
; segment
G92 E0.0000
G1 F2400.000
G1 Z9.800
G1 X170.750 Y112.000
G1 X170.750 Y121.250 E0.3066 
G1 X189.250 Y121.250 E0.9198 
G1 X189.250 Y112.000 E1.2264 
G92 E0.0000
; segment
G92 E0.0000
G1 F2400.000
G1 Z9.800
G1 X189.250 Y112.000
G1 X189.250 Y78.700 E1.1037 
G92 E0.0000
; segment
G92 E0.0000
G1 F2400.000
G1 Z9.800
G1 X189.250 Y78.700
G1 X189.250 Y75.000 E0.1226 
G92 E0.0000
; segment
G92 E0.0000
G1 F2400.000
G1 Z9.800
G1 X189.250 Y75.000
G1 X189.250 Y65.750 E0.3066 
G1 X170.750 Y65.750 E0.9198 
G92 E0.0000
; segment
G92 E0.0000
G1 F2400.000
G1 Z9.800
G1 X171.250 Y66.250
G1 X171.250 Y75.000 E0.2900 
G92 E0.0000
; segment
G92 E0.0000
G1 F2400.000
G1 Z9.800
G1 X171.250 Y75.000
G1 X171.250 Y108.300 E1.1037 
G92 E0.0000
; segment
G92 E0.0000
G1 F2400.000
G1 Z9.800
G1 X171.250 Y108.300
G1 X171.250 Y112.000 E0.1226 
G92 E0.0000
; segment
G92 E0.0000
G1 F2400.000
G1 Z9.800
G1 X171.250 Y112.000
G1 X171.250 Y120.750 E0.2900 
G1 X171.750 Y120.750 E0.3066 
G1 X171.750 Y112.000 E0.5966 
G92 E0.0000
; segment
G92 E0.0000
G1 F2400.000
G1 Z9.800
G1 X171.750 Y112.000
G1 X171.750 Y78.700 E1.1037 
G92 E0.0000
; segment
G92 E0.0000
G1 F2400.000
G1 Z9.800
G1 X171.750 Y78.700
G1 X171.750 Y75.000 E0.1226 
G92 E0.0000
; segment
G92 E0.0000
G1 F2400.000
G1 Z9.800
G1 X171.750 Y75.000
G1 X171.750 Y66.250 E0.2900 
G1 X172.250 Y66.250 E0.3066 
G1 X172.250 Y75.000 E0.5966 
G92 E0.0000
; segment
G92 E0.0000
G1 F2400.000
G1 Z9.800
G1 X172.250 Y75.000
G1 X172.250 Y108.300 E1.1037 
G92 E0.0000
; segment
G92 E0.0000
G1 F2400.000
G1 Z9.800
G1 X172.250 Y108.300
G1 X172.250 Y112.000 E0.1226 
G92 E0.0000
; segment
G92 E0.0000
G1 F2400.000
G1 Z9.800
G1 X172.250 Y112.000
G1 X172.250 Y120.750 E0.2900 
G1 X172.750 Y120.750 E0.3066 
G1 X172.750 Y112.000 E0.5966 
G92 E0.0000
; segment
G92 E0.0000
G1 F2400.000
G1 Z9.800
G1 X172.750 Y112.000
G1 X172.750 Y78.700 E1.1037 
G92 E0.0000
; segment
G92 E0.0000
G1 F2400.000
G1 Z9.800
G1 X172.750 Y78.700
G1 X172.750 Y75.000 E0.1226 
G92 E0.0000
; segment
G92 E0.0000
G1 F2400.000
G1 Z9.800
G1 X172.750 Y75.000
G1 X172.750 Y66.250 E0.2900 
G1 X173.250 Y66.250 E0.3066 
G1 X173.250 Y75.000 E0.5966 
G92 E0.0000
; segment
G92 E0.0000
G1 F2400.000
G1 Z9.800
G1 X173.250 Y75.000
G1 X173.250 Y108.300 E1.1037 
G92 E0.0000
; segment
G92 E0.0000
G1 F2400.000
G1 Z9.800
G1 X173.250 Y108.300
G1 X173.250 Y112.000 E0.1226 
G92 E0.0000
; segment
G92 E0.0000
G1 F2400.000
G1 Z9.800
G1 X173.250 Y112.000
G1 X173.250 Y120.750 E0.2900 
G1 X173.750 Y120.750 E0.3066 
G1 X173.750 Y112.000 E0.5966 
G92 E0.0000
; segment
G92 E0.0000
G1 F2400.000
G1 Z9.800
G1 X173.750 Y112.000
G1 X173.750 Y78.700 E1.1037 
G92 E0.0000
; segment
G92 E0.0000
G1 F2400.000
G1 Z9.800
G1 X173.750 Y78.700
G1 X173.750 Y75.000 E0.1226 
G92 E0.0000
; segment
G92 E0.0000
G1 F2400.000
G1 Z9.800
G1 X173.750 Y75.000
G1 X173.750 Y66.250 E0.2900 
G1 X174.250 Y66.250 E0.3066 
G1 X174.250 Y75.000 E0.5966 
G92 E0.0000
; segment
G92 E0.0000
G1 F2400.000
G1 Z9.800
G1 X174.250 Y75.000
G1 X174.250 Y108.300 E1.1037 
G92 E0.0000
; segment
G92 E0.0000
G1 F2400.000
G1 Z9.800
G1 X174.250 Y108.300
G1 X174.250 Y112.000 E0.1226 
G92 E0.0000
; segment
G92 E0.0000
G1 F2400.000
G1 Z9.800
G1 X174.250 Y112.000
G1 X174.250 Y120.750 E0.2900 
G1 X174.750 Y120.750 E0.3066 
G1 X174.750 Y112.000 E0.5966 
G92 E0.0000
; segment
G92 E0.0000
G1 F2400.000
G1 Z9.800
G1 X174.750 Y112.000
G1 X174.750 Y78.700 E1.1037 
G92 E0.0000
; segment
G92 E0.0000
G1 F2400.000
G1 Z9.800
G1 X174.750 Y78.700
G1 X174.750 Y75.000 E0.1226 
G92 E0.0000
; segment
G92 E0.0000
G1 F2400.000
G1 Z9.800
G1 X174.750 Y75.000
G1 X174.750 Y66.250 E0.2900 
G1 X175.250 Y66.250 E0.3066 
G1 X175.250 Y75.000 E0.5966 
G92 E0.0000
; segment
G92 E0.0000
G1 F2400.000
G1 Z9.800
G1 X175.250 Y75.000
G1 X175.250 Y108.300 E1.1037 
G92 E0.0000
; segment
G92 E0.0000
G1 F2400.000
G1 Z9.800
G1 X175.250 Y108.300
G1 X175.250 Y112.000 E0.1226 
G92 E0.0000
; segment
G92 E0.0000
G1 F2400.000
G1 Z9.800
G1 X175.250 Y112.000
G1 X175.250 Y120.750 E0.2900 
G1 X175.750 Y120.750 E0.3066 
G1 X175.750 Y112.000 E0.5966 
G92 E0.0000
; segment
G92 E0.0000
G1 F2400.000
G1 Z9.800
G1 X175.750 Y112.000
G1 X175.750 Y78.700 E1.1037 
G92 E0.0000
; segment
G92 E0.0000
G1 F2400.000
G1 Z9.800
G1 X175.750 Y78.700
G1 X175.750 Y75.000 E0.1226 
G92 E0.0000
; segment
G92 E0.0000
G1 F2400.000
G1 Z9.800
G1 X175.750 Y75.000
G1 X175.750 Y66.250 E0.2900 
G1 X176.250 Y66.250 E0.3066 
G1 X176.250 Y75.000 E0.5966 
G92 E0.0000
; segment
G92 E0.0000
G1 F2400.000
G1 Z9.800
G1 X176.250 Y75.000
G1 X176.250 Y108.300 E1.1037 
G92 E0.0000
; segment
G92 E0.0000
G1 F2400.000
G1 Z9.800
G1 X176.250 Y108.300
G1 X176.250 Y112.000 E0.1226 
G92 E0.0000
; segment
G92 E0.0000
G1 F2400.000
G1 Z9.800
G1 X176.250 Y112.000
G1 X176.250 Y120.750 E0.2900 
G1 X176.750 Y120.750 E0.3066 
G1 X176.750 Y112.000 E0.5966 
G92 E0.0000
; segment
G92 E0.0000
G1 F2400.000
G1 Z9.800
G1 X176.750 Y112.000
G1 X176.750 Y78.700 E1.1037 
G92 E0.0000
; segment
G92 E0.0000
G1 F2400.000
G1 Z9.800
G1 X176.750 Y78.700
G1 X176.750 Y75.000 E0.1226 
G92 E0.0000
; segment
G92 E0.0000
G1 F2400.000
G1 Z9.800
G1 X176.750 Y75.000
G1 X176.750 Y66.250 E0.2900 
G1 X177.250 Y66.250 E0.3066 
G1 X177.250 Y75.000 E0.5966 
G92 E0.0000
; segment
G92 E0.0000
G1 F2400.000
G1 Z9.800
G1 X177.250 Y75.000
G1 X177.250 Y108.300 E1.1037 
G92 E0.0000
; segment
G92 E0.0000
G1 F2400.000
G1 Z9.800
G1 X177.250 Y108.300
G1 X177.250 Y112.000 E0.1226 
G92 E0.0000
; segment
G92 E0.0000
G1 F2400.000
G1 Z9.800
G1 X177.250 Y112.000
G1 X177.250 Y120.750 E0.2900 
G1 X177.750 Y120.750 E0.3066 
G1 X177.750 Y112.000 E0.5966 
G92 E0.0000
; segment
G92 E0.0000
G1 F2400.000
G1 Z9.800
G1 X177.750 Y112.000
G1 X177.750 Y78.700 E1.1037 
G92 E0.0000
; segment
G92 E0.0000
G1 F2400.000
G1 Z9.800
G1 X177.750 Y78.700
G1 X177.750 Y75.000 E0.1226 
G92 E0.0000
; segment
G92 E0.0000
G1 F2400.000
G1 Z9.800
G1 X177.750 Y75.000
G1 X177.750 Y66.250 E0.2900 
G1 X178.250 Y66.250 E0.3066 
G1 X178.250 Y75.000 E0.5966 
G92 E0.0000
; segment
G92 E0.0000
G1 F2400.000
G1 Z9.800
G1 X178.250 Y75.000
G1 X178.250 Y108.300 E1.1037 
G92 E0.0000
; segment
G92 E0.0000
G1 F2400.000
G1 Z9.800
G1 X178.250 Y108.300
G1 X178.250 Y112.000 E0.1226 
G92 E0.0000
; segment
G92 E0.0000
G1 F2400.000
G1 Z9.800
G1 X178.250 Y112.000
G1 X178.250 Y120.750 E0.2900 
G1 X178.750 Y120.750 E0.3066 
G1 X178.750 Y112.000 E0.5966 
G92 E0.0000
; segment
G92 E0.0000
G1 F2400.000
G1 Z9.800
G1 X178.750 Y112.000
G1 X178.750 Y78.700 E1.1037 
G92 E0.0000
; segment
G92 E0.0000
G1 F2400.000
G1 Z9.800
G1 X178.750 Y78.700
G1 X178.750 Y75.000 E0.1226 
G92 E0.0000
; segment
G92 E0.0000
G1 F2400.000
G1 Z9.800
G1 X178.750 Y75.000
G1 X178.750 Y66.250 E0.2900 
G1 X179.250 Y66.250 E0.3066 
G1 X179.250 Y75.000 E0.5966 
G92 E0.0000
; segment
G92 E0.0000
G1 F2400.000
G1 Z9.800
G1 X179.250 Y75.000
G1 X179.250 Y108.300 E1.1037 
G92 E0.0000
; segment
G92 E0.0000
G1 F2400.000
G1 Z9.800
G1 X179.250 Y108.300
G1 X179.250 Y112.000 E0.1226 
G92 E0.0000
; segment
G92 E0.0000
G1 F2400.000
G1 Z9.800
G1 X179.250 Y112.000
G1 X179.250 Y120.750 E0.2900 
G1 X179.750 Y120.750 E0.3066 
G1 X179.750 Y112.000 E0.5966 
G92 E0.0000
; segment
G92 E0.0000
G1 F2400.000
G1 Z9.800
G1 X179.750 Y112.000
G1 X179.750 Y78.700 E1.1037 
G92 E0.0000
; segment
G92 E0.0000
G1 F2400.000
G1 Z9.800
G1 X179.750 Y78.700
G1 X179.750 Y75.000 E0.1226 
G92 E0.0000
; segment
G92 E0.0000
G1 F2400.000
G1 Z9.800
G1 X179.750 Y75.000
G1 X179.750 Y66.250 E0.2900 
G1 X180.250 Y66.250 E0.3066 
G1 X180.250 Y75.000 E0.5966 
G92 E0.0000
; segment
G92 E0.0000
G1 F2400.000
G1 Z9.800
G1 X180.250 Y75.000
G1 X180.250 Y108.300 E1.1037 
G92 E0.0000
; segment
G92 E0.0000
G1 F2400.000
G1 Z9.800
G1 X180.250 Y108.300
G1 X180.250 Y112.000 E0.1226 
G92 E0.0000
; segment
G92 E0.0000
G1 F2400.000
G1 Z9.800
G1 X180.250 Y112.000
G1 X180.250 Y120.750 E0.2900 
G1 X180.750 Y120.750 E0.3066 
G1 X180.750 Y112.000 E0.5966 
G92 E0.0000
; segment
G92 E0.0000
G1 F2400.000
G1 Z9.800
G1 X180.750 Y112.000
G1 X180.750 Y78.700 E1.1037 
G92 E0.0000
; segment
G92 E0.0000
G1 F2400.000
G1 Z9.800
G1 X180.750 Y78.700
G1 X180.750 Y75.000 E0.1226 
G92 E0.0000
; segment
G92 E0.0000
G1 F2400.000
G1 Z9.800
G1 X180.750 Y75.000
G1 X180.750 Y66.250 E0.2900 
G1 X181.250 Y66.250 E0.3066 
G1 X181.250 Y75.000 E0.5966 
G92 E0.0000
; segment
G92 E0.0000
G1 F2400.000
G1 Z9.800
G1 X181.250 Y75.000
G1 X181.250 Y108.300 E1.1037 
G92 E0.0000
; segment
G92 E0.0000
G1 F2400.000
G1 Z9.800
G1 X181.250 Y108.300
G1 X181.250 Y112.000 E0.1226 
G92 E0.0000
; segment
G92 E0.0000
G1 F2400.000
G1 Z9.800
G1 X181.250 Y112.000
G1 X181.250 Y120.750 E0.2900 
G1 X181.750 Y120.750 E0.3066 
G1 X181.750 Y112.000 E0.5966 
G92 E0.0000
; segment
G92 E0.0000
G1 F2400.000
G1 Z9.800
G1 X181.750 Y112.000
G1 X181.750 Y78.700 E1.1037 
G92 E0.0000
; segment
G92 E0.0000
G1 F2400.000
G1 Z9.800
G1 X181.750 Y78.700
G1 X181.750 Y75.000 E0.1226 
G92 E0.0000
; segment
G92 E0.0000
G1 F2400.000
G1 Z9.800
G1 X181.750 Y75.000
G1 X181.750 Y66.250 E0.2900 
G1 X182.250 Y66.250 E0.3066 
G1 X182.250 Y75.000 E0.5966 
G92 E0.0000
; segment
G92 E0.0000
G1 F2400.000
G1 Z9.800
G1 X182.250 Y75.000
G1 X182.250 Y108.300 E1.1037 
G92 E0.0000
; segment
G92 E0.0000
G1 F2400.000
G1 Z9.800
G1 X182.250 Y108.300
G1 X182.250 Y112.000 E0.1226 
G92 E0.0000
; segment
G92 E0.0000
G1 F2400.000
G1 Z9.800
G1 X182.250 Y112.000
G1 X182.250 Y120.750 E0.2900 
G1 X182.750 Y120.750 E0.3066 
G1 X182.750 Y112.000 E0.5966 
G92 E0.0000
; segment
G92 E0.0000
G1 F2400.000
G1 Z9.800
G1 X182.750 Y112.000
G1 X182.750 Y78.700 E1.1037 
G92 E0.0000
; segment
G92 E0.0000
G1 F2400.000
G1 Z9.800
G1 X182.750 Y78.700
G1 X182.750 Y75.000 E0.1226 
G92 E0.0000
; segment
G92 E0.0000
G1 F2400.000
G1 Z9.800
G1 X182.750 Y75.000
G1 X182.750 Y66.250 E0.2900 
G1 X183.250 Y66.250 E0.3066 
G1 X183.250 Y75.000 E0.5966 
G92 E0.0000
; segment
G92 E0.0000
G1 F2400.000
G1 Z9.800
G1 X183.250 Y75.000
G1 X183.250 Y108.300 E1.1037 
G92 E0.0000
; segment
G92 E0.0000
G1 F2400.000
G1 Z9.800
G1 X183.250 Y108.300
G1 X183.250 Y112.000 E0.1226 
G92 E0.0000
; segment
G92 E0.0000
G1 F2400.000
G1 Z9.800
G1 X183.250 Y112.000
G1 X183.250 Y120.750 E0.2900 
G1 X183.750 Y120.750 E0.3066 
G1 X183.750 Y112.000 E0.5966 
G92 E0.0000
; segment
G92 E0.0000
G1 F2400.000
G1 Z9.800
G1 X183.750 Y112.000
G1 X183.750 Y78.700 E1.1037 
G92 E0.0000
; segment
G92 E0.0000
G1 F2400.000
G1 Z9.800
G1 X183.750 Y78.700
G1 X183.750 Y75.000 E0.1226 
G92 E0.0000
; segment
G92 E0.0000
G1 F2400.000
G1 Z9.800
G1 X183.750 Y75.000
G1 X183.750 Y66.250 E0.2900 
G1 X184.250 Y66.250 E0.3066 
G1 X184.250 Y75.000 E0.5966 
G92 E0.0000
; segment
G92 E0.0000
G1 F2400.000
G1 Z9.800
G1 X184.250 Y75.000
G1 X184.250 Y108.300 E1.1037 
G92 E0.0000
; segment
G92 E0.0000
G1 F2400.000
G1 Z9.800
G1 X184.250 Y108.300
G1 X184.250 Y112.000 E0.1226 
G92 E0.0000
; segment
G92 E0.0000
G1 F2400.000
G1 Z9.800
G1 X184.250 Y112.000
G1 X184.250 Y120.750 E0.2900 
G1 X184.750 Y120.750 E0.3066 
G1 X184.750 Y112.000 E0.5966 
G92 E0.0000
; segment
G92 E0.0000
G1 F2400.000
G1 Z9.800
G1 X184.750 Y112.000
G1 X184.750 Y78.700 E1.1037 
G92 E0.0000
; segment
G92 E0.0000
G1 F2400.000
G1 Z9.800
G1 X184.750 Y78.700
G1 X184.750 Y75.000 E0.1226 
G92 E0.0000
; segment
G92 E0.0000
G1 F2400.000
G1 Z9.800
G1 X184.750 Y75.000
G1 X184.750 Y66.250 E0.2900 
G1 X185.250 Y66.250 E0.3066 
G1 X185.250 Y75.000 E0.5966 
G92 E0.0000
; segment
G92 E0.0000
G1 F2400.000
G1 Z9.800
G1 X185.250 Y75.000
G1 X185.250 Y108.300 E1.1037 
G92 E0.0000
; segment
G92 E0.0000
G1 F2400.000
G1 Z9.800
G1 X185.250 Y108.300
G1 X185.250 Y112.000 E0.1226 
G92 E0.0000
; segment
G92 E0.0000
G1 F2400.000
G1 Z9.800
G1 X185.250 Y112.000
G1 X185.250 Y120.750 E0.2900 
G1 X185.750 Y120.750 E0.3066 
G1 X185.750 Y112.000 E0.5966 
G92 E0.0000
; segment
G92 E0.0000
G1 F2400.000
G1 Z9.800
G1 X185.750 Y112.000
G1 X185.750 Y78.700 E1.1037 
G92 E0.0000
; segment
G92 E0.0000
G1 F2400.000
G1 Z9.800
G1 X185.750 Y78.700
G1 X185.750 Y75.000 E0.1226 
G92 E0.0000
; segment
G92 E0.0000
G1 F2400.000
G1 Z9.800
G1 X185.750 Y75.000
G1 X185.750 Y66.250 E0.2900 
G1 X186.250 Y66.250 E0.3066 
G1 X186.250 Y75.000 E0.5966 
G92 E0.0000
; segment
G92 E0.0000
G1 F2400.000
G1 Z9.800
G1 X186.250 Y75.000
G1 X186.250 Y108.300 E1.1037 
G92 E0.0000
; segment
G92 E0.0000
G1 F2400.000
G1 Z9.800
G1 X186.250 Y108.300
G1 X186.250 Y112.000 E0.1226 
G92 E0.0000
; segment
G92 E0.0000
G1 F2400.000
G1 Z9.800
G1 X186.250 Y112.000
G1 X186.250 Y120.750 E0.2900 
G1 X186.750 Y120.750 E0.3066 
G1 X186.750 Y112.000 E0.5966 
G92 E0.0000
; segment
G92 E0.0000
G1 F2400.000
G1 Z9.800
G1 X186.750 Y112.000
G1 X186.750 Y78.700 E1.1037 
G92 E0.0000
; segment
G92 E0.0000
G1 F2400.000
G1 Z9.800
G1 X186.750 Y78.700
G1 X186.750 Y75.000 E0.1226 
G92 E0.0000
; segment
G92 E0.0000
G1 F2400.000
G1 Z9.800
G1 X186.750 Y75.000
G1 X186.750 Y66.250 E0.2900 
G1 X187.250 Y66.250 E0.3066 
G1 X187.250 Y75.000 E0.5966 
G92 E0.0000
; segment
G92 E0.0000
G1 F2400.000
G1 Z9.800
G1 X187.250 Y75.000
G1 X187.250 Y108.300 E1.1037 
G92 E0.0000
; segment
G92 E0.0000
G1 F2400.000
G1 Z9.800
G1 X187.250 Y108.300
G1 X187.250 Y112.000 E0.1226 
G92 E0.0000
; segment
G92 E0.0000
G1 F2400.000
G1 Z9.800
G1 X187.250 Y112.000
G1 X187.250 Y120.750 E0.2900 
G1 X187.750 Y120.750 E0.3066 
G1 X187.750 Y112.000 E0.5966 
G92 E0.0000
; segment
G92 E0.0000
G1 F2400.000
G1 Z9.800
G1 X187.750 Y112.000
G1 X187.750 Y78.700 E1.1037 
G92 E0.0000
; segment
G92 E0.0000
G1 F2400.000
G1 Z9.800
G1 X187.750 Y78.700
G1 X187.750 Y75.000 E0.1226 
G92 E0.0000
; segment
G92 E0.0000
G1 F2400.000
G1 Z9.800
G1 X187.750 Y75.000
G1 X187.750 Y66.250 E0.2900 
G1 X188.250 Y66.250 E0.3066 
G1 X188.250 Y75.000 E0.5966 
G92 E0.0000
; segment
G92 E0.0000
G1 F2400.000
G1 Z9.800
G1 X188.250 Y75.000
G1 X188.250 Y108.300 E1.1037 
G92 E0.0000
; segment
G92 E0.0000
G1 F2400.000
G1 Z9.800
G1 X188.250 Y108.300
G1 X188.250 Y112.000 E0.1226 
G92 E0.0000
; segment
G92 E0.0000
G1 F2400.000
G1 Z9.800
G1 X188.250 Y112.000
G1 X188.250 Y120.750 E0.2900 
G1 X188.750 Y120.750 E0.3066 
G1 X188.750 Y112.000 E0.5966 
G92 E0.0000
; segment
G92 E0.0000
G1 F2400.000
G1 Z9.800
G1 X188.750 Y112.000
G1 X188.750 Y78.700 E1.1037 
G92 E0.0000
; segment
G92 E0.0000
G1 F2400.000
G1 Z9.800
G1 X188.750 Y78.700
G1 X188.750 Y75.000 E0.1226 
G92 E0.0000
; segment
G92 E0.0000
G1 F2400.000
G1 Z9.800
G1 X188.750 Y75.000
G1 X188.750 Y66.250 E0.2900 
G92 E0.0000
; jumping
G92 E3.0000
G1 E0 F2400
G1 X189.750 Y65.250 F12000.000
G1 E3 F2400
G92 E0.0000
; segment
G92 E0.0000
G1 F2400.000
G1 Z9.999
G1 X189.750 Y65.250
G1 X170.250 Y65.250 E0.6463 
G1 X170.250 Y75.000 E0.9695 
G92 E0.0000
; segment
G92 E0.0000
G1 F2400.000
G1 Z9.999
G1 X170.250 Y75.000
G1 X170.250 Y108.300 E1.1037 
G92 E0.0000
; segment
G92 E0.0000
G1 F2400.000
G1 Z9.999
G1 X170.250 Y108.300
G1 X170.250 Y112.000 E0.1226 
G92 E0.0000
; segment
G92 E0.0000
G1 F2400.000
G1 Z9.999
G1 X170.250 Y112.000
G1 X170.250 Y121.750 E0.3232 
G1 X189.750 Y121.750 E0.9695 
G1 X189.750 Y112.000 E1.2927 
G92 E0.0000
; segment
G92 E0.0000
G1 F2400.000
G1 Z9.999
G1 X189.750 Y112.000
G1 X189.750 Y78.700 E1.1037 
G92 E0.0000
; segment
G92 E0.0000
G1 F2400.000
G1 Z9.999
G1 X189.750 Y78.700
G1 X189.750 Y75.000 E0.1226 
G92 E0.0000
; segment
G92 E0.0000
G1 F2400.000
G1 Z9.999
G1 X189.750 Y75.000
G1 X189.750 Y65.250 E0.3232 
G92 E0.0000
; segment
G92 E0.0000
G1 F2400.000
G1 Z9.999
G1 X189.249 Y65.750
G1 X170.750 Y65.750 E0.6131 
G1 X170.750 Y75.000 E0.9197 
G92 E0.0000
; segment
G92 E0.0000
G1 F2400.000
G1 Z9.999
G1 X170.750 Y75.000
G1 X170.751 Y108.300 E1.1037 
G92 E0.0000
; segment
G92 E0.0000
G1 F2400.000
G1 Z9.999
G1 X170.751 Y108.300
G1 X170.751 Y112.000 E0.1226 
G92 E0.0000
; segment
G92 E0.0000
G1 F2400.000
G1 Z9.999
G1 X170.751 Y112.000
G1 X170.751 Y121.250 E0.3066 
G1 X189.250 Y121.250 E0.9197 
G1 X189.250 Y112.000 E1.2263 
G92 E0.0000
; segment
G92 E0.0000
G1 F2400.000
G1 Z9.999
G1 X189.250 Y112.000
G1 X189.249 Y78.700 E1.1037 
G92 E0.0000
; segment
G92 E0.0000
G1 F2400.000
G1 Z9.999
G1 X189.249 Y78.700
G1 X189.249 Y75.000 E0.1226 
G92 E0.0000
; segment
G92 E0.0000
G1 F2400.000
G1 Z9.999
G1 X189.249 Y75.000
G1 X189.249 Y65.750 E0.3066 
G92 E0.0000
; jumping
G92 E3.0000
G1 E0 F2400
G1 X188.250 Y66.250 F12000.000
G1 E3 F2400
G92 E0.0000
; segment
G92 E0.0000
G1 F2400.000
G1 Z9.999
G1 X188.250 Y66.250
G1 X188.250 Y75.000 E0.2900 
G92 E0.0000
; segment
G92 E0.0000
G1 F2400.000
G1 Z9.999
G1 X188.250 Y75.000
G1 X188.250 Y108.300 E1.1037 
G92 E0.0000
; segment
G92 E0.0000
G1 F2400.000
G1 Z9.999
G1 X188.250 Y108.300
G1 X188.250 Y112.000 E0.1226 
G92 E0.0000
; segment
G92 E0.0000
G1 F2400.000
G1 Z9.999
G1 X188.250 Y112.000
G1 X188.250 Y120.750 E0.2900 
G1 X187.750 Y120.750 E0.3066 
G1 X187.750 Y112.000 E0.5966 
G92 E0.0000
; segment
G92 E0.0000
G1 F2400.000
G1 Z9.999
G1 X187.750 Y112.000
G1 X187.750 Y78.700 E1.1037 
G92 E0.0000
; segment
G92 E0.0000
G1 F2400.000
G1 Z9.999
G1 X187.750 Y78.700
G1 X187.750 Y75.000 E0.1226 
G92 E0.0000
; segment
G92 E0.0000
G1 F2400.000
G1 Z9.999
G1 X187.750 Y75.000
G1 X187.750 Y66.250 E0.2900 
G1 X187.250 Y66.250 E0.3066 
G1 X187.250 Y75.000 E0.5966 
G92 E0.0000
; segment
G92 E0.0000
G1 F2400.000
G1 Z9.999
G1 X187.250 Y75.000
G1 X187.250 Y108.300 E1.1037 
G92 E0.0000
; segment
G92 E0.0000
G1 F2400.000
G1 Z9.999
G1 X187.250 Y108.300
G1 X187.250 Y112.000 E0.1226 
G92 E0.0000
; segment
G92 E0.0000
G1 F2400.000
G1 Z9.999
G1 X187.250 Y112.000
G1 X187.250 Y120.750 E0.2900 
G1 X186.750 Y120.750 E0.3066 
G1 X186.750 Y112.000 E0.5966 
G92 E0.0000
; segment
G92 E0.0000
G1 F2400.000
G1 Z9.999
G1 X186.750 Y112.000
G1 X186.750 Y78.700 E1.1037 
G92 E0.0000
; segment
G92 E0.0000
G1 F2400.000
G1 Z9.999
G1 X186.750 Y78.700
G1 X186.750 Y75.000 E0.1226 
G92 E0.0000
; segment
G92 E0.0000
G1 F2400.000
G1 Z9.999
G1 X186.750 Y75.000
G1 X186.750 Y66.250 E0.2900 
G1 X186.250 Y66.250 E0.3066 
G1 X186.250 Y75.000 E0.5966 
G92 E0.0000
; segment
G92 E0.0000
G1 F2400.000
G1 Z9.999
G1 X186.250 Y75.000
G1 X186.250 Y108.300 E1.1037 
G92 E0.0000
; segment
G92 E0.0000
G1 F2400.000
G1 Z9.999
G1 X186.250 Y108.300
G1 X186.250 Y112.000 E0.1226 
G92 E0.0000
; segment
G92 E0.0000
G1 F2400.000
G1 Z9.999
G1 X186.250 Y112.000
G1 X186.250 Y120.750 E0.2900 
G1 X185.750 Y120.750 E0.3066 
G1 X185.750 Y112.000 E0.5966 
G92 E0.0000
; segment
G92 E0.0000
G1 F2400.000
G1 Z9.999
G1 X185.750 Y112.000
G1 X185.750 Y78.700 E1.1037 
G92 E0.0000
; segment
G92 E0.0000
G1 F2400.000
G1 Z9.999
G1 X185.750 Y78.700
G1 X185.750 Y75.000 E0.1226 
G92 E0.0000
; segment
G92 E0.0000
G1 F2400.000
G1 Z9.999
G1 X185.750 Y75.000
G1 X185.750 Y66.250 E0.2900 
G1 X185.250 Y66.250 E0.3066 
G1 X185.250 Y75.000 E0.5966 
G92 E0.0000
; segment
G92 E0.0000
G1 F2400.000
G1 Z9.999
G1 X185.250 Y75.000
G1 X185.250 Y108.300 E1.1037 
G92 E0.0000
; segment
G92 E0.0000
G1 F2400.000
G1 Z9.999
G1 X185.250 Y108.300
G1 X185.250 Y112.000 E0.1226 
G92 E0.0000
; segment
G92 E0.0000
G1 F2400.000
G1 Z9.999
G1 X185.250 Y112.000
G1 X185.250 Y120.750 E0.2900 
G1 X184.750 Y120.750 E0.3066 
G1 X184.750 Y112.000 E0.5966 
G92 E0.0000
; segment
G92 E0.0000
G1 F2400.000
G1 Z9.999
G1 X184.750 Y112.000
G1 X184.750 Y78.700 E1.1037 
G92 E0.0000
; segment
G92 E0.0000
G1 F2400.000
G1 Z9.999
G1 X184.750 Y78.700
G1 X184.750 Y75.000 E0.1226 
G92 E0.0000
; segment
G92 E0.0000
G1 F2400.000
G1 Z9.999
G1 X184.750 Y75.000
G1 X184.750 Y66.250 E0.2900 
G1 X184.250 Y66.250 E0.3066 
G1 X184.250 Y75.000 E0.5966 
G92 E0.0000
; segment
G92 E0.0000
G1 F2400.000
G1 Z9.999
G1 X184.250 Y75.000
G1 X184.250 Y108.300 E1.1037 
G92 E0.0000
; segment
G92 E0.0000
G1 F2400.000
G1 Z9.999
G1 X184.250 Y108.300
G1 X184.250 Y112.000 E0.1226 
G92 E0.0000
; segment
G92 E0.0000
G1 F2400.000
G1 Z9.999
G1 X184.250 Y112.000
G1 X184.250 Y120.750 E0.2900 
G1 X183.750 Y120.750 E0.3066 
G1 X183.750 Y112.000 E0.5966 
G92 E0.0000
; segment
G92 E0.0000
G1 F2400.000
G1 Z9.999
G1 X183.750 Y112.000
G1 X183.750 Y78.700 E1.1037 
G92 E0.0000
; segment
G92 E0.0000
G1 F2400.000
G1 Z9.999
G1 X183.750 Y78.700
G1 X183.750 Y75.000 E0.1226 
G92 E0.0000
; segment
G92 E0.0000
G1 F2400.000
G1 Z9.999
G1 X183.750 Y75.000
G1 X183.750 Y66.250 E0.2900 
G1 X183.250 Y66.250 E0.3066 
G1 X183.250 Y75.000 E0.5966 
G92 E0.0000
; segment
G92 E0.0000
G1 F2400.000
G1 Z9.999
G1 X183.250 Y75.000
G1 X183.250 Y108.300 E1.1037 
G92 E0.0000
; segment
G92 E0.0000
G1 F2400.000
G1 Z9.999
G1 X183.250 Y108.300
G1 X183.250 Y112.000 E0.1226 
G92 E0.0000
; segment
G92 E0.0000
G1 F2400.000
G1 Z9.999
G1 X183.250 Y112.000
G1 X183.250 Y120.750 E0.2900 
G1 X182.750 Y120.750 E0.3066 
G1 X182.750 Y112.000 E0.5966 
G92 E0.0000
; segment
G92 E0.0000
G1 F2400.000
G1 Z9.999
G1 X182.750 Y112.000
G1 X182.750 Y78.700 E1.1037 
G92 E0.0000
; segment
G92 E0.0000
G1 F2400.000
G1 Z9.999
G1 X182.750 Y78.700
G1 X182.750 Y75.000 E0.1226 
G92 E0.0000
; segment
G92 E0.0000
G1 F2400.000
G1 Z9.999
G1 X182.750 Y75.000
G1 X182.750 Y66.250 E0.2900 
G1 X182.250 Y66.250 E0.3066 
G1 X182.250 Y75.000 E0.5966 
G92 E0.0000
; segment
G92 E0.0000
G1 F2400.000
G1 Z9.999
G1 X182.250 Y75.000
G1 X182.250 Y108.300 E1.1037 
G92 E0.0000
; segment
G92 E0.0000
G1 F2400.000
G1 Z9.999
G1 X182.250 Y108.300
G1 X182.250 Y112.000 E0.1226 
G92 E0.0000
; segment
G92 E0.0000
G1 F2400.000
G1 Z9.999
G1 X182.250 Y112.000
G1 X182.250 Y120.750 E0.2900 
G1 X181.750 Y120.750 E0.3066 
G1 X181.750 Y112.000 E0.5966 
G92 E0.0000
; segment
G92 E0.0000
G1 F2400.000
G1 Z9.999
G1 X181.750 Y112.000
G1 X181.750 Y78.700 E1.1037 
G92 E0.0000
; segment
G92 E0.0000
G1 F2400.000
G1 Z9.999
G1 X181.750 Y78.700
G1 X181.750 Y75.000 E0.1226 
G92 E0.0000
; segment
G92 E0.0000
G1 F2400.000
G1 Z9.999
G1 X181.750 Y75.000
G1 X181.750 Y66.250 E0.2900 
G1 X181.250 Y66.250 E0.3066 
G1 X181.250 Y75.000 E0.5966 
G92 E0.0000
; segment
G92 E0.0000
G1 F2400.000
G1 Z9.999
G1 X181.250 Y75.000
G1 X181.250 Y108.300 E1.1037 
G92 E0.0000
; segment
G92 E0.0000
G1 F2400.000
G1 Z9.999
G1 X181.250 Y108.300
G1 X181.250 Y112.000 E0.1226 
G92 E0.0000
; segment
G92 E0.0000
G1 F2400.000
G1 Z9.999
G1 X181.250 Y112.000
G1 X181.250 Y120.750 E0.2900 
G1 X180.750 Y120.750 E0.3066 
G1 X180.750 Y112.000 E0.5966 
G92 E0.0000
; segment
G92 E0.0000
G1 F2400.000
G1 Z9.999
G1 X180.750 Y112.000
G1 X180.750 Y78.700 E1.1037 
G92 E0.0000
; segment
G92 E0.0000
G1 F2400.000
G1 Z9.999
G1 X180.750 Y78.700
G1 X180.750 Y75.000 E0.1226 
G92 E0.0000
; segment
G92 E0.0000
G1 F2400.000
G1 Z9.999
G1 X180.750 Y75.000
G1 X180.750 Y66.250 E0.2900 
G1 X180.250 Y66.250 E0.3066 
G1 X180.250 Y75.000 E0.5966 
G92 E0.0000
; segment
G92 E0.0000
G1 F2400.000
G1 Z9.999
G1 X180.250 Y75.000
G1 X180.250 Y108.300 E1.1037 
G92 E0.0000
; segment
G92 E0.0000
G1 F2400.000
G1 Z9.999
G1 X180.250 Y108.300
G1 X180.250 Y112.000 E0.1226 
G92 E0.0000
; segment
G92 E0.0000
G1 F2400.000
G1 Z9.999
G1 X180.250 Y112.000
G1 X180.250 Y120.750 E0.2900 
G1 X179.750 Y120.750 E0.3066 
G1 X179.750 Y112.000 E0.5966 
G92 E0.0000
; segment
G92 E0.0000
G1 F2400.000
G1 Z9.999
G1 X179.750 Y112.000
G1 X179.750 Y78.700 E1.1037 
G92 E0.0000
; segment
G92 E0.0000
G1 F2400.000
G1 Z9.999
G1 X179.750 Y78.700
G1 X179.750 Y75.000 E0.1226 
G92 E0.0000
; segment
G92 E0.0000
G1 F2400.000
G1 Z9.999
G1 X179.750 Y75.000
G1 X179.750 Y66.250 E0.2900 
G1 X179.250 Y66.250 E0.3066 
G1 X179.250 Y75.000 E0.5966 
G92 E0.0000
; segment
G92 E0.0000
G1 F2400.000
G1 Z9.999
G1 X179.250 Y75.000
G1 X179.250 Y108.300 E1.1037 
G92 E0.0000
; segment
G92 E0.0000
G1 F2400.000
G1 Z9.999
G1 X179.250 Y108.300
G1 X179.250 Y112.000 E0.1226 
G92 E0.0000
; segment
G92 E0.0000
G1 F2400.000
G1 Z9.999
G1 X179.250 Y112.000
G1 X179.250 Y120.750 E0.2900 
G1 X178.750 Y120.750 E0.3066 
G1 X178.750 Y112.000 E0.5966 
G92 E0.0000
; segment
G92 E0.0000
G1 F2400.000
G1 Z9.999
G1 X178.750 Y112.000
G1 X178.750 Y78.700 E1.1037 
G92 E0.0000
; segment
G92 E0.0000
G1 F2400.000
G1 Z9.999
G1 X178.750 Y78.700
G1 X178.750 Y75.000 E0.1226 
G92 E0.0000
; segment
G92 E0.0000
G1 F2400.000
G1 Z9.999
G1 X178.750 Y75.000
G1 X178.750 Y66.250 E0.2900 
G1 X178.250 Y66.250 E0.3066 
G1 X178.250 Y75.000 E0.5966 
G92 E0.0000
; segment
G92 E0.0000
G1 F2400.000
G1 Z9.999
G1 X178.250 Y75.000
G1 X178.250 Y108.300 E1.1037 
G92 E0.0000
; segment
G92 E0.0000
G1 F2400.000
G1 Z9.999
G1 X178.250 Y108.300
G1 X178.250 Y112.000 E0.1226 
G92 E0.0000
; segment
G92 E0.0000
G1 F2400.000
G1 Z9.999
G1 X178.250 Y112.000
G1 X178.250 Y120.750 E0.2900 
G1 X177.750 Y120.750 E0.3066 
G1 X177.750 Y112.000 E0.5966 
G92 E0.0000
; segment
G92 E0.0000
G1 F2400.000
G1 Z9.999
G1 X177.750 Y112.000
G1 X177.750 Y78.700 E1.1037 
G92 E0.0000
; segment
G92 E0.0000
G1 F2400.000
G1 Z9.999
G1 X177.750 Y78.700
G1 X177.750 Y75.000 E0.1226 
G92 E0.0000
; segment
G92 E0.0000
G1 F2400.000
G1 Z9.999
G1 X177.750 Y75.000
G1 X177.750 Y66.250 E0.2900 
G1 X177.250 Y66.250 E0.3066 
G1 X177.250 Y75.000 E0.5966 
G92 E0.0000
; segment
G92 E0.0000
G1 F2400.000
G1 Z9.999
G1 X177.250 Y75.000
G1 X177.250 Y108.300 E1.1037 
G92 E0.0000
; segment
G92 E0.0000
G1 F2400.000
G1 Z9.999
G1 X177.250 Y108.300
G1 X177.250 Y112.000 E0.1226 
G92 E0.0000
; segment
G92 E0.0000
G1 F2400.000
G1 Z9.999
G1 X177.250 Y112.000
G1 X177.250 Y120.750 E0.2900 
G1 X176.750 Y120.750 E0.3066 
G1 X176.750 Y112.000 E0.5966 
G92 E0.0000
; segment
G92 E0.0000
G1 F2400.000
G1 Z9.999
G1 X176.750 Y112.000
G1 X176.750 Y78.700 E1.1037 
G92 E0.0000
; segment
G92 E0.0000
G1 F2400.000
G1 Z9.999
G1 X176.750 Y78.700
G1 X176.750 Y75.000 E0.1226 
G92 E0.0000
; segment
G92 E0.0000
G1 F2400.000
G1 Z9.999
G1 X176.750 Y75.000
G1 X176.750 Y66.250 E0.2900 
G1 X176.250 Y66.250 E0.3066 
G1 X176.250 Y75.000 E0.5966 
G92 E0.0000
; segment
G92 E0.0000
G1 F2400.000
G1 Z9.999
G1 X176.250 Y75.000
G1 X176.250 Y108.300 E1.1037 
G92 E0.0000
; segment
G92 E0.0000
G1 F2400.000
G1 Z9.999
G1 X176.250 Y108.300
G1 X176.250 Y112.000 E0.1226 
G92 E0.0000
; segment
G92 E0.0000
G1 F2400.000
G1 Z9.999
G1 X176.250 Y112.000
G1 X176.250 Y120.750 E0.2900 
G1 X175.750 Y120.750 E0.3066 
G1 X175.750 Y112.000 E0.5966 
G92 E0.0000
; segment
G92 E0.0000
G1 F2400.000
G1 Z9.999
G1 X175.750 Y112.000
G1 X175.750 Y78.700 E1.1037 
G92 E0.0000
; segment
G92 E0.0000
G1 F2400.000
G1 Z9.999
G1 X175.750 Y78.700
G1 X175.750 Y75.000 E0.1226 
G92 E0.0000
; segment
G92 E0.0000
G1 F2400.000
G1 Z9.999
G1 X175.750 Y75.000
G1 X175.750 Y66.250 E0.2900 
G1 X175.250 Y66.250 E0.3066 
G1 X175.250 Y75.000 E0.5966 
G92 E0.0000
; segment
G92 E0.0000
G1 F2400.000
G1 Z9.999
G1 X175.250 Y75.000
G1 X175.250 Y108.300 E1.1037 
G92 E0.0000
; segment
G92 E0.0000
G1 F2400.000
G1 Z9.999
G1 X175.250 Y108.300
G1 X175.250 Y112.000 E0.1226 
G92 E0.0000
; segment
G92 E0.0000
G1 F2400.000
G1 Z9.999
G1 X175.250 Y112.000
G1 X175.250 Y120.750 E0.2900 
G1 X174.750 Y120.750 E0.3066 
G1 X174.750 Y112.000 E0.5966 
G92 E0.0000
; segment
G92 E0.0000
G1 F2400.000
G1 Z9.999
G1 X174.750 Y112.000
G1 X174.750 Y78.700 E1.1037 
G92 E0.0000
; segment
G92 E0.0000
G1 F2400.000
G1 Z9.999
G1 X174.750 Y78.700
G1 X174.750 Y75.000 E0.1226 
G92 E0.0000
; segment
G92 E0.0000
G1 F2400.000
G1 Z9.999
G1 X174.750 Y75.000
G1 X174.750 Y66.250 E0.2900 
G1 X174.250 Y66.250 E0.3066 
G1 X174.250 Y75.000 E0.5966 
G92 E0.0000
; segment
G92 E0.0000
G1 F2400.000
G1 Z9.999
G1 X174.250 Y75.000
G1 X174.250 Y108.300 E1.1037 
G92 E0.0000
; segment
G92 E0.0000
G1 F2400.000
G1 Z9.999
G1 X174.250 Y108.300
G1 X174.250 Y112.000 E0.1226 
G92 E0.0000
; segment
G92 E0.0000
G1 F2400.000
G1 Z9.999
G1 X174.250 Y112.000
G1 X174.250 Y120.750 E0.2900 
G1 X173.750 Y120.750 E0.3066 
G1 X173.750 Y112.000 E0.5966 
G92 E0.0000
; segment
G92 E0.0000
G1 F2400.000
G1 Z9.999
G1 X173.750 Y112.000
G1 X173.750 Y78.700 E1.1037 
G92 E0.0000
; segment
G92 E0.0000
G1 F2400.000
G1 Z9.999
G1 X173.750 Y78.700
G1 X173.750 Y75.000 E0.1226 
G92 E0.0000
; segment
G92 E0.0000
G1 F2400.000
G1 Z9.999
G1 X173.750 Y75.000
G1 X173.750 Y66.250 E0.2900 
G1 X173.250 Y66.250 E0.3066 
G1 X173.250 Y75.000 E0.5966 
G92 E0.0000
; segment
G92 E0.0000
G1 F2400.000
G1 Z9.999
G1 X173.250 Y75.000
G1 X173.250 Y108.300 E1.1037 
G92 E0.0000
; segment
G92 E0.0000
G1 F2400.000
G1 Z9.999
G1 X173.250 Y108.300
G1 X173.250 Y112.000 E0.1226 
G92 E0.0000
; segment
G92 E0.0000
G1 F2400.000
G1 Z9.999
G1 X173.250 Y112.000
G1 X173.250 Y120.750 E0.2900 
G1 X172.750 Y120.750 E0.3066 
G1 X172.750 Y112.000 E0.5966 
G92 E0.0000
; segment
G92 E0.0000
G1 F2400.000
G1 Z9.999
G1 X172.750 Y112.000
G1 X172.750 Y78.700 E1.1037 
G92 E0.0000
; segment
G92 E0.0000
G1 F2400.000
G1 Z9.999
G1 X172.750 Y78.700
G1 X172.750 Y75.000 E0.1226 
G92 E0.0000
; segment
G92 E0.0000
G1 F2400.000
G1 Z9.999
G1 X172.750 Y75.000
G1 X172.750 Y66.250 E0.2900 
G1 X172.250 Y66.250 E0.3066 
G1 X172.250 Y75.000 E0.5966 
G92 E0.0000
; segment
G92 E0.0000
G1 F2400.000
G1 Z9.999
G1 X172.250 Y75.000
G1 X172.250 Y108.300 E1.1037 
G92 E0.0000
; segment
G92 E0.0000
G1 F2400.000
G1 Z9.999
G1 X172.250 Y108.300
G1 X172.250 Y112.000 E0.1226 
G92 E0.0000
; segment
G92 E0.0000
G1 F2400.000
G1 Z9.999
G1 X172.250 Y112.000
G1 X172.250 Y120.750 E0.2900 
G1 X171.750 Y120.750 E0.3066 
G1 X171.750 Y112.000 E0.5966 
G92 E0.0000
; segment
G92 E0.0000
G1 F2400.000
G1 Z9.999
G1 X171.750 Y112.000
G1 X171.750 Y78.700 E1.1037 
G92 E0.0000
; segment
G92 E0.0000
G1 F2400.000
G1 Z9.999
G1 X171.750 Y78.700
G1 X171.750 Y75.000 E0.1226 
G92 E0.0000
; segment
G92 E0.0000
G1 F2400.000
G1 Z9.999
G1 X171.750 Y75.000
G1 X171.750 Y66.250 E0.2900 
G92 E0.0000
; jumping
G92 E3.0000
G1 E0 F2400
G1 X188.750 Y120.750 F12000.000
G1 E3 F2400
G92 E0.0000
; segment
G92 E0.0000
G1 F2400.000
G1 Z9.999
G1 X188.750 Y120.750
G1 X188.750 Y120.750 E0.0000 
G92 E0.0000
G92 E0; RESETA EXTRUSOR
G1 E-4; RETIRA PRESSAO DO BICO
M104 S0 ; DESLIGA AQUECIMENTO DO BICO
M140 S0 ; DESLIGA AQUECIMENTO DA MESA
G1 X0
G1 Y200
M84 ; DESLIGA MOTORES
M300 S4 P500 ; GERA BEEP
